customer_id,customer_name,gender,age,city,state,customer_segment,acquisition_channel,registration_date
C00001,Customer 1,Female,26,Lucknow,Uttar Pradesh,One-Time,Marketplace,2025-10-23
C00002,Customer 2,Female,50,Madurai,Tamil Nadu,New,Marketplace,2026-03-04
C00003,Customer 3,Female,22,Lucknow,Uttar Pradesh,One-Time,Influencer,2025-05-29
C00004,Customer 4,Male,54,Udaipur,Rajasthan,At-Risk,Instagram,2025-01-07
C00005,Customer 5,Female,19,Warangal,Telangana,Loyal,Email,2024-01-05
C00006,Customer 6,Male,32,Kochi,Kerala,New,Email,2025-07-05
C00007,Customer 7,Male,30,Noida,Uttar Pradesh,One-Time,Google Ads,2026-03-28
C00008,Customer 8,Female,25,Lucknow,Uttar Pradesh,Dormant,Influencer,2024-05-06
C00009,Customer 9,Male,43,Nagpur,Maharashtra,Loyal,Organic Search,2024-08-07
C00010,Customer 10,Female,28,New Delhi,Delhi,Loyal,Organic Search,2025-04-19
C00011,Customer 11,Female,25,Coimbatore,Tamil Nadu,New,Meta Ads,2025-04-25
C00012,Customer 12,Female,36,Kochi,Kerala,One-Time,Google Ads,2025-01-16
C00013,Customer 13,Female,41,Kolkata,West Bengal,At-Risk,Influencer,2024-05-12
C00014,Customer 14,Male,48,Noida,Uttar Pradesh,At-Risk,Google Ads,2025-03-11
C00015,Customer 15,Male,22,Chennai,Tamil Nadu,Loyal,Google Ads,2025-03-29
C00016,Customer 16,Male,27,Nagpur,Maharashtra,At-Risk,Organic Search,2024-06-14
C00017,Customer 17,Male,20,Ahmedabad,Gujarat,One-Time,Organic Search,2025-07-01
C00018,Customer 18,Male,55,Hyderabad,Telangana,At-Risk,Google Ads,2026-02-18
C00019,Customer 19,Male,44,Noida,Uttar Pradesh,New,Meta Ads,2024-03-19
C00020,Customer 20,Male,29,Kolkata,West Bengal,One-Time,Affiliate,2024-03-12
C00021,Customer 21,Male,43,Jodhpur,Rajasthan,At-Risk,Marketplace,2025-05-25
C00022,Customer 22,Female,56,Madurai,Tamil Nadu,Dormant,Email,2025-12-04
C00023,Customer 23,Male,54,Kochi,Kerala,VIP,Affiliate,2024-04-01
C00024,Customer 24,Male,62,Thiruvananthapuram,Kerala,Loyal,Meta Ads,2026-04-29
C00025,Customer 25,Female,29,Lucknow,Uttar Pradesh,At-Risk,Organic Search,2025-03-05
C00026,Customer 26,Male,25,Mumbai,Maharashtra,VIP,Email,2024-04-05
C00027,Customer 27,Male,54,New Delhi,Delhi,One-Time,Influencer,2025-02-06
C00028,Customer 28,Other,62,Hyderabad,Telangana,Loyal,Affiliate,2025-01-25
C00029,Customer 29,Female,26,Pune,Maharashtra,Loyal,Meta Ads,2024-12-17
C00030,Customer 30,Female,51,Howrah,West Bengal,Loyal,Google Ads,2025-06-10
C00031,Customer 31,Female,45,Udaipur,Rajasthan,At-Risk,Affiliate,2024-08-10
C00032,Customer 32,Male,60,Kochi,Kerala,Loyal,Google Ads,2026-06-11
C00033,Customer 33,Male,27,Mangaluru,Karnataka,New,Organic Search,2024-09-14
C00034,Customer 34,Male,34,Coimbatore,Tamil Nadu,New,Email,2026-02-17
C00035,Customer 35,Male,47,Delhi,Delhi,At-Risk,Google Ads,2026-01-06
C00036,Customer 36,Female,59,Nagpur,Maharashtra,New,Organic Search,2025-01-07
C00037,Customer 37,Female,57,Pune,Maharashtra,At-Risk,Email,2024-06-22
C00038,Customer 38,Male,40,New Delhi,Delhi,New,Influencer,2026-05-21
C00039,Customer 39,Female,35,Pune,Maharashtra,One-Time,Meta Ads,2025-05-30
C00040,Customer 40,Male,27,Howrah,West Bengal,At-Risk,Google Ads,2024-10-25
C00041,Customer 41,Female,37,Madurai,Tamil Nadu,One-Time,Google Ads,2024-05-15
C00042,Customer 42,Male,65,Lucknow,Uttar Pradesh,At-Risk,Meta Ads,2024-11-01
C00043,Customer 43,Other,28,Udaipur,Rajasthan,New,Organic Search,2025-08-10
C00044,Customer 44,Female,63,Bengaluru,Karnataka,Loyal,Instagram,2025-03-31
C00045,Customer 45,Male,31,Kanpur,Uttar Pradesh,Loyal,Google Ads,2024-02-29
C00046,Customer 46,Male,23,Lucknow,Uttar Pradesh,At-Risk,Marketplace,2025-12-02
C00047,Customer 47,Female,52,Chennai,Tamil Nadu,New,Google Ads,2024-10-16
C00048,Customer 48,Male,39,Mangaluru,Karnataka,One-Time,Meta Ads,2024-06-21
C00049,Customer 49,Male,53,Howrah,West Bengal,Loyal,Influencer,2025-09-21
C00050,Customer 50,Female,65,Mumbai,Maharashtra,Dormant,Organic Search,2025-10-30
C00051,Customer 51,Female,25,Mumbai,Maharashtra,At-Risk,Meta Ads,2026-01-09
C00052,Customer 52,Female,44,Hyderabad,Telangana,At-Risk,Marketplace,2024-01-03
C00053,Customer 53,Female,30,Lucknow,Uttar Pradesh,Loyal,Email,2024-12-14
C00054,Customer 54,Female,41,Howrah,West Bengal,Loyal,Google Ads,2024-08-24
C00055,Customer 55,Female,30,Jaipur,Rajasthan,At-Risk,Google Ads,2025-06-06
C00056,Customer 56,Female,27,Lucknow,Uttar Pradesh,At-Risk,Marketplace,2026-05-27
C00057,Customer 57,Male,42,Delhi,Delhi,At-Risk,Meta Ads,2024-04-17
C00058,Customer 58,Female,38,Vadodara,Gujarat,At-Risk,Affiliate,2025-08-13
C00059,Customer 59,Female,54,Mumbai,Maharashtra,At-Risk,Google Ads,2025-02-03
C00060,Customer 60,Female,41,Pune,Maharashtra,New,Google Ads,2025-02-20
C00061,Customer 61,Male,46,Howrah,West Bengal,One-Time,Influencer,2026-04-27
C00062,Customer 62,Female,52,Delhi,Delhi,Dormant,Marketplace,2025-10-20
C00063,Customer 63,Female,20,Ahmedabad,Gujarat,Loyal,Google Ads,2024-03-26
C00064,Customer 64,Male,39,Kanpur,Uttar Pradesh,New,Google Ads,2025-01-26
C00065,Customer 65,Male,43,Howrah,West Bengal,Loyal,Organic Search,2025-10-30
C00066,Customer 66,Male,48,Vadodara,Gujarat,Loyal,Email,2024-04-06
C00067,Customer 67,Male,19,Vadodara,Gujarat,At-Risk,Instagram,2025-03-31
C00068,Customer 68,Female,22,Bengaluru,Karnataka,At-Risk,Meta Ads,2025-03-23
C00069,Customer 69,Female,58,Warangal,Telangana,New,Marketplace,2024-03-07
C00070,Customer 70,Male,54,Madurai,Tamil Nadu,Loyal,Google Ads,2026-05-09
C00071,Customer 71,Male,38,Pune,Maharashtra,New,Meta Ads,2024-11-29
C00072,Customer 72,Male,18,Madurai,Tamil Nadu,At-Risk,Meta Ads,2024-09-02
C00073,Customer 73,Male,30,Noida,Uttar Pradesh,New,Google Ads,2024-03-21
C00074,Customer 74,Female,48,Nagpur,Maharashtra,Loyal,Email,2024-02-17
C00075,Customer 75,Male,50,Nizamabad,Telangana,Loyal,Meta Ads,2024-06-25
C00076,Customer 76,Male,57,Mysuru,Karnataka,Loyal,Organic Search,2025-10-29
C00077,Customer 77,Female,44,Mangaluru,Karnataka,Loyal,Instagram,2024-08-29
C00078,Customer 78,Female,54,Howrah,West Bengal,VIP,Google Ads,2025-02-12
C00079,Customer 79,Female,29,Ahmedabad,Gujarat,Loyal,Influencer,2025-08-18
C00080,Customer 80,Female,25,Noida,Uttar Pradesh,New,Email,2024-10-28
C00081,Customer 81,Male,34,Howrah,West Bengal,One-Time,Meta Ads,2025-01-01
C00082,Customer 82,Female,58,Chennai,Tamil Nadu,Loyal,Google Ads,2025-03-14
C00083,Customer 83,Male,60,Lucknow,Uttar Pradesh,One-Time,Organic Search,2026-03-24
C00084,Customer 84,Female,21,Pune,Maharashtra,At-Risk,Affiliate,2026-04-16
C00085,Customer 85,Female,27,Warangal,Telangana,One-Time,Organic Search,2024-09-17
C00086,Customer 86,Male,21,Warangal,Telangana,At-Risk,Affiliate,2024-08-13
C00087,Customer 87,Male,54,Jodhpur,Rajasthan,New,Google Ads,2024-12-29
C00088,Customer 88,Male,57,Delhi,Delhi,At-Risk,Marketplace,2024-06-29
C00089,Customer 89,Male,62,Mumbai,Maharashtra,New,Meta Ads,2025-05-26
C00090,Customer 90,Male,26,New Delhi,Delhi,Loyal,Meta Ads,2025-04-25
C00091,Customer 91,Female,42,Nagpur,Maharashtra,One-Time,Email,2025-02-23
C00092,Customer 92,Male,39,Jodhpur,Rajasthan,Loyal,Google Ads,2025-02-20
C00093,Customer 93,Female,64,Madurai,Tamil Nadu,New,Instagram,2026-02-12
C00094,Customer 94,Male,62,Coimbatore,Tamil Nadu,At-Risk,Meta Ads,2024-05-14
C00095,Customer 95,Male,58,Bengaluru,Karnataka,Loyal,Organic Search,2025-11-20
C00096,Customer 96,Female,28,Kolkata,West Bengal,Dormant,Organic Search,2025-06-06
C00097,Customer 97,Male,34,Madurai,Tamil Nadu,VIP,Organic Search,2025-12-14
C00098,Customer 98,Male,55,Nizamabad,Telangana,Loyal,Instagram,2025-06-01
C00099,Customer 99,Female,47,Mumbai,Maharashtra,At-Risk,Meta Ads,2025-11-24
C00100,Customer 100,Male,46,Kozhikode,Kerala,New,Affiliate,2025-06-28
C00101,Customer 101,Male,21,Thiruvananthapuram,Kerala,Loyal,Email,2025-10-02
C00102,Customer 102,Female,37,Jaipur,Rajasthan,One-Time,Email,2025-01-07
C00103,Customer 103,Male,64,Mysuru,Karnataka,VIP,Google Ads,2026-03-15
C00104,Customer 104,Male,40,Kochi,Kerala,New,Meta Ads,2024-09-18
C00105,Customer 105,Female,60,Lucknow,Uttar Pradesh,One-Time,Instagram,2025-10-07
C00106,Customer 106,Female,37,Udaipur,Rajasthan,Loyal,Organic Search,2024-10-22
C00107,Customer 107,Male,58,Madurai,Tamil Nadu,Loyal,Influencer,2025-12-13
C00108,Customer 108,Male,57,Mysuru,Karnataka,New,Marketplace,2026-01-20
C00109,Customer 109,Male,47,Nizamabad,Telangana,Loyal,Instagram,2024-06-15
C00110,Customer 110,Male,57,Kozhikode,Kerala,At-Risk,Instagram,2025-07-16
C00111,Customer 111,Male,20,New Delhi,Delhi,New,Affiliate,2025-04-20
C00112,Customer 112,Female,35,Mumbai,Maharashtra,One-Time,Meta Ads,2024-12-24
C00113,Customer 113,Female,22,Mysuru,Karnataka,Dormant,Email,2024-09-08
C00114,Customer 114,Male,51,Ahmedabad,Gujarat,Dormant,Organic Search,2025-07-05
C00115,Customer 115,Female,32,Nagpur,Maharashtra,New,Meta Ads,2026-01-11
C00116,Customer 116,Other,43,Noida,Uttar Pradesh,Loyal,Meta Ads,2024-11-10
C00117,Customer 117,Female,58,Udaipur,Rajasthan,New,Meta Ads,2024-10-27
C00118,Customer 118,Female,53,Udaipur,Rajasthan,Dormant,Organic Search,2026-02-15
C00119,Customer 119,Male,49,Coimbatore,Tamil Nadu,Loyal,Meta Ads,2025-11-10
C00120,Customer 120,Female,20,Howrah,West Bengal,One-Time,Meta Ads,2025-10-16
C00121,Customer 121,Female,47,Vadodara,Gujarat,One-Time,Google Ads,2025-06-16
C00122,Customer 122,Male,34,Howrah,West Bengal,Loyal,Affiliate,2024-03-31
C00123,Customer 123,Male,65,Hyderabad,Telangana,New,Marketplace,2024-05-15
C00124,Customer 124,Female,34,Coimbatore,Tamil Nadu,At-Risk,Marketplace,2024-02-20
C00125,Customer 125,Female,53,Nizamabad,Telangana,Loyal,Affiliate,2024-10-09
C00126,Customer 126,Male,46,Delhi,Delhi,Loyal,Google Ads,2024-01-31
C00127,Customer 127,Male,34,Mysuru,Karnataka,At-Risk,Google Ads,2025-02-28
C00128,Customer 128,Female,27,Mumbai,Maharashtra,New,Email,2024-01-25
C00129,Customer 129,Female,30,Hyderabad,Telangana,New,Email,2026-06-14
C00130,Customer 130,Male,43,Surat,Gujarat,One-Time,Organic Search,2025-03-23
C00131,Customer 131,Female,60,Pune,Maharashtra,At-Risk,Meta Ads,2024-01-12
C00132,Customer 132,Male,65,Kozhikode,Kerala,New,Marketplace,2024-06-11
C00133,Customer 133,Female,33,Ahmedabad,Gujarat,At-Risk,Meta Ads,2024-06-18
C00134,Customer 134,Male,20,Mysuru,Karnataka,Loyal,Organic Search,2025-08-30
C00135,Customer 135,Male,28,Ahmedabad,Gujarat,Loyal,Influencer,2025-11-23
C00136,Customer 136,Female,42,Nizamabad,Telangana,Loyal,Email,2025-03-10
C00137,Customer 137,Male,37,Kochi,Kerala,New,Organic Search,2025-10-16
C00138,Customer 138,Female,24,New Delhi,Delhi,New,Organic Search,2024-03-25
C00139,Customer 139,Male,26,Lucknow,Uttar Pradesh,VIP,Affiliate,2024-10-09
C00140,Customer 140,Male,45,Hyderabad,Telangana,One-Time,Affiliate,2024-01-06
C00141,Customer 141,Female,30,Delhi,Delhi,Loyal,Instagram,2025-01-01
C00142,Customer 142,Male,29,Delhi,Delhi,Dormant,Instagram,2024-02-03
C00143,Customer 143,Male,36,Thiruvananthapuram,Kerala,New,Affiliate,2025-12-12
C00144,Customer 144,Female,61,Vadodara,Gujarat,Loyal,Organic Search,2025-04-25
C00145,Customer 145,Female,58,New Delhi,Delhi,One-Time,Organic Search,2025-11-08
C00146,Customer 146,Male,33,Bengaluru,Karnataka,New,Instagram,2025-06-11
C00147,Customer 147,Female,54,Mysuru,Karnataka,Dormant,Meta Ads,2024-02-03
C00148,Customer 148,Male,63,Delhi,Delhi,Dormant,Instagram,2024-11-13
C00149,Customer 149,Female,31,Coimbatore,Tamil Nadu,One-Time,Marketplace,2024-01-11
C00150,Customer 150,Male,18,Hyderabad,Telangana,Dormant,Meta Ads,2024-03-12
C00151,Customer 151,Female,29,Kanpur,Uttar Pradesh,New,Meta Ads,2026-04-26
C00152,Customer 152,Female,57,Kozhikode,Kerala,Dormant,Google Ads,2026-04-21
C00153,Customer 153,Male,23,Mumbai,Maharashtra,At-Risk,Email,2024-04-17
C00154,Customer 154,Male,30,Surat,Gujarat,New,Meta Ads,2024-12-31
C00155,Customer 155,Female,63,Warangal,Telangana,Loyal,Organic Search,2024-09-17
C00156,Customer 156,Male,27,Kolkata,West Bengal,At-Risk,Google Ads,2025-01-21
C00157,Customer 157,Male,41,Bengaluru,Karnataka,One-Time,Meta Ads,2025-07-02
C00158,Customer 158,Female,60,Howrah,West Bengal,One-Time,Google Ads,2024-12-09
C00159,Customer 159,Male,58,Jodhpur,Rajasthan,Loyal,Google Ads,2025-12-31
C00160,Customer 160,Male,32,Kanpur,Uttar Pradesh,New,Affiliate,2024-02-23
C00161,Customer 161,Female,29,Warangal,Telangana,New,Marketplace,2025-06-09
C00162,Customer 162,Male,46,Thiruvananthapuram,Kerala,New,Affiliate,2025-10-01
C00163,Customer 163,Male,33,Nagpur,Maharashtra,VIP,Influencer,2025-05-14
C00164,Customer 164,Female,53,Hyderabad,Telangana,One-Time,Google Ads,2025-08-21
C00165,Customer 165,Male,50,Surat,Gujarat,Loyal,Marketplace,2025-07-11
C00166,Customer 166,Female,38,Chennai,Tamil Nadu,New,Email,2024-05-28
C00167,Customer 167,Male,37,Lucknow,Uttar Pradesh,New,Affiliate,2025-12-11
C00168,Customer 168,Male,22,Kanpur,Uttar Pradesh,Loyal,Organic Search,2024-08-29
C00169,Customer 169,Female,51,Bengaluru,Karnataka,New,Meta Ads,2024-06-09
C00170,Customer 170,Female,62,Thiruvananthapuram,Kerala,Loyal,Meta Ads,2025-05-07
C00171,Customer 171,Female,60,Mysuru,Karnataka,One-Time,Google Ads,2025-07-25
C00172,Customer 172,Male,49,Delhi,Delhi,Loyal,Instagram,2024-12-05
C00173,Customer 173,Male,52,Mysuru,Karnataka,One-Time,Email,2024-02-24
C00174,Customer 174,Male,60,Kozhikode,Kerala,At-Risk,Marketplace,2026-06-17
C00175,Customer 175,Male,28,Nagpur,Maharashtra,New,Google Ads,2026-01-01
C00176,Customer 176,Male,54,Nizamabad,Telangana,At-Risk,Organic Search,2025-03-22
C00177,Customer 177,Female,22,Madurai,Tamil Nadu,One-Time,Email,2024-11-10
C00178,Customer 178,Male,55,Kochi,Kerala,New,Google Ads,2026-03-05
C00179,Customer 179,Female,28,Kochi,Kerala,Loyal,Meta Ads,2024-11-15
C00180,Customer 180,Female,46,Jodhpur,Rajasthan,New,Instagram,2024-07-03
C00181,Customer 181,Female,18,Thiruvananthapuram,Kerala,Loyal,Email,2024-08-14
C00182,Customer 182,Male,18,Kozhikode,Kerala,At-Risk,Meta Ads,2025-05-15
C00183,Customer 183,Male,49,Delhi,Delhi,At-Risk,Google Ads,2025-11-03
C00184,Customer 184,Female,60,Bengaluru,Karnataka,Loyal,Meta Ads,2024-10-16
C00185,Customer 185,Male,23,Lucknow,Uttar Pradesh,Dormant,Influencer,2024-06-22
C00186,Customer 186,Male,57,Kolkata,West Bengal,Loyal,Affiliate,2026-04-21
C00187,Customer 187,Male,54,Coimbatore,Tamil Nadu,New,Meta Ads,2024-03-28
C00188,Customer 188,Female,52,Warangal,Telangana,At-Risk,Organic Search,2025-05-11
C00189,Customer 189,Female,31,Jaipur,Rajasthan,New,Marketplace,2024-06-08
C00190,Customer 190,Female,60,Mangaluru,Karnataka,New,Google Ads,2025-08-11
C00191,Customer 191,Male,47,Kochi,Kerala,New,Google Ads,2024-12-03
C00192,Customer 192,Male,26,Mysuru,Karnataka,One-Time,Google Ads,2024-03-09
C00193,Customer 193,Female,60,Nagpur,Maharashtra,One-Time,Google Ads,2024-05-30
C00194,Customer 194,Female,31,Lucknow,Uttar Pradesh,One-Time,Affiliate,2025-03-14
C00195,Customer 195,Male,41,Nagpur,Maharashtra,Loyal,Affiliate,2024-05-10
C00196,Customer 196,Male,25,Nagpur,Maharashtra,VIP,Email,2025-06-05
C00197,Customer 197,Female,36,Vadodara,Gujarat,Dormant,Meta Ads,2025-12-21
C00198,Customer 198,Male,49,Lucknow,Uttar Pradesh,New,Affiliate,2024-09-18
C00199,Customer 199,Other,61,Pune,Maharashtra,New,Meta Ads,2026-04-23
C00200,Customer 200,Male,39,Bengaluru,Karnataka,Loyal,Google Ads,2025-10-24
C00201,Customer 201,Female,47,Noida,Uttar Pradesh,New,Google Ads,2024-03-17
C00202,Customer 202,Male,22,Kozhikode,Kerala,One-Time,Influencer,2025-02-23
C00203,Customer 203,Male,29,Delhi,Delhi,Loyal,Organic Search,2025-05-13
C00204,Customer 204,Male,45,Nagpur,Maharashtra,At-Risk,Organic Search,2025-05-20
C00205,Customer 205,Female,19,Warangal,Telangana,New,Organic Search,2025-02-18
C00206,Customer 206,Female,34,Nagpur,Maharashtra,Loyal,Google Ads,2024-11-20
C00207,Customer 207,Female,20,Nagpur,Maharashtra,Loyal,Instagram,2025-05-27
C00208,Customer 208,Female,41,Howrah,West Bengal,At-Risk,Affiliate,2025-08-31
C00209,Customer 209,Male,30,Nagpur,Maharashtra,One-Time,Marketplace,2026-02-02
C00210,Customer 210,Female,30,Delhi,Delhi,VIP,Email,2024-04-02
C00211,Customer 211,Male,40,Jaipur,Rajasthan,VIP,Google Ads,2024-05-04
C00212,Customer 212,Male,25,Ahmedabad,Gujarat,New,Marketplace,2025-03-31
C00213,Customer 213,Male,54,Nagpur,Maharashtra,Loyal,Instagram,2025-01-16
C00214,Customer 214,Female,39,Lucknow,Uttar Pradesh,Loyal,Meta Ads,2026-03-17
C00215,Customer 215,Female,61,Jaipur,Rajasthan,One-Time,Google Ads,2025-05-31
C00216,Customer 216,Female,28,Udaipur,Rajasthan,Loyal,Google Ads,2024-07-30
C00217,Customer 217,Male,20,Pune,Maharashtra,Loyal,Organic Search,2026-02-04
C00218,Customer 218,Female,37,Nagpur,Maharashtra,At-Risk,Organic Search,2026-02-20
C00219,Customer 219,Female,23,Kochi,Kerala,New,Meta Ads,2024-02-06
C00220,Customer 220,Female,36,Coimbatore,Tamil Nadu,Loyal,Google Ads,2026-03-07
C00221,Customer 221,Male,55,Mysuru,Karnataka,New,Email,2024-11-23
C00222,Customer 222,Male,63,New Delhi,Delhi,Loyal,Instagram,2024-07-26
C00223,Customer 223,Other,39,Kolkata,West Bengal,VIP,Meta Ads,2024-04-13
C00224,Customer 224,Female,26,Kochi,Kerala,Loyal,Meta Ads,2024-03-13
C00225,Customer 225,Female,36,Mangaluru,Karnataka,Loyal,Influencer,2024-02-23
C00226,Customer 226,Male,31,Kochi,Kerala,One-Time,Marketplace,2025-11-18
C00227,Customer 227,Female,23,Warangal,Telangana,One-Time,Meta Ads,2026-03-24
C00228,Customer 228,Female,56,Vadodara,Gujarat,VIP,Organic Search,2026-05-12
C00229,Customer 229,Male,53,Kolkata,West Bengal,New,Influencer,2025-04-04
C00230,Customer 230,Male,32,Hyderabad,Telangana,At-Risk,Google Ads,2024-08-18
C00231,Customer 231,Female,41,Mumbai,Maharashtra,Loyal,Marketplace,2026-03-10
C00232,Customer 232,Male,41,Coimbatore,Tamil Nadu,At-Risk,Email,2026-04-01
C00233,Customer 233,Female,38,Thiruvananthapuram,Kerala,One-Time,Email,2024-12-26
C00234,Customer 234,Female,54,Vadodara,Gujarat,Loyal,Email,2024-07-06
C00235,Customer 235,Female,51,Kochi,Kerala,New,Meta Ads,2026-01-25
C00236,Customer 236,Female,18,Noida,Uttar Pradesh,Dormant,Affiliate,2024-11-19
C00237,Customer 237,Female,28,New Delhi,Delhi,Loyal,Organic Search,2025-04-27
C00238,Customer 238,Male,63,Noida,Uttar Pradesh,Loyal,Google Ads,2026-03-08
C00239,Customer 239,Other,37,Warangal,Telangana,VIP,Organic Search,2024-05-29
C00240,Customer 240,Male,40,Hyderabad,Telangana,One-Time,Marketplace,2024-09-30
C00241,Customer 241,Male,54,Lucknow,Uttar Pradesh,Loyal,Influencer,2024-07-09
C00242,Customer 242,Female,54,Lucknow,Uttar Pradesh,At-Risk,Organic Search,2025-11-11
C00243,Customer 243,Female,45,Pune,Maharashtra,New,Meta Ads,2024-04-15
C00244,Customer 244,Female,62,Ahmedabad,Gujarat,Dormant,Meta Ads,2024-05-12
C00245,Customer 245,Male,46,Ahmedabad,Gujarat,At-Risk,Google Ads,2024-10-24
C00246,Customer 246,Female,60,Lucknow,Uttar Pradesh,Dormant,Affiliate,2024-12-06
C00247,Customer 247,Female,39,Ahmedabad,Gujarat,At-Risk,Affiliate,2025-11-01
C00248,Customer 248,Male,28,Chennai,Tamil Nadu,One-Time,Marketplace,2026-04-26
C00249,Customer 249,Female,23,Coimbatore,Tamil Nadu,Loyal,Google Ads,2025-06-19
C00250,Customer 250,Male,44,Chennai,Tamil Nadu,New,Marketplace,2024-07-22
C00251,Customer 251,Female,60,Kolkata,West Bengal,VIP,Marketplace,2025-08-17
C00252,Customer 252,Male,37,Lucknow,Uttar Pradesh,New,Organic Search,2025-09-23
C00253,Customer 253,Male,52,New Delhi,Delhi,At-Risk,Marketplace,2024-03-16
C00254,Customer 254,Female,43,Bengaluru,Karnataka,New,Instagram,2026-04-07
C00255,Customer 255,Female,56,Mumbai,Maharashtra,New,Meta Ads,2025-04-05
C00256,Customer 256,Male,55,Udaipur,Rajasthan,New,Google Ads,2025-12-07
C00257,Customer 257,Male,51,Kanpur,Uttar Pradesh,VIP,Google Ads,2024-02-16
C00258,Customer 258,Female,35,Hyderabad,Telangana,New,Google Ads,2026-05-03
C00259,Customer 259,Female,37,Hyderabad,Telangana,New,Organic Search,2026-05-25
C00260,Customer 260,Female,40,Surat,Gujarat,New,Meta Ads,2026-04-29
C00261,Customer 261,Female,57,Nagpur,Maharashtra,One-Time,Google Ads,2025-04-21
C00262,Customer 262,Male,47,Kanpur,Uttar Pradesh,Dormant,Google Ads,2024-04-12
C00263,Customer 263,Female,26,Mangaluru,Karnataka,Loyal,Organic Search,2025-02-10
C00264,Customer 264,Female,30,Mumbai,Maharashtra,One-Time,Marketplace,2025-06-25
C00265,Customer 265,Male,32,Thiruvananthapuram,Kerala,New,Instagram,2025-02-07
C00266,Customer 266,Male,47,Pune,Maharashtra,New,Affiliate,2025-01-19
C00267,Customer 267,Female,54,Mysuru,Karnataka,One-Time,Marketplace,2024-11-10
C00268,Customer 268,Male,25,Nagpur,Maharashtra,New,Organic Search,2025-09-06
C00269,Customer 269,Male,52,Mumbai,Maharashtra,New,Organic Search,2025-05-30
C00270,Customer 270,Female,47,Warangal,Telangana,New,Organic Search,2025-10-30
C00271,Customer 271,Female,27,Hyderabad,Telangana,One-Time,Marketplace,2024-03-13
C00272,Customer 272,Male,24,Mumbai,Maharashtra,VIP,Meta Ads,2024-08-08
C00273,Customer 273,Female,25,Hyderabad,Telangana,New,Affiliate,2026-03-01
C00274,Customer 274,Female,55,Vadodara,Gujarat,Loyal,Instagram,2025-12-20
C00275,Customer 275,Male,29,Kolkata,West Bengal,Loyal,Google Ads,2025-08-29
C00276,Customer 276,Female,27,Madurai,Tamil Nadu,At-Risk,Organic Search,2025-01-03
C00277,Customer 277,Female,38,Mangaluru,Karnataka,New,Affiliate,2025-01-20
C00278,Customer 278,Female,49,New Delhi,Delhi,At-Risk,Influencer,2025-08-14
C00279,Customer 279,Female,39,Kanpur,Uttar Pradesh,At-Risk,Marketplace,2025-11-25
C00280,Customer 280,Male,45,Lucknow,Uttar Pradesh,Dormant,Organic Search,2025-01-19
C00281,Customer 281,Female,35,Nizamabad,Telangana,At-Risk,Email,2026-03-18
C00282,Customer 282,Female,38,Mumbai,Maharashtra,New,Marketplace,2024-11-07
C00283,Customer 283,Male,46,Pune,Maharashtra,Dormant,Meta Ads,2024-10-15
C00284,Customer 284,Male,48,Mangaluru,Karnataka,At-Risk,Google Ads,2025-09-16
C00285,Customer 285,Male,53,Vadodara,Gujarat,New,Instagram,2025-12-12
C00286,Customer 286,Female,58,Chennai,Tamil Nadu,New,Organic Search,2025-05-02
C00287,Customer 287,Female,33,Nizamabad,Telangana,Dormant,Organic Search,2026-05-06
C00288,Customer 288,Male,23,Chennai,Tamil Nadu,New,Affiliate,2026-02-06
C00289,Customer 289,Female,22,Delhi,Delhi,At-Risk,Google Ads,2024-07-05
C00290,Customer 290,Female,50,Warangal,Telangana,One-Time,Affiliate,2025-12-08
C00291,Customer 291,Male,38,Lucknow,Uttar Pradesh,VIP,Organic Search,2025-12-30
C00292,Customer 292,Male,37,Nizamabad,Telangana,New,Marketplace,2026-02-20
C00293,Customer 293,Male,53,Kozhikode,Kerala,VIP,Meta Ads,2025-04-17
C00294,Customer 294,Female,50,Hyderabad,Telangana,Loyal,Organic Search,2025-11-20
C00295,Customer 295,Other,61,Lucknow,Uttar Pradesh,Dormant,Affiliate,2025-10-13
C00296,Customer 296,Female,60,Kochi,Kerala,New,Email,2026-04-05
C00297,Customer 297,Male,53,Thiruvananthapuram,Kerala,New,Google Ads,2024-09-24
C00298,Customer 298,Female,49,Noida,Uttar Pradesh,New,Google Ads,2024-05-21
C00299,Customer 299,Male,61,Kanpur,Uttar Pradesh,New,Google Ads,2025-11-20
C00300,Customer 300,Male,25,Howrah,West Bengal,Dormant,Email,2025-07-30
C00301,Customer 301,Male,63,Lucknow,Uttar Pradesh,New,Organic Search,2026-05-28
C00302,Customer 302,Male,37,Pune,Maharashtra,New,Organic Search,2024-03-15
C00303,Customer 303,Female,29,Vadodara,Gujarat,At-Risk,Organic Search,2024-02-01
C00304,Customer 304,Female,44,Delhi,Delhi,New,Google Ads,2025-03-25
C00305,Customer 305,Female,60,Lucknow,Uttar Pradesh,New,Google Ads,2025-06-30
C00306,Customer 306,Male,24,New Delhi,Delhi,Loyal,Affiliate,2026-02-14
C00307,Customer 307,Female,26,Chennai,Tamil Nadu,One-Time,Affiliate,2025-08-24
C00308,Customer 308,Female,48,Kolkata,West Bengal,At-Risk,Organic Search,2025-10-15
C00309,Customer 309,Female,50,Mysuru,Karnataka,Loyal,Organic Search,2024-12-15
C00310,Customer 310,Male,52,Pune,Maharashtra,One-Time,Marketplace,2025-06-08
C00311,Customer 311,Female,61,New Delhi,Delhi,Loyal,Marketplace,2024-05-06
C00312,Customer 312,Male,54,Coimbatore,Tamil Nadu,At-Risk,Organic Search,2025-09-16
C00313,Customer 313,Female,56,Mumbai,Maharashtra,One-Time,Meta Ads,2024-05-06
C00314,Customer 314,Female,23,Coimbatore,Tamil Nadu,VIP,Google Ads,2024-06-04
C00315,Customer 315,Male,35,Chennai,Tamil Nadu,One-Time,Organic Search,2024-05-29
C00316,Customer 316,Female,51,Mangaluru,Karnataka,Loyal,Instagram,2026-04-17
C00317,Customer 317,Male,57,Coimbatore,Tamil Nadu,VIP,Google Ads,2024-06-05
C00318,Customer 318,Female,35,Kolkata,West Bengal,New,Meta Ads,2024-07-10
C00319,Customer 319,Other,45,Mangaluru,Karnataka,Loyal,Marketplace,2026-06-14
C00320,Customer 320,Female,28,Kozhikode,Kerala,New,Google Ads,2024-05-30
C00321,Customer 321,Female,59,Kochi,Kerala,VIP,Affiliate,2025-05-04
C00322,Customer 322,Male,43,New Delhi,Delhi,Loyal,Marketplace,2024-05-06
C00323,Customer 323,Male,22,Bengaluru,Karnataka,One-Time,Organic Search,2025-02-06
C00324,Customer 324,Male,45,Surat,Gujarat,New,Google Ads,2026-04-22
C00325,Customer 325,Female,30,Noida,Uttar Pradesh,Dormant,Influencer,2024-10-22
C00326,Customer 326,Female,39,Kolkata,West Bengal,One-Time,Organic Search,2025-02-18
C00327,Customer 327,Male,34,Noida,Uttar Pradesh,One-Time,Meta Ads,2026-02-27
C00328,Customer 328,Female,58,Surat,Gujarat,New,Organic Search,2025-04-24
C00329,Customer 329,Female,58,Kolkata,West Bengal,Loyal,Google Ads,2026-05-03
C00330,Customer 330,Male,25,Bengaluru,Karnataka,One-Time,Organic Search,2024-12-07
C00331,Customer 331,Female,33,Udaipur,Rajasthan,At-Risk,Marketplace,2024-07-27
C00332,Customer 332,Male,37,Nagpur,Maharashtra,VIP,Email,2024-01-25
C00333,Customer 333,Female,59,Udaipur,Rajasthan,New,Marketplace,2024-12-21
C00334,Customer 334,Other,30,Kanpur,Uttar Pradesh,Loyal,Instagram,2024-02-29
C00335,Customer 335,Male,51,Pune,Maharashtra,New,Influencer,2025-06-02
C00336,Customer 336,Other,20,Vadodara,Gujarat,New,Affiliate,2024-01-15
C00337,Customer 337,Male,64,Nizamabad,Telangana,Loyal,Google Ads,2024-04-02
C00338,Customer 338,Female,34,Udaipur,Rajasthan,New,Marketplace,2025-04-30
C00339,Customer 339,Female,30,Hyderabad,Telangana,At-Risk,Marketplace,2025-06-30
C00340,Customer 340,Female,52,Kochi,Kerala,Loyal,Meta Ads,2024-06-23
C00341,Customer 341,Male,47,Pune,Maharashtra,New,Affiliate,2025-10-30
C00342,Customer 342,Female,43,Thiruvananthapuram,Kerala,Dormant,Meta Ads,2024-12-27
C00343,Customer 343,Male,62,Kanpur,Uttar Pradesh,Loyal,Google Ads,2024-06-17
C00344,Customer 344,Male,38,Ahmedabad,Gujarat,New,Meta Ads,2025-02-18
C00345,Customer 345,Female,43,Kanpur,Uttar Pradesh,Loyal,Email,2026-04-10
C00346,Customer 346,Male,40,Kanpur,Uttar Pradesh,Dormant,Google Ads,2025-04-24
C00347,Customer 347,Male,26,Kozhikode,Kerala,One-Time,Google Ads,2026-02-08
C00348,Customer 348,Male,33,Bengaluru,Karnataka,One-Time,Marketplace,2026-03-14
C00349,Customer 349,Female,46,Ahmedabad,Gujarat,Loyal,Email,2024-07-22
C00350,Customer 350,Female,23,Hyderabad,Telangana,One-Time,Affiliate,2024-02-08
C00351,Customer 351,Male,53,Vadodara,Gujarat,New,Meta Ads,2025-08-26
C00352,Customer 352,Female,46,Nagpur,Maharashtra,Loyal,Google Ads,2025-03-20
C00353,Customer 353,Male,49,Surat,Gujarat,At-Risk,Affiliate,2024-11-19
C00354,Customer 354,Male,57,Ahmedabad,Gujarat,VIP,Meta Ads,2024-04-28
C00355,Customer 355,Female,41,Delhi,Delhi,New,Instagram,2024-05-12
C00356,Customer 356,Female,55,Delhi,Delhi,One-Time,Marketplace,2026-04-13
C00357,Customer 357,Female,53,Noida,Uttar Pradesh,New,Meta Ads,2024-05-08
C00358,Customer 358,Male,29,Lucknow,Uttar Pradesh,One-Time,Email,2026-04-05
C00359,Customer 359,Female,31,Delhi,Delhi,Loyal,Organic Search,2024-08-26
C00360,Customer 360,Female,38,Surat,Gujarat,One-Time,Google Ads,2024-05-05
C00361,Customer 361,Male,22,Thiruvananthapuram,Kerala,At-Risk,Organic Search,2025-04-12
C00362,Customer 362,Female,44,Nagpur,Maharashtra,Loyal,Instagram,2024-04-15
C00363,Customer 363,Female,61,Mumbai,Maharashtra,Loyal,Google Ads,2024-09-02
C00364,Customer 364,Male,56,Warangal,Telangana,At-Risk,Instagram,2024-04-08
C00365,Customer 365,Male,52,Howrah,West Bengal,VIP,Email,2024-01-18
C00366,Customer 366,Female,27,Chennai,Tamil Nadu,At-Risk,Organic Search,2024-03-29
C00367,Customer 367,Female,56,Lucknow,Uttar Pradesh,At-Risk,Marketplace,2026-05-21
C00368,Customer 368,Male,24,Kolkata,West Bengal,Loyal,Affiliate,2024-05-22
C00369,Customer 369,Female,37,Mysuru,Karnataka,One-Time,Instagram,2024-07-18
C00370,Customer 370,Other,62,Kochi,Kerala,One-Time,Marketplace,2024-05-20
C00371,Customer 371,Female,54,Kanpur,Uttar Pradesh,At-Risk,Affiliate,2024-03-08
C00372,Customer 372,Male,24,Bengaluru,Karnataka,New,Google Ads,2024-05-27
C00373,Customer 373,Male,43,Madurai,Tamil Nadu,Dormant,Google Ads,2024-04-02
C00374,Customer 374,Male,65,Mysuru,Karnataka,One-Time,Meta Ads,2024-05-13
C00375,Customer 375,Female,39,Nagpur,Maharashtra,VIP,Google Ads,2025-02-15
C00376,Customer 376,Male,46,Pune,Maharashtra,One-Time,Email,2024-12-06
C00377,Customer 377,Male,36,Thiruvananthapuram,Kerala,Dormant,Meta Ads,2024-06-10
C00378,Customer 378,Female,41,Chennai,Tamil Nadu,New,Marketplace,2024-08-16
C00379,Customer 379,Female,42,Coimbatore,Tamil Nadu,One-Time,Email,2025-02-23
C00380,Customer 380,Female,27,Jaipur,Rajasthan,At-Risk,Meta Ads,2025-01-10
C00381,Customer 381,Female,63,Ahmedabad,Gujarat,One-Time,Marketplace,2024-04-18
C00382,Customer 382,Female,59,Kozhikode,Kerala,One-Time,Email,2026-03-15
C00383,Customer 383,Male,22,Kanpur,Uttar Pradesh,At-Risk,Google Ads,2024-12-16
C00384,Customer 384,Male,26,New Delhi,Delhi,At-Risk,Google Ads,2024-11-12
C00385,Customer 385,Male,48,Coimbatore,Tamil Nadu,New,Organic Search,2025-05-31
C00386,Customer 386,Female,37,Kochi,Kerala,Loyal,Email,2024-09-14
C00387,Customer 387,Female,50,Jaipur,Rajasthan,New,Organic Search,2025-07-14
C00388,Customer 388,Female,20,Thiruvananthapuram,Kerala,New,Influencer,2026-04-02
C00389,Customer 389,Female,54,Nagpur,Maharashtra,Loyal,Organic Search,2026-01-30
C00390,Customer 390,Male,19,Lucknow,Uttar Pradesh,New,Influencer,2024-10-16
C00391,Customer 391,Female,27,Kolkata,West Bengal,Loyal,Organic Search,2024-03-26
C00392,Customer 392,Female,53,Nagpur,Maharashtra,One-Time,Organic Search,2024-04-19
C00393,Customer 393,Male,34,Surat,Gujarat,At-Risk,Google Ads,2024-07-08
C00394,Customer 394,Male,27,Kolkata,West Bengal,Loyal,Email,2025-07-11
C00395,Customer 395,Male,60,Warangal,Telangana,New,Instagram,2025-03-19
C00396,Customer 396,Female,46,Delhi,Delhi,Dormant,Email,2024-09-10
C00397,Customer 397,Male,31,Kanpur,Uttar Pradesh,At-Risk,Instagram,2024-06-25
C00398,Customer 398,Female,52,Mysuru,Karnataka,One-Time,Organic Search,2025-04-12
C00399,Customer 399,Female,24,New Delhi,Delhi,Dormant,Instagram,2026-05-15
C00400,Customer 400,Female,41,Madurai,Tamil Nadu,One-Time,Email,2025-11-22
C00401,Customer 401,Male,27,Mangaluru,Karnataka,One-Time,Instagram,2024-08-18
C00402,Customer 402,Female,49,Thiruvananthapuram,Kerala,One-Time,Marketplace,2025-05-24
C00403,Customer 403,Male,31,Kanpur,Uttar Pradesh,New,Instagram,2025-04-02
C00404,Customer 404,Female,29,Nagpur,Maharashtra,VIP,Organic Search,2025-12-28
C00405,Customer 405,Male,30,Kochi,Kerala,Loyal,Organic Search,2024-11-06
C00406,Customer 406,Female,57,Noida,Uttar Pradesh,At-Risk,Instagram,2024-11-06
C00407,Customer 407,Male,59,Mysuru,Karnataka,New,Affiliate,2025-02-07
C00408,Customer 408,Male,27,Noida,Uttar Pradesh,New,Marketplace,2024-05-31
C00409,Customer 409,Male,25,Warangal,Telangana,One-Time,Affiliate,2026-02-21
C00410,Customer 410,Male,46,Kozhikode,Kerala,New,Marketplace,2024-12-21
C00411,Customer 411,Male,48,Kolkata,West Bengal,Dormant,Instagram,2026-02-13
C00412,Customer 412,Female,58,Howrah,West Bengal,VIP,Marketplace,2025-01-05
C00413,Customer 413,Male,57,Hyderabad,Telangana,At-Risk,Influencer,2025-08-31
C00414,Customer 414,Male,56,Thiruvananthapuram,Kerala,VIP,Affiliate,2025-10-06
C00415,Customer 415,Female,20,Warangal,Telangana,New,Influencer,2025-12-13
C00416,Customer 416,Female,20,Bengaluru,Karnataka,New,Organic Search,2025-09-10
C00417,Customer 417,Female,26,Nagpur,Maharashtra,One-Time,Email,2025-09-12
C00418,Customer 418,Female,35,Lucknow,Uttar Pradesh,At-Risk,Email,2024-10-05
C00419,Customer 419,Other,53,Mumbai,Maharashtra,One-Time,Instagram,2024-02-26
C00420,Customer 420,Male,58,Thiruvananthapuram,Kerala,New,Organic Search,2026-04-16
C00421,Customer 421,Male,52,Howrah,West Bengal,Loyal,Meta Ads,2026-01-30
C00422,Customer 422,Female,58,Hyderabad,Telangana,New,Organic Search,2024-09-05
C00423,Customer 423,Female,35,Warangal,Telangana,Loyal,Email,2024-01-19
C00424,Customer 424,Female,48,Warangal,Telangana,New,Meta Ads,2026-06-15
C00425,Customer 425,Female,24,Vadodara,Gujarat,Loyal,Google Ads,2024-03-15
C00426,Customer 426,Male,23,Lucknow,Uttar Pradesh,One-Time,Meta Ads,2024-01-30
C00427,Customer 427,Male,57,Mumbai,Maharashtra,At-Risk,Organic Search,2026-06-08
C00428,Customer 428,Female,37,Noida,Uttar Pradesh,VIP,Instagram,2025-08-29
C00429,Customer 429,Female,52,Hyderabad,Telangana,New,Google Ads,2025-06-25
C00430,Customer 430,Male,64,Kanpur,Uttar Pradesh,At-Risk,Meta Ads,2025-07-12
C00431,Customer 431,Female,45,Kochi,Kerala,At-Risk,Instagram,2025-10-29
C00432,Customer 432,Female,23,Noida,Uttar Pradesh,Loyal,Meta Ads,2025-06-10
C00433,Customer 433,Female,49,Jaipur,Rajasthan,Dormant,Meta Ads,2025-11-03
C00434,Customer 434,Female,56,Kanpur,Uttar Pradesh,At-Risk,Organic Search,2025-12-02
C00435,Customer 435,Male,31,Warangal,Telangana,New,Organic Search,2024-07-09
C00436,Customer 436,Male,38,Mumbai,Maharashtra,One-Time,Marketplace,2025-06-15
C00437,Customer 437,Male,48,Mumbai,Maharashtra,One-Time,Google Ads,2024-10-25
C00438,Customer 438,Female,53,New Delhi,Delhi,Loyal,Meta Ads,2025-07-02
C00439,Customer 439,Male,26,Jaipur,Rajasthan,Dormant,Google Ads,2024-06-02
C00440,Customer 440,Male,20,Howrah,West Bengal,Loyal,Organic Search,2026-02-28
C00441,Customer 441,Male,48,Noida,Uttar Pradesh,One-Time,Google Ads,2024-08-26
C00442,Customer 442,Female,18,Nagpur,Maharashtra,Dormant,Meta Ads,2024-06-17
C00443,Customer 443,Male,39,Jaipur,Rajasthan,VIP,Organic Search,2024-04-19
C00444,Customer 444,Male,32,Nagpur,Maharashtra,One-Time,Meta Ads,2025-04-23
C00445,Customer 445,Male,39,Mysuru,Karnataka,Dormant,Email,2024-11-16
C00446,Customer 446,Female,59,Jodhpur,Rajasthan,One-Time,Organic Search,2025-10-02
C00447,Customer 447,Female,62,Kozhikode,Kerala,Loyal,Influencer,2025-01-10
C00448,Customer 448,Male,50,Vadodara,Gujarat,Loyal,Instagram,2024-10-04
C00449,Customer 449,Female,35,Nizamabad,Telangana,Dormant,Meta Ads,2024-10-09
C00450,Customer 450,Male,47,Vadodara,Gujarat,One-Time,Email,2024-07-16
C00451,Customer 451,Male,24,Warangal,Telangana,One-Time,Google Ads,2025-09-19
C00452,Customer 452,Male,65,Kanpur,Uttar Pradesh,Loyal,Google Ads,2024-04-26
C00453,Customer 453,Female,59,Udaipur,Rajasthan,At-Risk,Instagram,2026-03-31
C00454,Customer 454,Male,34,Nagpur,Maharashtra,New,Meta Ads,2024-08-24
C00455,Customer 455,Female,19,Warangal,Telangana,New,Google Ads,2024-01-09
C00456,Customer 456,Male,58,Mumbai,Maharashtra,Dormant,Organic Search,2025-08-22
C00457,Customer 457,Female,19,Thiruvananthapuram,Kerala,At-Risk,Affiliate,2025-10-02
C00458,Customer 458,Female,23,New Delhi,Delhi,One-Time,Google Ads,2025-07-07
C00459,Customer 459,Female,18,Lucknow,Uttar Pradesh,One-Time,Organic Search,2024-11-21
C00460,Customer 460,Male,26,Kolkata,West Bengal,Loyal,Marketplace,2024-06-03
C00461,Customer 461,Male,62,Surat,Gujarat,Loyal,Meta Ads,2026-02-24
C00462,Customer 462,Female,40,Pune,Maharashtra,Loyal,Organic Search,2025-03-18
C00463,Customer 463,Female,26,Kozhikode,Kerala,At-Risk,Google Ads,2025-03-03
C00464,Customer 464,Male,64,Mangaluru,Karnataka,New,Marketplace,2024-07-11
C00465,Customer 465,Female,37,Surat,Gujarat,At-Risk,Google Ads,2025-12-04
C00466,Customer 466,Female,51,Jodhpur,Rajasthan,New,Meta Ads,2026-04-22
C00467,Customer 467,Male,44,Howrah,West Bengal,At-Risk,Marketplace,2025-08-03
C00468,Customer 468,Female,23,Kochi,Kerala,New,Organic Search,2025-10-13
C00469,Customer 469,Female,52,Nagpur,Maharashtra,New,Meta Ads,2025-09-30
C00470,Customer 470,Female,63,Delhi,Delhi,New,Affiliate,2024-06-04
C00471,Customer 471,Male,64,Madurai,Tamil Nadu,New,Marketplace,2025-02-21
C00472,Customer 472,Male,54,New Delhi,Delhi,One-Time,Email,2024-09-17
C00473,Customer 473,Female,50,Pune,Maharashtra,Loyal,Google Ads,2024-12-28
C00474,Customer 474,Female,53,Nagpur,Maharashtra,At-Risk,Meta Ads,2026-02-06
C00475,Customer 475,Female,64,Bengaluru,Karnataka,Loyal,Marketplace,2026-01-18
C00476,Customer 476,Female,44,Bengaluru,Karnataka,Loyal,Google Ads,2025-05-16
C00477,Customer 477,Female,61,Coimbatore,Tamil Nadu,One-Time,Meta Ads,2024-04-15
C00478,Customer 478,Female,36,Surat,Gujarat,At-Risk,Google Ads,2024-11-16
C00479,Customer 479,Male,33,Howrah,West Bengal,New,Google Ads,2025-10-12
C00480,Customer 480,Female,23,Coimbatore,Tamil Nadu,One-Time,Email,2025-06-22
C00481,Customer 481,Male,40,Madurai,Tamil Nadu,New,Instagram,2025-05-17
C00482,Customer 482,Other,47,Mumbai,Maharashtra,New,Google Ads,2024-12-16
C00483,Customer 483,Female,37,Surat,Gujarat,Loyal,Google Ads,2026-05-22
C00484,Customer 484,Male,24,Bengaluru,Karnataka,New,Google Ads,2026-03-31
C00485,Customer 485,Male,39,Hyderabad,Telangana,New,Google Ads,2025-08-02
C00486,Customer 486,Female,46,Chennai,Tamil Nadu,At-Risk,Google Ads,2026-02-25
C00487,Customer 487,Female,23,Delhi,Delhi,New,Organic Search,2024-06-10
C00488,Customer 488,Other,43,Pune,Maharashtra,Loyal,Google Ads,2024-05-24
C00489,Customer 489,Female,36,Ahmedabad,Gujarat,One-Time,Meta Ads,2025-10-04
C00490,Customer 490,Male,46,Ahmedabad,Gujarat,At-Risk,Organic Search,2025-09-01
C00491,Customer 491,Male,18,Jodhpur,Rajasthan,VIP,Organic Search,2024-08-07
C00492,Customer 492,Female,57,Howrah,West Bengal,New,Organic Search,2026-01-23
C00493,Customer 493,Male,37,Howrah,West Bengal,At-Risk,Marketplace,2025-11-03
C00494,Customer 494,Male,37,Bengaluru,Karnataka,One-Time,Meta Ads,2024-07-09
C00495,Customer 495,Female,23,Kanpur,Uttar Pradesh,One-Time,Google Ads,2025-07-03
C00496,Customer 496,Female,38,Surat,Gujarat,Loyal,Google Ads,2026-02-23
C00497,Customer 497,Female,37,Madurai,Tamil Nadu,VIP,Google Ads,2025-11-23
C00498,Customer 498,Male,20,Kolkata,West Bengal,One-Time,Marketplace,2025-01-12
C00499,Customer 499,Male,45,Coimbatore,Tamil Nadu,One-Time,Organic Search,2026-01-06
C00500,Customer 500,Male,31,Delhi,Delhi,New,Affiliate,2024-10-03
C00501,Customer 501,Male,35,Jaipur,Rajasthan,Loyal,Marketplace,2026-05-27
C00502,Customer 502,Other,21,Kanpur,Uttar Pradesh,Dormant,Influencer,2026-06-04
C00503,Customer 503,Female,48,Kochi,Kerala,One-Time,Instagram,2024-09-28
C00504,Customer 504,Male,24,Delhi,Delhi,Dormant,Influencer,2025-09-11
C00505,Customer 505,Female,46,Delhi,Delhi,New,Instagram,2026-05-16
C00506,Customer 506,Female,38,Kanpur,Uttar Pradesh,At-Risk,Google Ads,2024-09-18
C00507,Customer 507,Female,53,Mangaluru,Karnataka,Dormant,Email,2025-10-06
C00508,Customer 508,Female,37,Lucknow,Uttar Pradesh,VIP,Marketplace,2025-04-21
C00509,Customer 509,Male,49,New Delhi,Delhi,New,Affiliate,2025-02-03
C00510,Customer 510,Female,62,Nagpur,Maharashtra,One-Time,Instagram,2025-08-02
C00511,Customer 511,Male,30,Hyderabad,Telangana,New,Influencer,2025-03-05
C00512,Customer 512,Female,23,Lucknow,Uttar Pradesh,Loyal,Email,2025-10-02
C00513,Customer 513,Female,47,Hyderabad,Telangana,Dormant,Organic Search,2026-05-13
C00514,Customer 514,Male,25,Mangaluru,Karnataka,One-Time,Meta Ads,2024-07-07
C00515,Customer 515,Male,28,Bengaluru,Karnataka,New,Meta Ads,2024-06-07
C00516,Customer 516,Male,54,Pune,Maharashtra,One-Time,Meta Ads,2025-07-08
C00517,Customer 517,Female,50,Mysuru,Karnataka,Loyal,Influencer,2026-05-15
C00518,Customer 518,Female,19,Jodhpur,Rajasthan,Loyal,Marketplace,2026-02-01
C00519,Customer 519,Other,46,Nizamabad,Telangana,New,Meta Ads,2024-12-30
C00520,Customer 520,Female,49,Kanpur,Uttar Pradesh,VIP,Google Ads,2025-12-24
C00521,Customer 521,Female,33,Noida,Uttar Pradesh,New,Google Ads,2026-03-31
C00522,Customer 522,Male,53,Madurai,Tamil Nadu,Loyal,Organic Search,2024-09-21
C00523,Customer 523,Male,52,Mumbai,Maharashtra,One-Time,Email,2024-04-04
C00524,Customer 524,Female,48,Vadodara,Gujarat,New,Email,2026-05-23
C00525,Customer 525,Male,30,Mumbai,Maharashtra,Loyal,Google Ads,2024-05-23
C00526,Customer 526,Female,31,Chennai,Tamil Nadu,Loyal,Google Ads,2024-01-12
C00527,Customer 527,Male,44,Kochi,Kerala,Loyal,Marketplace,2024-10-14
C00528,Customer 528,Female,22,Kochi,Kerala,At-Risk,Organic Search,2025-12-02
C00529,Customer 529,Male,37,Kanpur,Uttar Pradesh,Loyal,Meta Ads,2025-11-02
C00530,Customer 530,Male,65,Bengaluru,Karnataka,One-Time,Meta Ads,2024-10-12
C00531,Customer 531,Male,48,Howrah,West Bengal,Dormant,Meta Ads,2025-09-09
C00532,Customer 532,Male,59,Jodhpur,Rajasthan,Dormant,Google Ads,2026-04-27
C00533,Customer 533,Male,33,Chennai,Tamil Nadu,New,Google Ads,2024-01-07
C00534,Customer 534,Male,53,Kolkata,West Bengal,Dormant,Organic Search,2026-02-13
C00535,Customer 535,Male,53,Hyderabad,Telangana,At-Risk,Meta Ads,2025-06-24
C00536,Customer 536,Female,26,Mumbai,Maharashtra,New,Instagram,2026-03-04
C00537,Customer 537,Male,28,Delhi,Delhi,Loyal,Email,2024-02-14
C00538,Customer 538,Female,38,Nagpur,Maharashtra,New,Meta Ads,2024-08-14
C00539,Customer 539,Male,48,Pune,Maharashtra,Loyal,Email,2024-12-10
C00540,Customer 540,Male,52,Lucknow,Uttar Pradesh,Dormant,Influencer,2025-12-17
C00541,Customer 541,Male,64,Kozhikode,Kerala,One-Time,Meta Ads,2025-09-01
C00542,Customer 542,Male,22,Vadodara,Gujarat,Loyal,Affiliate,2024-10-26
C00543,Customer 543,Male,48,Lucknow,Uttar Pradesh,New,Meta Ads,2024-08-05
C00544,Customer 544,Male,63,Kozhikode,Kerala,Loyal,Meta Ads,2025-02-06
C00545,Customer 545,Male,26,Nagpur,Maharashtra,At-Risk,Google Ads,2024-05-29
C00546,Customer 546,Female,63,Coimbatore,Tamil Nadu,New,Organic Search,2026-03-24
C00547,Customer 547,Male,58,Chennai,Tamil Nadu,Loyal,Instagram,2026-01-17
C00548,Customer 548,Male,25,Warangal,Telangana,One-Time,Affiliate,2025-10-10
C00549,Customer 549,Male,28,Jodhpur,Rajasthan,VIP,Google Ads,2025-03-07
C00550,Customer 550,Female,27,Chennai,Tamil Nadu,VIP,Organic Search,2025-07-30
C00551,Customer 551,Female,22,New Delhi,Delhi,VIP,Google Ads,2024-08-16
C00552,Customer 552,Male,35,Mumbai,Maharashtra,One-Time,Meta Ads,2024-04-26
C00553,Customer 553,Male,39,Mumbai,Maharashtra,Loyal,Organic Search,2024-07-28
C00554,Customer 554,Female,39,Kozhikode,Kerala,Loyal,Google Ads,2025-04-29
C00555,Customer 555,Male,57,Hyderabad,Telangana,VIP,Instagram,2026-05-13
C00556,Customer 556,Female,39,Pune,Maharashtra,Loyal,Organic Search,2024-04-21
C00557,Customer 557,Male,27,Mysuru,Karnataka,At-Risk,Organic Search,2024-10-01
C00558,Customer 558,Male,51,New Delhi,Delhi,New,Organic Search,2024-03-08
C00559,Customer 559,Male,48,Vadodara,Gujarat,New,Google Ads,2025-01-31
C00560,Customer 560,Male,40,Delhi,Delhi,Dormant,Google Ads,2026-05-01
C00561,Customer 561,Male,48,Warangal,Telangana,New,Instagram,2024-02-15
C00562,Customer 562,Female,26,Mangaluru,Karnataka,Dormant,Meta Ads,2025-06-17
C00563,Customer 563,Male,55,Lucknow,Uttar Pradesh,Loyal,Meta Ads,2024-05-19
C00564,Customer 564,Female,30,Howrah,West Bengal,Dormant,Meta Ads,2024-01-06
C00565,Customer 565,Female,20,Howrah,West Bengal,Loyal,Instagram,2025-04-29
C00566,Customer 566,Female,37,Kolkata,West Bengal,At-Risk,Email,2025-02-26
C00567,Customer 567,Male,29,Kanpur,Uttar Pradesh,VIP,Google Ads,2026-03-21
C00568,Customer 568,Male,42,Nizamabad,Telangana,Loyal,Meta Ads,2024-09-15
C00569,Customer 569,Male,40,Coimbatore,Tamil Nadu,One-Time,Meta Ads,2025-07-24
C00570,Customer 570,Male,62,Ahmedabad,Gujarat,New,Meta Ads,2024-05-18
C00571,Customer 571,Male,37,Bengaluru,Karnataka,One-Time,Affiliate,2025-06-04
C00572,Customer 572,Male,22,Lucknow,Uttar Pradesh,Dormant,Meta Ads,2026-01-07
C00573,Customer 573,Male,42,New Delhi,Delhi,One-Time,Google Ads,2024-12-12
C00574,Customer 574,Female,56,Kanpur,Uttar Pradesh,VIP,Influencer,2024-05-18
C00575,Customer 575,Male,30,Lucknow,Uttar Pradesh,Loyal,Instagram,2025-03-30
C00576,Customer 576,Female,32,Delhi,Delhi,One-Time,Meta Ads,2024-05-29
C00577,Customer 577,Female,26,Kochi,Kerala,Dormant,Organic Search,2025-08-04
C00578,Customer 578,Female,52,Surat,Gujarat,New,Organic Search,2024-07-28
C00579,Customer 579,Female,26,Noida,Uttar Pradesh,Loyal,Marketplace,2025-08-17
C00580,Customer 580,Male,30,Bengaluru,Karnataka,Loyal,Influencer,2025-10-03
C00581,Customer 581,Female,22,New Delhi,Delhi,New,Organic Search,2026-06-18
C00582,Customer 582,Male,36,Ahmedabad,Gujarat,New,Google Ads,2024-06-20
C00583,Customer 583,Female,59,Hyderabad,Telangana,VIP,Email,2026-04-18
C00584,Customer 584,Male,39,Madurai,Tamil Nadu,New,Google Ads,2024-10-16
C00585,Customer 585,Female,23,Thiruvananthapuram,Kerala,At-Risk,Email,2024-05-19
C00586,Customer 586,Male,54,Howrah,West Bengal,Loyal,Marketplace,2026-03-23
C00587,Customer 587,Female,35,Nagpur,Maharashtra,New,Google Ads,2025-05-28
C00588,Customer 588,Male,25,Mysuru,Karnataka,One-Time,Influencer,2025-05-23
C00589,Customer 589,Male,18,Nagpur,Maharashtra,New,Email,2024-09-28
C00590,Customer 590,Male,34,Hyderabad,Telangana,At-Risk,Google Ads,2024-06-04
C00591,Customer 591,Male,25,Thiruvananthapuram,Kerala,Loyal,Influencer,2024-02-25
C00592,Customer 592,Female,43,Coimbatore,Tamil Nadu,New,Email,2026-02-12
C00593,Customer 593,Female,38,Mysuru,Karnataka,Loyal,Instagram,2024-01-19
C00594,Customer 594,Female,49,Vadodara,Gujarat,Loyal,Email,2025-04-05
C00595,Customer 595,Female,31,Nizamabad,Telangana,Loyal,Google Ads,2024-08-28
C00596,Customer 596,Female,21,Mysuru,Karnataka,New,Google Ads,2026-01-20
C00597,Customer 597,Male,23,Jaipur,Rajasthan,New,Organic Search,2025-09-24
C00598,Customer 598,Male,22,Howrah,West Bengal,One-Time,Marketplace,2024-03-11
C00599,Customer 599,Male,30,Kozhikode,Kerala,VIP,Organic Search,2024-04-25
C00600,Customer 600,Male,52,Howrah,West Bengal,Loyal,Influencer,2024-05-25
C00601,Customer 601,Male,44,Delhi,Delhi,One-Time,Influencer,2025-10-03
C00602,Customer 602,Female,35,Lucknow,Uttar Pradesh,New,Google Ads,2024-03-23
C00603,Customer 603,Male,29,Kochi,Kerala,VIP,Affiliate,2024-07-30
C00604,Customer 604,Female,25,Jodhpur,Rajasthan,New,Affiliate,2025-03-09
C00605,Customer 605,Female,25,Thiruvananthapuram,Kerala,Loyal,Meta Ads,2024-06-15
C00606,Customer 606,Male,30,Noida,Uttar Pradesh,One-Time,Instagram,2024-12-14
C00607,Customer 607,Female,41,Kanpur,Uttar Pradesh,New,Organic Search,2024-09-30
C00608,Customer 608,Female,46,Pune,Maharashtra,Loyal,Marketplace,2025-01-09
C00609,Customer 609,Female,63,Jodhpur,Rajasthan,New,Marketplace,2024-01-26
C00610,Customer 610,Male,63,Madurai,Tamil Nadu,Loyal,Email,2024-11-25
C00611,Customer 611,Female,30,Surat,Gujarat,New,Affiliate,2025-04-27
C00612,Customer 612,Male,53,Howrah,West Bengal,One-Time,Email,2025-01-16
C00613,Customer 613,Female,24,Kochi,Kerala,Loyal,Influencer,2026-04-27
C00614,Customer 614,Male,56,Thiruvananthapuram,Kerala,New,Organic Search,2024-12-09
C00615,Customer 615,Male,62,Mysuru,Karnataka,Loyal,Marketplace,2024-09-30
C00616,Customer 616,Female,47,Jaipur,Rajasthan,VIP,Marketplace,2024-05-23
C00617,Customer 617,Male,43,Jaipur,Rajasthan,Dormant,Meta Ads,2025-07-06
C00618,Customer 618,Female,35,Mangaluru,Karnataka,New,Marketplace,2025-05-27
C00619,Customer 619,Female,60,Mumbai,Maharashtra,New,Organic Search,2024-02-16
C00620,Customer 620,Female,64,Hyderabad,Telangana,One-Time,Meta Ads,2026-02-21
C00621,Customer 621,Female,51,Lucknow,Uttar Pradesh,At-Risk,Google Ads,2026-05-30
C00622,Customer 622,Other,21,New Delhi,Delhi,One-Time,Organic Search,2026-06-13
C00623,Customer 623,Male,60,Thiruvananthapuram,Kerala,One-Time,Meta Ads,2025-12-01
C00624,Customer 624,Male,56,New Delhi,Delhi,VIP,Meta Ads,2024-04-15
C00625,Customer 625,Female,35,Thiruvananthapuram,Kerala,New,Email,2026-03-17
C00626,Customer 626,Male,30,Coimbatore,Tamil Nadu,Loyal,Google Ads,2025-01-05
C00627,Customer 627,Male,54,Noida,Uttar Pradesh,Loyal,Instagram,2026-02-16
C00628,Customer 628,Female,47,Nizamabad,Telangana,Loyal,Affiliate,2024-08-04
C00629,Customer 629,Male,54,Ahmedabad,Gujarat,VIP,Google Ads,2025-09-09
C00630,Customer 630,Male,65,Kanpur,Uttar Pradesh,One-Time,Organic Search,2025-05-25
C00631,Customer 631,Male,35,Kochi,Kerala,Loyal,Google Ads,2025-02-16
C00632,Customer 632,Male,58,Kanpur,Uttar Pradesh,Loyal,Influencer,2024-11-20
C00633,Customer 633,Female,40,Warangal,Telangana,New,Instagram,2024-02-18
C00634,Customer 634,Male,58,Coimbatore,Tamil Nadu,At-Risk,Affiliate,2026-02-28
C00635,Customer 635,Male,29,Hyderabad,Telangana,VIP,Organic Search,2025-10-12
C00636,Customer 636,Male,57,Warangal,Telangana,Dormant,Influencer,2026-04-21
C00637,Customer 637,Female,51,Kolkata,West Bengal,VIP,Email,2025-04-10
C00638,Customer 638,Female,39,Udaipur,Rajasthan,New,Email,2024-10-19
C00639,Customer 639,Female,62,Lucknow,Uttar Pradesh,Loyal,Google Ads,2025-07-08
C00640,Customer 640,Female,36,Noida,Uttar Pradesh,One-Time,Email,2024-11-16
C00641,Customer 641,Male,53,Udaipur,Rajasthan,New,Email,2026-04-25
C00642,Customer 642,Other,42,Kanpur,Uttar Pradesh,One-Time,Organic Search,2025-04-26
C00643,Customer 643,Male,24,Nizamabad,Telangana,One-Time,Google Ads,2025-09-01
C00644,Customer 644,Female,31,Pune,Maharashtra,New,Email,2025-07-25
C00645,Customer 645,Male,56,Howrah,West Bengal,At-Risk,Instagram,2024-12-15
C00646,Customer 646,Male,40,Lucknow,Uttar Pradesh,New,Organic Search,2025-11-08
C00647,Customer 647,Male,58,Nizamabad,Telangana,Loyal,Organic Search,2025-03-18
C00648,Customer 648,Female,24,Delhi,Delhi,At-Risk,Instagram,2024-03-31
C00649,Customer 649,Male,54,Kolkata,West Bengal,Loyal,Email,2025-01-02
C00650,Customer 650,Male,60,Hyderabad,Telangana,New,Instagram,2024-02-15
C00651,Customer 651,Male,65,Coimbatore,Tamil Nadu,Loyal,Affiliate,2025-10-23
C00652,Customer 652,Female,53,Kochi,Kerala,VIP,Affiliate,2025-09-02
C00653,Customer 653,Female,40,Howrah,West Bengal,At-Risk,Meta Ads,2026-03-17
C00654,Customer 654,Male,20,Mumbai,Maharashtra,One-Time,Meta Ads,2025-03-06
C00655,Customer 655,Male,27,Noida,Uttar Pradesh,New,Organic Search,2026-06-11
C00656,Customer 656,Male,49,Bengaluru,Karnataka,Loyal,Affiliate,2025-08-28
C00657,Customer 657,Female,60,Noida,Uttar Pradesh,New,Google Ads,2024-12-13
C00658,Customer 658,Female,54,Mysuru,Karnataka,At-Risk,Instagram,2024-09-28
C00659,Customer 659,Male,47,Ahmedabad,Gujarat,Loyal,Meta Ads,2026-05-02
C00660,Customer 660,Male,59,Madurai,Tamil Nadu,At-Risk,Affiliate,2024-06-03
C00661,Customer 661,Male,32,Mangaluru,Karnataka,Dormant,Google Ads,2024-01-15
C00662,Customer 662,Male,33,Noida,Uttar Pradesh,Loyal,Affiliate,2024-04-10
C00663,Customer 663,Male,22,Mumbai,Maharashtra,Dormant,Organic Search,2025-09-12
C00664,Customer 664,Male,48,Nizamabad,Telangana,Loyal,Influencer,2025-12-08
C00665,Customer 665,Female,26,Mangaluru,Karnataka,New,Marketplace,2025-04-03
C00666,Customer 666,Male,31,Jodhpur,Rajasthan,At-Risk,Email,2024-12-28
C00667,Customer 667,Female,22,Noida,Uttar Pradesh,VIP,Organic Search,2024-06-13
C00668,Customer 668,Male,58,Kochi,Kerala,Dormant,Organic Search,2024-03-15
C00669,Customer 669,Male,27,Mysuru,Karnataka,New,Influencer,2025-11-01
C00670,Customer 670,Female,60,Chennai,Tamil Nadu,One-Time,Email,2024-08-10
C00671,Customer 671,Female,29,Pune,Maharashtra,At-Risk,Google Ads,2026-06-05
C00672,Customer 672,Female,21,Vadodara,Gujarat,New,Marketplace,2026-02-14
C00673,Customer 673,Male,64,Thiruvananthapuram,Kerala,Loyal,Google Ads,2025-11-24
C00674,Customer 674,Female,31,Jodhpur,Rajasthan,Loyal,Marketplace,2025-03-09
C00675,Customer 675,Male,52,Vadodara,Gujarat,New,Meta Ads,2024-11-18
C00676,Customer 676,Female,22,Madurai,Tamil Nadu,New,Email,2026-02-07
C00677,Customer 677,Male,26,Kochi,Kerala,At-Risk,Marketplace,2024-02-13
C00678,Customer 678,Male,37,New Delhi,Delhi,New,Organic Search,2026-04-30
C00679,Customer 679,Male,54,Mumbai,Maharashtra,VIP,Organic Search,2026-01-10
C00680,Customer 680,Female,18,Madurai,Tamil Nadu,VIP,Meta Ads,2024-03-01
C00681,Customer 681,Female,48,Warangal,Telangana,Loyal,Meta Ads,2024-07-16
C00682,Customer 682,Female,55,Nagpur,Maharashtra,One-Time,Google Ads,2026-04-28
C00683,Customer 683,Female,22,Warangal,Telangana,New,Organic Search,2025-08-19
C00684,Customer 684,Female,38,Delhi,Delhi,At-Risk,Instagram,2024-11-29
C00685,Customer 685,Male,63,Howrah,West Bengal,New,Meta Ads,2026-01-19
C00686,Customer 686,Male,43,Bengaluru,Karnataka,One-Time,Instagram,2025-09-20
C00687,Customer 687,Female,54,Madurai,Tamil Nadu,Dormant,Marketplace,2026-04-11
C00688,Customer 688,Male,53,Kozhikode,Kerala,One-Time,Influencer,2024-12-28
C00689,Customer 689,Female,37,Jaipur,Rajasthan,One-Time,Instagram,2025-06-13
C00690,Customer 690,Male,52,Surat,Gujarat,Dormant,Marketplace,2025-07-07
C00691,Customer 691,Male,63,Mangaluru,Karnataka,New,Email,2024-02-08
C00692,Customer 692,Male,33,Kozhikode,Kerala,New,Meta Ads,2025-08-25
C00693,Customer 693,Female,20,Pune,Maharashtra,Loyal,Instagram,2025-10-07
C00694,Customer 694,Male,55,Mysuru,Karnataka,At-Risk,Influencer,2024-04-29
C00695,Customer 695,Female,33,Kochi,Kerala,At-Risk,Meta Ads,2025-12-31
C00696,Customer 696,Male,48,Delhi,Delhi,VIP,Meta Ads,2025-01-23
C00697,Customer 697,Female,25,Jodhpur,Rajasthan,Dormant,Marketplace,2025-01-19
C00698,Customer 698,Female,28,Surat,Gujarat,New,Organic Search,2024-07-04
C00699,Customer 699,Male,54,Kolkata,West Bengal,Loyal,Affiliate,2026-02-05
C00700,Customer 700,Male,19,Mangaluru,Karnataka,New,Organic Search,2024-04-17
C00701,Customer 701,Male,41,Mysuru,Karnataka,Dormant,Organic Search,2026-05-30
C00702,Customer 702,Male,54,Bengaluru,Karnataka,Dormant,Google Ads,2025-06-16
C00703,Customer 703,Female,40,Pune,Maharashtra,One-Time,Organic Search,2024-07-31
C00704,Customer 704,Female,25,Noida,Uttar Pradesh,At-Risk,Meta Ads,2025-09-04
C00705,Customer 705,Male,48,Bengaluru,Karnataka,Loyal,Google Ads,2025-10-06
C00706,Customer 706,Female,23,Surat,Gujarat,New,Marketplace,2024-08-19
C00707,Customer 707,Male,45,Kanpur,Uttar Pradesh,Loyal,Google Ads,2026-02-28
C00708,Customer 708,Female,38,Kanpur,Uttar Pradesh,Dormant,Google Ads,2024-01-07
C00709,Customer 709,Female,44,Chennai,Tamil Nadu,One-Time,Meta Ads,2024-04-24
C00710,Customer 710,Female,62,New Delhi,Delhi,New,Influencer,2026-05-23
C00711,Customer 711,Male,60,Thiruvananthapuram,Kerala,Dormant,Marketplace,2025-11-15
C00712,Customer 712,Female,52,Howrah,West Bengal,One-Time,Google Ads,2025-03-03
C00713,Customer 713,Female,41,Kanpur,Uttar Pradesh,Loyal,Instagram,2024-10-11
C00714,Customer 714,Female,56,Thiruvananthapuram,Kerala,VIP,Organic Search,2025-08-09
C00715,Customer 715,Female,22,Lucknow,Uttar Pradesh,Loyal,Organic Search,2025-09-13
C00716,Customer 716,Female,30,Pune,Maharashtra,One-Time,Meta Ads,2024-03-08
C00717,Customer 717,Male,40,Ahmedabad,Gujarat,New,Meta Ads,2025-01-24
C00718,Customer 718,Male,58,Nizamabad,Telangana,At-Risk,Organic Search,2025-07-12
C00719,Customer 719,Female,36,Howrah,West Bengal,Loyal,Google Ads,2025-06-13
C00720,Customer 720,Female,37,Kozhikode,Kerala,Loyal,Organic Search,2025-11-17
C00721,Customer 721,Female,63,New Delhi,Delhi,At-Risk,Meta Ads,2026-03-31
C00722,Customer 722,Female,65,Madurai,Tamil Nadu,New,Affiliate,2024-02-12
C00723,Customer 723,Female,19,Warangal,Telangana,At-Risk,Organic Search,2025-04-24
C00724,Customer 724,Male,45,Thiruvananthapuram,Kerala,VIP,Organic Search,2025-04-16
C00725,Customer 725,Female,51,Nizamabad,Telangana,Dormant,Affiliate,2024-07-06
C00726,Customer 726,Female,47,Hyderabad,Telangana,New,Google Ads,2024-05-07
C00727,Customer 727,Male,64,Mangaluru,Karnataka,One-Time,Meta Ads,2026-03-24
C00728,Customer 728,Female,61,Nizamabad,Telangana,Loyal,Email,2024-05-12
C00729,Customer 729,Male,30,Delhi,Delhi,Dormant,Affiliate,2025-02-01
C00730,Customer 730,Male,63,New Delhi,Delhi,Dormant,Influencer,2025-07-07
C00731,Customer 731,Female,38,Mangaluru,Karnataka,One-Time,Instagram,2025-03-05
C00732,Customer 732,Male,18,Hyderabad,Telangana,Loyal,Affiliate,2025-07-11
C00733,Customer 733,Female,35,Nagpur,Maharashtra,New,Meta Ads,2024-01-26
C00734,Customer 734,Female,29,Madurai,Tamil Nadu,VIP,Google Ads,2025-05-13
C00735,Customer 735,Male,62,Warangal,Telangana,At-Risk,Meta Ads,2025-12-28
C00736,Customer 736,Male,47,Jodhpur,Rajasthan,At-Risk,Marketplace,2025-04-04
C00737,Customer 737,Female,32,Mumbai,Maharashtra,One-Time,Email,2026-06-11
C00738,Customer 738,Female,18,Mysuru,Karnataka,Dormant,Email,2025-02-26
C00739,Customer 739,Male,35,Chennai,Tamil Nadu,New,Organic Search,2024-10-03
C00740,Customer 740,Male,33,Madurai,Tamil Nadu,Loyal,Google Ads,2025-03-09
C00741,Customer 741,Male,39,Warangal,Telangana,Loyal,Google Ads,2024-09-27
C00742,Customer 742,Male,27,Mumbai,Maharashtra,Loyal,Google Ads,2024-10-28
C00743,Customer 743,Male,43,Kanpur,Uttar Pradesh,VIP,Google Ads,2025-02-11
C00744,Customer 744,Male,43,Hyderabad,Telangana,Loyal,Instagram,2024-08-19
C00745,Customer 745,Female,52,Delhi,Delhi,New,Meta Ads,2024-02-01
C00746,Customer 746,Female,46,New Delhi,Delhi,New,Affiliate,2024-08-27
C00747,Customer 747,Male,52,Bengaluru,Karnataka,Loyal,Influencer,2024-01-28
C00748,Customer 748,Male,27,Chennai,Tamil Nadu,VIP,Marketplace,2026-03-28
C00749,Customer 749,Male,24,Lucknow,Uttar Pradesh,Loyal,Meta Ads,2026-02-20
C00750,Customer 750,Male,43,Kanpur,Uttar Pradesh,One-Time,Email,2024-08-28
C00751,Customer 751,Male,65,Mangaluru,Karnataka,New,Google Ads,2026-03-17
C00752,Customer 752,Female,37,Mangaluru,Karnataka,At-Risk,Meta Ads,2024-12-03
C00753,Customer 753,Male,53,Mangaluru,Karnataka,Loyal,Organic Search,2024-12-01
C00754,Customer 754,Male,65,Delhi,Delhi,Loyal,Instagram,2025-03-29
C00755,Customer 755,Male,22,Kolkata,West Bengal,Loyal,Organic Search,2026-04-01
C00756,Customer 756,Male,21,Mumbai,Maharashtra,One-Time,Influencer,2025-10-30
C00757,Customer 757,Male,49,Mangaluru,Karnataka,One-Time,Google Ads,2025-07-25
C00758,Customer 758,Female,58,Thiruvananthapuram,Kerala,New,Marketplace,2025-11-30
C00759,Customer 759,Male,50,Warangal,Telangana,VIP,Google Ads,2026-02-27
C00760,Customer 760,Male,65,New Delhi,Delhi,One-Time,Marketplace,2025-10-11
C00761,Customer 761,Male,19,Jodhpur,Rajasthan,One-Time,Organic Search,2025-02-25
C00762,Customer 762,Male,43,Nagpur,Maharashtra,Dormant,Google Ads,2024-09-29
C00763,Customer 763,Female,51,Warangal,Telangana,One-Time,Instagram,2025-02-23
C00764,Customer 764,Female,50,Pune,Maharashtra,Loyal,Meta Ads,2024-05-26
C00765,Customer 765,Female,19,Kozhikode,Kerala,One-Time,Affiliate,2025-06-29
C00766,Customer 766,Female,24,Hyderabad,Telangana,One-Time,Meta Ads,2026-01-05
C00767,Customer 767,Female,65,Nagpur,Maharashtra,New,Affiliate,2024-01-26
C00768,Customer 768,Female,34,Nizamabad,Telangana,At-Risk,Meta Ads,2026-02-26
C00769,Customer 769,Female,26,Pune,Maharashtra,Loyal,Marketplace,2025-07-28
C00770,Customer 770,Female,26,Howrah,West Bengal,VIP,Meta Ads,2026-04-01
C00771,Customer 771,Male,26,Bengaluru,Karnataka,Dormant,Organic Search,2025-09-29
C00772,Customer 772,Male,45,Ahmedabad,Gujarat,New,Affiliate,2026-02-11
C00773,Customer 773,Female,42,Ahmedabad,Gujarat,Loyal,Meta Ads,2025-11-07
C00774,Customer 774,Other,63,Noida,Uttar Pradesh,New,Google Ads,2024-11-21
C00775,Customer 775,Female,40,Nizamabad,Telangana,Loyal,Email,2025-04-30
C00776,Customer 776,Male,19,Noida,Uttar Pradesh,At-Risk,Organic Search,2024-05-18
C00777,Customer 777,Male,43,Vadodara,Gujarat,New,Affiliate,2026-01-24
C00778,Customer 778,Male,41,Mumbai,Maharashtra,Dormant,Meta Ads,2025-08-26
C00779,Customer 779,Male,33,Kanpur,Uttar Pradesh,Loyal,Influencer,2025-06-09
C00780,Customer 780,Female,52,Lucknow,Uttar Pradesh,One-Time,Marketplace,2025-08-07
C00781,Customer 781,Male,63,Mysuru,Karnataka,New,Affiliate,2025-09-21
C00782,Customer 782,Male,38,Kozhikode,Kerala,Loyal,Google Ads,2024-08-11
C00783,Customer 783,Male,52,Delhi,Delhi,Loyal,Google Ads,2025-07-05
C00784,Customer 784,Female,43,Vadodara,Gujarat,New,Marketplace,2025-07-12
C00785,Customer 785,Male,52,Thiruvananthapuram,Kerala,Loyal,Organic Search,2025-09-12
C00786,Customer 786,Male,39,Coimbatore,Tamil Nadu,New,Organic Search,2026-06-17
C00787,Customer 787,Male,30,Noida,Uttar Pradesh,Dormant,Marketplace,2024-10-30
C00788,Customer 788,Male,46,Mysuru,Karnataka,One-Time,Google Ads,2024-05-31
C00789,Customer 789,Female,36,Kanpur,Uttar Pradesh,Loyal,Organic Search,2026-06-11
C00790,Customer 790,Female,21,Surat,Gujarat,At-Risk,Organic Search,2024-12-06
C00791,Customer 791,Male,53,Pune,Maharashtra,VIP,Influencer,2024-09-13
C00792,Customer 792,Male,44,Coimbatore,Tamil Nadu,At-Risk,Affiliate,2024-12-17
C00793,Customer 793,Male,47,Bengaluru,Karnataka,Dormant,Email,2025-12-11
C00794,Customer 794,Female,42,Hyderabad,Telangana,New,Google Ads,2024-07-11
C00795,Customer 795,Male,60,Warangal,Telangana,One-Time,Marketplace,2024-01-19
C00796,Customer 796,Female,26,Mysuru,Karnataka,VIP,Affiliate,2025-12-10
C00797,Customer 797,Male,21,Warangal,Telangana,New,Meta Ads,2025-04-07
C00798,Customer 798,Male,43,Nagpur,Maharashtra,VIP,Marketplace,2025-09-28
C00799,Customer 799,Female,59,Udaipur,Rajasthan,New,Meta Ads,2024-08-26
C00800,Customer 800,Male,40,Udaipur,Rajasthan,Dormant,Instagram,2024-07-14
C00801,Customer 801,Female,38,Jodhpur,Rajasthan,VIP,Marketplace,2025-02-19
C00802,Customer 802,Male,46,Mangaluru,Karnataka,Loyal,Organic Search,2026-02-11
C00803,Customer 803,Male,34,Kozhikode,Kerala,One-Time,Influencer,2025-10-24
C00804,Customer 804,Female,45,Ahmedabad,Gujarat,Dormant,Marketplace,2025-01-18
C00805,Customer 805,Female,64,Pune,Maharashtra,VIP,Email,2024-05-27
C00806,Customer 806,Male,37,Pune,Maharashtra,At-Risk,Meta Ads,2025-05-10
C00807,Customer 807,Female,41,Udaipur,Rajasthan,At-Risk,Influencer,2024-02-19
C00808,Customer 808,Female,55,Pune,Maharashtra,New,Email,2025-09-08
C00809,Customer 809,Female,50,New Delhi,Delhi,New,Organic Search,2025-01-24
C00810,Customer 810,Female,35,Kochi,Kerala,New,Email,2026-02-25
C00811,Customer 811,Female,43,Hyderabad,Telangana,Loyal,Google Ads,2026-05-21
C00812,Customer 812,Male,40,Hyderabad,Telangana,Loyal,Google Ads,2024-07-23
C00813,Customer 813,Male,37,Kochi,Kerala,One-Time,Organic Search,2024-04-14
C00814,Customer 814,Female,38,Vadodara,Gujarat,Dormant,Affiliate,2025-06-17
C00815,Customer 815,Male,18,Pune,Maharashtra,New,Instagram,2024-02-13
C00816,Customer 816,Female,41,Kozhikode,Kerala,At-Risk,Meta Ads,2025-08-27
C00817,Customer 817,Female,33,Kanpur,Uttar Pradesh,Loyal,Instagram,2026-03-01
C00818,Customer 818,Other,56,Surat,Gujarat,One-Time,Affiliate,2026-03-08
C00819,Customer 819,Male,48,Kolkata,West Bengal,New,Google Ads,2025-11-21
C00820,Customer 820,Male,52,Bengaluru,Karnataka,VIP,Organic Search,2025-11-26
C00821,Customer 821,Male,30,Nizamabad,Telangana,At-Risk,Organic Search,2024-08-13
C00822,Customer 822,Male,20,Surat,Gujarat,One-Time,Instagram,2026-04-02
C00823,Customer 823,Male,36,Mangaluru,Karnataka,Loyal,Organic Search,2025-11-10
C00824,Customer 824,Female,41,Kolkata,West Bengal,Loyal,Marketplace,2024-03-08
C00825,Customer 825,Female,38,Lucknow,Uttar Pradesh,One-Time,Meta Ads,2025-06-16
C00826,Customer 826,Female,23,Hyderabad,Telangana,Loyal,Google Ads,2025-01-17
C00827,Customer 827,Male,27,Vadodara,Gujarat,Loyal,Google Ads,2024-05-20
C00828,Customer 828,Male,53,Pune,Maharashtra,At-Risk,Organic Search,2024-10-02
C00829,Customer 829,Female,61,Lucknow,Uttar Pradesh,VIP,Marketplace,2026-04-21
C00830,Customer 830,Female,65,Bengaluru,Karnataka,New,Organic Search,2025-03-23
C00831,Customer 831,Male,42,Surat,Gujarat,At-Risk,Marketplace,2024-05-18
C00832,Customer 832,Female,47,Vadodara,Gujarat,One-Time,Organic Search,2025-12-30
C00833,Customer 833,Male,47,Madurai,Tamil Nadu,Dormant,Meta Ads,2024-08-04
C00834,Customer 834,Male,36,Kolkata,West Bengal,Loyal,Meta Ads,2025-03-19
C00835,Customer 835,Male,33,Udaipur,Rajasthan,New,Organic Search,2024-04-26
C00836,Customer 836,Female,21,Ahmedabad,Gujarat,VIP,Organic Search,2024-02-01
C00837,Customer 837,Male,19,Udaipur,Rajasthan,New,Email,2026-06-01
C00838,Customer 838,Female,33,Kochi,Kerala,At-Risk,Email,2025-08-26
C00839,Customer 839,Male,35,Coimbatore,Tamil Nadu,Dormant,Instagram,2025-06-25
C00840,Customer 840,Female,43,Delhi,Delhi,VIP,Meta Ads,2024-01-10
C00841,Customer 841,Male,64,Nizamabad,Telangana,Loyal,Organic Search,2025-07-02
C00842,Customer 842,Male,60,Lucknow,Uttar Pradesh,Loyal,Organic Search,2024-03-28
C00843,Customer 843,Male,27,Delhi,Delhi,One-Time,Affiliate,2024-05-17
C00844,Customer 844,Female,42,Chennai,Tamil Nadu,New,Meta Ads,2025-10-16
C00845,Customer 845,Female,44,Hyderabad,Telangana,Dormant,Influencer,2025-04-06
C00846,Customer 846,Male,65,Noida,Uttar Pradesh,One-Time,Meta Ads,2026-01-17
C00847,Customer 847,Female,37,Coimbatore,Tamil Nadu,One-Time,Meta Ads,2024-11-17
C00848,Customer 848,Female,35,Kolkata,West Bengal,New,Affiliate,2024-10-13
C00849,Customer 849,Female,54,Nagpur,Maharashtra,Dormant,Marketplace,2026-01-12
C00850,Customer 850,Male,18,Thiruvananthapuram,Kerala,Dormant,Marketplace,2025-05-27
C00851,Customer 851,Male,22,Pune,Maharashtra,One-Time,Google Ads,2026-04-02
C00852,Customer 852,Male,48,Pune,Maharashtra,One-Time,Meta Ads,2025-05-07
C00853,Customer 853,Male,33,Noida,Uttar Pradesh,At-Risk,Organic Search,2024-06-16
C00854,Customer 854,Male,28,Kochi,Kerala,One-Time,Affiliate,2024-02-20
C00855,Customer 855,Female,57,Pune,Maharashtra,Dormant,Email,2024-07-15
C00856,Customer 856,Female,29,Delhi,Delhi,Dormant,Google Ads,2025-05-05
C00857,Customer 857,Male,19,Jodhpur,Rajasthan,VIP,Email,2025-08-12
C00858,Customer 858,Male,18,Noida,Uttar Pradesh,New,Google Ads,2024-01-10
C00859,Customer 859,Female,61,Madurai,Tamil Nadu,VIP,Meta Ads,2024-08-29
C00860,Customer 860,Male,43,Delhi,Delhi,Dormant,Organic Search,2026-01-07
C00861,Customer 861,Female,18,Jaipur,Rajasthan,One-Time,Google Ads,2024-12-22
C00862,Customer 862,Female,29,Jaipur,Rajasthan,At-Risk,Organic Search,2025-11-04
C00863,Customer 863,Male,33,Kanpur,Uttar Pradesh,One-Time,Organic Search,2024-12-01
C00864,Customer 864,Male,65,Surat,Gujarat,Dormant,Instagram,2024-09-12
C00865,Customer 865,Female,43,Warangal,Telangana,Loyal,Instagram,2025-09-14
C00866,Customer 866,Female,58,Kochi,Kerala,New,Marketplace,2024-08-24
C00867,Customer 867,Male,39,Lucknow,Uttar Pradesh,Loyal,Email,2025-08-17
C00868,Customer 868,Other,52,Noida,Uttar Pradesh,New,Marketplace,2024-06-20
C00869,Customer 869,Female,19,Nizamabad,Telangana,One-Time,Instagram,2025-11-07
C00870,Customer 870,Female,34,Mumbai,Maharashtra,Dormant,Organic Search,2026-05-07
C00871,Customer 871,Male,40,Jodhpur,Rajasthan,New,Marketplace,2026-03-27
C00872,Customer 872,Male,21,Nizamabad,Telangana,Dormant,Google Ads,2026-01-31
C00873,Customer 873,Female,30,Kochi,Kerala,New,Meta Ads,2024-01-09
C00874,Customer 874,Female,50,Chennai,Tamil Nadu,Loyal,Marketplace,2026-01-23
C00875,Customer 875,Male,50,Jaipur,Rajasthan,Dormant,Instagram,2025-07-14
C00876,Customer 876,Female,19,Kanpur,Uttar Pradesh,Loyal,Meta Ads,2025-02-23
C00877,Customer 877,Female,30,Coimbatore,Tamil Nadu,At-Risk,Marketplace,2025-12-26
C00878,Customer 878,Female,39,Mangaluru,Karnataka,Dormant,Google Ads,2025-12-31
C00879,Customer 879,Male,31,Vadodara,Gujarat,Loyal,Organic Search,2026-04-20
C00880,Customer 880,Male,20,Surat,Gujarat,At-Risk,Affiliate,2025-06-16
C00881,Customer 881,Male,19,Chennai,Tamil Nadu,New,Affiliate,2025-09-23
C00882,Customer 882,Female,44,Ahmedabad,Gujarat,One-Time,Instagram,2024-09-26
C00883,Customer 883,Female,35,Thiruvananthapuram,Kerala,One-Time,Google Ads,2025-08-28
C00884,Customer 884,Other,44,New Delhi,Delhi,At-Risk,Influencer,2025-01-22
C00885,Customer 885,Male,51,Mumbai,Maharashtra,Loyal,Affiliate,2025-08-02
C00886,Customer 886,Female,43,Madurai,Tamil Nadu,Loyal,Meta Ads,2025-01-03
C00887,Customer 887,Male,44,Chennai,Tamil Nadu,Dormant,Meta Ads,2024-06-08
C00888,Customer 888,Female,52,Pune,Maharashtra,New,Email,2024-11-12
C00889,Customer 889,Female,26,Nagpur,Maharashtra,Dormant,Google Ads,2024-10-28
C00890,Customer 890,Female,28,Howrah,West Bengal,New,Affiliate,2024-08-06
C00891,Customer 891,Male,52,Mangaluru,Karnataka,One-Time,Marketplace,2024-04-04
C00892,Customer 892,Male,29,Kochi,Kerala,Loyal,Meta Ads,2024-12-24
C00893,Customer 893,Male,59,Mangaluru,Karnataka,One-Time,Marketplace,2025-03-29
C00894,Customer 894,Female,37,Nizamabad,Telangana,VIP,Affiliate,2025-06-23
C00895,Customer 895,Male,21,Udaipur,Rajasthan,At-Risk,Organic Search,2025-07-07
C00896,Customer 896,Female,51,Lucknow,Uttar Pradesh,At-Risk,Marketplace,2024-06-25
C00897,Customer 897,Female,38,Bengaluru,Karnataka,New,Meta Ads,2024-05-10
C00898,Customer 898,Male,23,Mumbai,Maharashtra,New,Marketplace,2024-05-07
C00899,Customer 899,Male,28,Nagpur,Maharashtra,New,Google Ads,2025-09-05
C00900,Customer 900,Female,60,New Delhi,Delhi,Loyal,Email,2025-09-13
C00901,Customer 901,Female,40,Delhi,Delhi,New,Email,2025-04-07
C00902,Customer 902,Male,30,Mysuru,Karnataka,One-Time,Google Ads,2025-04-18
C00903,Customer 903,Female,44,Nizamabad,Telangana,At-Risk,Organic Search,2025-07-28
C00904,Customer 904,Male,24,Delhi,Delhi,Dormant,Email,2024-11-12
C00905,Customer 905,Male,36,Kochi,Kerala,At-Risk,Instagram,2025-11-02
C00906,Customer 906,Male,46,Howrah,West Bengal,New,Organic Search,2026-03-28
C00907,Customer 907,Female,63,New Delhi,Delhi,Loyal,Google Ads,2024-08-02
C00908,Customer 908,Male,31,Mumbai,Maharashtra,New,Meta Ads,2025-02-19
C00909,Customer 909,Male,57,Bengaluru,Karnataka,One-Time,Meta Ads,2024-10-11
C00910,Customer 910,Male,37,Mysuru,Karnataka,One-Time,Marketplace,2024-10-25
C00911,Customer 911,Female,60,Noida,Uttar Pradesh,Dormant,Affiliate,2024-12-16
C00912,Customer 912,Other,20,Kanpur,Uttar Pradesh,Loyal,Email,2024-07-13
C00913,Customer 913,Female,24,Kozhikode,Kerala,One-Time,Organic Search,2024-11-09
C00914,Customer 914,Female,40,Thiruvananthapuram,Kerala,Loyal,Organic Search,2024-10-17
C00915,Customer 915,Female,55,Thiruvananthapuram,Kerala,Dormant,Meta Ads,2026-01-02
C00916,Customer 916,Female,32,Kochi,Kerala,New,Google Ads,2024-09-03
C00917,Customer 917,Female,23,Nizamabad,Telangana,At-Risk,Email,2024-03-28
C00918,Customer 918,Male,26,Pune,Maharashtra,New,Meta Ads,2026-02-19
C00919,Customer 919,Female,31,Mangaluru,Karnataka,New,Influencer,2026-03-23
C00920,Customer 920,Female,36,Surat,Gujarat,At-Risk,Meta Ads,2026-03-13
C00921,Customer 921,Male,45,Nizamabad,Telangana,New,Organic Search,2024-06-13
C00922,Customer 922,Female,54,Kanpur,Uttar Pradesh,VIP,Instagram,2025-01-06
C00923,Customer 923,Male,24,Vadodara,Gujarat,New,Organic Search,2024-09-18
C00924,Customer 924,Male,54,Surat,Gujarat,Loyal,Marketplace,2024-08-22
C00925,Customer 925,Female,65,Mumbai,Maharashtra,Loyal,Instagram,2026-04-05
C00926,Customer 926,Female,35,Bengaluru,Karnataka,At-Risk,Google Ads,2024-04-27
C00927,Customer 927,Female,27,Pune,Maharashtra,At-Risk,Organic Search,2025-06-28
C00928,Customer 928,Male,64,Kanpur,Uttar Pradesh,VIP,Google Ads,2025-10-06
C00929,Customer 929,Female,61,Vadodara,Gujarat,One-Time,Google Ads,2024-03-02
C00930,Customer 930,Male,24,Jaipur,Rajasthan,New,Organic Search,2026-03-02
C00931,Customer 931,Male,58,Mysuru,Karnataka,Loyal,Google Ads,2024-07-22
C00932,Customer 932,Male,59,Madurai,Tamil Nadu,Loyal,Google Ads,2025-01-05
C00933,Customer 933,Male,32,Chennai,Tamil Nadu,New,Instagram,2025-05-02
C00934,Customer 934,Female,64,Noida,Uttar Pradesh,Dormant,Instagram,2026-02-26
C00935,Customer 935,Male,27,Kanpur,Uttar Pradesh,One-Time,Marketplace,2026-06-07
C00936,Customer 936,Male,45,Mumbai,Maharashtra,New,Meta Ads,2024-08-10
C00937,Customer 937,Male,51,Kochi,Kerala,Dormant,Instagram,2025-01-02
C00938,Customer 938,Male,20,Pune,Maharashtra,Loyal,Organic Search,2025-07-01
C00939,Customer 939,Female,62,Kozhikode,Kerala,VIP,Affiliate,2025-01-05
C00940,Customer 940,Male,62,Hyderabad,Telangana,New,Meta Ads,2024-03-13
C00941,Customer 941,Male,36,Mangaluru,Karnataka,One-Time,Organic Search,2025-12-03
C00942,Customer 942,Male,38,Lucknow,Uttar Pradesh,Loyal,Organic Search,2025-05-21
C00943,Customer 943,Male,35,Pune,Maharashtra,One-Time,Meta Ads,2024-04-25
C00944,Customer 944,Male,26,Coimbatore,Tamil Nadu,VIP,Google Ads,2025-07-28
C00945,Customer 945,Male,60,Chennai,Tamil Nadu,New,Organic Search,2026-03-26
C00946,Customer 946,Female,60,Mangaluru,Karnataka,New,Meta Ads,2025-08-02
C00947,Customer 947,Female,45,Udaipur,Rajasthan,New,Meta Ads,2025-03-05
C00948,Customer 948,Female,38,Kanpur,Uttar Pradesh,One-Time,Organic Search,2025-12-01
C00949,Customer 949,Female,50,Lucknow,Uttar Pradesh,New,Google Ads,2024-09-01
C00950,Customer 950,Male,41,Mysuru,Karnataka,At-Risk,Meta Ads,2024-03-26
C00951,Customer 951,Female,54,Vadodara,Gujarat,Loyal,Instagram,2025-03-17
C00952,Customer 952,Male,45,Bengaluru,Karnataka,New,Influencer,2024-09-07
C00953,Customer 953,Male,26,Mysuru,Karnataka,Loyal,Affiliate,2025-03-17
C00954,Customer 954,Male,61,Pune,Maharashtra,New,Meta Ads,2025-09-15
C00955,Customer 955,Female,38,Thiruvananthapuram,Kerala,One-Time,Meta Ads,2026-01-31
C00956,Customer 956,Other,42,Noida,Uttar Pradesh,At-Risk,Marketplace,2025-06-16
C00957,Customer 957,Male,49,Kanpur,Uttar Pradesh,VIP,Organic Search,2025-07-01
C00958,Customer 958,Male,60,New Delhi,Delhi,Loyal,Organic Search,2026-05-04
C00959,Customer 959,Female,38,Delhi,Delhi,One-Time,Google Ads,2026-03-28
C00960,Customer 960,Male,26,Delhi,Delhi,New,Google Ads,2025-12-06
C00961,Customer 961,Female,23,Ahmedabad,Gujarat,VIP,Meta Ads,2026-03-29
C00962,Customer 962,Female,47,Madurai,Tamil Nadu,Loyal,Influencer,2025-02-27
C00963,Customer 963,Female,38,Mumbai,Maharashtra,Loyal,Marketplace,2025-11-21
C00964,Customer 964,Male,43,Mumbai,Maharashtra,Dormant,Meta Ads,2025-04-25
C00965,Customer 965,Female,58,Thiruvananthapuram,Kerala,One-Time,Organic Search,2025-07-07
C00966,Customer 966,Female,33,Delhi,Delhi,At-Risk,Influencer,2025-08-16
C00967,Customer 967,Male,49,Kozhikode,Kerala,Loyal,Influencer,2024-03-11
C00968,Customer 968,Female,28,Pune,Maharashtra,New,Instagram,2024-01-10
C00969,Customer 969,Female,51,Vadodara,Gujarat,New,Meta Ads,2026-05-07
C00970,Customer 970,Male,21,Mumbai,Maharashtra,Loyal,Marketplace,2024-11-23
C00971,Customer 971,Male,27,Mangaluru,Karnataka,One-Time,Meta Ads,2024-02-15
C00972,Customer 972,Male,30,Warangal,Telangana,VIP,Meta Ads,2024-04-19
C00973,Customer 973,Male,27,Mumbai,Maharashtra,VIP,Meta Ads,2024-02-05
C00974,Customer 974,Female,50,Kochi,Kerala,Loyal,Email,2024-08-03
C00975,Customer 975,Female,37,Bengaluru,Karnataka,Loyal,Google Ads,2025-10-18
C00976,Customer 976,Male,31,Ahmedabad,Gujarat,Loyal,Organic Search,2026-01-16
C00977,Customer 977,Male,30,New Delhi,Delhi,Loyal,Marketplace,2024-02-26
C00978,Customer 978,Female,52,Madurai,Tamil Nadu,At-Risk,Email,2025-05-08
C00979,Customer 979,Female,44,Ahmedabad,Gujarat,New,Marketplace,2025-08-17
C00980,Customer 980,Male,60,Pune,Maharashtra,Dormant,Marketplace,2026-02-13
C00981,Customer 981,Male,42,Kozhikode,Kerala,New,Affiliate,2026-03-25
C00982,Customer 982,Female,51,Lucknow,Uttar Pradesh,New,Organic Search,2026-03-10
C00983,Customer 983,Male,62,Udaipur,Rajasthan,VIP,Marketplace,2025-10-07
C00984,Customer 984,Male,56,New Delhi,Delhi,New,Email,2025-12-26
C00985,Customer 985,Male,54,Mumbai,Maharashtra,One-Time,Meta Ads,2025-11-01
C00986,Customer 986,Female,45,Kozhikode,Kerala,New,Marketplace,2025-11-16
C00987,Customer 987,Female,59,Mysuru,Karnataka,VIP,Email,2026-03-22
C00988,Customer 988,Female,63,Warangal,Telangana,Loyal,Marketplace,2024-05-29
C00989,Customer 989,Female,23,Mangaluru,Karnataka,New,Instagram,2024-03-18
C00990,Customer 990,Female,54,Kanpur,Uttar Pradesh,Loyal,Meta Ads,2024-08-30
C00991,Customer 991,Female,18,Howrah,West Bengal,New,Affiliate,2026-05-06
C00992,Customer 992,Female,33,Udaipur,Rajasthan,Dormant,Organic Search,2025-09-25
C00993,Customer 993,Male,56,Lucknow,Uttar Pradesh,New,Instagram,2025-02-27
C00994,Customer 994,Female,52,Pune,Maharashtra,Loyal,Influencer,2024-09-27
C00995,Customer 995,Female,47,Kochi,Kerala,Loyal,Email,2024-06-28
C00996,Customer 996,Female,50,Madurai,Tamil Nadu,Loyal,Google Ads,2024-12-03
C00997,Customer 997,Female,25,Howrah,West Bengal,Dormant,Organic Search,2026-05-06
C00998,Customer 998,Female,54,Warangal,Telangana,One-Time,Google Ads,2026-04-22
C00999,Customer 999,Male,22,Thiruvananthapuram,Kerala,VIP,Email,2026-05-25
C01000,Customer 1000,Female,33,Mangaluru,Karnataka,Loyal,Meta Ads,2025-09-27
C01001,Customer 1001,Male,22,Hyderabad,Telangana,Loyal,Meta Ads,2025-06-11
C01002,Customer 1002,Female,42,New Delhi,Delhi,One-Time,Marketplace,2024-04-05
C01003,Customer 1003,Female,59,Nagpur,Maharashtra,New,Google Ads,2025-06-17
C01004,Customer 1004,Female,60,Mumbai,Maharashtra,New,Organic Search,2025-10-11
C01005,Customer 1005,Female,18,Howrah,West Bengal,New,Organic Search,2025-01-13
C01006,Customer 1006,Male,64,Chennai,Tamil Nadu,Dormant,Meta Ads,2025-12-15
C01007,Customer 1007,Male,27,Kozhikode,Kerala,At-Risk,Marketplace,2025-06-14
C01008,Customer 1008,Male,35,Mysuru,Karnataka,New,Meta Ads,2026-04-01
C01009,Customer 1009,Female,31,Udaipur,Rajasthan,Loyal,Email,2024-04-06
C01010,Customer 1010,Male,41,Delhi,Delhi,VIP,Affiliate,2025-09-08
C01011,Customer 1011,Male,18,Howrah,West Bengal,One-Time,Affiliate,2024-11-05
C01012,Customer 1012,Female,33,Vadodara,Gujarat,Loyal,Meta Ads,2024-03-27
C01013,Customer 1013,Female,32,New Delhi,Delhi,VIP,Influencer,2024-10-01
C01014,Customer 1014,Male,52,Thiruvananthapuram,Kerala,New,Marketplace,2025-11-19
C01015,Customer 1015,Female,59,Mangaluru,Karnataka,Loyal,Email,2024-06-15
C01016,Customer 1016,Male,19,Mumbai,Maharashtra,New,Organic Search,2025-08-13
C01017,Customer 1017,Female,37,Kolkata,West Bengal,New,Instagram,2024-06-30
C01018,Customer 1018,Male,63,Lucknow,Uttar Pradesh,VIP,Meta Ads,2025-02-14
C01019,Customer 1019,Male,62,Warangal,Telangana,VIP,Email,2024-05-10
C01020,Customer 1020,Female,44,Madurai,Tamil Nadu,Dormant,Meta Ads,2025-11-15
C01021,Customer 1021,Female,54,Kochi,Kerala,New,Organic Search,2026-02-23
C01022,Customer 1022,Male,31,Jodhpur,Rajasthan,VIP,Google Ads,2025-04-17
C01023,Customer 1023,Male,56,Thiruvananthapuram,Kerala,Dormant,Google Ads,2024-12-18
C01024,Customer 1024,Female,19,Vadodara,Gujarat,Loyal,Instagram,2026-04-19
C01025,Customer 1025,Female,42,Kolkata,West Bengal,Dormant,Google Ads,2026-05-01
C01026,Customer 1026,Female,44,Bengaluru,Karnataka,Dormant,Organic Search,2026-04-18
C01027,Customer 1027,Female,26,Kochi,Kerala,At-Risk,Email,2025-12-05
C01028,Customer 1028,Male,46,Coimbatore,Tamil Nadu,Dormant,Google Ads,2024-07-21
C01029,Customer 1029,Female,63,Jodhpur,Rajasthan,Loyal,Meta Ads,2024-05-24
C01030,Customer 1030,Female,51,Madurai,Tamil Nadu,Loyal,Google Ads,2025-01-31
C01031,Customer 1031,Female,24,Surat,Gujarat,Dormant,Organic Search,2025-05-26
C01032,Customer 1032,Female,43,Jaipur,Rajasthan,At-Risk,Meta Ads,2024-06-27
C01033,Customer 1033,Female,51,Delhi,Delhi,New,Organic Search,2024-05-11
C01034,Customer 1034,Other,42,Kochi,Kerala,One-Time,Organic Search,2024-10-24
C01035,Customer 1035,Male,25,Coimbatore,Tamil Nadu,One-Time,Instagram,2024-11-11
C01036,Customer 1036,Male,32,Howrah,West Bengal,At-Risk,Google Ads,2024-07-19
C01037,Customer 1037,Female,39,Bengaluru,Karnataka,New,Meta Ads,2025-02-19
C01038,Customer 1038,Male,27,Coimbatore,Tamil Nadu,One-Time,Meta Ads,2025-04-05
C01039,Customer 1039,Male,38,Coimbatore,Tamil Nadu,Loyal,Meta Ads,2024-03-28
C01040,Customer 1040,Female,30,Nagpur,Maharashtra,New,Marketplace,2024-01-01
C01041,Customer 1041,Male,24,Hyderabad,Telangana,Dormant,Google Ads,2024-02-02
C01042,Customer 1042,Female,35,Howrah,West Bengal,Loyal,Meta Ads,2025-12-13
C01043,Customer 1043,Male,18,Howrah,West Bengal,New,Influencer,2025-12-26
C01044,Customer 1044,Female,55,Howrah,West Bengal,One-Time,Marketplace,2024-05-23
C01045,Customer 1045,Male,19,Hyderabad,Telangana,At-Risk,Email,2026-04-27
C01046,Customer 1046,Male,23,Bengaluru,Karnataka,Loyal,Email,2024-09-03
C01047,Customer 1047,Male,32,Nagpur,Maharashtra,Loyal,Google Ads,2026-03-16
C01048,Customer 1048,Male,48,Noida,Uttar Pradesh,One-Time,Affiliate,2024-06-06
C01049,Customer 1049,Female,39,Lucknow,Uttar Pradesh,Dormant,Organic Search,2026-01-05
C01050,Customer 1050,Male,19,Mangaluru,Karnataka,At-Risk,Email,2024-11-14
C01051,Customer 1051,Female,34,Kolkata,West Bengal,VIP,Meta Ads,2025-12-04
C01052,Customer 1052,Female,20,Pune,Maharashtra,Loyal,Instagram,2024-03-10
C01053,Customer 1053,Female,38,Mangaluru,Karnataka,Dormant,Organic Search,2025-05-30
C01054,Customer 1054,Male,31,Nagpur,Maharashtra,VIP,Google Ads,2026-02-12
C01055,Customer 1055,Male,61,Mangaluru,Karnataka,One-Time,Email,2024-04-24
C01056,Customer 1056,Female,35,Howrah,West Bengal,Dormant,Google Ads,2025-01-08
C01057,Customer 1057,Female,46,Kochi,Kerala,At-Risk,Affiliate,2026-03-13
C01058,Customer 1058,Female,27,Mumbai,Maharashtra,VIP,Meta Ads,2026-04-11
C01059,Customer 1059,Male,41,Vadodara,Gujarat,At-Risk,Marketplace,2025-03-26
C01060,Customer 1060,Female,60,Jodhpur,Rajasthan,One-Time,Email,2024-02-12
C01061,Customer 1061,Female,19,Kochi,Kerala,Loyal,Instagram,2026-04-29
C01062,Customer 1062,Other,32,Vadodara,Gujarat,New,Instagram,2024-06-04
C01063,Customer 1063,Other,35,Mangaluru,Karnataka,Loyal,Email,2025-01-04
C01064,Customer 1064,Male,40,Kolkata,West Bengal,One-Time,Meta Ads,2026-01-22
C01065,Customer 1065,Female,37,Mangaluru,Karnataka,One-Time,Meta Ads,2024-04-09
C01066,Customer 1066,Male,65,Thiruvananthapuram,Kerala,Dormant,Meta Ads,2025-02-21
C01067,Customer 1067,Male,24,Coimbatore,Tamil Nadu,New,Meta Ads,2025-07-14
C01068,Customer 1068,Female,30,Howrah,West Bengal,At-Risk,Affiliate,2024-02-23
C01069,Customer 1069,Other,40,Hyderabad,Telangana,One-Time,Meta Ads,2025-03-11
C01070,Customer 1070,Female,47,Chennai,Tamil Nadu,New,Affiliate,2024-02-12
C01071,Customer 1071,Female,21,Kanpur,Uttar Pradesh,New,Influencer,2025-08-04
C01072,Customer 1072,Male,53,Surat,Gujarat,One-Time,Organic Search,2026-03-16
C01073,Customer 1073,Male,43,Chennai,Tamil Nadu,Loyal,Google Ads,2024-07-02
C01074,Customer 1074,Male,31,Kozhikode,Kerala,One-Time,Organic Search,2024-08-23
C01075,Customer 1075,Female,36,Lucknow,Uttar Pradesh,Loyal,Influencer,2024-04-26
C01076,Customer 1076,Male,20,Mangaluru,Karnataka,Loyal,Instagram,2025-01-04
C01077,Customer 1077,Male,49,Ahmedabad,Gujarat,New,Meta Ads,2024-01-04
C01078,Customer 1078,Male,55,Delhi,Delhi,One-Time,Meta Ads,2026-03-18
C01079,Customer 1079,Female,65,Kolkata,West Bengal,New,Instagram,2024-03-27
C01080,Customer 1080,Male,31,Mangaluru,Karnataka,New,Google Ads,2025-08-23
C01081,Customer 1081,Male,31,Mysuru,Karnataka,New,Meta Ads,2024-10-15
C01082,Customer 1082,Female,33,Kozhikode,Kerala,VIP,Organic Search,2025-11-24
C01083,Customer 1083,Male,24,Kochi,Kerala,VIP,Email,2024-02-16
C01084,Customer 1084,Male,37,Noida,Uttar Pradesh,At-Risk,Meta Ads,2025-02-28
C01085,Customer 1085,Male,23,Kozhikode,Kerala,VIP,Marketplace,2024-03-24
C01086,Customer 1086,Female,19,Jaipur,Rajasthan,Loyal,Meta Ads,2025-09-17
C01087,Customer 1087,Female,34,Kanpur,Uttar Pradesh,One-Time,Google Ads,2024-06-22
C01088,Customer 1088,Male,58,Kanpur,Uttar Pradesh,New,Meta Ads,2025-06-09
C01089,Customer 1089,Female,64,Delhi,Delhi,Loyal,Meta Ads,2025-01-01
C01090,Customer 1090,Female,59,New Delhi,Delhi,One-Time,Email,2024-06-02
C01091,Customer 1091,Female,63,Mangaluru,Karnataka,One-Time,Google Ads,2024-06-22
C01092,Customer 1092,Female,59,Howrah,West Bengal,Dormant,Influencer,2025-05-30
C01093,Customer 1093,Male,49,Bengaluru,Karnataka,New,Influencer,2024-07-12
C01094,Customer 1094,Other,26,Mysuru,Karnataka,New,Meta Ads,2026-04-13
C01095,Customer 1095,Female,56,Ahmedabad,Gujarat,Dormant,Affiliate,2025-11-18
C01096,Customer 1096,Female,64,Coimbatore,Tamil Nadu,One-Time,Organic Search,2024-11-06
C01097,Customer 1097,Female,41,Mumbai,Maharashtra,One-Time,Influencer,2024-12-18
C01098,Customer 1098,Male,49,Noida,Uttar Pradesh,New,Meta Ads,2025-03-20
C01099,Customer 1099,Female,36,Noida,Uttar Pradesh,One-Time,Organic Search,2025-12-23
C01100,Customer 1100,Male,46,Pune,Maharashtra,Dormant,Google Ads,2025-01-09
C01101,Customer 1101,Male,19,Nizamabad,Telangana,VIP,Google Ads,2025-01-04
C01102,Customer 1102,Female,52,Mangaluru,Karnataka,Loyal,Influencer,2025-09-11
C01103,Customer 1103,Female,42,Lucknow,Uttar Pradesh,One-Time,Meta Ads,2024-08-19
C01104,Customer 1104,Male,54,Lucknow,Uttar Pradesh,One-Time,Instagram,2025-07-18
C01105,Customer 1105,Female,35,Mumbai,Maharashtra,Loyal,Meta Ads,2024-12-12
C01106,Customer 1106,Female,37,Kanpur,Uttar Pradesh,One-Time,Influencer,2025-03-05
C01107,Customer 1107,Female,25,Mumbai,Maharashtra,New,Instagram,2025-11-27
C01108,Customer 1108,Male,46,Chennai,Tamil Nadu,VIP,Google Ads,2024-02-12
C01109,Customer 1109,Male,62,Kochi,Kerala,At-Risk,Organic Search,2025-08-09
C01110,Customer 1110,Male,46,Nagpur,Maharashtra,Dormant,Meta Ads,2024-08-26
C01111,Customer 1111,Female,61,Pune,Maharashtra,At-Risk,Meta Ads,2024-01-09
C01112,Customer 1112,Male,18,Madurai,Tamil Nadu,Loyal,Organic Search,2024-10-10
C01113,Customer 1113,Male,53,Ahmedabad,Gujarat,At-Risk,Marketplace,2025-12-01
C01114,Customer 1114,Male,18,Thiruvananthapuram,Kerala,Dormant,Organic Search,2025-10-21
C01115,Customer 1115,Male,38,Thiruvananthapuram,Kerala,New,Google Ads,2024-08-19
C01116,Customer 1116,Male,40,Hyderabad,Telangana,One-Time,Meta Ads,2024-12-22
C01117,Customer 1117,Male,40,Nagpur,Maharashtra,New,Affiliate,2026-02-21
C01118,Customer 1118,Female,44,Kanpur,Uttar Pradesh,Dormant,Meta Ads,2024-12-06
C01119,Customer 1119,Female,54,Bengaluru,Karnataka,Dormant,Organic Search,2024-08-17
C01120,Customer 1120,Male,51,Kanpur,Uttar Pradesh,At-Risk,Email,2025-02-05
C01121,Customer 1121,Female,20,Kolkata,West Bengal,One-Time,Marketplace,2025-12-06
C01122,Customer 1122,Male,54,Pune,Maharashtra,Dormant,Meta Ads,2025-01-23
C01123,Customer 1123,Male,37,Kanpur,Uttar Pradesh,New,Marketplace,2025-04-08
C01124,Customer 1124,Female,46,Pune,Maharashtra,New,Instagram,2025-10-07
C01125,Customer 1125,Male,62,Chennai,Tamil Nadu,Loyal,Organic Search,2026-02-13
C01126,Customer 1126,Female,31,Vadodara,Gujarat,At-Risk,Meta Ads,2025-08-26
C01127,Customer 1127,Female,47,Delhi,Delhi,At-Risk,Email,2024-12-31
C01128,Customer 1128,Male,47,Kolkata,West Bengal,One-Time,Meta Ads,2025-11-17
C01129,Customer 1129,Male,42,Howrah,West Bengal,One-Time,Google Ads,2025-12-02
C01130,Customer 1130,Female,30,Thiruvananthapuram,Kerala,Loyal,Instagram,2024-07-05
C01131,Customer 1131,Female,53,Kochi,Kerala,New,Google Ads,2025-09-18
C01132,Customer 1132,Male,57,New Delhi,Delhi,At-Risk,Marketplace,2025-10-29
C01133,Customer 1133,Male,63,Nizamabad,Telangana,One-Time,Affiliate,2024-09-28
C01134,Customer 1134,Male,38,Jaipur,Rajasthan,New,Organic Search,2024-09-23
C01135,Customer 1135,Female,24,Kozhikode,Kerala,One-Time,Instagram,2025-08-29
C01136,Customer 1136,Female,60,Mangaluru,Karnataka,VIP,Meta Ads,2024-01-01
C01137,Customer 1137,Male,47,Delhi,Delhi,At-Risk,Meta Ads,2024-09-18
C01138,Customer 1138,Female,24,Chennai,Tamil Nadu,New,Meta Ads,2025-07-29
C01139,Customer 1139,Male,55,Hyderabad,Telangana,New,Email,2025-02-12
C01140,Customer 1140,Female,51,Howrah,West Bengal,Dormant,Affiliate,2024-01-11
C01141,Customer 1141,Male,57,Coimbatore,Tamil Nadu,Loyal,Meta Ads,2024-04-24
C01142,Customer 1142,Male,38,Noida,Uttar Pradesh,One-Time,Google Ads,2024-03-29
C01143,Customer 1143,Male,40,Noida,Uttar Pradesh,New,Google Ads,2025-04-22
C01144,Customer 1144,Male,24,Noida,Uttar Pradesh,Dormant,Email,2024-02-07
C01145,Customer 1145,Female,38,Coimbatore,Tamil Nadu,VIP,Google Ads,2025-11-17
C01146,Customer 1146,Female,44,Mysuru,Karnataka,New,Instagram,2025-06-29
C01147,Customer 1147,Male,59,Jodhpur,Rajasthan,New,Google Ads,2025-03-29
C01148,Customer 1148,Male,28,Noida,Uttar Pradesh,New,Google Ads,2024-07-06
C01149,Customer 1149,Male,20,Delhi,Delhi,New,Organic Search,2024-06-16
C01150,Customer 1150,Female,32,Kozhikode,Kerala,New,Marketplace,2025-12-29
C01151,Customer 1151,Female,27,Pune,Maharashtra,New,Meta Ads,2025-07-08
C01152,Customer 1152,Male,39,Kanpur,Uttar Pradesh,New,Meta Ads,2024-11-16
C01153,Customer 1153,Male,51,Warangal,Telangana,One-Time,Meta Ads,2024-07-07
C01154,Customer 1154,Female,35,Nagpur,Maharashtra,Loyal,Affiliate,2024-10-28
C01155,Customer 1155,Male,34,Surat,Gujarat,Loyal,Email,2024-09-28
C01156,Customer 1156,Female,36,Warangal,Telangana,At-Risk,Organic Search,2025-04-08
C01157,Customer 1157,Female,64,Hyderabad,Telangana,One-Time,Email,2024-08-25
C01158,Customer 1158,Male,37,Hyderabad,Telangana,At-Risk,Marketplace,2025-11-28
C01159,Customer 1159,Male,52,Madurai,Tamil Nadu,Dormant,Google Ads,2024-02-22
C01160,Customer 1160,Female,18,Lucknow,Uttar Pradesh,Dormant,Google Ads,2025-09-18
C01161,Customer 1161,Male,23,Hyderabad,Telangana,New,Instagram,2024-01-06
C01162,Customer 1162,Other,35,Howrah,West Bengal,New,Email,2024-07-04
C01163,Customer 1163,Male,43,Kanpur,Uttar Pradesh,Loyal,Google Ads,2026-04-23
C01164,Customer 1164,Male,36,Pune,Maharashtra,New,Marketplace,2025-11-18
C01165,Customer 1165,Male,30,Pune,Maharashtra,New,Organic Search,2026-06-03
C01166,Customer 1166,Female,46,Noida,Uttar Pradesh,New,Marketplace,2025-04-01
C01167,Customer 1167,Male,30,Kanpur,Uttar Pradesh,Loyal,Marketplace,2024-05-03
C01168,Customer 1168,Female,41,Surat,Gujarat,At-Risk,Email,2026-06-07
C01169,Customer 1169,Female,23,Lucknow,Uttar Pradesh,One-Time,Influencer,2025-11-15
C01170,Customer 1170,Female,26,Warangal,Telangana,Dormant,Organic Search,2025-04-10
C01171,Customer 1171,Female,61,Chennai,Tamil Nadu,At-Risk,Instagram,2025-11-22
C01172,Customer 1172,Male,46,Udaipur,Rajasthan,New,Organic Search,2024-09-14
C01173,Customer 1173,Male,32,Bengaluru,Karnataka,One-Time,Marketplace,2025-12-11
C01174,Customer 1174,Female,19,Jodhpur,Rajasthan,New,Affiliate,2025-11-16
C01175,Customer 1175,Male,55,New Delhi,Delhi,Dormant,Organic Search,2024-05-04
C01176,Customer 1176,Male,33,Udaipur,Rajasthan,VIP,Meta Ads,2024-01-27
C01177,Customer 1177,Female,39,Delhi,Delhi,VIP,Influencer,2026-01-31
C01178,Customer 1178,Male,47,Chennai,Tamil Nadu,VIP,Instagram,2025-10-14
C01179,Customer 1179,Female,21,Nagpur,Maharashtra,One-Time,Organic Search,2024-09-21
C01180,Customer 1180,Female,47,Pune,Maharashtra,Dormant,Organic Search,2025-05-03
C01181,Customer 1181,Male,65,Jodhpur,Rajasthan,Dormant,Email,2024-01-27
C01182,Customer 1182,Male,26,Mumbai,Maharashtra,VIP,Google Ads,2024-06-07
C01183,Customer 1183,Female,62,Hyderabad,Telangana,Loyal,Organic Search,2024-03-20
C01184,Customer 1184,Female,34,Nagpur,Maharashtra,New,Meta Ads,2024-01-22
C01185,Customer 1185,Male,18,Pune,Maharashtra,New,Meta Ads,2024-05-03
C01186,Customer 1186,Male,39,Noida,Uttar Pradesh,New,Google Ads,2024-02-11
C01187,Customer 1187,Male,27,Madurai,Tamil Nadu,Loyal,Organic Search,2026-04-29
C01188,Customer 1188,Female,37,Thiruvananthapuram,Kerala,At-Risk,Google Ads,2024-03-14
C01189,Customer 1189,Male,26,Pune,Maharashtra,Dormant,Meta Ads,2024-04-28
C01190,Customer 1190,Male,50,Howrah,West Bengal,New,Marketplace,2025-03-14
C01191,Customer 1191,Female,35,Chennai,Tamil Nadu,One-Time,Instagram,2025-06-25
C01192,Customer 1192,Male,53,Coimbatore,Tamil Nadu,New,Marketplace,2025-09-28
C01193,Customer 1193,Female,28,Kanpur,Uttar Pradesh,Dormant,Email,2024-03-28
C01194,Customer 1194,Male,19,Kochi,Kerala,At-Risk,Google Ads,2024-04-30
C01195,Customer 1195,Female,33,Lucknow,Uttar Pradesh,Loyal,Organic Search,2024-01-15
C01196,Customer 1196,Female,53,Pune,Maharashtra,Loyal,Meta Ads,2024-05-23
C01197,Customer 1197,Male,65,Mumbai,Maharashtra,Loyal,Marketplace,2024-06-20
C01198,Customer 1198,Male,60,Kolkata,West Bengal,One-Time,Meta Ads,2026-01-02
C01199,Customer 1199,Female,18,Bengaluru,Karnataka,New,Affiliate,2025-06-15
C01200,Customer 1200,Male,61,Udaipur,Rajasthan,One-Time,Email,2024-07-24
C01201,Customer 1201,Other,37,Ahmedabad,Gujarat,New,Influencer,2024-04-16
C01202,Customer 1202,Female,20,Vadodara,Gujarat,Loyal,Meta Ads,2026-01-15
C01203,Customer 1203,Male,29,Noida,Uttar Pradesh,One-Time,Organic Search,2025-10-03
C01204,Customer 1204,Female,60,Udaipur,Rajasthan,VIP,Google Ads,2024-03-26
C01205,Customer 1205,Male,46,Hyderabad,Telangana,Loyal,Affiliate,2025-05-18
C01206,Customer 1206,Female,25,Nizamabad,Telangana,Loyal,Meta Ads,2026-01-23
C01207,Customer 1207,Male,56,Surat,Gujarat,Dormant,Instagram,2024-08-31
C01208,Customer 1208,Female,34,Delhi,Delhi,One-Time,Organic Search,2025-10-21
C01209,Customer 1209,Female,23,Mangaluru,Karnataka,Loyal,Email,2024-12-14
C01210,Customer 1210,Male,36,Coimbatore,Tamil Nadu,New,Affiliate,2024-05-12
C01211,Customer 1211,Female,54,Udaipur,Rajasthan,VIP,Organic Search,2024-09-11
C01212,Customer 1212,Male,32,Lucknow,Uttar Pradesh,Loyal,Google Ads,2024-10-31
C01213,Customer 1213,Female,25,Surat,Gujarat,New,Affiliate,2024-02-05
C01214,Customer 1214,Male,32,Coimbatore,Tamil Nadu,New,Instagram,2024-10-26
C01215,Customer 1215,Male,56,Mangaluru,Karnataka,VIP,Organic Search,2026-05-19
C01216,Customer 1216,Female,26,Delhi,Delhi,Loyal,Meta Ads,2024-04-30
C01217,Customer 1217,Male,40,Mangaluru,Karnataka,Loyal,Instagram,2024-01-11
C01218,Customer 1218,Male,49,Vadodara,Gujarat,Loyal,Affiliate,2024-12-05
C01219,Customer 1219,Male,21,Howrah,West Bengal,Loyal,Marketplace,2026-05-15
C01220,Customer 1220,Male,45,Nizamabad,Telangana,Loyal,Marketplace,2025-09-02
C01221,Customer 1221,Female,55,Warangal,Telangana,New,Organic Search,2025-04-07
C01222,Customer 1222,Female,47,Mumbai,Maharashtra,Loyal,Google Ads,2025-10-19
C01223,Customer 1223,Female,26,Kozhikode,Kerala,Loyal,Instagram,2024-01-09
C01224,Customer 1224,Male,43,Kolkata,West Bengal,At-Risk,Meta Ads,2024-07-01
C01225,Customer 1225,Female,61,Mumbai,Maharashtra,Loyal,Organic Search,2026-01-28
C01226,Customer 1226,Female,28,Kozhikode,Kerala,Loyal,Google Ads,2025-10-11
C01227,Customer 1227,Female,25,New Delhi,Delhi,Dormant,Marketplace,2025-02-19
C01228,Customer 1228,Male,46,New Delhi,Delhi,At-Risk,Meta Ads,2024-08-27
C01229,Customer 1229,Male,38,Thiruvananthapuram,Kerala,New,Google Ads,2024-07-23
C01230,Customer 1230,Female,49,Warangal,Telangana,Dormant,Influencer,2024-02-08
C01231,Customer 1231,Male,46,Mumbai,Maharashtra,New,Meta Ads,2026-03-05
C01232,Customer 1232,Male,20,Surat,Gujarat,At-Risk,Google Ads,2024-06-24
C01233,Customer 1233,Male,52,Mumbai,Maharashtra,New,Email,2026-01-02
C01234,Customer 1234,Male,65,Kolkata,West Bengal,One-Time,Marketplace,2024-11-04
C01235,Customer 1235,Female,24,Mumbai,Maharashtra,Dormant,Meta Ads,2026-03-29
C01236,Customer 1236,Female,45,Nizamabad,Telangana,New,Instagram,2024-02-02
C01237,Customer 1237,Female,35,Pune,Maharashtra,At-Risk,Meta Ads,2025-04-10
C01238,Customer 1238,Male,48,Madurai,Tamil Nadu,Loyal,Email,2024-03-26
C01239,Customer 1239,Female,46,Mumbai,Maharashtra,New,Meta Ads,2024-01-02
C01240,Customer 1240,Female,45,Nagpur,Maharashtra,Dormant,Organic Search,2024-11-16
C01241,Customer 1241,Male,24,Kanpur,Uttar Pradesh,Loyal,Email,2025-07-27
C01242,Customer 1242,Male,51,Mysuru,Karnataka,At-Risk,Marketplace,2026-04-12
C01243,Customer 1243,Female,50,Madurai,Tamil Nadu,At-Risk,Organic Search,2024-05-16
C01244,Customer 1244,Male,49,Warangal,Telangana,New,Organic Search,2025-07-26
C01245,Customer 1245,Female,27,Coimbatore,Tamil Nadu,One-Time,Email,2025-12-22
C01246,Customer 1246,Male,56,Mangaluru,Karnataka,One-Time,Meta Ads,2026-04-20
C01247,Customer 1247,Male,28,Surat,Gujarat,Loyal,Meta Ads,2024-09-07
C01248,Customer 1248,Female,25,Pune,Maharashtra,New,Email,2024-02-03
C01249,Customer 1249,Male,33,Kanpur,Uttar Pradesh,One-Time,Meta Ads,2026-05-10
C01250,Customer 1250,Male,25,Thiruvananthapuram,Kerala,At-Risk,Google Ads,2026-02-20
C01251,Customer 1251,Other,34,Hyderabad,Telangana,New,Instagram,2024-08-16
C01252,Customer 1252,Female,28,Nizamabad,Telangana,VIP,Google Ads,2024-05-02
C01253,Customer 1253,Female,21,Nagpur,Maharashtra,Loyal,Meta Ads,2025-04-25
C01254,Customer 1254,Female,64,Ahmedabad,Gujarat,New,Email,2024-08-01
C01255,Customer 1255,Male,50,Nagpur,Maharashtra,New,Affiliate,2025-05-22
C01256,Customer 1256,Female,35,Lucknow,Uttar Pradesh,New,Meta Ads,2024-03-31
C01257,Customer 1257,Female,36,Jaipur,Rajasthan,Loyal,Affiliate,2026-04-14
C01258,Customer 1258,Other,33,Kanpur,Uttar Pradesh,New,Google Ads,2025-01-05
C01259,Customer 1259,Female,53,Delhi,Delhi,At-Risk,Marketplace,2024-05-06
C01260,Customer 1260,Female,29,Thiruvananthapuram,Kerala,At-Risk,Email,2024-07-01
C01261,Customer 1261,Male,22,Warangal,Telangana,New,Email,2025-08-21
C01262,Customer 1262,Female,41,Chennai,Tamil Nadu,At-Risk,Organic Search,2025-10-27
C01263,Customer 1263,Male,28,Mangaluru,Karnataka,Dormant,Email,2024-04-05
C01264,Customer 1264,Female,61,Kochi,Kerala,New,Instagram,2025-11-10
C01265,Customer 1265,Female,35,Vadodara,Gujarat,Dormant,Instagram,2026-04-21
C01266,Customer 1266,Female,50,Kanpur,Uttar Pradesh,One-Time,Marketplace,2024-09-18
C01267,Customer 1267,Male,36,Mumbai,Maharashtra,Loyal,Influencer,2025-07-09
C01268,Customer 1268,Female,27,Thiruvananthapuram,Kerala,New,Email,2025-12-20
C01269,Customer 1269,Female,33,New Delhi,Delhi,At-Risk,Influencer,2026-04-27
C01270,Customer 1270,Other,58,Delhi,Delhi,At-Risk,Google Ads,2024-05-27
C01271,Customer 1271,Male,21,Thiruvananthapuram,Kerala,Dormant,Email,2026-03-10
C01272,Customer 1272,Male,63,Chennai,Tamil Nadu,Dormant,Instagram,2024-02-06
C01273,Customer 1273,Male,19,Madurai,Tamil Nadu,New,Meta Ads,2025-05-13
C01274,Customer 1274,Female,52,Vadodara,Gujarat,Loyal,Marketplace,2024-05-28
C01275,Customer 1275,Male,51,Mumbai,Maharashtra,One-Time,Influencer,2024-04-11
C01276,Customer 1276,Male,46,Mangaluru,Karnataka,New,Marketplace,2024-08-09
C01277,Customer 1277,Male,21,Nagpur,Maharashtra,New,Organic Search,2024-05-21
C01278,Customer 1278,Female,50,Warangal,Telangana,Dormant,Instagram,2024-02-15
C01279,Customer 1279,Male,21,Kanpur,Uttar Pradesh,VIP,Organic Search,2024-09-27
C01280,Customer 1280,Female,53,Ahmedabad,Gujarat,New,Google Ads,2024-04-08
C01281,Customer 1281,Female,55,Madurai,Tamil Nadu,Dormant,Influencer,2024-12-10
C01282,Customer 1282,Male,59,Madurai,Tamil Nadu,At-Risk,Google Ads,2024-09-29
C01283,Customer 1283,Female,36,Coimbatore,Tamil Nadu,One-Time,Affiliate,2025-04-13
C01284,Customer 1284,Female,49,Howrah,West Bengal,Loyal,Organic Search,2026-02-06
C01285,Customer 1285,Female,26,Kozhikode,Kerala,VIP,Google Ads,2024-05-06
C01286,Customer 1286,Female,43,Kozhikode,Kerala,Loyal,Google Ads,2026-02-08
C01287,Customer 1287,Female,52,Coimbatore,Tamil Nadu,Loyal,Instagram,2025-04-30
C01288,Customer 1288,Male,26,Mangaluru,Karnataka,Loyal,Meta Ads,2026-06-13
C01289,Customer 1289,Male,57,Delhi,Delhi,New,Influencer,2025-01-01
C01290,Customer 1290,Male,35,Surat,Gujarat,Loyal,Meta Ads,2024-03-29
C01291,Customer 1291,Female,62,New Delhi,Delhi,One-Time,Instagram,2024-07-08
C01292,Customer 1292,Female,22,Kolkata,West Bengal,One-Time,Meta Ads,2024-01-02
C01293,Customer 1293,Male,28,Vadodara,Gujarat,One-Time,Google Ads,2026-02-18
C01294,Customer 1294,Female,52,Mysuru,Karnataka,Loyal,Meta Ads,2025-05-24
C01295,Customer 1295,Female,27,Mysuru,Karnataka,One-Time,Influencer,2026-03-04
C01296,Customer 1296,Other,65,Madurai,Tamil Nadu,One-Time,Organic Search,2025-06-26
C01297,Customer 1297,Female,63,Hyderabad,Telangana,New,Marketplace,2026-04-20
C01298,Customer 1298,Female,22,Mumbai,Maharashtra,Dormant,Instagram,2024-07-31
C01299,Customer 1299,Female,58,Jaipur,Rajasthan,New,Meta Ads,2024-10-25
C01300,Customer 1300,Male,39,Chennai,Tamil Nadu,One-Time,Google Ads,2025-12-18
C01301,Customer 1301,Female,58,Pune,Maharashtra,New,Email,2026-01-09
C01302,Customer 1302,Male,51,Vadodara,Gujarat,VIP,Google Ads,2026-05-10
C01303,Customer 1303,Male,33,Jaipur,Rajasthan,Loyal,Google Ads,2026-03-09
C01304,Customer 1304,Male,19,Mysuru,Karnataka,One-Time,Organic Search,2024-10-25
C01305,Customer 1305,Female,33,Lucknow,Uttar Pradesh,At-Risk,Google Ads,2025-08-30
C01306,Customer 1306,Female,39,Kozhikode,Kerala,VIP,Email,2026-05-01
C01307,Customer 1307,Male,43,Surat,Gujarat,Loyal,Organic Search,2024-08-26
C01308,Customer 1308,Male,56,Kolkata,West Bengal,Loyal,Organic Search,2024-04-03
C01309,Customer 1309,Female,57,Warangal,Telangana,Dormant,Instagram,2025-03-28
C01310,Customer 1310,Female,32,Thiruvananthapuram,Kerala,Dormant,Organic Search,2025-03-04
C01311,Customer 1311,Male,27,Madurai,Tamil Nadu,VIP,Instagram,2025-09-16
C01312,Customer 1312,Male,49,Kochi,Kerala,At-Risk,Google Ads,2024-06-26
C01313,Customer 1313,Male,53,Vadodara,Gujarat,At-Risk,Meta Ads,2025-02-07
C01314,Customer 1314,Male,47,Nizamabad,Telangana,Dormant,Google Ads,2025-06-09
C01315,Customer 1315,Female,47,Hyderabad,Telangana,New,Email,2025-06-08
C01316,Customer 1316,Male,51,Howrah,West Bengal,Dormant,Organic Search,2024-03-05
C01317,Customer 1317,Male,37,Vadodara,Gujarat,VIP,Affiliate,2024-04-01
C01318,Customer 1318,Female,29,Warangal,Telangana,Loyal,Meta Ads,2025-03-29
C01319,Customer 1319,Male,55,Jaipur,Rajasthan,One-Time,Google Ads,2024-11-29
C01320,Customer 1320,Female,26,Noida,Uttar Pradesh,One-Time,Meta Ads,2024-06-04
C01321,Customer 1321,Female,20,Delhi,Delhi,At-Risk,Marketplace,2025-12-25
C01322,Customer 1322,Male,18,New Delhi,Delhi,Loyal,Meta Ads,2025-01-10
C01323,Customer 1323,Female,36,Warangal,Telangana,New,Instagram,2025-06-05
C01324,Customer 1324,Male,41,Kanpur,Uttar Pradesh,Loyal,Google Ads,2025-09-11
C01325,Customer 1325,Female,44,Mysuru,Karnataka,New,Affiliate,2025-10-14
C01326,Customer 1326,Female,26,Kanpur,Uttar Pradesh,Loyal,Instagram,2024-10-27
C01327,Customer 1327,Male,38,Chennai,Tamil Nadu,Loyal,Google Ads,2024-01-23
C01328,Customer 1328,Female,49,Vadodara,Gujarat,Loyal,Email,2025-05-01
C01329,Customer 1329,Male,31,Mysuru,Karnataka,New,Organic Search,2024-08-03
C01330,Customer 1330,Female,44,Mumbai,Maharashtra,New,Email,2026-05-24
C01331,Customer 1331,Male,31,Kanpur,Uttar Pradesh,One-Time,Marketplace,2026-03-16
C01332,Customer 1332,Other,58,Delhi,Delhi,Loyal,Influencer,2026-02-26
C01333,Customer 1333,Female,39,Surat,Gujarat,Dormant,Email,2025-12-05
C01334,Customer 1334,Female,56,Kochi,Kerala,At-Risk,Marketplace,2026-06-16
C01335,Customer 1335,Male,34,Kozhikode,Kerala,VIP,Affiliate,2026-05-10
C01336,Customer 1336,Female,35,Lucknow,Uttar Pradesh,One-Time,Instagram,2024-06-08
C01337,Customer 1337,Female,54,Mumbai,Maharashtra,New,Affiliate,2025-07-07
C01338,Customer 1338,Male,32,Ahmedabad,Gujarat,At-Risk,Email,2025-03-20
C01339,Customer 1339,Female,52,Noida,Uttar Pradesh,Loyal,Email,2024-01-29
C01340,Customer 1340,Male,21,Chennai,Tamil Nadu,New,Email,2025-12-06
C01341,Customer 1341,Female,58,Nizamabad,Telangana,Loyal,Affiliate,2024-04-08
C01342,Customer 1342,Male,54,Lucknow,Uttar Pradesh,Loyal,Marketplace,2026-04-16
C01343,Customer 1343,Male,45,Delhi,Delhi,One-Time,Meta Ads,2025-09-18
C01344,Customer 1344,Male,41,Vadodara,Gujarat,New,Organic Search,2024-08-04
C01345,Customer 1345,Male,35,Kozhikode,Kerala,Loyal,Organic Search,2024-02-02
C01346,Customer 1346,Female,34,Ahmedabad,Gujarat,New,Marketplace,2026-06-07
C01347,Customer 1347,Female,32,Chennai,Tamil Nadu,Loyal,Instagram,2025-12-28
C01348,Customer 1348,Male,51,Madurai,Tamil Nadu,At-Risk,Meta Ads,2025-02-01
C01349,Customer 1349,Male,27,Coimbatore,Tamil Nadu,Dormant,Meta Ads,2025-12-25
C01350,Customer 1350,Male,31,Nagpur,Maharashtra,One-Time,Google Ads,2025-11-25
C01351,Customer 1351,Male,36,Lucknow,Uttar Pradesh,New,Google Ads,2025-07-04
C01352,Customer 1352,Female,40,Noida,Uttar Pradesh,Loyal,Meta Ads,2025-04-11
C01353,Customer 1353,Male,30,Bengaluru,Karnataka,One-Time,Google Ads,2024-02-09
C01354,Customer 1354,Male,38,Mysuru,Karnataka,At-Risk,Influencer,2024-09-24
C01355,Customer 1355,Female,56,Lucknow,Uttar Pradesh,VIP,Instagram,2024-10-06
C01356,Customer 1356,Female,30,Nizamabad,Telangana,One-Time,Instagram,2024-04-08
C01357,Customer 1357,Female,26,Delhi,Delhi,At-Risk,Organic Search,2025-09-30
C01358,Customer 1358,Female,55,New Delhi,Delhi,One-Time,Meta Ads,2024-05-25
C01359,Customer 1359,Male,30,Jodhpur,Rajasthan,Loyal,Organic Search,2024-08-21
C01360,Customer 1360,Female,51,Pune,Maharashtra,Dormant,Affiliate,2025-08-05
C01361,Customer 1361,Male,63,Howrah,West Bengal,New,Instagram,2025-04-12
C01362,Customer 1362,Other,42,Coimbatore,Tamil Nadu,One-Time,Email,2025-05-13
C01363,Customer 1363,Male,44,Surat,Gujarat,At-Risk,Meta Ads,2026-02-07
C01364,Customer 1364,Male,51,Nizamabad,Telangana,Loyal,Instagram,2025-01-24
C01365,Customer 1365,Male,24,Delhi,Delhi,One-Time,Organic Search,2025-07-10
C01366,Customer 1366,Female,22,Delhi,Delhi,New,Meta Ads,2025-07-17
C01367,Customer 1367,Male,26,Nagpur,Maharashtra,One-Time,Email,2024-04-22
C01368,Customer 1368,Male,38,Nagpur,Maharashtra,Loyal,Email,2025-04-01
C01369,Customer 1369,Other,58,Nagpur,Maharashtra,One-Time,Google Ads,2025-05-08
C01370,Customer 1370,Male,46,Mangaluru,Karnataka,One-Time,Google Ads,2024-05-07
C01371,Customer 1371,Female,59,Warangal,Telangana,One-Time,Email,2024-04-25
C01372,Customer 1372,Male,36,Thiruvananthapuram,Kerala,Loyal,Google Ads,2024-08-23
C01373,Customer 1373,Male,56,Chennai,Tamil Nadu,At-Risk,Organic Search,2025-01-17
C01374,Customer 1374,Female,52,Kanpur,Uttar Pradesh,Loyal,Marketplace,2025-01-23
C01375,Customer 1375,Male,22,Kozhikode,Kerala,Loyal,Organic Search,2024-07-24
C01376,Customer 1376,Male,43,Nizamabad,Telangana,At-Risk,Meta Ads,2024-12-24
C01377,Customer 1377,Male,48,Howrah,West Bengal,New,Instagram,2024-09-19
C01378,Customer 1378,Male,36,Noida,Uttar Pradesh,One-Time,Organic Search,2026-03-23
C01379,Customer 1379,Male,55,Kolkata,West Bengal,New,Organic Search,2025-08-13
C01380,Customer 1380,Male,37,Madurai,Tamil Nadu,One-Time,Marketplace,2026-04-27
C01381,Customer 1381,Female,52,Madurai,Tamil Nadu,Dormant,Email,2025-08-07
C01382,Customer 1382,Female,52,Nizamabad,Telangana,One-Time,Meta Ads,2025-04-25
C01383,Customer 1383,Female,28,Surat,Gujarat,At-Risk,Instagram,2025-03-17
C01384,Customer 1384,Male,21,Thiruvananthapuram,Kerala,New,Marketplace,2024-08-27
C01385,Customer 1385,Male,60,Kochi,Kerala,Loyal,Organic Search,2024-06-09
C01386,Customer 1386,Male,58,Hyderabad,Telangana,One-Time,Influencer,2025-12-19
C01387,Customer 1387,Female,63,Udaipur,Rajasthan,New,Organic Search,2024-12-16
C01388,Customer 1388,Female,20,Bengaluru,Karnataka,One-Time,Marketplace,2024-06-12
C01389,Customer 1389,Other,51,Kochi,Kerala,Loyal,Email,2025-01-10
C01390,Customer 1390,Female,24,Nizamabad,Telangana,Loyal,Marketplace,2025-03-18
C01391,Customer 1391,Female,41,Thiruvananthapuram,Kerala,At-Risk,Marketplace,2025-08-26
C01392,Customer 1392,Male,56,Lucknow,Uttar Pradesh,Dormant,Influencer,2026-06-13
C01393,Customer 1393,Male,30,Pune,Maharashtra,Loyal,Marketplace,2026-05-27
C01394,Customer 1394,Female,35,Warangal,Telangana,Dormant,Email,2026-02-26
C01395,Customer 1395,Female,41,Lucknow,Uttar Pradesh,New,Organic Search,2026-01-14
C01396,Customer 1396,Male,40,Pune,Maharashtra,One-Time,Email,2026-04-16
C01397,Customer 1397,Female,18,Surat,Gujarat,One-Time,Affiliate,2025-10-06
C01398,Customer 1398,Female,35,Kozhikode,Kerala,Loyal,Affiliate,2024-03-29
C01399,Customer 1399,Female,58,Ahmedabad,Gujarat,Loyal,Organic Search,2024-08-03
C01400,Customer 1400,Female,22,Madurai,Tamil Nadu,Loyal,Instagram,2025-02-19
C01401,Customer 1401,Female,34,Chennai,Tamil Nadu,At-Risk,Affiliate,2025-12-07
C01402,Customer 1402,Male,47,Nizamabad,Telangana,One-Time,Influencer,2025-11-23
C01403,Customer 1403,Female,36,Kozhikode,Kerala,At-Risk,Organic Search,2026-03-01
C01404,Customer 1404,Male,51,Mysuru,Karnataka,Loyal,Instagram,2024-05-20
C01405,Customer 1405,Male,30,Mumbai,Maharashtra,Loyal,Influencer,2025-06-21
C01406,Customer 1406,Female,27,Bengaluru,Karnataka,One-Time,Affiliate,2025-11-23
C01407,Customer 1407,Male,62,Thiruvananthapuram,Kerala,One-Time,Email,2024-12-20
C01408,Customer 1408,Female,54,Nizamabad,Telangana,One-Time,Organic Search,2024-11-03
C01409,Customer 1409,Male,32,Kanpur,Uttar Pradesh,At-Risk,Organic Search,2025-08-17
C01410,Customer 1410,Male,22,Jaipur,Rajasthan,Loyal,Organic Search,2026-03-09
C01411,Customer 1411,Female,39,Lucknow,Uttar Pradesh,New,Meta Ads,2025-02-13
C01412,Customer 1412,Male,55,Thiruvananthapuram,Kerala,VIP,Meta Ads,2025-01-10
C01413,Customer 1413,Female,47,Noida,Uttar Pradesh,Loyal,Marketplace,2024-03-09
C01414,Customer 1414,Female,51,Kozhikode,Kerala,Dormant,Marketplace,2024-08-13
C01415,Customer 1415,Female,43,Nagpur,Maharashtra,Loyal,Instagram,2024-03-12
C01416,Customer 1416,Male,61,Noida,Uttar Pradesh,Loyal,Marketplace,2026-04-05
C01417,Customer 1417,Male,23,Surat,Gujarat,Loyal,Email,2026-01-29
C01418,Customer 1418,Male,57,Surat,Gujarat,VIP,Google Ads,2025-10-03
C01419,Customer 1419,Male,64,Thiruvananthapuram,Kerala,Loyal,Organic Search,2024-07-12
C01420,Customer 1420,Male,58,Kozhikode,Kerala,New,Google Ads,2025-02-20
C01421,Customer 1421,Female,31,Jaipur,Rajasthan,Dormant,Google Ads,2024-01-11
C01422,Customer 1422,Male,63,Delhi,Delhi,VIP,Marketplace,2026-05-14
C01423,Customer 1423,Female,64,Delhi,Delhi,Loyal,Email,2024-02-17
C01424,Customer 1424,Male,58,Coimbatore,Tamil Nadu,Loyal,Meta Ads,2025-06-26
C01425,Customer 1425,Female,33,Coimbatore,Tamil Nadu,VIP,Email,2025-03-22
C01426,Customer 1426,Female,56,Coimbatore,Tamil Nadu,New,Organic Search,2025-06-12
C01427,Customer 1427,Female,59,Nizamabad,Telangana,One-Time,Organic Search,2024-03-15
C01428,Customer 1428,Female,27,Hyderabad,Telangana,New,Meta Ads,2024-11-21
C01429,Customer 1429,Male,30,Noida,Uttar Pradesh,New,Instagram,2026-01-15
C01430,Customer 1430,Female,54,Coimbatore,Tamil Nadu,New,Email,2026-01-21
C01431,Customer 1431,Female,56,Kozhikode,Kerala,VIP,Organic Search,2024-12-29
C01432,Customer 1432,Male,48,Ahmedabad,Gujarat,New,Marketplace,2025-06-10
C01433,Customer 1433,Male,43,Hyderabad,Telangana,At-Risk,Instagram,2025-12-21
C01434,Customer 1434,Male,64,Pune,Maharashtra,Dormant,Influencer,2025-07-13
C01435,Customer 1435,Other,34,Pune,Maharashtra,New,Marketplace,2025-01-11
C01436,Customer 1436,Female,52,Kozhikode,Kerala,VIP,Meta Ads,2026-04-22
C01437,Customer 1437,Female,63,Mumbai,Maharashtra,Loyal,Google Ads,2026-06-14
C01438,Customer 1438,Female,30,New Delhi,Delhi,Dormant,Organic Search,2024-08-30
C01439,Customer 1439,Female,21,Thiruvananthapuram,Kerala,Loyal,Marketplace,2024-02-13
C01440,Customer 1440,Female,25,Thiruvananthapuram,Kerala,One-Time,Google Ads,2025-12-12
C01441,Customer 1441,Male,50,Mumbai,Maharashtra,One-Time,Meta Ads,2024-04-06
C01442,Customer 1442,Female,31,Hyderabad,Telangana,Dormant,Organic Search,2025-12-30
C01443,Customer 1443,Male,52,Pune,Maharashtra,New,Affiliate,2025-12-02
C01444,Customer 1444,Male,41,Hyderabad,Telangana,At-Risk,Google Ads,2024-02-27
C01445,Customer 1445,Female,59,Nagpur,Maharashtra,New,Instagram,2025-05-08
C01446,Customer 1446,Male,49,Ahmedabad,Gujarat,Loyal,Meta Ads,2025-10-12
C01447,Customer 1447,Female,46,Kozhikode,Kerala,Loyal,Marketplace,2024-03-13
C01448,Customer 1448,Male,28,Ahmedabad,Gujarat,New,Organic Search,2026-01-17
C01449,Customer 1449,Female,33,Kolkata,West Bengal,New,Email,2024-04-08
C01450,Customer 1450,Male,29,Nagpur,Maharashtra,One-Time,Influencer,2025-04-27
C01451,Customer 1451,Male,20,Noida,Uttar Pradesh,At-Risk,Email,2024-01-19
C01452,Customer 1452,Male,32,Vadodara,Gujarat,VIP,Marketplace,2024-04-10
C01453,Customer 1453,Female,63,Lucknow,Uttar Pradesh,New,Meta Ads,2025-10-22
C01454,Customer 1454,Female,56,Kozhikode,Kerala,Loyal,Google Ads,2024-03-12
C01455,Customer 1455,Female,29,Bengaluru,Karnataka,New,Instagram,2026-03-19
C01456,Customer 1456,Male,35,Warangal,Telangana,VIP,Meta Ads,2024-01-22
C01457,Customer 1457,Male,52,Mumbai,Maharashtra,At-Risk,Influencer,2025-07-18
C01458,Customer 1458,Male,21,Madurai,Tamil Nadu,At-Risk,Email,2024-11-25
C01459,Customer 1459,Female,52,Kochi,Kerala,At-Risk,Meta Ads,2025-06-29
C01460,Customer 1460,Male,44,Madurai,Tamil Nadu,One-Time,Affiliate,2025-07-13
C01461,Customer 1461,Male,52,Noida,Uttar Pradesh,One-Time,Email,2025-08-02
C01462,Customer 1462,Female,18,Surat,Gujarat,At-Risk,Email,2025-05-28
C01463,Customer 1463,Female,62,Pune,Maharashtra,New,Meta Ads,2026-05-09
C01464,Customer 1464,Male,50,Bengaluru,Karnataka,New,Marketplace,2025-04-03
C01465,Customer 1465,Female,26,Kolkata,West Bengal,One-Time,Organic Search,2026-02-06
C01466,Customer 1466,Female,58,Howrah,West Bengal,At-Risk,Influencer,2025-01-10
C01467,Customer 1467,Male,19,Madurai,Tamil Nadu,VIP,Organic Search,2025-07-03
C01468,Customer 1468,Male,25,Nagpur,Maharashtra,Dormant,Email,2025-09-04
C01469,Customer 1469,Female,55,Jodhpur,Rajasthan,One-Time,Google Ads,2024-12-14
C01470,Customer 1470,Male,58,Mumbai,Maharashtra,One-Time,Organic Search,2026-03-05
C01471,Customer 1471,Female,22,Thiruvananthapuram,Kerala,One-Time,Google Ads,2024-08-31
C01472,Customer 1472,Female,50,Pune,Maharashtra,At-Risk,Marketplace,2026-01-13
C01473,Customer 1473,Female,56,Warangal,Telangana,New,Meta Ads,2024-06-19
C01474,Customer 1474,Male,22,New Delhi,Delhi,Dormant,Instagram,2025-10-05
C01475,Customer 1475,Male,21,Delhi,Delhi,Loyal,Email,2026-01-18
C01476,Customer 1476,Female,28,New Delhi,Delhi,At-Risk,Email,2024-09-20
C01477,Customer 1477,Male,28,Chennai,Tamil Nadu,At-Risk,Organic Search,2024-08-18
C01478,Customer 1478,Female,28,Kozhikode,Kerala,Loyal,Affiliate,2026-04-26
C01479,Customer 1479,Female,56,Delhi,Delhi,VIP,Organic Search,2025-07-24
C01480,Customer 1480,Female,27,New Delhi,Delhi,One-Time,Marketplace,2026-02-14
C01481,Customer 1481,Male,43,Coimbatore,Tamil Nadu,At-Risk,Email,2026-05-03
C01482,Customer 1482,Female,34,Nizamabad,Telangana,At-Risk,Email,2026-05-02
C01483,Customer 1483,Male,33,Vadodara,Gujarat,Loyal,Influencer,2026-01-07
C01484,Customer 1484,Female,61,Nagpur,Maharashtra,New,Meta Ads,2025-07-11
C01485,Customer 1485,Male,33,Howrah,West Bengal,Dormant,Meta Ads,2026-05-02
C01486,Customer 1486,Other,28,Hyderabad,Telangana,Dormant,Google Ads,2024-10-26
C01487,Customer 1487,Female,28,Thiruvananthapuram,Kerala,Loyal,Organic Search,2025-05-05
C01488,Customer 1488,Male,62,Delhi,Delhi,Dormant,Organic Search,2025-02-10
C01489,Customer 1489,Male,58,Kozhikode,Kerala,Loyal,Meta Ads,2024-11-02
C01490,Customer 1490,Male,44,Delhi,Delhi,One-Time,Google Ads,2024-10-21
C01491,Customer 1491,Male,44,Nizamabad,Telangana,Loyal,Google Ads,2026-05-24
C01492,Customer 1492,Female,42,Noida,Uttar Pradesh,New,Email,2024-11-11
C01493,Customer 1493,Female,46,Kolkata,West Bengal,Loyal,Meta Ads,2024-04-05
C01494,Customer 1494,Male,50,Noida,Uttar Pradesh,Loyal,Affiliate,2025-01-18
C01495,Customer 1495,Female,20,Chennai,Tamil Nadu,New,Marketplace,2024-12-03
C01496,Customer 1496,Female,56,Howrah,West Bengal,One-Time,Affiliate,2026-04-21
C01497,Customer 1497,Male,54,Kanpur,Uttar Pradesh,VIP,Influencer,2025-12-02
C01498,Customer 1498,Male,63,Kolkata,West Bengal,At-Risk,Marketplace,2025-03-23
C01499,Customer 1499,Female,38,Mysuru,Karnataka,Dormant,Organic Search,2026-01-15
C01500,Customer 1500,Male,18,Kolkata,West Bengal,One-Time,Organic Search,2024-12-29
C01501,Customer 1501,Male,35,Kolkata,West Bengal,At-Risk,Affiliate,2024-07-19
C01502,Customer 1502,Male,37,Kochi,Kerala,New,Organic Search,2025-07-29
C01503,Customer 1503,Female,47,Chennai,Tamil Nadu,New,Instagram,2025-07-13
C01504,Customer 1504,Female,26,Chennai,Tamil Nadu,VIP,Google Ads,2024-09-14
C01505,Customer 1505,Female,21,Kanpur,Uttar Pradesh,Loyal,Organic Search,2024-06-03
C01506,Customer 1506,Other,25,Delhi,Delhi,At-Risk,Marketplace,2024-01-08
C01507,Customer 1507,Female,50,Jodhpur,Rajasthan,One-Time,Organic Search,2024-12-12
C01508,Customer 1508,Female,25,New Delhi,Delhi,New,Instagram,2025-10-18
C01509,Customer 1509,Male,48,Nagpur,Maharashtra,Loyal,Organic Search,2025-12-25
C01510,Customer 1510,Male,52,Jodhpur,Rajasthan,New,Affiliate,2024-10-26
C01511,Customer 1511,Female,45,Pune,Maharashtra,One-Time,Affiliate,2025-08-19
C01512,Customer 1512,Female,20,Pune,Maharashtra,New,Email,2024-08-01
C01513,Customer 1513,Male,23,Howrah,West Bengal,One-Time,Instagram,2024-06-17
C01514,Customer 1514,Female,58,Udaipur,Rajasthan,At-Risk,Instagram,2025-04-26
C01515,Customer 1515,Male,47,Kozhikode,Kerala,New,Marketplace,2024-10-07
C01516,Customer 1516,Male,54,Mysuru,Karnataka,Loyal,Google Ads,2024-05-24
C01517,Customer 1517,Male,63,Nagpur,Maharashtra,Loyal,Influencer,2024-08-04
C01518,Customer 1518,Male,37,Kozhikode,Kerala,Loyal,Meta Ads,2024-09-07
C01519,Customer 1519,Female,61,Mumbai,Maharashtra,Loyal,Marketplace,2024-10-10
C01520,Customer 1520,Male,38,Nagpur,Maharashtra,Loyal,Instagram,2025-04-06
C01521,Customer 1521,Male,61,Mysuru,Karnataka,At-Risk,Organic Search,2026-02-23
C01522,Customer 1522,Male,50,New Delhi,Delhi,New,Organic Search,2026-05-26
C01523,Customer 1523,Male,28,Kanpur,Uttar Pradesh,At-Risk,Affiliate,2025-06-01
C01524,Customer 1524,Male,18,Kanpur,Uttar Pradesh,New,Affiliate,2024-08-07
C01525,Customer 1525,Male,61,Jodhpur,Rajasthan,Loyal,Google Ads,2024-06-24
C01526,Customer 1526,Female,36,Mumbai,Maharashtra,Loyal,Meta Ads,2025-02-24
C01527,Customer 1527,Male,59,Madurai,Tamil Nadu,New,Meta Ads,2025-08-30
C01528,Customer 1528,Female,26,Delhi,Delhi,New,Organic Search,2025-04-20
C01529,Customer 1529,Female,40,Mumbai,Maharashtra,New,Organic Search,2024-04-28
C01530,Customer 1530,Female,26,Mysuru,Karnataka,New,Meta Ads,2025-10-03
C01531,Customer 1531,Male,23,Bengaluru,Karnataka,Loyal,Affiliate,2024-10-06
C01532,Customer 1532,Male,44,Mumbai,Maharashtra,New,Meta Ads,2025-04-14
C01533,Customer 1533,Male,39,Surat,Gujarat,At-Risk,Meta Ads,2026-02-12
C01534,Customer 1534,Female,29,Jaipur,Rajasthan,At-Risk,Instagram,2025-10-22
C01535,Customer 1535,Male,34,Warangal,Telangana,One-Time,Organic Search,2025-04-18
C01536,Customer 1536,Female,36,New Delhi,Delhi,New,Google Ads,2026-02-16
C01537,Customer 1537,Male,28,Noida,Uttar Pradesh,One-Time,Marketplace,2024-06-29
C01538,Customer 1538,Female,52,Udaipur,Rajasthan,At-Risk,Organic Search,2024-09-11
C01539,Customer 1539,Female,32,Lucknow,Uttar Pradesh,One-Time,Organic Search,2024-08-29
C01540,Customer 1540,Female,47,Madurai,Tamil Nadu,New,Meta Ads,2026-01-22
C01541,Customer 1541,Female,53,Lucknow,Uttar Pradesh,Dormant,Affiliate,2026-01-24
C01542,Customer 1542,Male,33,Bengaluru,Karnataka,Loyal,Influencer,2024-08-24
C01543,Customer 1543,Other,21,Coimbatore,Tamil Nadu,One-Time,Email,2024-06-21
C01544,Customer 1544,Male,20,Mumbai,Maharashtra,At-Risk,Meta Ads,2025-12-29
C01545,Customer 1545,Female,46,New Delhi,Delhi,Dormant,Instagram,2025-02-09
C01546,Customer 1546,Female,19,Coimbatore,Tamil Nadu,Loyal,Instagram,2025-07-26
C01547,Customer 1547,Male,23,Mangaluru,Karnataka,One-Time,Meta Ads,2024-06-26
C01548,Customer 1548,Female,41,Jodhpur,Rajasthan,Loyal,Organic Search,2025-05-26
C01549,Customer 1549,Male,31,Mangaluru,Karnataka,New,Meta Ads,2025-09-08
C01550,Customer 1550,Male,38,Bengaluru,Karnataka,Loyal,Affiliate,2025-02-21
C01551,Customer 1551,Female,51,Mumbai,Maharashtra,New,Email,2026-01-08
C01552,Customer 1552,Male,56,Coimbatore,Tamil Nadu,Loyal,Organic Search,2025-05-05
C01553,Customer 1553,Female,36,Mangaluru,Karnataka,VIP,Marketplace,2025-04-29
C01554,Customer 1554,Male,21,Madurai,Tamil Nadu,Dormant,Instagram,2024-07-30
C01555,Customer 1555,Female,27,Mumbai,Maharashtra,At-Risk,Google Ads,2025-08-24
C01556,Customer 1556,Female,58,Noida,Uttar Pradesh,New,Email,2025-03-24
C01557,Customer 1557,Female,18,Thiruvananthapuram,Kerala,New,Email,2025-08-07
C01558,Customer 1558,Male,28,Delhi,Delhi,Loyal,Affiliate,2025-07-01
C01559,Customer 1559,Female,64,Kolkata,West Bengal,One-Time,Influencer,2024-11-27
C01560,Customer 1560,Male,34,Noida,Uttar Pradesh,New,Organic Search,2024-12-09
C01561,Customer 1561,Female,19,Kozhikode,Kerala,VIP,Marketplace,2024-10-07
C01562,Customer 1562,Female,59,Surat,Gujarat,One-Time,Meta Ads,2024-12-09
C01563,Customer 1563,Male,53,Kanpur,Uttar Pradesh,New,Meta Ads,2026-01-30
C01564,Customer 1564,Female,58,Thiruvananthapuram,Kerala,Loyal,Meta Ads,2024-11-08
C01565,Customer 1565,Female,50,Noida,Uttar Pradesh,Dormant,Organic Search,2024-04-19
C01566,Customer 1566,Female,42,New Delhi,Delhi,Loyal,Meta Ads,2026-01-06
C01567,Customer 1567,Male,52,Nizamabad,Telangana,New,Google Ads,2024-07-15
C01568,Customer 1568,Female,21,Hyderabad,Telangana,Loyal,Marketplace,2024-12-11
C01569,Customer 1569,Female,22,Delhi,Delhi,Dormant,Meta Ads,2024-07-01
C01570,Customer 1570,Male,46,Delhi,Delhi,New,Meta Ads,2025-06-06
C01571,Customer 1571,Male,40,Coimbatore,Tamil Nadu,Loyal,Meta Ads,2024-08-27
C01572,Customer 1572,Female,54,Vadodara,Gujarat,VIP,Google Ads,2026-05-24
C01573,Customer 1573,Male,62,Vadodara,Gujarat,VIP,Google Ads,2025-01-19
C01574,Customer 1574,Female,30,Kanpur,Uttar Pradesh,New,Meta Ads,2024-01-28
C01575,Customer 1575,Male,33,Hyderabad,Telangana,Dormant,Meta Ads,2025-05-12
C01576,Customer 1576,Female,26,Mumbai,Maharashtra,One-Time,Affiliate,2024-07-16
C01577,Customer 1577,Female,56,Lucknow,Uttar Pradesh,New,Instagram,2024-11-11
C01578,Customer 1578,Female,41,Lucknow,Uttar Pradesh,New,Organic Search,2026-04-12
C01579,Customer 1579,Female,34,Kozhikode,Kerala,Loyal,Organic Search,2024-06-10
C01580,Customer 1580,Female,53,Lucknow,Uttar Pradesh,New,Affiliate,2025-10-07
C01581,Customer 1581,Female,40,Lucknow,Uttar Pradesh,At-Risk,Marketplace,2025-09-12
C01582,Customer 1582,Female,42,Mangaluru,Karnataka,At-Risk,Email,2024-12-04
C01583,Customer 1583,Female,57,Chennai,Tamil Nadu,New,Google Ads,2025-02-02
C01584,Customer 1584,Female,29,Mangaluru,Karnataka,At-Risk,Google Ads,2024-03-21
C01585,Customer 1585,Male,49,Vadodara,Gujarat,Dormant,Meta Ads,2025-03-05
C01586,Customer 1586,Female,59,Thiruvananthapuram,Kerala,New,Affiliate,2025-04-07
C01587,Customer 1587,Female,60,Mangaluru,Karnataka,VIP,Organic Search,2025-06-22
C01588,Customer 1588,Female,59,Vadodara,Gujarat,Dormant,Google Ads,2025-12-06
C01589,Customer 1589,Male,28,Bengaluru,Karnataka,At-Risk,Google Ads,2026-04-16
C01590,Customer 1590,Male,49,Mumbai,Maharashtra,Loyal,Marketplace,2025-01-15
C01591,Customer 1591,Male,45,Pune,Maharashtra,At-Risk,Email,2026-03-05
C01592,Customer 1592,Female,21,Warangal,Telangana,VIP,Google Ads,2026-01-29
C01593,Customer 1593,Male,43,Kozhikode,Kerala,One-Time,Marketplace,2024-10-03
C01594,Customer 1594,Female,29,Chennai,Tamil Nadu,New,Organic Search,2024-09-18
C01595,Customer 1595,Male,42,Lucknow,Uttar Pradesh,Loyal,Email,2025-04-27
C01596,Customer 1596,Male,47,Kolkata,West Bengal,One-Time,Email,2025-03-21
C01597,Customer 1597,Female,51,Mumbai,Maharashtra,One-Time,Organic Search,2024-12-01
C01598,Customer 1598,Male,55,Nagpur,Maharashtra,New,Meta Ads,2024-03-22
C01599,Customer 1599,Female,46,Noida,Uttar Pradesh,At-Risk,Marketplace,2025-12-15
C01600,Customer 1600,Male,40,Mangaluru,Karnataka,VIP,Affiliate,2025-04-18
C01601,Customer 1601,Female,64,Kochi,Kerala,One-Time,Organic Search,2024-06-07
C01602,Customer 1602,Female,32,Mumbai,Maharashtra,New,Organic Search,2026-02-13
C01603,Customer 1603,Male,32,Howrah,West Bengal,New,Marketplace,2026-04-12
C01604,Customer 1604,Female,60,Lucknow,Uttar Pradesh,New,Google Ads,2024-05-16
C01605,Customer 1605,Male,64,Mumbai,Maharashtra,Loyal,Google Ads,2025-04-18
C01606,Customer 1606,Female,36,Mysuru,Karnataka,New,Affiliate,2025-07-02
C01607,Customer 1607,Female,59,Kochi,Kerala,Dormant,Meta Ads,2024-07-31
C01608,Customer 1608,Female,61,Bengaluru,Karnataka,One-Time,Organic Search,2024-10-09
C01609,Customer 1609,Male,58,Coimbatore,Tamil Nadu,New,Email,2024-12-13
C01610,Customer 1610,Other,43,Coimbatore,Tamil Nadu,At-Risk,Meta Ads,2024-11-14
C01611,Customer 1611,Male,54,Mysuru,Karnataka,One-Time,Meta Ads,2025-08-31
C01612,Customer 1612,Male,47,Noida,Uttar Pradesh,One-Time,Affiliate,2024-01-08
C01613,Customer 1613,Female,19,Lucknow,Uttar Pradesh,New,Google Ads,2025-08-08
C01614,Customer 1614,Female,23,Chennai,Tamil Nadu,Loyal,Google Ads,2025-04-24
C01615,Customer 1615,Other,63,Noida,Uttar Pradesh,One-Time,Instagram,2025-11-13
C01616,Customer 1616,Male,30,Mumbai,Maharashtra,At-Risk,Google Ads,2026-06-05
C01617,Customer 1617,Male,26,Warangal,Telangana,Loyal,Organic Search,2025-01-23
C01618,Customer 1618,Female,64,Ahmedabad,Gujarat,At-Risk,Marketplace,2024-05-12
C01619,Customer 1619,Male,34,Thiruvananthapuram,Kerala,Loyal,Organic Search,2025-01-27
C01620,Customer 1620,Male,52,Nizamabad,Telangana,At-Risk,Organic Search,2024-07-29
C01621,Customer 1621,Other,55,Pune,Maharashtra,VIP,Instagram,2025-04-03
C01622,Customer 1622,Male,40,New Delhi,Delhi,Loyal,Marketplace,2024-07-22
C01623,Customer 1623,Female,48,Noida,Uttar Pradesh,VIP,Influencer,2024-01-10
C01624,Customer 1624,Male,43,Warangal,Telangana,Loyal,Affiliate,2025-05-20
C01625,Customer 1625,Male,39,Madurai,Tamil Nadu,New,Meta Ads,2024-10-16
C01626,Customer 1626,Female,22,Jaipur,Rajasthan,VIP,Google Ads,2024-06-19
C01627,Customer 1627,Female,23,Chennai,Tamil Nadu,One-Time,Google Ads,2024-01-03
C01628,Customer 1628,Male,55,Nagpur,Maharashtra,Loyal,Meta Ads,2026-05-06
C01629,Customer 1629,Male,58,Pune,Maharashtra,New,Google Ads,2026-01-24
C01630,Customer 1630,Male,21,Chennai,Tamil Nadu,New,Marketplace,2025-09-18
C01631,Customer 1631,Male,32,Delhi,Delhi,New,Meta Ads,2024-11-29
C01632,Customer 1632,Male,36,Lucknow,Uttar Pradesh,New,Meta Ads,2025-07-16
C01633,Customer 1633,Other,19,Howrah,West Bengal,New,Marketplace,2025-04-28
C01634,Customer 1634,Female,37,Udaipur,Rajasthan,New,Marketplace,2024-01-04
C01635,Customer 1635,Female,63,Kochi,Kerala,Loyal,Meta Ads,2026-04-01
C01636,Customer 1636,Female,46,Madurai,Tamil Nadu,One-Time,Meta Ads,2025-02-27
C01637,Customer 1637,Male,61,Chennai,Tamil Nadu,Dormant,Affiliate,2025-02-22
C01638,Customer 1638,Male,37,Kochi,Kerala,At-Risk,Marketplace,2025-12-29
C01639,Customer 1639,Male,54,Mangaluru,Karnataka,New,Organic Search,2025-10-03
C01640,Customer 1640,Male,64,Jodhpur,Rajasthan,One-Time,Instagram,2025-04-01
C01641,Customer 1641,Male,43,Udaipur,Rajasthan,Loyal,Organic Search,2026-02-05
C01642,Customer 1642,Male,56,Nizamabad,Telangana,One-Time,Affiliate,2025-10-26
C01643,Customer 1643,Female,27,Delhi,Delhi,Loyal,Google Ads,2025-06-01
C01644,Customer 1644,Male,64,Mumbai,Maharashtra,Loyal,Instagram,2025-09-05
C01645,Customer 1645,Male,65,Mumbai,Maharashtra,Loyal,Influencer,2024-05-27
C01646,Customer 1646,Female,42,New Delhi,Delhi,One-Time,Organic Search,2026-04-16
C01647,Customer 1647,Female,22,Mysuru,Karnataka,VIP,Google Ads,2026-03-04
C01648,Customer 1648,Female,32,Noida,Uttar Pradesh,One-Time,Organic Search,2024-11-25
C01649,Customer 1649,Male,32,Kozhikode,Kerala,At-Risk,Organic Search,2024-02-05
C01650,Customer 1650,Male,65,Lucknow,Uttar Pradesh,Dormant,Meta Ads,2026-01-12
C01651,Customer 1651,Female,20,Bengaluru,Karnataka,One-Time,Meta Ads,2025-03-30
C01652,Customer 1652,Male,21,Mysuru,Karnataka,At-Risk,Meta Ads,2024-08-22
C01653,Customer 1653,Female,58,Mysuru,Karnataka,At-Risk,Marketplace,2026-06-16
C01654,Customer 1654,Female,62,Nagpur,Maharashtra,Loyal,Meta Ads,2025-05-16
C01655,Customer 1655,Male,30,Kochi,Kerala,New,Affiliate,2024-07-03
C01656,Customer 1656,Female,22,Coimbatore,Tamil Nadu,At-Risk,Email,2025-07-10
C01657,Customer 1657,Female,63,Nagpur,Maharashtra,One-Time,Marketplace,2025-11-15
C01658,Customer 1658,Male,56,Noida,Uttar Pradesh,New,Marketplace,2025-02-02
C01659,Customer 1659,Female,52,Madurai,Tamil Nadu,Loyal,Marketplace,2025-09-08
C01660,Customer 1660,Female,55,Warangal,Telangana,Loyal,Influencer,2024-04-02
C01661,Customer 1661,Female,63,Mumbai,Maharashtra,New,Instagram,2024-09-05
C01662,Customer 1662,Male,49,Howrah,West Bengal,Dormant,Meta Ads,2025-01-25
C01663,Customer 1663,Male,22,Noida,Uttar Pradesh,New,Meta Ads,2024-04-12
C01664,Customer 1664,Male,55,Mumbai,Maharashtra,Loyal,Organic Search,2024-06-26
C01665,Customer 1665,Male,22,Kochi,Kerala,Loyal,Meta Ads,2025-04-30
C01666,Customer 1666,Female,22,Lucknow,Uttar Pradesh,New,Instagram,2025-03-14
C01667,Customer 1667,Female,41,Lucknow,Uttar Pradesh,VIP,Google Ads,2024-11-20
C01668,Customer 1668,Female,35,Nagpur,Maharashtra,Loyal,Affiliate,2024-01-19
C01669,Customer 1669,Male,45,Warangal,Telangana,Loyal,Google Ads,2024-12-24
C01670,Customer 1670,Male,34,Lucknow,Uttar Pradesh,Loyal,Meta Ads,2025-03-11
C01671,Customer 1671,Male,58,Bengaluru,Karnataka,Dormant,Organic Search,2026-06-06
C01672,Customer 1672,Male,65,Ahmedabad,Gujarat,Dormant,Email,2024-12-05
C01673,Customer 1673,Female,64,Udaipur,Rajasthan,New,Marketplace,2025-04-08
C01674,Customer 1674,Male,40,Pune,Maharashtra,One-Time,Organic Search,2024-01-13
C01675,Customer 1675,Female,43,Lucknow,Uttar Pradesh,Loyal,Affiliate,2024-06-10
C01676,Customer 1676,Male,20,Kozhikode,Kerala,Dormant,Meta Ads,2025-07-14
C01677,Customer 1677,Female,60,Udaipur,Rajasthan,At-Risk,Google Ads,2025-03-11
C01678,Customer 1678,Female,30,Chennai,Tamil Nadu,One-Time,Organic Search,2024-10-08
C01679,Customer 1679,Male,29,Kanpur,Uttar Pradesh,At-Risk,Google Ads,2024-12-21
C01680,Customer 1680,Female,58,Delhi,Delhi,One-Time,Influencer,2025-06-08
C01681,Customer 1681,Male,65,Jaipur,Rajasthan,One-Time,Marketplace,2025-01-22
C01682,Customer 1682,Male,60,Kanpur,Uttar Pradesh,Loyal,Meta Ads,2026-03-08
C01683,Customer 1683,Male,19,Jodhpur,Rajasthan,One-Time,Affiliate,2024-07-16
C01684,Customer 1684,Female,62,Mysuru,Karnataka,Loyal,Instagram,2026-02-16
C01685,Customer 1685,Male,38,Mumbai,Maharashtra,One-Time,Meta Ads,2026-04-10
C01686,Customer 1686,Male,24,Mumbai,Maharashtra,At-Risk,Instagram,2025-03-29
C01687,Customer 1687,Female,25,Delhi,Delhi,Dormant,Organic Search,2024-06-04
C01688,Customer 1688,Male,51,Delhi,Delhi,One-Time,Marketplace,2025-02-28
C01689,Customer 1689,Male,56,Ahmedabad,Gujarat,Loyal,Meta Ads,2026-03-25
C01690,Customer 1690,Female,37,Chennai,Tamil Nadu,VIP,Organic Search,2025-04-24
C01691,Customer 1691,Female,46,Noida,Uttar Pradesh,New,Meta Ads,2025-07-18
C01692,Customer 1692,Male,53,Kozhikode,Kerala,At-Risk,Meta Ads,2024-12-17
C01693,Customer 1693,Male,38,Mangaluru,Karnataka,Loyal,Organic Search,2025-06-07
C01694,Customer 1694,Male,57,Udaipur,Rajasthan,New,Affiliate,2024-09-22
C01695,Customer 1695,Female,31,Kolkata,West Bengal,At-Risk,Organic Search,2024-08-25
C01696,Customer 1696,Male,30,New Delhi,Delhi,One-Time,Marketplace,2024-05-21
C01697,Customer 1697,Female,40,Nagpur,Maharashtra,New,Google Ads,2025-09-21
C01698,Customer 1698,Female,42,Kanpur,Uttar Pradesh,New,Email,2026-04-03
C01699,Customer 1699,Male,33,Thiruvananthapuram,Kerala,At-Risk,Meta Ads,2024-11-18
C01700,Customer 1700,Male,33,Jodhpur,Rajasthan,Dormant,Affiliate,2024-02-25
C01701,Customer 1701,Male,32,Kochi,Kerala,One-Time,Google Ads,2024-12-28
C01702,Customer 1702,Female,39,Thiruvananthapuram,Kerala,New,Google Ads,2024-11-06
C01703,Customer 1703,Other,51,Chennai,Tamil Nadu,New,Affiliate,2025-07-13
C01704,Customer 1704,Male,31,Kolkata,West Bengal,Loyal,Meta Ads,2024-05-29
C01705,Customer 1705,Female,50,New Delhi,Delhi,One-Time,Organic Search,2025-12-06
C01706,Customer 1706,Female,34,Thiruvananthapuram,Kerala,One-Time,Marketplace,2024-02-24
C01707,Customer 1707,Female,27,Hyderabad,Telangana,One-Time,Instagram,2024-12-11
C01708,Customer 1708,Female,31,Madurai,Tamil Nadu,Loyal,Email,2024-06-04
C01709,Customer 1709,Male,57,Noida,Uttar Pradesh,Loyal,Marketplace,2026-02-24
C01710,Customer 1710,Male,32,Mangaluru,Karnataka,Loyal,Organic Search,2025-02-14
C01711,Customer 1711,Female,49,Lucknow,Uttar Pradesh,New,Meta Ads,2026-03-30
C01712,Customer 1712,Female,45,Chennai,Tamil Nadu,Loyal,Affiliate,2025-05-18
C01713,Customer 1713,Female,51,Kochi,Kerala,Loyal,Email,2025-11-13
C01714,Customer 1714,Male,46,Noida,Uttar Pradesh,Loyal,Affiliate,2026-03-15
C01715,Customer 1715,Male,65,Bengaluru,Karnataka,New,Organic Search,2026-01-11
C01716,Customer 1716,Male,62,Kanpur,Uttar Pradesh,New,Meta Ads,2025-09-07
C01717,Customer 1717,Male,33,Mangaluru,Karnataka,Loyal,Affiliate,2025-12-15
C01718,Customer 1718,Male,36,Vadodara,Gujarat,One-Time,Google Ads,2025-12-22
C01719,Customer 1719,Female,35,Kolkata,West Bengal,Loyal,Marketplace,2025-08-25
C01720,Customer 1720,Female,49,Noida,Uttar Pradesh,One-Time,Affiliate,2025-05-12
C01721,Customer 1721,Male,41,Warangal,Telangana,New,Marketplace,2025-04-03
C01722,Customer 1722,Male,64,Pune,Maharashtra,Loyal,Google Ads,2024-06-30
C01723,Customer 1723,Male,52,Jodhpur,Rajasthan,One-Time,Instagram,2025-06-02
C01724,Customer 1724,Male,40,Vadodara,Gujarat,New,Google Ads,2026-02-03
C01725,Customer 1725,Male,33,Delhi,Delhi,At-Risk,Instagram,2026-02-05
C01726,Customer 1726,Female,55,Hyderabad,Telangana,Loyal,Meta Ads,2025-03-03
C01727,Customer 1727,Male,57,Bengaluru,Karnataka,Dormant,Organic Search,2025-03-12
C01728,Customer 1728,Male,64,Lucknow,Uttar Pradesh,New,Instagram,2025-11-25
C01729,Customer 1729,Female,44,Warangal,Telangana,At-Risk,Marketplace,2026-06-01
C01730,Customer 1730,Male,55,Coimbatore,Tamil Nadu,At-Risk,Meta Ads,2024-01-06
C01731,Customer 1731,Female,60,Kozhikode,Kerala,New,Instagram,2025-09-22
C01732,Customer 1732,Male,21,Hyderabad,Telangana,Loyal,Organic Search,2025-02-05
C01733,Customer 1733,Female,25,Jaipur,Rajasthan,Loyal,Meta Ads,2024-07-26
C01734,Customer 1734,Female,27,Bengaluru,Karnataka,Loyal,Organic Search,2024-10-31
C01735,Customer 1735,Male,29,Lucknow,Uttar Pradesh,One-Time,Organic Search,2026-06-13
C01736,Customer 1736,Male,32,Jaipur,Rajasthan,Dormant,Organic Search,2024-09-24
C01737,Customer 1737,Female,18,Lucknow,Uttar Pradesh,VIP,Organic Search,2025-03-29
C01738,Customer 1738,Female,50,Nagpur,Maharashtra,Dormant,Affiliate,2025-08-30
C01739,Customer 1739,Male,47,Vadodara,Gujarat,At-Risk,Marketplace,2024-08-25
C01740,Customer 1740,Other,50,Kanpur,Uttar Pradesh,At-Risk,Google Ads,2026-01-12
C01741,Customer 1741,Male,55,Mysuru,Karnataka,VIP,Email,2024-03-06
C01742,Customer 1742,Female,24,Pune,Maharashtra,Loyal,Affiliate,2026-02-16
C01743,Customer 1743,Male,33,Nizamabad,Telangana,At-Risk,Google Ads,2025-09-18
C01744,Customer 1744,Male,39,Kochi,Kerala,Loyal,Email,2025-12-21
C01745,Customer 1745,Female,30,Jodhpur,Rajasthan,New,Organic Search,2024-03-23
C01746,Customer 1746,Female,38,Howrah,West Bengal,Loyal,Meta Ads,2025-12-31
C01747,Customer 1747,Female,40,Jodhpur,Rajasthan,New,Instagram,2024-09-09
C01748,Customer 1748,Female,51,Ahmedabad,Gujarat,Dormant,Affiliate,2026-01-21
C01749,Customer 1749,Male,28,Delhi,Delhi,Loyal,Google Ads,2024-11-11
C01750,Customer 1750,Female,30,Madurai,Tamil Nadu,Loyal,Google Ads,2025-09-16
C01751,Customer 1751,Male,31,Kolkata,West Bengal,New,Affiliate,2026-06-12
C01752,Customer 1752,Male,29,Pune,Maharashtra,Loyal,Affiliate,2025-11-14
C01753,Customer 1753,Male,57,Lucknow,Uttar Pradesh,One-Time,Organic Search,2024-03-14
C01754,Customer 1754,Male,46,Lucknow,Uttar Pradesh,Loyal,Instagram,2024-07-18
C01755,Customer 1755,Male,56,Mangaluru,Karnataka,Loyal,Google Ads,2024-04-25
C01756,Customer 1756,Female,21,Surat,Gujarat,Loyal,Affiliate,2026-05-11
C01757,Customer 1757,Female,51,Mumbai,Maharashtra,One-Time,Meta Ads,2024-10-17
C01758,Customer 1758,Male,50,Thiruvananthapuram,Kerala,Loyal,Marketplace,2025-03-28
C01759,Customer 1759,Female,55,Kochi,Kerala,Loyal,Affiliate,2025-06-03
C01760,Customer 1760,Female,39,Kozhikode,Kerala,At-Risk,Google Ads,2024-08-24
C01761,Customer 1761,Female,53,Mangaluru,Karnataka,At-Risk,Organic Search,2024-11-28
C01762,Customer 1762,Female,43,Mumbai,Maharashtra,VIP,Marketplace,2025-02-13
C01763,Customer 1763,Female,56,Mumbai,Maharashtra,One-Time,Influencer,2024-01-13
C01764,Customer 1764,Male,56,Nizamabad,Telangana,New,Organic Search,2026-01-10
C01765,Customer 1765,Male,58,Nagpur,Maharashtra,Dormant,Google Ads,2026-03-25
C01766,Customer 1766,Male,26,Nizamabad,Telangana,Dormant,Organic Search,2025-09-15
C01767,Customer 1767,Female,52,Kozhikode,Kerala,New,Organic Search,2025-01-27
C01768,Customer 1768,Male,28,Nizamabad,Telangana,VIP,Organic Search,2024-05-17
C01769,Customer 1769,Female,40,Pune,Maharashtra,One-Time,Meta Ads,2024-10-22
C01770,Customer 1770,Male,61,Kanpur,Uttar Pradesh,New,Marketplace,2025-01-29
C01771,Customer 1771,Female,24,Vadodara,Gujarat,Dormant,Email,2024-06-27
C01772,Customer 1772,Female,53,Lucknow,Uttar Pradesh,Dormant,Meta Ads,2025-11-10
C01773,Customer 1773,Male,32,Kolkata,West Bengal,Dormant,Meta Ads,2025-02-09
C01774,Customer 1774,Female,30,Noida,Uttar Pradesh,New,Meta Ads,2025-09-16
C01775,Customer 1775,Female,20,Howrah,West Bengal,Loyal,Email,2025-04-08
C01776,Customer 1776,Female,52,Delhi,Delhi,At-Risk,Meta Ads,2024-06-19
C01777,Customer 1777,Other,57,Jaipur,Rajasthan,Loyal,Email,2025-08-10
C01778,Customer 1778,Male,39,Coimbatore,Tamil Nadu,Loyal,Meta Ads,2025-10-30
C01779,Customer 1779,Male,27,Mangaluru,Karnataka,Loyal,Meta Ads,2025-01-17
C01780,Customer 1780,Female,47,New Delhi,Delhi,New,Google Ads,2025-08-30
C01781,Customer 1781,Female,64,Nagpur,Maharashtra,Loyal,Meta Ads,2026-06-03
C01782,Customer 1782,Male,55,Lucknow,Uttar Pradesh,At-Risk,Instagram,2024-08-07
C01783,Customer 1783,Female,54,Bengaluru,Karnataka,New,Instagram,2026-03-11
C01784,Customer 1784,Female,20,Mumbai,Maharashtra,New,Organic Search,2024-10-03
C01785,Customer 1785,Male,61,Mangaluru,Karnataka,Loyal,Email,2024-02-09
C01786,Customer 1786,Female,47,Kanpur,Uttar Pradesh,Loyal,Organic Search,2025-01-12
C01787,Customer 1787,Male,49,Bengaluru,Karnataka,One-Time,Google Ads,2026-01-07
C01788,Customer 1788,Male,34,Kolkata,West Bengal,New,Instagram,2025-08-29
C01789,Customer 1789,Male,60,Lucknow,Uttar Pradesh,VIP,Google Ads,2024-10-26
C01790,Customer 1790,Male,42,Nizamabad,Telangana,New,Email,2026-05-06
C01791,Customer 1791,Female,29,Kanpur,Uttar Pradesh,Loyal,Organic Search,2026-06-04
C01792,Customer 1792,Male,35,Mangaluru,Karnataka,Loyal,Affiliate,2026-06-14
C01793,Customer 1793,Male,28,Pune,Maharashtra,Loyal,Email,2025-05-13
C01794,Customer 1794,Male,63,Kolkata,West Bengal,Loyal,Instagram,2025-09-12
C01795,Customer 1795,Male,56,Kochi,Kerala,VIP,Meta Ads,2025-04-22
C01796,Customer 1796,Other,46,Mangaluru,Karnataka,Loyal,Marketplace,2025-01-06
C01797,Customer 1797,Male,54,Surat,Gujarat,Loyal,Meta Ads,2025-04-17
C01798,Customer 1798,Male,58,Bengaluru,Karnataka,Loyal,Google Ads,2024-03-02
C01799,Customer 1799,Female,34,Vadodara,Gujarat,Loyal,Google Ads,2024-05-26
C01800,Customer 1800,Other,30,Kolkata,West Bengal,Loyal,Marketplace,2025-06-17
C01801,Customer 1801,Male,61,Vadodara,Gujarat,Loyal,Marketplace,2025-01-12
C01802,Customer 1802,Female,35,Kolkata,West Bengal,Loyal,Meta Ads,2025-03-09
C01803,Customer 1803,Male,19,Pune,Maharashtra,New,Google Ads,2026-04-03
C01804,Customer 1804,Male,55,Jaipur,Rajasthan,VIP,Affiliate,2025-08-26
C01805,Customer 1805,Male,28,Howrah,West Bengal,New,Meta Ads,2024-03-05
C01806,Customer 1806,Female,29,Kolkata,West Bengal,Dormant,Google Ads,2026-05-18
C01807,Customer 1807,Male,51,Warangal,Telangana,Loyal,Instagram,2026-02-15
C01808,Customer 1808,Male,65,Coimbatore,Tamil Nadu,New,Instagram,2024-05-30
C01809,Customer 1809,Female,22,Madurai,Tamil Nadu,Loyal,Instagram,2026-02-05
C01810,Customer 1810,Other,49,Hyderabad,Telangana,One-Time,Organic Search,2024-11-29
C01811,Customer 1811,Male,33,Mumbai,Maharashtra,Dormant,Organic Search,2024-12-01
C01812,Customer 1812,Female,61,Chennai,Tamil Nadu,Dormant,Email,2025-06-02
C01813,Customer 1813,Male,61,Udaipur,Rajasthan,At-Risk,Google Ads,2026-03-26
C01814,Customer 1814,Female,23,Nagpur,Maharashtra,Loyal,Google Ads,2024-11-11
C01815,Customer 1815,Female,20,Noida,Uttar Pradesh,Dormant,Marketplace,2025-06-02
C01816,Customer 1816,Female,37,Ahmedabad,Gujarat,Loyal,Meta Ads,2024-06-07
C01817,Customer 1817,Male,21,Kanpur,Uttar Pradesh,At-Risk,Instagram,2024-03-17
C01818,Customer 1818,Male,34,Delhi,Delhi,New,Google Ads,2025-06-22
C01819,Customer 1819,Male,26,Delhi,Delhi,Dormant,Meta Ads,2024-07-30
C01820,Customer 1820,Female,64,Vadodara,Gujarat,Loyal,Email,2024-02-05
C01821,Customer 1821,Female,52,Kochi,Kerala,One-Time,Meta Ads,2024-01-08
C01822,Customer 1822,Male,24,Delhi,Delhi,Dormant,Organic Search,2024-12-05
C01823,Customer 1823,Male,47,New Delhi,Delhi,VIP,Instagram,2024-08-12
C01824,Customer 1824,Female,53,Surat,Gujarat,Dormant,Affiliate,2026-05-25
C01825,Customer 1825,Female,56,Jaipur,Rajasthan,New,Organic Search,2025-03-06
C01826,Customer 1826,Male,48,Warangal,Telangana,Loyal,Meta Ads,2025-03-06
C01827,Customer 1827,Male,46,Delhi,Delhi,VIP,Affiliate,2024-05-20
C01828,Customer 1828,Female,58,Delhi,Delhi,New,Marketplace,2024-04-01
C01829,Customer 1829,Other,30,Kozhikode,Kerala,At-Risk,Google Ads,2024-09-26
C01830,Customer 1830,Female,64,Delhi,Delhi,Loyal,Organic Search,2026-01-20
C01831,Customer 1831,Male,28,New Delhi,Delhi,One-Time,Organic Search,2025-07-12
C01832,Customer 1832,Female,56,Kozhikode,Kerala,VIP,Organic Search,2024-06-10
C01833,Customer 1833,Male,64,Delhi,Delhi,New,Google Ads,2024-02-03
C01834,Customer 1834,Female,30,Pune,Maharashtra,At-Risk,Google Ads,2024-08-13
C01835,Customer 1835,Male,49,Pune,Maharashtra,At-Risk,Meta Ads,2024-09-02
C01836,Customer 1836,Male,58,Warangal,Telangana,Loyal,Google Ads,2026-05-16
C01837,Customer 1837,Female,32,Nizamabad,Telangana,Loyal,Instagram,2024-06-02
C01838,Customer 1838,Female,43,Madurai,Tamil Nadu,One-Time,Influencer,2025-11-28
C01839,Customer 1839,Male,56,Lucknow,Uttar Pradesh,One-Time,Meta Ads,2024-12-13
C01840,Customer 1840,Female,49,Jaipur,Rajasthan,At-Risk,Instagram,2024-10-16
C01841,Customer 1841,Female,56,Hyderabad,Telangana,One-Time,Meta Ads,2024-07-07
C01842,Customer 1842,Male,31,Surat,Gujarat,One-Time,Instagram,2025-08-05
C01843,Customer 1843,Female,42,Nagpur,Maharashtra,One-Time,Affiliate,2025-09-13
C01844,Customer 1844,Male,57,Thiruvananthapuram,Kerala,Loyal,Influencer,2025-03-14
C01845,Customer 1845,Male,28,Mumbai,Maharashtra,At-Risk,Instagram,2026-05-03
C01846,Customer 1846,Female,39,Howrah,West Bengal,New,Instagram,2026-03-14
C01847,Customer 1847,Female,43,Mysuru,Karnataka,One-Time,Meta Ads,2025-12-10
C01848,Customer 1848,Female,56,Kolkata,West Bengal,New,Marketplace,2025-05-19
C01849,Customer 1849,Male,54,Madurai,Tamil Nadu,New,Meta Ads,2025-04-13
C01850,Customer 1850,Female,38,Jaipur,Rajasthan,One-Time,Meta Ads,2025-08-17
C01851,Customer 1851,Male,63,Pune,Maharashtra,At-Risk,Instagram,2025-06-08
C01852,Customer 1852,Male,47,Kochi,Kerala,Loyal,Google Ads,2024-05-14
C01853,Customer 1853,Male,47,New Delhi,Delhi,New,Meta Ads,2025-08-12
C01854,Customer 1854,Female,22,Jodhpur,Rajasthan,Loyal,Marketplace,2024-08-12
C01855,Customer 1855,Female,28,Noida,Uttar Pradesh,At-Risk,Google Ads,2025-10-27
C01856,Customer 1856,Male,22,Kozhikode,Kerala,One-Time,Meta Ads,2024-01-24
C01857,Customer 1857,Male,18,Mumbai,Maharashtra,New,Meta Ads,2024-02-14
C01858,Customer 1858,Male,63,Mangaluru,Karnataka,At-Risk,Meta Ads,2025-06-13
C01859,Customer 1859,Female,31,Mangaluru,Karnataka,New,Marketplace,2025-12-07
C01860,Customer 1860,Male,52,Mysuru,Karnataka,At-Risk,Organic Search,2025-05-21
C01861,Customer 1861,Female,43,Ahmedabad,Gujarat,At-Risk,Marketplace,2024-06-01
C01862,Customer 1862,Male,26,Kochi,Kerala,At-Risk,Influencer,2024-10-04
C01863,Customer 1863,Male,57,Thiruvananthapuram,Kerala,New,Organic Search,2025-02-03
C01864,Customer 1864,Female,46,Delhi,Delhi,New,Email,2024-07-27
C01865,Customer 1865,Male,54,Howrah,West Bengal,At-Risk,Email,2026-05-16
C01866,Customer 1866,Male,55,Kanpur,Uttar Pradesh,Loyal,Organic Search,2025-02-11
C01867,Customer 1867,Female,57,Kochi,Kerala,One-Time,Organic Search,2026-03-13
C01868,Customer 1868,Female,46,Pune,Maharashtra,Loyal,Organic Search,2024-04-03
C01869,Customer 1869,Male,25,Delhi,Delhi,New,Instagram,2025-02-23
C01870,Customer 1870,Male,39,Noida,Uttar Pradesh,Loyal,Organic Search,2026-02-06
C01871,Customer 1871,Female,53,Mangaluru,Karnataka,Dormant,Google Ads,2024-09-09
C01872,Customer 1872,Female,58,Chennai,Tamil Nadu,Loyal,Email,2026-01-18
C01873,Customer 1873,Male,43,Kozhikode,Kerala,Loyal,Email,2025-11-12
C01874,Customer 1874,Female,20,Kozhikode,Kerala,Dormant,Email,2025-06-20
C01875,Customer 1875,Female,65,Thiruvananthapuram,Kerala,VIP,Email,2024-02-09
C01876,Customer 1876,Female,48,Noida,Uttar Pradesh,New,Organic Search,2026-03-22
C01877,Customer 1877,Male,44,Mangaluru,Karnataka,Loyal,Organic Search,2025-03-05
C01878,Customer 1878,Female,40,Mysuru,Karnataka,New,Meta Ads,2025-07-06
C01879,Customer 1879,Female,38,Ahmedabad,Gujarat,One-Time,Meta Ads,2025-09-11
C01880,Customer 1880,Female,49,Vadodara,Gujarat,Loyal,Google Ads,2025-03-17
C01881,Customer 1881,Female,48,New Delhi,Delhi,New,Google Ads,2024-05-23
C01882,Customer 1882,Other,31,Howrah,West Bengal,New,Meta Ads,2025-06-23
C01883,Customer 1883,Female,36,Chennai,Tamil Nadu,Loyal,Affiliate,2025-06-23
C01884,Customer 1884,Female,25,Udaipur,Rajasthan,One-Time,Affiliate,2024-03-17
C01885,Customer 1885,Male,33,Mangaluru,Karnataka,Loyal,Meta Ads,2024-06-28
C01886,Customer 1886,Other,64,Mysuru,Karnataka,One-Time,Influencer,2024-07-14
C01887,Customer 1887,Male,30,Pune,Maharashtra,VIP,Instagram,2024-11-21
C01888,Customer 1888,Female,59,Pune,Maharashtra,At-Risk,Affiliate,2025-05-17
C01889,Customer 1889,Male,39,Noida,Uttar Pradesh,New,Email,2025-07-05
C01890,Customer 1890,Male,61,Madurai,Tamil Nadu,At-Risk,Organic Search,2024-04-11
C01891,Customer 1891,Male,45,Mumbai,Maharashtra,New,Meta Ads,2026-02-12
C01892,Customer 1892,Female,54,Udaipur,Rajasthan,One-Time,Google Ads,2025-12-29
C01893,Customer 1893,Female,36,Surat,Gujarat,One-Time,Meta Ads,2024-03-24
C01894,Customer 1894,Female,21,Nizamabad,Telangana,New,Organic Search,2024-06-02
C01895,Customer 1895,Male,35,Mysuru,Karnataka,New,Marketplace,2026-01-26
C01896,Customer 1896,Female,48,Nagpur,Maharashtra,At-Risk,Organic Search,2025-01-11
C01897,Customer 1897,Male,29,Kolkata,West Bengal,At-Risk,Affiliate,2025-02-03
C01898,Customer 1898,Male,36,Mysuru,Karnataka,Dormant,Google Ads,2025-03-12
C01899,Customer 1899,Male,20,Hyderabad,Telangana,Dormant,Affiliate,2026-06-11
C01900,Customer 1900,Male,34,Hyderabad,Telangana,Loyal,Influencer,2024-05-22
C01901,Customer 1901,Male,22,Ahmedabad,Gujarat,New,Instagram,2026-04-27
C01902,Customer 1902,Female,29,Warangal,Telangana,New,Email,2024-08-05
C01903,Customer 1903,Male,36,Kanpur,Uttar Pradesh,Loyal,Google Ads,2026-03-19
C01904,Customer 1904,Female,26,Nagpur,Maharashtra,At-Risk,Google Ads,2025-03-11
C01905,Customer 1905,Female,21,Vadodara,Gujarat,One-Time,Google Ads,2025-11-13
C01906,Customer 1906,Female,24,Coimbatore,Tamil Nadu,New,Organic Search,2024-04-06
C01907,Customer 1907,Male,49,Coimbatore,Tamil Nadu,Loyal,Affiliate,2024-11-24
C01908,Customer 1908,Female,23,Nizamabad,Telangana,At-Risk,Google Ads,2024-06-17
C01909,Customer 1909,Female,19,Lucknow,Uttar Pradesh,Loyal,Marketplace,2025-05-31
C01910,Customer 1910,Female,52,Kozhikode,Kerala,VIP,Influencer,2024-01-21
C01911,Customer 1911,Male,40,Nizamabad,Telangana,Loyal,Organic Search,2024-12-08
C01912,Customer 1912,Male,62,Nagpur,Maharashtra,One-Time,Marketplace,2025-03-31
C01913,Customer 1913,Male,36,Kochi,Kerala,Loyal,Marketplace,2025-03-05
C01914,Customer 1914,Female,36,Vadodara,Gujarat,At-Risk,Meta Ads,2026-01-10
C01915,Customer 1915,Male,20,Pune,Maharashtra,VIP,Marketplace,2025-06-30
C01916,Customer 1916,Female,23,Pune,Maharashtra,Loyal,Instagram,2025-12-30
C01917,Customer 1917,Female,58,Kolkata,West Bengal,One-Time,Google Ads,2025-03-26
C01918,Customer 1918,Male,28,Jodhpur,Rajasthan,New,Meta Ads,2024-11-15
C01919,Customer 1919,Male,21,Surat,Gujarat,New,Organic Search,2024-09-20
C01920,Customer 1920,Male,53,Kozhikode,Kerala,New,Marketplace,2025-09-10
C01921,Customer 1921,Female,65,New Delhi,Delhi,New,Instagram,2026-04-09
C01922,Customer 1922,Male,34,Bengaluru,Karnataka,VIP,Organic Search,2026-06-09
C01923,Customer 1923,Female,36,Delhi,Delhi,At-Risk,Meta Ads,2024-07-27
C01924,Customer 1924,Male,49,Chennai,Tamil Nadu,VIP,Influencer,2025-01-16
C01925,Customer 1925,Male,23,Nagpur,Maharashtra,VIP,Google Ads,2025-07-13
C01926,Customer 1926,Female,27,Nizamabad,Telangana,Dormant,Organic Search,2026-04-02
C01927,Customer 1927,Female,59,Chennai,Tamil Nadu,Dormant,Organic Search,2024-10-05
C01928,Customer 1928,Female,54,Udaipur,Rajasthan,One-Time,Google Ads,2025-12-01
C01929,Customer 1929,Male,24,Nizamabad,Telangana,New,Marketplace,2026-01-26
C01930,Customer 1930,Male,49,Coimbatore,Tamil Nadu,New,Marketplace,2024-06-08
C01931,Customer 1931,Male,63,Howrah,West Bengal,At-Risk,Email,2024-10-09
C01932,Customer 1932,Male,28,Ahmedabad,Gujarat,New,Organic Search,2025-02-03
C01933,Customer 1933,Male,28,Noida,Uttar Pradesh,One-Time,Influencer,2026-02-03
C01934,Customer 1934,Male,62,Noida,Uttar Pradesh,Loyal,Google Ads,2026-04-17
C01935,Customer 1935,Male,64,Jodhpur,Rajasthan,Loyal,Google Ads,2024-05-29
C01936,Customer 1936,Female,43,Nizamabad,Telangana,Loyal,Organic Search,2024-05-30
C01937,Customer 1937,Female,41,Delhi,Delhi,At-Risk,Email,2024-12-11
C01938,Customer 1938,Male,28,Surat,Gujarat,Loyal,Organic Search,2024-02-21
C01939,Customer 1939,Male,20,Mysuru,Karnataka,At-Risk,Organic Search,2025-04-08
C01940,Customer 1940,Female,45,Warangal,Telangana,New,Organic Search,2024-08-28
C01941,Customer 1941,Female,25,Mumbai,Maharashtra,At-Risk,Google Ads,2024-12-14
C01942,Customer 1942,Female,37,Delhi,Delhi,Loyal,Meta Ads,2024-01-05
C01943,Customer 1943,Female,63,Chennai,Tamil Nadu,New,Meta Ads,2024-07-27
C01944,Customer 1944,Female,62,Nagpur,Maharashtra,Dormant,Instagram,2024-04-24
C01945,Customer 1945,Male,40,Kanpur,Uttar Pradesh,Dormant,Organic Search,2024-07-20
C01946,Customer 1946,Male,32,Kozhikode,Kerala,At-Risk,Influencer,2025-01-18
C01947,Customer 1947,Male,64,Nagpur,Maharashtra,Dormant,Instagram,2024-07-30
C01948,Customer 1948,Female,60,Thiruvananthapuram,Kerala,One-Time,Organic Search,2025-11-18
C01949,Customer 1949,Female,46,Warangal,Telangana,New,Meta Ads,2025-02-10
C01950,Customer 1950,Female,53,Thiruvananthapuram,Kerala,New,Email,2024-07-11
C01951,Customer 1951,Female,39,Thiruvananthapuram,Kerala,At-Risk,Marketplace,2025-07-16
C01952,Customer 1952,Male,50,Hyderabad,Telangana,At-Risk,Meta Ads,2026-02-03
C01953,Customer 1953,Female,44,Kanpur,Uttar Pradesh,Dormant,Affiliate,2025-03-24
C01954,Customer 1954,Female,26,Thiruvananthapuram,Kerala,At-Risk,Google Ads,2026-06-08
C01955,Customer 1955,Male,21,Kozhikode,Kerala,Loyal,Meta Ads,2024-11-16
C01956,Customer 1956,Male,22,Kochi,Kerala,New,Organic Search,2025-02-21
C01957,Customer 1957,Female,56,Surat,Gujarat,New,Affiliate,2025-01-16
C01958,Customer 1958,Male,59,Warangal,Telangana,Loyal,Organic Search,2026-06-11
C01959,Customer 1959,Female,42,Kanpur,Uttar Pradesh,At-Risk,Influencer,2025-10-10
C01960,Customer 1960,Female,45,Surat,Gujarat,New,Affiliate,2025-06-04
C01961,Customer 1961,Female,62,Ahmedabad,Gujarat,Dormant,Organic Search,2024-11-24
C01962,Customer 1962,Male,64,Coimbatore,Tamil Nadu,VIP,Meta Ads,2024-02-24
C01963,Customer 1963,Male,52,Vadodara,Gujarat,One-Time,Instagram,2026-03-22
C01964,Customer 1964,Male,42,Mumbai,Maharashtra,At-Risk,Organic Search,2024-04-09
C01965,Customer 1965,Male,39,Jodhpur,Rajasthan,Loyal,Organic Search,2025-10-15
C01966,Customer 1966,Female,46,Hyderabad,Telangana,VIP,Instagram,2025-04-06
C01967,Customer 1967,Male,53,Udaipur,Rajasthan,One-Time,Instagram,2025-09-21
C01968,Customer 1968,Female,65,Lucknow,Uttar Pradesh,One-Time,Google Ads,2026-04-09
C01969,Customer 1969,Male,49,New Delhi,Delhi,New,Google Ads,2024-06-24
C01970,Customer 1970,Female,52,Delhi,Delhi,Loyal,Email,2024-03-29
C01971,Customer 1971,Female,19,Mangaluru,Karnataka,At-Risk,Influencer,2024-11-29
C01972,Customer 1972,Male,35,Kochi,Kerala,Dormant,Affiliate,2025-05-29
C01973,Customer 1973,Male,31,Jaipur,Rajasthan,At-Risk,Marketplace,2024-03-01
C01974,Customer 1974,Male,57,Chennai,Tamil Nadu,New,Organic Search,2025-12-30
C01975,Customer 1975,Male,30,Pune,Maharashtra,Dormant,Meta Ads,2025-06-28
C01976,Customer 1976,Female,32,Nagpur,Maharashtra,New,Organic Search,2026-06-03
C01977,Customer 1977,Female,49,New Delhi,Delhi,New,Affiliate,2024-09-14
C01978,Customer 1978,Female,43,Kochi,Kerala,VIP,Organic Search,2026-03-28
C01979,Customer 1979,Female,37,Jodhpur,Rajasthan,Dormant,Email,2024-12-11
C01980,Customer 1980,Female,29,Nagpur,Maharashtra,Dormant,Organic Search,2024-04-05
C01981,Customer 1981,Female,61,Noida,Uttar Pradesh,At-Risk,Google Ads,2026-01-25
C01982,Customer 1982,Male,65,Coimbatore,Tamil Nadu,New,Meta Ads,2024-03-10
C01983,Customer 1983,Female,21,Kanpur,Uttar Pradesh,New,Google Ads,2025-10-03
C01984,Customer 1984,Female,62,Mangaluru,Karnataka,New,Instagram,2024-07-03
C01985,Customer 1985,Female,57,Surat,Gujarat,Loyal,Marketplace,2025-08-26
C01986,Customer 1986,Male,59,Thiruvananthapuram,Kerala,Loyal,Meta Ads,2024-09-08
C01987,Customer 1987,Female,39,Mysuru,Karnataka,New,Google Ads,2024-03-13
C01988,Customer 1988,Male,37,Jaipur,Rajasthan,Loyal,Affiliate,2026-02-18
C01989,Customer 1989,Male,47,Thiruvananthapuram,Kerala,Loyal,Influencer,2024-11-13
C01990,Customer 1990,Male,52,Nagpur,Maharashtra,VIP,Email,2025-08-03
C01991,Customer 1991,Male,62,Hyderabad,Telangana,One-Time,Instagram,2024-02-05
C01992,Customer 1992,Male,30,Howrah,West Bengal,One-Time,Instagram,2026-04-28
C01993,Customer 1993,Female,64,Mysuru,Karnataka,Loyal,Organic Search,2025-07-12
C01994,Customer 1994,Male,36,Warangal,Telangana,VIP,Influencer,2025-01-11
C01995,Customer 1995,Female,49,New Delhi,Delhi,One-Time,Meta Ads,2026-03-21
C01996,Customer 1996,Female,56,Udaipur,Rajasthan,New,Marketplace,2025-01-04
C01997,Customer 1997,Male,49,Bengaluru,Karnataka,Dormant,Organic Search,2024-10-23
C01998,Customer 1998,Male,20,Mysuru,Karnataka,VIP,Organic Search,2024-09-08
C01999,Customer 1999,Female,60,Lucknow,Uttar Pradesh,New,Google Ads,2025-08-10
C02000,Customer 2000,Female,20,Delhi,Delhi,Loyal,Marketplace,2025-01-28
C02001,Customer 2001,Female,43,Lucknow,Uttar Pradesh,Loyal,Email,2025-05-27
C02002,Customer 2002,Male,49,Madurai,Tamil Nadu,New,Instagram,2025-12-12
C02003,Customer 2003,Male,30,Thiruvananthapuram,Kerala,New,Instagram,2025-08-12
C02004,Customer 2004,Female,55,Kolkata,West Bengal,Dormant,Meta Ads,2025-09-19
C02005,Customer 2005,Female,46,Nagpur,Maharashtra,Loyal,Google Ads,2025-07-02
C02006,Customer 2006,Female,36,Kanpur,Uttar Pradesh,New,Google Ads,2025-12-11
C02007,Customer 2007,Male,25,New Delhi,Delhi,At-Risk,Meta Ads,2025-10-12
C02008,Customer 2008,Male,50,Nagpur,Maharashtra,Loyal,Email,2026-01-17
C02009,Customer 2009,Male,22,Nagpur,Maharashtra,Loyal,Organic Search,2025-07-23
C02010,Customer 2010,Male,61,Howrah,West Bengal,One-Time,Organic Search,2024-01-04
C02011,Customer 2011,Female,23,Warangal,Telangana,New,Organic Search,2026-03-29
C02012,Customer 2012,Female,22,Bengaluru,Karnataka,New,Google Ads,2024-08-01
C02013,Customer 2013,Female,27,Pune,Maharashtra,Dormant,Instagram,2025-10-09
C02014,Customer 2014,Male,57,Madurai,Tamil Nadu,Loyal,Organic Search,2025-08-11
C02015,Customer 2015,Male,58,Coimbatore,Tamil Nadu,At-Risk,Organic Search,2025-08-17
C02016,Customer 2016,Male,45,Delhi,Delhi,New,Meta Ads,2025-02-05
C02017,Customer 2017,Female,56,Mangaluru,Karnataka,At-Risk,Marketplace,2025-02-10
C02018,Customer 2018,Male,38,Warangal,Telangana,Loyal,Affiliate,2024-04-15
C02019,Customer 2019,Female,65,Ahmedabad,Gujarat,Loyal,Influencer,2024-08-08
C02020,Customer 2020,Female,20,Madurai,Tamil Nadu,One-Time,Organic Search,2024-02-28
C02021,Customer 2021,Female,47,Howrah,West Bengal,Loyal,Instagram,2026-03-27
C02022,Customer 2022,Female,36,Warangal,Telangana,New,Marketplace,2026-04-29
C02023,Customer 2023,Female,35,Warangal,Telangana,New,Marketplace,2024-04-06
C02024,Customer 2024,Female,56,Mangaluru,Karnataka,At-Risk,Affiliate,2026-02-02
C02025,Customer 2025,Male,54,Delhi,Delhi,New,Marketplace,2025-09-04
C02026,Customer 2026,Male,44,Madurai,Tamil Nadu,New,Marketplace,2024-10-14
C02027,Customer 2027,Male,59,Kanpur,Uttar Pradesh,Dormant,Organic Search,2024-05-22
C02028,Customer 2028,Male,26,Chennai,Tamil Nadu,One-Time,Meta Ads,2025-07-29
C02029,Customer 2029,Male,21,Vadodara,Gujarat,Loyal,Email,2024-01-25
C02030,Customer 2030,Other,29,Vadodara,Gujarat,At-Risk,Organic Search,2024-05-12
C02031,Customer 2031,Female,22,Hyderabad,Telangana,VIP,Affiliate,2024-04-04
C02032,Customer 2032,Other,58,Delhi,Delhi,New,Email,2024-05-01
C02033,Customer 2033,Female,42,Mangaluru,Karnataka,Loyal,Email,2024-01-07
C02034,Customer 2034,Female,38,Coimbatore,Tamil Nadu,Loyal,Marketplace,2024-10-27
C02035,Customer 2035,Male,41,Nizamabad,Telangana,One-Time,Instagram,2025-12-22
C02036,Customer 2036,Female,22,Noida,Uttar Pradesh,VIP,Google Ads,2024-09-10
C02037,Customer 2037,Female,49,Kochi,Kerala,Dormant,Organic Search,2024-08-11
C02038,Customer 2038,Female,64,Hyderabad,Telangana,New,Instagram,2026-05-31
C02039,Customer 2039,Male,24,Vadodara,Gujarat,New,Meta Ads,2025-03-09
C02040,Customer 2040,Male,30,Kanpur,Uttar Pradesh,VIP,Organic Search,2024-01-22
C02041,Customer 2041,Female,55,Mysuru,Karnataka,Loyal,Marketplace,2025-06-13
C02042,Customer 2042,Female,56,Noida,Uttar Pradesh,At-Risk,Meta Ads,2025-05-07
C02043,Customer 2043,Male,31,Kolkata,West Bengal,New,Instagram,2025-01-17
C02044,Customer 2044,Female,18,Kozhikode,Kerala,New,Email,2026-02-07
C02045,Customer 2045,Female,52,Kozhikode,Kerala,VIP,Organic Search,2025-09-05
C02046,Customer 2046,Female,30,Nizamabad,Telangana,Dormant,Instagram,2024-01-24
C02047,Customer 2047,Male,56,Madurai,Tamil Nadu,New,Instagram,2024-12-01
C02048,Customer 2048,Female,34,Vadodara,Gujarat,At-Risk,Organic Search,2025-05-13
C02049,Customer 2049,Female,64,Pune,Maharashtra,One-Time,Marketplace,2025-08-18
C02050,Customer 2050,Female,59,Bengaluru,Karnataka,New,Meta Ads,2024-12-07
C02051,Customer 2051,Male,21,Thiruvananthapuram,Kerala,Loyal,Organic Search,2025-02-04
C02052,Customer 2052,Female,53,Nizamabad,Telangana,One-Time,Affiliate,2024-07-13
C02053,Customer 2053,Male,52,Delhi,Delhi,VIP,Meta Ads,2025-06-24
C02054,Customer 2054,Male,32,Lucknow,Uttar Pradesh,One-Time,Affiliate,2024-07-30
C02055,Customer 2055,Female,62,Mangaluru,Karnataka,Loyal,Meta Ads,2025-03-15
C02056,Customer 2056,Female,55,Delhi,Delhi,New,Google Ads,2026-01-03
C02057,Customer 2057,Female,30,Thiruvananthapuram,Kerala,At-Risk,Google Ads,2026-04-04
C02058,Customer 2058,Other,56,New Delhi,Delhi,Dormant,Google Ads,2025-02-22
C02059,Customer 2059,Male,52,Mumbai,Maharashtra,One-Time,Affiliate,2024-07-05
C02060,Customer 2060,Male,42,Nizamabad,Telangana,Loyal,Organic Search,2024-02-11
C02061,Customer 2061,Male,60,Kochi,Kerala,Dormant,Affiliate,2026-01-30
C02062,Customer 2062,Other,42,Mysuru,Karnataka,New,Organic Search,2025-01-02
C02063,Customer 2063,Male,30,New Delhi,Delhi,At-Risk,Instagram,2024-06-18
C02064,Customer 2064,Female,42,Hyderabad,Telangana,Loyal,Marketplace,2026-01-05
C02065,Customer 2065,Male,41,Coimbatore,Tamil Nadu,At-Risk,Influencer,2025-03-09
C02066,Customer 2066,Male,26,Kozhikode,Kerala,One-Time,Meta Ads,2025-09-12
C02067,Customer 2067,Male,45,Delhi,Delhi,One-Time,Affiliate,2024-02-27
C02068,Customer 2068,Male,57,Thiruvananthapuram,Kerala,One-Time,Affiliate,2026-05-09
C02069,Customer 2069,Male,60,Bengaluru,Karnataka,New,Email,2024-10-10
C02070,Customer 2070,Male,52,Delhi,Delhi,New,Google Ads,2025-11-26
C02071,Customer 2071,Male,41,Lucknow,Uttar Pradesh,Dormant,Meta Ads,2024-09-24
C02072,Customer 2072,Male,58,Madurai,Tamil Nadu,New,Marketplace,2024-06-02
C02073,Customer 2073,Female,62,Mysuru,Karnataka,New,Organic Search,2025-01-04
C02074,Customer 2074,Female,57,Noida,Uttar Pradesh,One-Time,Affiliate,2024-03-01
C02075,Customer 2075,Male,56,Coimbatore,Tamil Nadu,One-Time,Marketplace,2025-04-02
C02076,Customer 2076,Other,55,Surat,Gujarat,Loyal,Meta Ads,2025-02-20
C02077,Customer 2077,Male,41,Kochi,Kerala,New,Marketplace,2024-03-10
C02078,Customer 2078,Female,55,Pune,Maharashtra,At-Risk,Email,2025-02-04
C02079,Customer 2079,Male,36,Mysuru,Karnataka,At-Risk,Organic Search,2025-05-28
C02080,Customer 2080,Female,63,Nizamabad,Telangana,New,Meta Ads,2025-05-07
C02081,Customer 2081,Male,60,Coimbatore,Tamil Nadu,At-Risk,Meta Ads,2024-03-05
C02082,Customer 2082,Male,47,Nagpur,Maharashtra,One-Time,Meta Ads,2025-08-27
C02083,Customer 2083,Male,52,Kolkata,West Bengal,One-Time,Meta Ads,2024-10-25
C02084,Customer 2084,Male,57,Mumbai,Maharashtra,Dormant,Google Ads,2024-08-16
C02085,Customer 2085,Male,45,Kolkata,West Bengal,At-Risk,Meta Ads,2026-02-07
C02086,Customer 2086,Female,56,Mangaluru,Karnataka,One-Time,Organic Search,2026-06-08
C02087,Customer 2087,Male,53,Chennai,Tamil Nadu,Loyal,Marketplace,2024-04-12
C02088,Customer 2088,Female,30,Bengaluru,Karnataka,One-Time,Google Ads,2025-03-21
C02089,Customer 2089,Female,25,Udaipur,Rajasthan,Loyal,Google Ads,2024-08-26
C02090,Customer 2090,Male,45,Delhi,Delhi,VIP,Organic Search,2025-10-05
C02091,Customer 2091,Female,18,Coimbatore,Tamil Nadu,New,Organic Search,2025-06-30
C02092,Customer 2092,Male,53,Kanpur,Uttar Pradesh,Dormant,Organic Search,2025-01-02
C02093,Customer 2093,Female,50,Vadodara,Gujarat,VIP,Marketplace,2025-11-03
C02094,Customer 2094,Female,22,Nagpur,Maharashtra,New,Meta Ads,2025-09-07
C02095,Customer 2095,Female,32,Thiruvananthapuram,Kerala,At-Risk,Email,2026-04-14
C02096,Customer 2096,Female,43,Mysuru,Karnataka,VIP,Marketplace,2026-06-04
C02097,Customer 2097,Female,52,Hyderabad,Telangana,One-Time,Organic Search,2025-01-07
C02098,Customer 2098,Male,18,New Delhi,Delhi,Loyal,Organic Search,2024-05-18
C02099,Customer 2099,Male,44,Nagpur,Maharashtra,At-Risk,Marketplace,2026-04-10
C02100,Customer 2100,Female,29,Mumbai,Maharashtra,Dormant,Meta Ads,2025-01-27
C02101,Customer 2101,Male,37,Udaipur,Rajasthan,One-Time,Google Ads,2026-03-10
C02102,Customer 2102,Male,41,Mumbai,Maharashtra,Loyal,Google Ads,2025-09-19
C02103,Customer 2103,Male,27,Lucknow,Uttar Pradesh,At-Risk,Affiliate,2025-04-16
C02104,Customer 2104,Male,32,Thiruvananthapuram,Kerala,Dormant,Influencer,2026-02-10
C02105,Customer 2105,Male,37,Ahmedabad,Gujarat,New,Meta Ads,2025-11-09
C02106,Customer 2106,Female,55,Udaipur,Rajasthan,Loyal,Instagram,2025-07-27
C02107,Customer 2107,Female,31,Jodhpur,Rajasthan,At-Risk,Organic Search,2025-04-11
C02108,Customer 2108,Female,48,Thiruvananthapuram,Kerala,New,Google Ads,2024-07-27
C02109,Customer 2109,Male,35,Mysuru,Karnataka,Loyal,Influencer,2024-07-09
C02110,Customer 2110,Female,30,Mumbai,Maharashtra,Loyal,Instagram,2025-08-03
C02111,Customer 2111,Male,23,Delhi,Delhi,Loyal,Influencer,2024-12-12
C02112,Customer 2112,Female,18,Vadodara,Gujarat,VIP,Affiliate,2025-07-14
C02113,Customer 2113,Female,34,Mumbai,Maharashtra,New,Meta Ads,2025-10-06
C02114,Customer 2114,Female,30,Ahmedabad,Gujarat,At-Risk,Organic Search,2024-02-09
C02115,Customer 2115,Male,54,Hyderabad,Telangana,One-Time,Organic Search,2024-03-18
C02116,Customer 2116,Female,42,Kochi,Kerala,At-Risk,Meta Ads,2025-06-30
C02117,Customer 2117,Male,20,Mysuru,Karnataka,One-Time,Meta Ads,2026-05-28
C02118,Customer 2118,Male,54,Nizamabad,Telangana,New,Affiliate,2025-04-24
C02119,Customer 2119,Female,37,Warangal,Telangana,Dormant,Organic Search,2025-08-30
C02120,Customer 2120,Male,46,Bengaluru,Karnataka,At-Risk,Organic Search,2024-09-17
C02121,Customer 2121,Male,24,Bengaluru,Karnataka,One-Time,Meta Ads,2024-07-13
C02122,Customer 2122,Male,20,Warangal,Telangana,One-Time,Organic Search,2024-08-03
C02123,Customer 2123,Female,22,Bengaluru,Karnataka,Loyal,Organic Search,2026-04-26
C02124,Customer 2124,Male,40,Pune,Maharashtra,Dormant,Meta Ads,2025-11-22
C02125,Customer 2125,Male,60,Chennai,Tamil Nadu,One-Time,Meta Ads,2024-11-16
C02126,Customer 2126,Male,64,Chennai,Tamil Nadu,Dormant,Instagram,2024-02-28
C02127,Customer 2127,Female,56,Mysuru,Karnataka,One-Time,Organic Search,2026-02-12
C02128,Customer 2128,Male,61,Bengaluru,Karnataka,VIP,Meta Ads,2024-09-13
C02129,Customer 2129,Male,54,Warangal,Telangana,One-Time,Influencer,2024-08-02
C02130,Customer 2130,Female,53,Hyderabad,Telangana,New,Meta Ads,2025-09-22
C02131,Customer 2131,Male,38,Mumbai,Maharashtra,Dormant,Influencer,2024-04-20
C02132,Customer 2132,Female,31,Jodhpur,Rajasthan,New,Google Ads,2024-07-07
C02133,Customer 2133,Female,48,Kochi,Kerala,Dormant,Organic Search,2025-03-26
C02134,Customer 2134,Male,19,Kozhikode,Kerala,New,Organic Search,2024-04-15
C02135,Customer 2135,Female,26,Delhi,Delhi,One-Time,Organic Search,2026-04-02
C02136,Customer 2136,Female,39,Surat,Gujarat,Dormant,Marketplace,2026-06-03
C02137,Customer 2137,Male,48,Bengaluru,Karnataka,Loyal,Google Ads,2026-01-17
C02138,Customer 2138,Male,35,Noida,Uttar Pradesh,New,Google Ads,2025-05-24
C02139,Customer 2139,Female,54,Noida,Uttar Pradesh,Loyal,Google Ads,2025-05-05
C02140,Customer 2140,Female,50,Noida,Uttar Pradesh,New,Email,2024-08-29
C02141,Customer 2141,Female,30,Kozhikode,Kerala,At-Risk,Affiliate,2024-05-14
C02142,Customer 2142,Female,21,Madurai,Tamil Nadu,New,Google Ads,2024-05-18
C02143,Customer 2143,Male,31,Noida,Uttar Pradesh,Loyal,Affiliate,2024-05-14
C02144,Customer 2144,Female,62,Lucknow,Uttar Pradesh,New,Instagram,2024-01-07
C02145,Customer 2145,Male,29,Bengaluru,Karnataka,VIP,Marketplace,2025-10-30
C02146,Customer 2146,Female,53,Kozhikode,Kerala,Dormant,Instagram,2025-11-05
C02147,Customer 2147,Other,50,Warangal,Telangana,At-Risk,Marketplace,2025-10-17
C02148,Customer 2148,Female,64,Kochi,Kerala,One-Time,Email,2024-11-17
C02149,Customer 2149,Male,62,Noida,Uttar Pradesh,New,Marketplace,2024-04-02
C02150,Customer 2150,Male,59,Nizamabad,Telangana,New,Organic Search,2024-06-24
C02151,Customer 2151,Male,32,Kolkata,West Bengal,At-Risk,Meta Ads,2026-01-08
C02152,Customer 2152,Male,38,Hyderabad,Telangana,New,Affiliate,2026-03-24
C02153,Customer 2153,Male,41,Kanpur,Uttar Pradesh,Loyal,Email,2024-02-21
C02154,Customer 2154,Female,49,Lucknow,Uttar Pradesh,One-Time,Meta Ads,2025-09-18
C02155,Customer 2155,Male,24,Vadodara,Gujarat,Dormant,Email,2026-03-17
C02156,Customer 2156,Male,58,Noida,Uttar Pradesh,Loyal,Influencer,2025-12-30
C02157,Customer 2157,Male,48,Hyderabad,Telangana,Loyal,Organic Search,2024-08-11
C02158,Customer 2158,Male,27,Bengaluru,Karnataka,Dormant,Google Ads,2025-08-13
C02159,Customer 2159,Female,20,Madurai,Tamil Nadu,Dormant,Influencer,2026-01-07
C02160,Customer 2160,Male,18,Nizamabad,Telangana,Loyal,Instagram,2026-04-05
C02161,Customer 2161,Female,35,Chennai,Tamil Nadu,At-Risk,Google Ads,2025-09-04
C02162,Customer 2162,Female,32,Mysuru,Karnataka,Loyal,Google Ads,2024-11-06
C02163,Customer 2163,Male,25,Madurai,Tamil Nadu,One-Time,Google Ads,2025-08-24
C02164,Customer 2164,Male,38,Madurai,Tamil Nadu,New,Organic Search,2024-05-20
C02165,Customer 2165,Female,19,Kanpur,Uttar Pradesh,VIP,Meta Ads,2024-03-20
C02166,Customer 2166,Female,47,Bengaluru,Karnataka,VIP,Google Ads,2024-01-07
C02167,Customer 2167,Male,39,Thiruvananthapuram,Kerala,New,Instagram,2025-05-09
C02168,Customer 2168,Male,30,Madurai,Tamil Nadu,New,Influencer,2024-01-31
C02169,Customer 2169,Female,39,Bengaluru,Karnataka,VIP,Organic Search,2024-05-02
C02170,Customer 2170,Female,39,New Delhi,Delhi,New,Email,2026-02-07
C02171,Customer 2171,Male,58,Madurai,Tamil Nadu,VIP,Organic Search,2025-01-03
C02172,Customer 2172,Female,49,Mangaluru,Karnataka,VIP,Google Ads,2025-07-07
C02173,Customer 2173,Male,29,New Delhi,Delhi,One-Time,Marketplace,2025-01-31
C02174,Customer 2174,Male,57,Nagpur,Maharashtra,One-Time,Google Ads,2024-02-11
C02175,Customer 2175,Male,33,Coimbatore,Tamil Nadu,One-Time,Google Ads,2025-06-18
C02176,Customer 2176,Female,28,Surat,Gujarat,One-Time,Instagram,2024-04-06
C02177,Customer 2177,Female,52,Coimbatore,Tamil Nadu,Loyal,Google Ads,2025-08-27
C02178,Customer 2178,Male,56,Kanpur,Uttar Pradesh,VIP,Google Ads,2025-09-18
C02179,Customer 2179,Female,18,Mysuru,Karnataka,At-Risk,Organic Search,2025-10-04
C02180,Customer 2180,Female,63,Thiruvananthapuram,Kerala,New,Instagram,2024-12-12
C02181,Customer 2181,Female,48,Kanpur,Uttar Pradesh,VIP,Google Ads,2025-03-06
C02182,Customer 2182,Female,37,Thiruvananthapuram,Kerala,One-Time,Organic Search,2025-11-27
C02183,Customer 2183,Female,54,Kanpur,Uttar Pradesh,At-Risk,Organic Search,2025-01-30
C02184,Customer 2184,Female,44,Mumbai,Maharashtra,New,Marketplace,2026-04-22
C02185,Customer 2185,Female,63,Delhi,Delhi,Loyal,Google Ads,2025-08-08
C02186,Customer 2186,Male,18,Nagpur,Maharashtra,Loyal,Influencer,2025-11-11
C02187,Customer 2187,Female,43,Kanpur,Uttar Pradesh,One-Time,Organic Search,2025-08-22
C02188,Customer 2188,Male,52,Surat,Gujarat,Dormant,Organic Search,2024-06-12
C02189,Customer 2189,Male,19,Mysuru,Karnataka,New,Meta Ads,2025-02-21
C02190,Customer 2190,Male,59,Kochi,Kerala,New,Instagram,2025-08-07
C02191,Customer 2191,Male,34,Nagpur,Maharashtra,Loyal,Meta Ads,2025-04-10
C02192,Customer 2192,Male,18,Vadodara,Gujarat,Loyal,Organic Search,2025-06-19
C02193,Customer 2193,Female,36,Jaipur,Rajasthan,One-Time,Organic Search,2026-03-27
C02194,Customer 2194,Female,58,Hyderabad,Telangana,One-Time,Meta Ads,2026-02-02
C02195,Customer 2195,Male,64,Vadodara,Gujarat,New,Meta Ads,2024-07-12
C02196,Customer 2196,Male,25,Kanpur,Uttar Pradesh,At-Risk,Marketplace,2024-06-29
C02197,Customer 2197,Female,36,Warangal,Telangana,Loyal,Email,2024-05-10
C02198,Customer 2198,Male,58,New Delhi,Delhi,New,Email,2025-10-09
C02199,Customer 2199,Male,19,Mangaluru,Karnataka,One-Time,Marketplace,2025-03-21
C02200,Customer 2200,Male,44,Kolkata,West Bengal,Dormant,Meta Ads,2025-06-23
C02201,Customer 2201,Female,44,Nagpur,Maharashtra,At-Risk,Organic Search,2026-02-19
C02202,Customer 2202,Male,35,Kozhikode,Kerala,New,Affiliate,2025-03-05
C02203,Customer 2203,Female,33,Thiruvananthapuram,Kerala,Loyal,Meta Ads,2025-07-20
C02204,Customer 2204,Female,63,Mumbai,Maharashtra,New,Meta Ads,2024-09-18
C02205,Customer 2205,Female,35,Mangaluru,Karnataka,New,Marketplace,2026-01-16
C02206,Customer 2206,Female,47,Vadodara,Gujarat,At-Risk,Google Ads,2024-01-24
C02207,Customer 2207,Male,54,Udaipur,Rajasthan,At-Risk,Google Ads,2025-06-03
C02208,Customer 2208,Male,19,Coimbatore,Tamil Nadu,New,Instagram,2025-12-26
C02209,Customer 2209,Male,57,Nagpur,Maharashtra,At-Risk,Affiliate,2025-10-06
C02210,Customer 2210,Female,54,Nizamabad,Telangana,VIP,Instagram,2024-04-06
C02211,Customer 2211,Male,27,Kochi,Kerala,At-Risk,Meta Ads,2026-02-06
C02212,Customer 2212,Male,26,New Delhi,Delhi,At-Risk,Instagram,2024-12-05
C02213,Customer 2213,Male,45,Lucknow,Uttar Pradesh,Loyal,Instagram,2025-04-12
C02214,Customer 2214,Female,62,Delhi,Delhi,Dormant,Organic Search,2025-03-22
C02215,Customer 2215,Female,60,Kochi,Kerala,New,Influencer,2024-11-06
C02216,Customer 2216,Male,25,Warangal,Telangana,Loyal,Meta Ads,2024-10-23
C02217,Customer 2217,Male,46,Nagpur,Maharashtra,One-Time,Organic Search,2026-04-02
C02218,Customer 2218,Male,41,Thiruvananthapuram,Kerala,At-Risk,Organic Search,2025-08-19
C02219,Customer 2219,Female,51,Kochi,Kerala,New,Affiliate,2026-06-12
C02220,Customer 2220,Female,43,Mysuru,Karnataka,Loyal,Organic Search,2024-10-22
C02221,Customer 2221,Female,45,Chennai,Tamil Nadu,At-Risk,Google Ads,2024-09-24
C02222,Customer 2222,Female,45,New Delhi,Delhi,One-Time,Organic Search,2025-04-09
C02223,Customer 2223,Male,18,Madurai,Tamil Nadu,New,Organic Search,2025-07-03
C02224,Customer 2224,Male,43,Pune,Maharashtra,One-Time,Organic Search,2024-03-26
C02225,Customer 2225,Male,25,Kozhikode,Kerala,VIP,Meta Ads,2024-11-21
C02226,Customer 2226,Female,39,Bengaluru,Karnataka,One-Time,Google Ads,2025-01-26
C02227,Customer 2227,Female,44,Udaipur,Rajasthan,One-Time,Meta Ads,2024-03-17
C02228,Customer 2228,Male,52,Warangal,Telangana,Loyal,Meta Ads,2025-06-08
C02229,Customer 2229,Male,58,Hyderabad,Telangana,Dormant,Google Ads,2024-04-18
C02230,Customer 2230,Male,25,Howrah,West Bengal,At-Risk,Meta Ads,2026-02-14
C02231,Customer 2231,Male,46,Bengaluru,Karnataka,New,Google Ads,2025-04-11
C02232,Customer 2232,Male,55,Kolkata,West Bengal,At-Risk,Meta Ads,2024-06-12
C02233,Customer 2233,Female,33,Warangal,Telangana,At-Risk,Marketplace,2025-04-15
C02234,Customer 2234,Male,19,Kochi,Kerala,VIP,Email,2024-10-31
C02235,Customer 2235,Male,62,Udaipur,Rajasthan,Loyal,Meta Ads,2025-01-30
C02236,Customer 2236,Female,58,Noida,Uttar Pradesh,New,Organic Search,2024-08-21
C02237,Customer 2237,Female,52,Mumbai,Maharashtra,VIP,Email,2025-01-16
C02238,Customer 2238,Female,53,Mysuru,Karnataka,Loyal,Google Ads,2024-05-17
C02239,Customer 2239,Male,32,Madurai,Tamil Nadu,One-Time,Email,2024-09-19
C02240,Customer 2240,Male,56,Vadodara,Gujarat,New,Meta Ads,2024-12-13
C02241,Customer 2241,Female,65,Mysuru,Karnataka,New,Organic Search,2025-12-02
C02242,Customer 2242,Female,32,Nizamabad,Telangana,Loyal,Google Ads,2026-03-28
C02243,Customer 2243,Male,40,Chennai,Tamil Nadu,New,Email,2026-02-26
C02244,Customer 2244,Female,58,Mysuru,Karnataka,Loyal,Meta Ads,2024-12-01
C02245,Customer 2245,Female,28,Chennai,Tamil Nadu,At-Risk,Meta Ads,2024-11-28
C02246,Customer 2246,Male,51,Nagpur,Maharashtra,One-Time,Organic Search,2024-09-01
C02247,Customer 2247,Female,19,Mangaluru,Karnataka,New,Meta Ads,2025-04-05
C02248,Customer 2248,Female,64,Kolkata,West Bengal,New,Instagram,2026-05-12
C02249,Customer 2249,Female,21,Chennai,Tamil Nadu,One-Time,Google Ads,2024-08-09
C02250,Customer 2250,Female,18,Mangaluru,Karnataka,At-Risk,Organic Search,2025-10-05
C02251,Customer 2251,Female,37,Surat,Gujarat,Loyal,Email,2024-08-15
C02252,Customer 2252,Female,55,Lucknow,Uttar Pradesh,At-Risk,Affiliate,2024-11-28
C02253,Customer 2253,Female,28,Chennai,Tamil Nadu,Dormant,Email,2025-04-16
C02254,Customer 2254,Male,47,Surat,Gujarat,New,Marketplace,2025-11-05
C02255,Customer 2255,Male,34,Kochi,Kerala,VIP,Meta Ads,2026-01-26
C02256,Customer 2256,Female,65,New Delhi,Delhi,Loyal,Organic Search,2025-07-28
C02257,Customer 2257,Male,40,Kochi,Kerala,Loyal,Instagram,2025-06-29
C02258,Customer 2258,Female,39,Lucknow,Uttar Pradesh,One-Time,Instagram,2026-02-08
C02259,Customer 2259,Male,18,Nizamabad,Telangana,One-Time,Organic Search,2025-07-16
C02260,Customer 2260,Female,31,Madurai,Tamil Nadu,Loyal,Marketplace,2024-04-09
C02261,Customer 2261,Female,18,Udaipur,Rajasthan,Loyal,Organic Search,2024-02-16
C02262,Customer 2262,Female,60,Kochi,Kerala,One-Time,Meta Ads,2025-04-30
C02263,Customer 2263,Female,40,New Delhi,Delhi,New,Email,2024-01-09
C02264,Customer 2264,Female,33,Hyderabad,Telangana,Loyal,Meta Ads,2025-09-23
C02265,Customer 2265,Female,29,Surat,Gujarat,VIP,Organic Search,2025-12-01
C02266,Customer 2266,Male,51,Mumbai,Maharashtra,Loyal,Instagram,2026-06-16
C02267,Customer 2267,Female,48,Jaipur,Rajasthan,New,Meta Ads,2024-01-21
C02268,Customer 2268,Female,33,Delhi,Delhi,One-Time,Google Ads,2025-06-25
C02269,Customer 2269,Male,31,Jodhpur,Rajasthan,At-Risk,Marketplace,2026-04-21
C02270,Customer 2270,Female,63,Kanpur,Uttar Pradesh,VIP,Google Ads,2024-05-06
C02271,Customer 2271,Female,20,Kolkata,West Bengal,New,Meta Ads,2025-11-29
C02272,Customer 2272,Male,43,Vadodara,Gujarat,Loyal,Meta Ads,2026-05-24
C02273,Customer 2273,Female,64,Udaipur,Rajasthan,Loyal,Email,2024-03-03
C02274,Customer 2274,Male,33,Kanpur,Uttar Pradesh,Loyal,Meta Ads,2025-02-16
C02275,Customer 2275,Female,20,Noida,Uttar Pradesh,New,Organic Search,2024-03-05
C02276,Customer 2276,Female,57,Nizamabad,Telangana,Loyal,Meta Ads,2025-03-15
C02277,Customer 2277,Male,61,Surat,Gujarat,Dormant,Meta Ads,2026-02-07
C02278,Customer 2278,Male,20,Pune,Maharashtra,One-Time,Meta Ads,2024-08-15
C02279,Customer 2279,Male,36,Lucknow,Uttar Pradesh,One-Time,Meta Ads,2025-12-14
C02280,Customer 2280,Female,22,Kolkata,West Bengal,New,Organic Search,2026-01-02
C02281,Customer 2281,Male,61,Madurai,Tamil Nadu,New,Meta Ads,2024-01-12
C02282,Customer 2282,Male,58,Mumbai,Maharashtra,Dormant,Organic Search,2025-04-21
C02283,Customer 2283,Female,57,Bengaluru,Karnataka,Dormant,Instagram,2024-08-13
C02284,Customer 2284,Male,33,Jaipur,Rajasthan,New,Meta Ads,2026-05-26
C02285,Customer 2285,Male,52,Pune,Maharashtra,Dormant,Meta Ads,2025-09-18
C02286,Customer 2286,Male,26,Nizamabad,Telangana,New,Email,2025-04-12
C02287,Customer 2287,Female,25,Lucknow,Uttar Pradesh,Loyal,Instagram,2025-08-08
C02288,Customer 2288,Male,46,Lucknow,Uttar Pradesh,Loyal,Email,2024-06-11
C02289,Customer 2289,Male,64,Nagpur,Maharashtra,One-Time,Affiliate,2025-03-29
C02290,Customer 2290,Male,30,Bengaluru,Karnataka,Loyal,Google Ads,2025-11-24
C02291,Customer 2291,Male,40,Thiruvananthapuram,Kerala,Loyal,Instagram,2026-04-30
C02292,Customer 2292,Male,65,Udaipur,Rajasthan,New,Instagram,2024-05-12
C02293,Customer 2293,Male,38,Surat,Gujarat,Dormant,Meta Ads,2026-03-25
C02294,Customer 2294,Male,57,Bengaluru,Karnataka,New,Instagram,2024-09-12
C02295,Customer 2295,Male,50,Mangaluru,Karnataka,New,Organic Search,2026-02-17
C02296,Customer 2296,Male,60,Hyderabad,Telangana,Dormant,Organic Search,2026-04-25
C02297,Customer 2297,Male,34,Jaipur,Rajasthan,One-Time,Organic Search,2025-12-16
C02298,Customer 2298,Male,58,Hyderabad,Telangana,One-Time,Google Ads,2026-05-28
C02299,Customer 2299,Male,57,Warangal,Telangana,One-Time,Email,2025-05-14
C02300,Customer 2300,Female,60,Udaipur,Rajasthan,New,Organic Search,2025-11-29
C02301,Customer 2301,Male,61,Thiruvananthapuram,Kerala,One-Time,Instagram,2026-03-28
C02302,Customer 2302,Male,34,Jaipur,Rajasthan,One-Time,Organic Search,2024-07-05
C02303,Customer 2303,Male,57,New Delhi,Delhi,Loyal,Organic Search,2025-10-03
C02304,Customer 2304,Female,50,New Delhi,Delhi,Loyal,Email,2025-10-29
C02305,Customer 2305,Male,22,Coimbatore,Tamil Nadu,At-Risk,Google Ads,2025-03-19
C02306,Customer 2306,Female,61,Bengaluru,Karnataka,Dormant,Organic Search,2025-06-18
C02307,Customer 2307,Male,52,Delhi,Delhi,One-Time,Email,2025-08-12
C02308,Customer 2308,Male,50,Madurai,Tamil Nadu,Dormant,Google Ads,2025-02-06
C02309,Customer 2309,Male,21,Vadodara,Gujarat,At-Risk,Meta Ads,2025-06-20
C02310,Customer 2310,Male,65,Kochi,Kerala,Dormant,Google Ads,2025-02-05
C02311,Customer 2311,Female,64,Kochi,Kerala,VIP,Organic Search,2025-02-27
C02312,Customer 2312,Male,59,Hyderabad,Telangana,New,Google Ads,2025-02-11
C02313,Customer 2313,Male,34,Madurai,Tamil Nadu,New,Influencer,2025-02-20
C02314,Customer 2314,Male,21,Nagpur,Maharashtra,Dormant,Marketplace,2024-10-17
C02315,Customer 2315,Female,53,Chennai,Tamil Nadu,Loyal,Marketplace,2024-04-06
C02316,Customer 2316,Male,42,Mangaluru,Karnataka,At-Risk,Meta Ads,2025-04-29
C02317,Customer 2317,Male,30,Pune,Maharashtra,VIP,Email,2025-01-15
C02318,Customer 2318,Male,31,Lucknow,Uttar Pradesh,New,Marketplace,2024-02-02
C02319,Customer 2319,Male,50,New Delhi,Delhi,One-Time,Organic Search,2025-04-20
C02320,Customer 2320,Male,60,Kochi,Kerala,Dormant,Meta Ads,2026-02-02
C02321,Customer 2321,Male,45,Nizamabad,Telangana,New,Influencer,2024-08-18
C02322,Customer 2322,Female,62,Hyderabad,Telangana,VIP,Organic Search,2026-03-18
C02323,Customer 2323,Male,45,Chennai,Tamil Nadu,Dormant,Organic Search,2025-05-01
C02324,Customer 2324,Male,45,Nizamabad,Telangana,New,Marketplace,2024-12-17
C02325,Customer 2325,Male,35,Bengaluru,Karnataka,One-Time,Marketplace,2026-02-23
C02326,Customer 2326,Female,20,Kochi,Kerala,Loyal,Email,2026-05-03
C02327,Customer 2327,Female,30,Nagpur,Maharashtra,At-Risk,Google Ads,2026-04-11
C02328,Customer 2328,Male,34,Nagpur,Maharashtra,Loyal,Organic Search,2025-11-29
C02329,Customer 2329,Female,47,Surat,Gujarat,New,Organic Search,2025-07-17
C02330,Customer 2330,Female,27,Delhi,Delhi,New,Organic Search,2026-02-02
C02331,Customer 2331,Male,42,Vadodara,Gujarat,One-Time,Instagram,2026-02-11
C02332,Customer 2332,Female,43,Coimbatore,Tamil Nadu,One-Time,Organic Search,2026-03-13
C02333,Customer 2333,Female,42,Kanpur,Uttar Pradesh,New,Email,2026-01-17
C02334,Customer 2334,Female,65,Mumbai,Maharashtra,At-Risk,Marketplace,2024-11-02
C02335,Customer 2335,Female,27,Chennai,Tamil Nadu,New,Influencer,2026-05-20
C02336,Customer 2336,Female,34,Howrah,West Bengal,At-Risk,Instagram,2026-01-01
C02337,Customer 2337,Female,35,Lucknow,Uttar Pradesh,Dormant,Organic Search,2026-02-18
C02338,Customer 2338,Female,53,Madurai,Tamil Nadu,Loyal,Organic Search,2024-05-10
C02339,Customer 2339,Male,49,Surat,Gujarat,Loyal,Email,2024-01-12
C02340,Customer 2340,Female,57,Nizamabad,Telangana,New,Google Ads,2026-05-29
C02341,Customer 2341,Male,43,Pune,Maharashtra,Loyal,Organic Search,2025-07-09
C02342,Customer 2342,Other,57,Hyderabad,Telangana,One-Time,Organic Search,2025-06-19
C02343,Customer 2343,Other,19,Jodhpur,Rajasthan,New,Email,2025-09-23
C02344,Customer 2344,Female,25,Mangaluru,Karnataka,Loyal,Marketplace,2025-09-16
C02345,Customer 2345,Female,47,Udaipur,Rajasthan,New,Marketplace,2024-02-07
C02346,Customer 2346,Male,29,Nizamabad,Telangana,One-Time,Affiliate,2024-10-02
C02347,Customer 2347,Female,32,Kanpur,Uttar Pradesh,Loyal,Marketplace,2025-05-01
C02348,Customer 2348,Male,28,Kanpur,Uttar Pradesh,Loyal,Email,2024-01-29
C02349,Customer 2349,Male,24,Nizamabad,Telangana,New,Marketplace,2026-03-08
C02350,Customer 2350,Female,32,Warangal,Telangana,New,Marketplace,2024-05-26
C02351,Customer 2351,Female,61,Warangal,Telangana,One-Time,Organic Search,2025-01-21
C02352,Customer 2352,Male,20,Noida,Uttar Pradesh,Loyal,Google Ads,2024-05-07
C02353,Customer 2353,Male,65,Nagpur,Maharashtra,Loyal,Google Ads,2024-02-26
C02354,Customer 2354,Male,43,Surat,Gujarat,New,Email,2025-02-02
C02355,Customer 2355,Male,54,Madurai,Tamil Nadu,Loyal,Organic Search,2025-11-30
C02356,Customer 2356,Male,53,Kanpur,Uttar Pradesh,Dormant,Email,2024-09-20
C02357,Customer 2357,Female,20,New Delhi,Delhi,Loyal,Affiliate,2025-02-16
C02358,Customer 2358,Male,30,Delhi,Delhi,Loyal,Affiliate,2026-04-29
C02359,Customer 2359,Female,59,Kozhikode,Kerala,Loyal,Meta Ads,2024-12-04
C02360,Customer 2360,Male,48,Pune,Maharashtra,At-Risk,Google Ads,2026-01-27
C02361,Customer 2361,Female,35,Lucknow,Uttar Pradesh,Dormant,Organic Search,2026-06-07
C02362,Customer 2362,Male,44,Hyderabad,Telangana,New,Meta Ads,2025-04-30
C02363,Customer 2363,Male,38,Delhi,Delhi,New,Marketplace,2025-07-04
C02364,Customer 2364,Female,22,Lucknow,Uttar Pradesh,New,Influencer,2026-02-06
C02365,Customer 2365,Male,62,Kolkata,West Bengal,At-Risk,Instagram,2025-09-03
C02366,Customer 2366,Male,29,Howrah,West Bengal,New,Organic Search,2025-06-10
C02367,Customer 2367,Male,59,Bengaluru,Karnataka,Dormant,Influencer,2026-03-06
C02368,Customer 2368,Female,29,Madurai,Tamil Nadu,New,Influencer,2026-04-08
C02369,Customer 2369,Male,47,Coimbatore,Tamil Nadu,Loyal,Email,2024-10-01
C02370,Customer 2370,Male,41,New Delhi,Delhi,One-Time,Marketplace,2025-11-01
C02371,Customer 2371,Female,60,New Delhi,Delhi,Loyal,Email,2024-08-22
C02372,Customer 2372,Male,48,Mysuru,Karnataka,Loyal,Google Ads,2025-10-23
C02373,Customer 2373,Female,46,Bengaluru,Karnataka,VIP,Organic Search,2024-03-18
C02374,Customer 2374,Male,32,Mangaluru,Karnataka,Loyal,Affiliate,2024-09-04
C02375,Customer 2375,Male,59,Coimbatore,Tamil Nadu,One-Time,Marketplace,2025-12-14
C02376,Customer 2376,Female,24,Pune,Maharashtra,VIP,Google Ads,2025-12-16
C02377,Customer 2377,Female,42,Noida,Uttar Pradesh,Dormant,Instagram,2025-02-26
C02378,Customer 2378,Female,30,Ahmedabad,Gujarat,At-Risk,Organic Search,2025-11-26
C02379,Customer 2379,Male,40,Pune,Maharashtra,VIP,Marketplace,2025-03-13
C02380,Customer 2380,Female,19,Jodhpur,Rajasthan,Loyal,Organic Search,2024-03-13
C02381,Customer 2381,Male,51,Lucknow,Uttar Pradesh,Dormant,Meta Ads,2025-12-31
C02382,Customer 2382,Male,53,Pune,Maharashtra,Loyal,Influencer,2024-02-22
C02383,Customer 2383,Female,51,Pune,Maharashtra,Dormant,Organic Search,2025-12-22
C02384,Customer 2384,Male,51,Hyderabad,Telangana,At-Risk,Marketplace,2026-03-04
C02385,Customer 2385,Female,19,Nizamabad,Telangana,New,Influencer,2024-01-02
C02386,Customer 2386,Female,50,Noida,Uttar Pradesh,New,Google Ads,2026-05-30
C02387,Customer 2387,Male,33,Kochi,Kerala,VIP,Marketplace,2025-07-09
C02388,Customer 2388,Female,47,Warangal,Telangana,VIP,Instagram,2025-06-28
C02389,Customer 2389,Female,48,Jaipur,Rajasthan,Loyal,Marketplace,2024-10-18
C02390,Customer 2390,Male,32,Warangal,Telangana,Dormant,Meta Ads,2024-06-02
C02391,Customer 2391,Male,24,Ahmedabad,Gujarat,Loyal,Affiliate,2024-01-21
C02392,Customer 2392,Male,23,Jodhpur,Rajasthan,One-Time,Meta Ads,2025-01-14
C02393,Customer 2393,Female,39,Chennai,Tamil Nadu,Loyal,Google Ads,2025-12-12
C02394,Customer 2394,Male,46,Hyderabad,Telangana,New,Marketplace,2024-01-19
C02395,Customer 2395,Female,18,Ahmedabad,Gujarat,Loyal,Meta Ads,2024-07-19
C02396,Customer 2396,Female,53,Kochi,Kerala,Dormant,Google Ads,2026-01-09
C02397,Customer 2397,Female,29,Mysuru,Karnataka,New,Influencer,2025-01-29
C02398,Customer 2398,Male,56,Mumbai,Maharashtra,At-Risk,Instagram,2024-04-02
C02399,Customer 2399,Male,51,Mumbai,Maharashtra,At-Risk,Organic Search,2026-06-03
C02400,Customer 2400,Female,52,Ahmedabad,Gujarat,New,Marketplace,2024-10-28
C02401,Customer 2401,Female,27,Vadodara,Gujarat,At-Risk,Email,2024-06-08
C02402,Customer 2402,Male,49,Kanpur,Uttar Pradesh,At-Risk,Google Ads,2025-05-21
C02403,Customer 2403,Female,50,Jaipur,Rajasthan,Loyal,Organic Search,2024-03-17
C02404,Customer 2404,Female,57,Kochi,Kerala,New,Organic Search,2025-09-20
C02405,Customer 2405,Male,45,Kanpur,Uttar Pradesh,One-Time,Meta Ads,2025-08-03
C02406,Customer 2406,Male,54,Mangaluru,Karnataka,Loyal,Email,2026-03-27
C02407,Customer 2407,Female,40,Vadodara,Gujarat,New,Instagram,2024-09-21
C02408,Customer 2408,Male,63,Bengaluru,Karnataka,One-Time,Google Ads,2025-01-14
C02409,Customer 2409,Female,52,Mysuru,Karnataka,Dormant,Meta Ads,2025-08-25
C02410,Customer 2410,Male,18,Kochi,Kerala,VIP,Marketplace,2024-06-20
C02411,Customer 2411,Male,55,Kolkata,West Bengal,VIP,Meta Ads,2024-11-21
C02412,Customer 2412,Female,25,Kochi,Kerala,Dormant,Meta Ads,2024-04-08
C02413,Customer 2413,Male,21,Chennai,Tamil Nadu,New,Marketplace,2025-09-22
C02414,Customer 2414,Male,45,Surat,Gujarat,New,Instagram,2025-08-15
C02415,Customer 2415,Other,41,Delhi,Delhi,Loyal,Marketplace,2024-03-25
C02416,Customer 2416,Male,37,Warangal,Telangana,Loyal,Marketplace,2024-04-25
C02417,Customer 2417,Female,37,Nagpur,Maharashtra,New,Email,2024-12-26
C02418,Customer 2418,Male,34,Delhi,Delhi,At-Risk,Instagram,2025-08-15
C02419,Customer 2419,Male,62,Nizamabad,Telangana,New,Google Ads,2025-12-11
C02420,Customer 2420,Male,53,Kochi,Kerala,Loyal,Meta Ads,2025-02-14
C02421,Customer 2421,Female,56,Mumbai,Maharashtra,Loyal,Meta Ads,2025-12-24
C02422,Customer 2422,Male,43,Pune,Maharashtra,Loyal,Email,2025-01-09
C02423,Customer 2423,Female,53,Kanpur,Uttar Pradesh,One-Time,Instagram,2025-06-17
C02424,Customer 2424,Male,43,Nizamabad,Telangana,New,Affiliate,2024-08-22
C02425,Customer 2425,Female,61,Kozhikode,Kerala,At-Risk,Meta Ads,2025-07-31
C02426,Customer 2426,Female,20,Jaipur,Rajasthan,Dormant,Instagram,2026-03-22
C02427,Customer 2427,Female,56,Warangal,Telangana,Loyal,Google Ads,2024-09-14
C02428,Customer 2428,Male,40,Jaipur,Rajasthan,New,Meta Ads,2025-10-06
C02429,Customer 2429,Male,33,Kolkata,West Bengal,Loyal,Affiliate,2025-02-12
C02430,Customer 2430,Female,47,Jaipur,Rajasthan,One-Time,Organic Search,2025-04-17
C02431,Customer 2431,Male,61,Kanpur,Uttar Pradesh,New,Instagram,2025-06-04
C02432,Customer 2432,Female,31,Jaipur,Rajasthan,New,Organic Search,2025-01-16
C02433,Customer 2433,Female,40,Surat,Gujarat,New,Instagram,2025-08-22
C02434,Customer 2434,Female,29,Mangaluru,Karnataka,One-Time,Marketplace,2024-11-20
C02435,Customer 2435,Female,57,Udaipur,Rajasthan,One-Time,Instagram,2024-05-27
C02436,Customer 2436,Male,44,Thiruvananthapuram,Kerala,At-Risk,Organic Search,2024-12-25
C02437,Customer 2437,Female,32,Surat,Gujarat,Loyal,Meta Ads,2025-02-01
C02438,Customer 2438,Female,61,Howrah,West Bengal,One-Time,Instagram,2026-02-07
C02439,Customer 2439,Female,28,Madurai,Tamil Nadu,New,Email,2025-07-31
C02440,Customer 2440,Female,23,Udaipur,Rajasthan,At-Risk,Google Ads,2025-01-14
C02441,Customer 2441,Male,30,Thiruvananthapuram,Kerala,New,Organic Search,2026-02-06
C02442,Customer 2442,Male,32,Pune,Maharashtra,New,Organic Search,2024-01-04
C02443,Customer 2443,Female,30,Pune,Maharashtra,Loyal,Google Ads,2025-09-10
C02444,Customer 2444,Female,20,Surat,Gujarat,VIP,Marketplace,2026-04-10
C02445,Customer 2445,Male,65,Delhi,Delhi,At-Risk,Google Ads,2025-09-17
C02446,Customer 2446,Male,33,Ahmedabad,Gujarat,One-Time,Marketplace,2025-06-17
C02447,Customer 2447,Male,64,Nizamabad,Telangana,One-Time,Email,2025-04-23
C02448,Customer 2448,Male,51,Coimbatore,Tamil Nadu,One-Time,Meta Ads,2024-05-29
C02449,Customer 2449,Male,56,Ahmedabad,Gujarat,Loyal,Google Ads,2024-05-18
C02450,Customer 2450,Male,33,Ahmedabad,Gujarat,One-Time,Organic Search,2024-04-23
C02451,Customer 2451,Female,49,Kolkata,West Bengal,One-Time,Organic Search,2026-04-21
C02452,Customer 2452,Male,37,Jaipur,Rajasthan,New,Organic Search,2024-12-04
C02453,Customer 2453,Male,35,Kolkata,West Bengal,Dormant,Instagram,2026-05-18
C02454,Customer 2454,Male,62,Lucknow,Uttar Pradesh,New,Google Ads,2025-07-05
C02455,Customer 2455,Male,59,Howrah,West Bengal,One-Time,Affiliate,2025-11-09
C02456,Customer 2456,Female,34,Vadodara,Gujarat,Dormant,Influencer,2026-04-25
C02457,Customer 2457,Male,18,Ahmedabad,Gujarat,VIP,Instagram,2025-04-06
C02458,Customer 2458,Female,43,Nizamabad,Telangana,Loyal,Influencer,2024-02-19
C02459,Customer 2459,Female,64,Mysuru,Karnataka,Loyal,Organic Search,2026-01-11
C02460,Customer 2460,Female,62,Delhi,Delhi,New,Email,2024-11-13
C02461,Customer 2461,Male,40,Lucknow,Uttar Pradesh,At-Risk,Organic Search,2024-05-18
C02462,Customer 2462,Female,42,Kolkata,West Bengal,One-Time,Google Ads,2024-08-19
C02463,Customer 2463,Female,59,Hyderabad,Telangana,Dormant,Google Ads,2026-06-11
C02464,Customer 2464,Male,26,Vadodara,Gujarat,New,Organic Search,2025-01-14
C02465,Customer 2465,Female,31,Pune,Maharashtra,Loyal,Marketplace,2025-06-03
C02466,Customer 2466,Female,24,Jaipur,Rajasthan,Loyal,Email,2025-12-13
C02467,Customer 2467,Male,46,Kanpur,Uttar Pradesh,New,Google Ads,2025-06-05
C02468,Customer 2468,Female,61,Vadodara,Gujarat,One-Time,Google Ads,2024-05-22
C02469,Customer 2469,Female,33,Surat,Gujarat,At-Risk,Email,2024-03-17
C02470,Customer 2470,Female,60,Mangaluru,Karnataka,New,Organic Search,2026-04-21
C02471,Customer 2471,Female,42,Chennai,Tamil Nadu,Dormant,Google Ads,2024-06-29
C02472,Customer 2472,Female,30,Noida,Uttar Pradesh,One-Time,Google Ads,2024-08-18
C02473,Customer 2473,Male,64,Udaipur,Rajasthan,Loyal,Organic Search,2024-02-06
C02474,Customer 2474,Female,47,New Delhi,Delhi,Loyal,Google Ads,2025-11-08
C02475,Customer 2475,Male,44,Chennai,Tamil Nadu,Loyal,Instagram,2025-03-31
C02476,Customer 2476,Female,25,Nizamabad,Telangana,Loyal,Organic Search,2025-07-29
C02477,Customer 2477,Male,44,Nagpur,Maharashtra,VIP,Google Ads,2024-06-15
C02478,Customer 2478,Male,29,Nagpur,Maharashtra,Loyal,Instagram,2025-05-08
C02479,Customer 2479,Female,38,Coimbatore,Tamil Nadu,Loyal,Google Ads,2025-05-11
C02480,Customer 2480,Male,62,Kochi,Kerala,Loyal,Meta Ads,2026-01-29
C02481,Customer 2481,Female,65,New Delhi,Delhi,One-Time,Marketplace,2025-10-03
C02482,Customer 2482,Female,37,Nagpur,Maharashtra,New,Organic Search,2025-06-30
C02483,Customer 2483,Female,33,Nizamabad,Telangana,New,Google Ads,2025-08-26
C02484,Customer 2484,Male,28,Bengaluru,Karnataka,Loyal,Google Ads,2025-12-05
C02485,Customer 2485,Female,28,Noida,Uttar Pradesh,Dormant,Meta Ads,2024-07-19
C02486,Customer 2486,Female,43,Coimbatore,Tamil Nadu,New,Marketplace,2025-06-14
C02487,Customer 2487,Male,64,Noida,Uttar Pradesh,Loyal,Organic Search,2026-04-27
C02488,Customer 2488,Male,58,Noida,Uttar Pradesh,One-Time,Organic Search,2025-10-10
C02489,Customer 2489,Male,31,Nagpur,Maharashtra,Loyal,Google Ads,2026-01-22
C02490,Customer 2490,Male,57,Vadodara,Gujarat,VIP,Marketplace,2024-02-12
C02491,Customer 2491,Male,40,Kochi,Kerala,VIP,Affiliate,2026-01-24
C02492,Customer 2492,Male,49,Coimbatore,Tamil Nadu,VIP,Meta Ads,2025-08-03
C02493,Customer 2493,Female,30,Nizamabad,Telangana,At-Risk,Instagram,2024-06-12
C02494,Customer 2494,Male,57,Kochi,Kerala,New,Instagram,2026-03-11
C02495,Customer 2495,Female,40,Kanpur,Uttar Pradesh,Loyal,Organic Search,2026-02-28
C02496,Customer 2496,Male,55,New Delhi,Delhi,One-Time,Instagram,2025-08-08
C02497,Customer 2497,Female,29,Surat,Gujarat,Dormant,Meta Ads,2026-05-15
C02498,Customer 2498,Female,64,Mumbai,Maharashtra,At-Risk,Organic Search,2026-01-06
C02499,Customer 2499,Female,38,Kanpur,Uttar Pradesh,New,Organic Search,2025-01-13
C02500,Customer 2500,Male,49,Delhi,Delhi,New,Instagram,2026-06-10
C02501,Customer 2501,Female,43,Warangal,Telangana,Loyal,Email,2025-03-03
C02502,Customer 2502,Male,46,Kolkata,West Bengal,Dormant,Google Ads,2024-05-20
C02503,Customer 2503,Female,30,Kochi,Kerala,New,Instagram,2024-04-14
C02504,Customer 2504,Male,61,Kanpur,Uttar Pradesh,Loyal,Affiliate,2025-09-12
C02505,Customer 2505,Male,28,Bengaluru,Karnataka,One-Time,Organic Search,2024-05-07
C02506,Customer 2506,Other,35,Hyderabad,Telangana,Loyal,Marketplace,2026-03-18
C02507,Customer 2507,Female,38,Kozhikode,Kerala,Loyal,Organic Search,2026-04-16
C02508,Customer 2508,Female,41,Kochi,Kerala,New,Affiliate,2024-01-26
C02509,Customer 2509,Female,28,Vadodara,Gujarat,At-Risk,Instagram,2024-05-31
C02510,Customer 2510,Female,59,Kolkata,West Bengal,New,Google Ads,2024-06-05
C02511,Customer 2511,Male,47,Delhi,Delhi,At-Risk,Marketplace,2025-09-27
C02512,Customer 2512,Female,64,Chennai,Tamil Nadu,New,Organic Search,2024-08-12
C02513,Customer 2513,Male,34,Nagpur,Maharashtra,Loyal,Marketplace,2025-08-26
C02514,Customer 2514,Female,38,Hyderabad,Telangana,One-Time,Organic Search,2026-03-03
C02515,Customer 2515,Male,45,Nagpur,Maharashtra,Loyal,Instagram,2025-08-16
C02516,Customer 2516,Male,46,Noida,Uttar Pradesh,One-Time,Google Ads,2026-05-29
C02517,Customer 2517,Male,26,Mumbai,Maharashtra,Loyal,Instagram,2025-03-13
C02518,Customer 2518,Male,58,Pune,Maharashtra,New,Organic Search,2026-04-02
C02519,Customer 2519,Male,65,Ahmedabad,Gujarat,One-Time,Marketplace,2025-11-28
C02520,Customer 2520,Female,42,Mumbai,Maharashtra,At-Risk,Affiliate,2025-03-02
C02521,Customer 2521,Female,36,Nagpur,Maharashtra,Loyal,Email,2024-09-13
C02522,Customer 2522,Male,37,Surat,Gujarat,Loyal,Instagram,2025-08-23
C02523,Customer 2523,Female,20,Madurai,Tamil Nadu,Loyal,Google Ads,2025-11-29
C02524,Customer 2524,Male,21,Howrah,West Bengal,Loyal,Meta Ads,2024-04-03
C02525,Customer 2525,Female,35,Thiruvananthapuram,Kerala,At-Risk,Marketplace,2024-10-10
C02526,Customer 2526,Female,28,Pune,Maharashtra,One-Time,Organic Search,2026-05-31
C02527,Customer 2527,Male,32,Kochi,Kerala,Dormant,Email,2024-05-01
C02528,Customer 2528,Female,33,Kochi,Kerala,At-Risk,Influencer,2026-04-29
C02529,Customer 2529,Male,26,Kanpur,Uttar Pradesh,One-Time,Google Ads,2024-04-28
C02530,Customer 2530,Male,37,Kolkata,West Bengal,One-Time,Marketplace,2025-06-20
C02531,Customer 2531,Female,19,Kolkata,West Bengal,Loyal,Organic Search,2024-10-08
C02532,Customer 2532,Female,55,Kolkata,West Bengal,VIP,Google Ads,2024-05-08
C02533,Customer 2533,Female,51,Udaipur,Rajasthan,New,Organic Search,2024-07-19
C02534,Customer 2534,Male,26,Warangal,Telangana,New,Google Ads,2026-05-02
C02535,Customer 2535,Male,25,Thiruvananthapuram,Kerala,New,Organic Search,2024-09-04
C02536,Customer 2536,Male,21,Vadodara,Gujarat,At-Risk,Meta Ads,2026-03-17
C02537,Customer 2537,Female,26,Lucknow,Uttar Pradesh,VIP,Meta Ads,2025-07-26
C02538,Customer 2538,Female,46,Chennai,Tamil Nadu,New,Organic Search,2026-06-10
C02539,Customer 2539,Female,21,Warangal,Telangana,Loyal,Instagram,2025-02-20
C02540,Customer 2540,Female,18,New Delhi,Delhi,At-Risk,Google Ads,2025-04-02
C02541,Customer 2541,Male,45,New Delhi,Delhi,Dormant,Affiliate,2024-03-13
C02542,Customer 2542,Male,62,Chennai,Tamil Nadu,New,Meta Ads,2024-11-09
C02543,Customer 2543,Female,40,Mangaluru,Karnataka,One-Time,Organic Search,2025-06-18
C02544,Customer 2544,Male,30,Bengaluru,Karnataka,One-Time,Organic Search,2024-12-05
C02545,Customer 2545,Male,57,New Delhi,Delhi,Loyal,Google Ads,2024-06-03
C02546,Customer 2546,Male,58,Madurai,Tamil Nadu,New,Marketplace,2025-03-23
C02547,Customer 2547,Male,58,Kochi,Kerala,New,Instagram,2026-05-29
C02548,Customer 2548,Male,36,Mumbai,Maharashtra,At-Risk,Meta Ads,2026-04-01
C02549,Customer 2549,Female,19,Mysuru,Karnataka,Loyal,Instagram,2024-11-26
C02550,Customer 2550,Female,65,Bengaluru,Karnataka,New,Organic Search,2024-04-25
C02551,Customer 2551,Female,60,Vadodara,Gujarat,One-Time,Google Ads,2024-01-13
C02552,Customer 2552,Female,42,New Delhi,Delhi,New,Meta Ads,2025-08-06
C02553,Customer 2553,Male,55,Howrah,West Bengal,One-Time,Email,2025-09-11
C02554,Customer 2554,Male,64,Kochi,Kerala,One-Time,Organic Search,2026-04-03
C02555,Customer 2555,Male,20,Mysuru,Karnataka,New,Meta Ads,2025-06-05
C02556,Customer 2556,Female,40,Jaipur,Rajasthan,New,Instagram,2024-09-03
C02557,Customer 2557,Female,59,Hyderabad,Telangana,At-Risk,Meta Ads,2024-01-23
C02558,Customer 2558,Male,52,Mysuru,Karnataka,At-Risk,Meta Ads,2025-04-17
C02559,Customer 2559,Female,23,Delhi,Delhi,New,Organic Search,2024-09-15
C02560,Customer 2560,Female,21,Hyderabad,Telangana,Loyal,Meta Ads,2025-12-16
C02561,Customer 2561,Female,33,Vadodara,Gujarat,New,Meta Ads,2025-08-02
C02562,Customer 2562,Male,39,Kolkata,West Bengal,At-Risk,Meta Ads,2025-04-08
C02563,Customer 2563,Female,23,Jaipur,Rajasthan,At-Risk,Organic Search,2025-10-30
C02564,Customer 2564,Male,30,Delhi,Delhi,Loyal,Organic Search,2025-04-19
C02565,Customer 2565,Male,42,Surat,Gujarat,Loyal,Instagram,2025-08-06
C02566,Customer 2566,Male,56,Coimbatore,Tamil Nadu,One-Time,Organic Search,2025-11-20
C02567,Customer 2567,Male,45,Nizamabad,Telangana,New,Organic Search,2024-03-04
C02568,Customer 2568,Male,43,Hyderabad,Telangana,Loyal,Google Ads,2024-05-28
C02569,Customer 2569,Female,53,Howrah,West Bengal,New,Meta Ads,2025-03-07
C02570,Customer 2570,Female,48,Kozhikode,Kerala,Loyal,Meta Ads,2025-10-05
C02571,Customer 2571,Female,28,Nizamabad,Telangana,Loyal,Affiliate,2025-01-10
C02572,Customer 2572,Female,30,Ahmedabad,Gujarat,New,Meta Ads,2026-04-02
C02573,Customer 2573,Female,23,Jodhpur,Rajasthan,Loyal,Meta Ads,2026-05-30
C02574,Customer 2574,Male,23,Kanpur,Uttar Pradesh,At-Risk,Email,2024-04-01
C02575,Customer 2575,Female,57,Vadodara,Gujarat,Loyal,Email,2025-08-20
C02576,Customer 2576,Male,50,Vadodara,Gujarat,Loyal,Affiliate,2024-02-24
C02577,Customer 2577,Male,48,Udaipur,Rajasthan,At-Risk,Instagram,2025-12-06
C02578,Customer 2578,Male,39,Noida,Uttar Pradesh,New,Meta Ads,2024-03-19
C02579,Customer 2579,Male,22,Mumbai,Maharashtra,Loyal,Organic Search,2024-04-01
C02580,Customer 2580,Female,38,Kochi,Kerala,One-Time,Organic Search,2025-10-23
C02581,Customer 2581,Female,25,Hyderabad,Telangana,New,Marketplace,2024-12-22
C02582,Customer 2582,Female,64,Kanpur,Uttar Pradesh,Dormant,Organic Search,2024-12-18
C02583,Customer 2583,Male,37,Hyderabad,Telangana,One-Time,Email,2025-01-22
C02584,Customer 2584,Female,23,Pune,Maharashtra,One-Time,Google Ads,2025-02-22
C02585,Customer 2585,Female,31,Nizamabad,Telangana,New,Marketplace,2025-08-27
C02586,Customer 2586,Male,48,Chennai,Tamil Nadu,Dormant,Organic Search,2025-10-17
C02587,Customer 2587,Female,39,Mysuru,Karnataka,At-Risk,Google Ads,2026-05-08
C02588,Customer 2588,Male,20,Pune,Maharashtra,New,Instagram,2025-04-15
C02589,Customer 2589,Male,35,Delhi,Delhi,Loyal,Organic Search,2026-01-30
C02590,Customer 2590,Female,50,Coimbatore,Tamil Nadu,New,Meta Ads,2025-06-24
C02591,Customer 2591,Male,43,Noida,Uttar Pradesh,VIP,Organic Search,2024-03-02
C02592,Customer 2592,Female,44,Kozhikode,Kerala,Loyal,Organic Search,2026-02-04
C02593,Customer 2593,Female,49,Howrah,West Bengal,New,Meta Ads,2025-01-30
C02594,Customer 2594,Male,52,Nagpur,Maharashtra,Loyal,Marketplace,2025-02-10
C02595,Customer 2595,Female,38,Mangaluru,Karnataka,Dormant,Marketplace,2026-01-23
C02596,Customer 2596,Male,54,Kozhikode,Kerala,One-Time,Meta Ads,2026-02-26
C02597,Customer 2597,Other,61,Nizamabad,Telangana,New,Instagram,2026-06-15
C02598,Customer 2598,Male,24,Madurai,Tamil Nadu,Dormant,Marketplace,2025-04-15
C02599,Customer 2599,Female,52,Kochi,Kerala,New,Instagram,2025-02-03
C02600,Customer 2600,Female,31,Thiruvananthapuram,Kerala,Loyal,Marketplace,2024-12-27
C02601,Customer 2601,Female,23,Chennai,Tamil Nadu,Loyal,Meta Ads,2024-10-30
C02602,Customer 2602,Female,30,Howrah,West Bengal,New,Organic Search,2024-08-22
C02603,Customer 2603,Female,62,New Delhi,Delhi,New,Organic Search,2024-10-13
C02604,Customer 2604,Female,47,Udaipur,Rajasthan,New,Meta Ads,2025-10-19
C02605,Customer 2605,Male,40,Warangal,Telangana,New,Organic Search,2024-09-24
C02606,Customer 2606,Female,30,Nagpur,Maharashtra,Loyal,Google Ads,2025-07-13
C02607,Customer 2607,Female,43,Vadodara,Gujarat,At-Risk,Meta Ads,2024-08-07
C02608,Customer 2608,Male,42,Nagpur,Maharashtra,New,Meta Ads,2025-12-28
C02609,Customer 2609,Female,37,Kolkata,West Bengal,VIP,Google Ads,2025-01-13
C02610,Customer 2610,Female,39,Madurai,Tamil Nadu,One-Time,Google Ads,2025-05-07
C02611,Customer 2611,Female,52,Lucknow,Uttar Pradesh,New,Meta Ads,2026-05-24
C02612,Customer 2612,Female,46,Noida,Uttar Pradesh,Loyal,Meta Ads,2026-02-19
C02613,Customer 2613,Female,19,New Delhi,Delhi,One-Time,Google Ads,2024-10-26
C02614,Customer 2614,Female,34,Lucknow,Uttar Pradesh,Loyal,Google Ads,2024-09-15
C02615,Customer 2615,Female,20,Mangaluru,Karnataka,One-Time,Affiliate,2025-05-07
C02616,Customer 2616,Female,62,Delhi,Delhi,Loyal,Google Ads,2025-10-19
C02617,Customer 2617,Female,33,Pune,Maharashtra,Dormant,Organic Search,2026-05-21
C02618,Customer 2618,Male,64,Lucknow,Uttar Pradesh,New,Google Ads,2024-12-19
C02619,Customer 2619,Male,29,Lucknow,Uttar Pradesh,Dormant,Google Ads,2025-06-05
C02620,Customer 2620,Female,34,Kochi,Kerala,New,Instagram,2024-04-12
C02621,Customer 2621,Male,37,Kanpur,Uttar Pradesh,New,Instagram,2025-10-19
C02622,Customer 2622,Male,61,Thiruvananthapuram,Kerala,New,Email,2025-04-20
C02623,Customer 2623,Male,22,Mumbai,Maharashtra,At-Risk,Organic Search,2025-08-06
C02624,Customer 2624,Female,56,Thiruvananthapuram,Kerala,Loyal,Meta Ads,2024-07-27
C02625,Customer 2625,Female,49,Vadodara,Gujarat,Dormant,Meta Ads,2025-01-21
C02626,Customer 2626,Female,28,Coimbatore,Tamil Nadu,VIP,Affiliate,2024-02-25
C02627,Customer 2627,Male,58,Surat,Gujarat,One-Time,Google Ads,2024-11-16
C02628,Customer 2628,Other,45,Bengaluru,Karnataka,At-Risk,Affiliate,2024-11-22
C02629,Customer 2629,Male,42,Mangaluru,Karnataka,Dormant,Organic Search,2025-02-14
C02630,Customer 2630,Female,36,Bengaluru,Karnataka,At-Risk,Meta Ads,2026-05-29
C02631,Customer 2631,Other,38,Nizamabad,Telangana,Loyal,Meta Ads,2025-07-09
C02632,Customer 2632,Male,56,New Delhi,Delhi,At-Risk,Instagram,2026-03-15
C02633,Customer 2633,Male,64,Lucknow,Uttar Pradesh,New,Organic Search,2024-06-29
C02634,Customer 2634,Male,60,Kolkata,West Bengal,Dormant,Marketplace,2026-05-31
C02635,Customer 2635,Female,34,New Delhi,Delhi,Dormant,Meta Ads,2025-06-27
C02636,Customer 2636,Female,47,Chennai,Tamil Nadu,Loyal,Marketplace,2024-01-26
C02637,Customer 2637,Male,65,New Delhi,Delhi,New,Meta Ads,2026-02-15
C02638,Customer 2638,Female,48,Nagpur,Maharashtra,New,Google Ads,2024-05-17
C02639,Customer 2639,Male,18,Kanpur,Uttar Pradesh,Dormant,Email,2025-12-25
C02640,Customer 2640,Male,52,Mumbai,Maharashtra,At-Risk,Marketplace,2024-07-30
C02641,Customer 2641,Male,45,Jodhpur,Rajasthan,VIP,Email,2025-09-01
C02642,Customer 2642,Female,41,Jodhpur,Rajasthan,Dormant,Affiliate,2025-10-25
C02643,Customer 2643,Male,19,Surat,Gujarat,Loyal,Email,2024-04-17
C02644,Customer 2644,Female,40,Noida,Uttar Pradesh,At-Risk,Influencer,2026-05-30
C02645,Customer 2645,Male,55,Mangaluru,Karnataka,New,Affiliate,2026-03-09
C02646,Customer 2646,Male,45,Noida,Uttar Pradesh,New,Organic Search,2024-12-31
C02647,Customer 2647,Male,30,Jodhpur,Rajasthan,Loyal,Organic Search,2024-08-11
C02648,Customer 2648,Male,57,Kanpur,Uttar Pradesh,One-Time,Email,2025-06-09
C02649,Customer 2649,Male,39,Howrah,West Bengal,Loyal,Marketplace,2025-12-13
C02650,Customer 2650,Male,49,Lucknow,Uttar Pradesh,At-Risk,Email,2024-03-20
C02651,Customer 2651,Female,18,Kochi,Kerala,New,Meta Ads,2024-05-17
C02652,Customer 2652,Male,24,Coimbatore,Tamil Nadu,VIP,Marketplace,2025-07-20
C02653,Customer 2653,Male,27,Lucknow,Uttar Pradesh,New,Organic Search,2024-09-15
C02654,Customer 2654,Male,24,Udaipur,Rajasthan,At-Risk,Email,2026-03-21
C02655,Customer 2655,Female,38,New Delhi,Delhi,New,Organic Search,2025-05-02
C02656,Customer 2656,Female,37,Kochi,Kerala,VIP,Meta Ads,2025-08-16
C02657,Customer 2657,Female,21,Coimbatore,Tamil Nadu,Loyal,Instagram,2024-11-10
C02658,Customer 2658,Female,49,Vadodara,Gujarat,One-Time,Meta Ads,2025-08-10
C02659,Customer 2659,Male,41,Nizamabad,Telangana,One-Time,Influencer,2024-08-19
C02660,Customer 2660,Male,36,Nagpur,Maharashtra,New,Organic Search,2025-03-14
C02661,Customer 2661,Female,29,Kanpur,Uttar Pradesh,One-Time,Affiliate,2024-01-21
C02662,Customer 2662,Male,36,Coimbatore,Tamil Nadu,New,Meta Ads,2025-02-08
C02663,Customer 2663,Female,25,Madurai,Tamil Nadu,New,Marketplace,2025-11-20
C02664,Customer 2664,Male,60,Mangaluru,Karnataka,VIP,Meta Ads,2024-11-28
C02665,Customer 2665,Female,42,Delhi,Delhi,New,Meta Ads,2024-02-22
C02666,Customer 2666,Female,59,Noida,Uttar Pradesh,New,Marketplace,2026-01-08
C02667,Customer 2667,Female,59,Kozhikode,Kerala,One-Time,Organic Search,2024-09-17
C02668,Customer 2668,Female,40,Warangal,Telangana,Loyal,Marketplace,2025-08-03
C02669,Customer 2669,Male,37,Ahmedabad,Gujarat,Loyal,Organic Search,2025-10-08
C02670,Customer 2670,Male,52,New Delhi,Delhi,Loyal,Meta Ads,2024-09-26
C02671,Customer 2671,Female,36,Surat,Gujarat,Loyal,Instagram,2024-09-21
C02672,Customer 2672,Male,39,Chennai,Tamil Nadu,Loyal,Influencer,2025-04-11
C02673,Customer 2673,Male,37,Chennai,Tamil Nadu,One-Time,Email,2025-02-22
C02674,Customer 2674,Male,46,New Delhi,Delhi,One-Time,Organic Search,2024-04-14
C02675,Customer 2675,Female,20,Surat,Gujarat,VIP,Google Ads,2024-03-15
C02676,Customer 2676,Male,31,New Delhi,Delhi,One-Time,Instagram,2024-02-11
C02677,Customer 2677,Male,50,Delhi,Delhi,At-Risk,Influencer,2024-10-10
C02678,Customer 2678,Male,41,Noida,Uttar Pradesh,Loyal,Marketplace,2024-05-02
C02679,Customer 2679,Female,51,Udaipur,Rajasthan,Loyal,Meta Ads,2025-11-12
C02680,Customer 2680,Female,48,Bengaluru,Karnataka,Loyal,Google Ads,2026-02-19
C02681,Customer 2681,Female,33,Noida,Uttar Pradesh,Dormant,Google Ads,2025-12-17
C02682,Customer 2682,Male,39,Noida,Uttar Pradesh,One-Time,Google Ads,2024-08-19
C02683,Customer 2683,Male,21,Mumbai,Maharashtra,One-Time,Influencer,2024-10-27
C02684,Customer 2684,Male,54,Ahmedabad,Gujarat,At-Risk,Instagram,2026-05-16
C02685,Customer 2685,Male,39,Bengaluru,Karnataka,Loyal,Meta Ads,2024-04-30
C02686,Customer 2686,Female,30,Jaipur,Rajasthan,Loyal,Affiliate,2024-10-31
C02687,Customer 2687,Female,43,Mumbai,Maharashtra,One-Time,Affiliate,2025-02-03
C02688,Customer 2688,Male,18,Kolkata,West Bengal,New,Instagram,2025-01-03
C02689,Customer 2689,Female,37,Bengaluru,Karnataka,At-Risk,Marketplace,2026-04-26
C02690,Customer 2690,Male,61,Delhi,Delhi,One-Time,Email,2025-12-31
C02691,Customer 2691,Female,36,Kozhikode,Kerala,New,Meta Ads,2026-06-03
C02692,Customer 2692,Male,35,Coimbatore,Tamil Nadu,New,Marketplace,2024-07-20
C02693,Customer 2693,Female,39,Lucknow,Uttar Pradesh,Dormant,Google Ads,2024-03-02
C02694,Customer 2694,Male,30,Kozhikode,Kerala,Loyal,Marketplace,2026-03-29
C02695,Customer 2695,Male,28,Lucknow,Uttar Pradesh,Loyal,Organic Search,2024-05-04
C02696,Customer 2696,Female,40,Mumbai,Maharashtra,Dormant,Marketplace,2025-08-11
C02697,Customer 2697,Female,49,Noida,Uttar Pradesh,One-Time,Google Ads,2026-03-12
C02698,Customer 2698,Male,29,Warangal,Telangana,At-Risk,Instagram,2024-02-25
C02699,Customer 2699,Male,28,Chennai,Tamil Nadu,VIP,Influencer,2025-07-12
C02700,Customer 2700,Female,53,Kanpur,Uttar Pradesh,Loyal,Influencer,2026-05-10
C02701,Customer 2701,Male,42,Kolkata,West Bengal,At-Risk,Influencer,2026-05-14
C02702,Customer 2702,Female,32,Ahmedabad,Gujarat,Dormant,Meta Ads,2024-09-15
C02703,Customer 2703,Female,58,Coimbatore,Tamil Nadu,New,Organic Search,2024-08-19
C02704,Customer 2704,Male,65,Noida,Uttar Pradesh,New,Instagram,2024-07-27
C02705,Customer 2705,Male,58,Udaipur,Rajasthan,At-Risk,Meta Ads,2025-06-21
C02706,Customer 2706,Female,31,New Delhi,Delhi,One-Time,Email,2026-03-19
C02707,Customer 2707,Female,64,Thiruvananthapuram,Kerala,Loyal,Organic Search,2026-04-01
C02708,Customer 2708,Female,35,Mumbai,Maharashtra,New,Email,2024-10-19
C02709,Customer 2709,Male,21,Mumbai,Maharashtra,At-Risk,Meta Ads,2025-04-09
C02710,Customer 2710,Male,43,Kolkata,West Bengal,VIP,Affiliate,2025-10-12
C02711,Customer 2711,Male,63,Kozhikode,Kerala,Dormant,Marketplace,2025-08-31
C02712,Customer 2712,Female,18,Bengaluru,Karnataka,Loyal,Instagram,2024-01-31
C02713,Customer 2713,Female,18,Mangaluru,Karnataka,Dormant,Influencer,2026-03-08
C02714,Customer 2714,Male,18,Pune,Maharashtra,Loyal,Influencer,2026-04-08
C02715,Customer 2715,Female,58,Noida,Uttar Pradesh,Loyal,Meta Ads,2025-07-27
C02716,Customer 2716,Female,29,Nagpur,Maharashtra,Loyal,Organic Search,2025-01-03
C02717,Customer 2717,Female,41,New Delhi,Delhi,Loyal,Marketplace,2025-12-13
C02718,Customer 2718,Male,21,Kochi,Kerala,Loyal,Organic Search,2024-06-09
C02719,Customer 2719,Male,63,Nizamabad,Telangana,New,Google Ads,2024-07-18
C02720,Customer 2720,Male,54,Ahmedabad,Gujarat,One-Time,Organic Search,2026-06-02
C02721,Customer 2721,Female,45,Delhi,Delhi,VIP,Affiliate,2024-11-10
C02722,Customer 2722,Male,59,Kanpur,Uttar Pradesh,New,Organic Search,2025-10-29
C02723,Customer 2723,Male,27,Madurai,Tamil Nadu,VIP,Google Ads,2024-12-26
C02724,Customer 2724,Female,37,Coimbatore,Tamil Nadu,One-Time,Google Ads,2025-12-15
C02725,Customer 2725,Male,64,Pune,Maharashtra,One-Time,Affiliate,2025-12-24
C02726,Customer 2726,Male,42,Udaipur,Rajasthan,VIP,Email,2025-03-26
C02727,Customer 2727,Female,32,Lucknow,Uttar Pradesh,New,Marketplace,2024-12-08
C02728,Customer 2728,Male,47,Mumbai,Maharashtra,Dormant,Instagram,2025-09-11
C02729,Customer 2729,Male,62,Coimbatore,Tamil Nadu,Dormant,Affiliate,2024-07-02
C02730,Customer 2730,Male,22,Thiruvananthapuram,Kerala,Loyal,Google Ads,2024-09-18
C02731,Customer 2731,Male,65,Nizamabad,Telangana,One-Time,Influencer,2024-02-14
C02732,Customer 2732,Male,40,Mangaluru,Karnataka,New,Influencer,2025-04-11
C02733,Customer 2733,Male,22,Surat,Gujarat,At-Risk,Instagram,2025-08-01
C02734,Customer 2734,Female,64,Bengaluru,Karnataka,New,Meta Ads,2024-12-08
C02735,Customer 2735,Male,45,Bengaluru,Karnataka,Dormant,Marketplace,2025-11-05
C02736,Customer 2736,Male,27,Delhi,Delhi,Dormant,Affiliate,2025-01-17
C02737,Customer 2737,Other,26,Pune,Maharashtra,New,Organic Search,2024-07-07
C02738,Customer 2738,Male,22,Delhi,Delhi,VIP,Instagram,2024-01-04
C02739,Customer 2739,Male,43,Jodhpur,Rajasthan,Loyal,Marketplace,2026-02-05
C02740,Customer 2740,Male,31,Vadodara,Gujarat,Loyal,Organic Search,2025-12-30
C02741,Customer 2741,Male,33,Hyderabad,Telangana,New,Instagram,2025-02-08
C02742,Customer 2742,Female,44,Lucknow,Uttar Pradesh,VIP,Email,2024-07-15
C02743,Customer 2743,Female,64,Nagpur,Maharashtra,New,Google Ads,2025-06-16
C02744,Customer 2744,Male,59,Noida,Uttar Pradesh,At-Risk,Affiliate,2025-03-02
C02745,Customer 2745,Male,23,Madurai,Tamil Nadu,Loyal,Influencer,2024-11-12
C02746,Customer 2746,Male,35,Lucknow,Uttar Pradesh,Loyal,Meta Ads,2025-08-16
C02747,Customer 2747,Other,28,Mumbai,Maharashtra,Dormant,Meta Ads,2024-07-24
C02748,Customer 2748,Male,34,Nagpur,Maharashtra,VIP,Meta Ads,2024-01-31
C02749,Customer 2749,Male,61,Delhi,Delhi,Loyal,Google Ads,2024-05-28
C02750,Customer 2750,Male,34,Hyderabad,Telangana,One-Time,Marketplace,2024-11-04
C02751,Customer 2751,Male,49,Nagpur,Maharashtra,Loyal,Organic Search,2026-01-14
C02752,Customer 2752,Male,58,Jaipur,Rajasthan,One-Time,Instagram,2024-08-25
C02753,Customer 2753,Female,31,Lucknow,Uttar Pradesh,Dormant,Google Ads,2026-05-15
C02754,Customer 2754,Male,40,Nizamabad,Telangana,One-Time,Google Ads,2024-04-29
C02755,Customer 2755,Female,57,Lucknow,Uttar Pradesh,One-Time,Organic Search,2026-06-17
C02756,Customer 2756,Male,33,Lucknow,Uttar Pradesh,At-Risk,Meta Ads,2026-01-02
C02757,Customer 2757,Female,50,Lucknow,Uttar Pradesh,One-Time,Meta Ads,2024-03-02
C02758,Customer 2758,Male,26,Jodhpur,Rajasthan,At-Risk,Marketplace,2025-05-02
C02759,Customer 2759,Female,62,Kolkata,West Bengal,New,Organic Search,2025-09-04
C02760,Customer 2760,Male,24,New Delhi,Delhi,New,Affiliate,2025-02-14
C02761,Customer 2761,Male,51,Kolkata,West Bengal,Loyal,Google Ads,2026-06-02
C02762,Customer 2762,Female,64,Thiruvananthapuram,Kerala,Loyal,Meta Ads,2024-04-29
C02763,Customer 2763,Female,24,Warangal,Telangana,Dormant,Marketplace,2025-04-30
C02764,Customer 2764,Male,41,Bengaluru,Karnataka,One-Time,Affiliate,2025-04-07
C02765,Customer 2765,Female,63,Warangal,Telangana,New,Organic Search,2025-07-02
C02766,Customer 2766,Male,21,Thiruvananthapuram,Kerala,One-Time,Organic Search,2024-08-28
C02767,Customer 2767,Male,32,Coimbatore,Tamil Nadu,One-Time,Meta Ads,2025-03-14
C02768,Customer 2768,Male,61,Howrah,West Bengal,Loyal,Organic Search,2024-04-23
C02769,Customer 2769,Female,24,Lucknow,Uttar Pradesh,One-Time,Google Ads,2024-04-20
C02770,Customer 2770,Male,63,Thiruvananthapuram,Kerala,Loyal,Meta Ads,2025-04-19
C02771,Customer 2771,Male,53,Nagpur,Maharashtra,Dormant,Email,2025-10-23
C02772,Customer 2772,Female,29,Lucknow,Uttar Pradesh,One-Time,Google Ads,2025-09-05
C02773,Customer 2773,Male,27,Lucknow,Uttar Pradesh,Loyal,Meta Ads,2026-05-10
C02774,Customer 2774,Female,33,Hyderabad,Telangana,New,Google Ads,2024-02-21
C02775,Customer 2775,Other,43,Udaipur,Rajasthan,At-Risk,Meta Ads,2025-01-25
C02776,Customer 2776,Female,64,Madurai,Tamil Nadu,One-Time,Influencer,2024-02-20
C02777,Customer 2777,Female,56,Howrah,West Bengal,Loyal,Marketplace,2024-11-20
C02778,Customer 2778,Female,18,New Delhi,Delhi,One-Time,Google Ads,2025-10-26
C02779,Customer 2779,Male,46,Mysuru,Karnataka,New,Meta Ads,2025-06-19
C02780,Customer 2780,Male,33,Mumbai,Maharashtra,One-Time,Influencer,2024-07-05
C02781,Customer 2781,Female,43,Nagpur,Maharashtra,New,Google Ads,2024-03-03
C02782,Customer 2782,Female,38,Warangal,Telangana,At-Risk,Organic Search,2024-05-18
C02783,Customer 2783,Male,46,Kolkata,West Bengal,One-Time,Google Ads,2025-01-15
C02784,Customer 2784,Female,54,Coimbatore,Tamil Nadu,Dormant,Organic Search,2026-05-15
C02785,Customer 2785,Male,29,Nagpur,Maharashtra,Loyal,Meta Ads,2024-12-17
C02786,Customer 2786,Male,35,Udaipur,Rajasthan,New,Organic Search,2024-06-10
C02787,Customer 2787,Male,20,Howrah,West Bengal,One-Time,Email,2024-08-26
C02788,Customer 2788,Male,34,Surat,Gujarat,New,Google Ads,2025-09-08
C02789,Customer 2789,Male,65,Kozhikode,Kerala,At-Risk,Instagram,2024-09-07
C02790,Customer 2790,Female,53,Madurai,Tamil Nadu,New,Email,2026-01-03
C02791,Customer 2791,Female,50,Noida,Uttar Pradesh,At-Risk,Marketplace,2024-02-04
C02792,Customer 2792,Female,58,Nizamabad,Telangana,New,Email,2024-10-22
C02793,Customer 2793,Female,45,Udaipur,Rajasthan,One-Time,Google Ads,2024-08-16
C02794,Customer 2794,Male,22,Kozhikode,Kerala,New,Email,2025-02-20
C02795,Customer 2795,Male,49,Lucknow,Uttar Pradesh,VIP,Meta Ads,2024-12-22
C02796,Customer 2796,Male,24,Vadodara,Gujarat,Loyal,Influencer,2025-05-13
C02797,Customer 2797,Male,27,Kolkata,West Bengal,Dormant,Influencer,2024-10-23
C02798,Customer 2798,Female,49,Chennai,Tamil Nadu,One-Time,Google Ads,2024-06-29
C02799,Customer 2799,Male,62,Kolkata,West Bengal,New,Organic Search,2025-08-02
C02800,Customer 2800,Male,33,Kanpur,Uttar Pradesh,At-Risk,Organic Search,2024-09-23
C02801,Customer 2801,Male,32,Kozhikode,Kerala,Loyal,Meta Ads,2026-02-27
C02802,Customer 2802,Female,50,Delhi,Delhi,At-Risk,Organic Search,2026-05-16
C02803,Customer 2803,Male,33,Nizamabad,Telangana,One-Time,Email,2024-07-27
C02804,Customer 2804,Female,26,Surat,Gujarat,VIP,Email,2024-09-03
C02805,Customer 2805,Female,29,Nagpur,Maharashtra,New,Email,2026-05-07
C02806,Customer 2806,Male,56,Bengaluru,Karnataka,Dormant,Organic Search,2026-01-01
C02807,Customer 2807,Female,47,Bengaluru,Karnataka,New,Organic Search,2025-02-06
C02808,Customer 2808,Female,33,Jaipur,Rajasthan,At-Risk,Instagram,2025-04-26
C02809,Customer 2809,Male,65,Nagpur,Maharashtra,New,Organic Search,2024-08-06
C02810,Customer 2810,Female,34,Pune,Maharashtra,At-Risk,Email,2025-08-04
C02811,Customer 2811,Female,50,Nizamabad,Telangana,At-Risk,Organic Search,2026-04-23
C02812,Customer 2812,Male,26,Noida,Uttar Pradesh,At-Risk,Meta Ads,2025-02-15
C02813,Customer 2813,Male,63,Jodhpur,Rajasthan,Loyal,Email,2025-01-25
C02814,Customer 2814,Male,28,Nizamabad,Telangana,One-Time,Email,2025-06-13
C02815,Customer 2815,Other,38,Warangal,Telangana,At-Risk,Meta Ads,2026-01-09
C02816,Customer 2816,Female,46,Surat,Gujarat,Loyal,Google Ads,2025-05-01
C02817,Customer 2817,Female,43,Bengaluru,Karnataka,Loyal,Email,2025-02-01
C02818,Customer 2818,Female,45,Surat,Gujarat,New,Google Ads,2025-03-09
C02819,Customer 2819,Male,55,Chennai,Tamil Nadu,Loyal,Instagram,2024-01-12
C02820,Customer 2820,Female,57,Kochi,Kerala,One-Time,Instagram,2025-12-23
C02821,Customer 2821,Male,34,Bengaluru,Karnataka,Loyal,Organic Search,2024-11-17
C02822,Customer 2822,Male,48,Kolkata,West Bengal,New,Marketplace,2026-03-03
C02823,Customer 2823,Female,45,Hyderabad,Telangana,One-Time,Influencer,2024-11-29
C02824,Customer 2824,Male,38,Kochi,Kerala,At-Risk,Marketplace,2024-08-17
C02825,Customer 2825,Male,42,Kochi,Kerala,Loyal,Marketplace,2026-03-07
C02826,Customer 2826,Male,56,Udaipur,Rajasthan,At-Risk,Google Ads,2024-05-02
C02827,Customer 2827,Male,50,New Delhi,Delhi,New,Meta Ads,2025-12-01
C02828,Customer 2828,Female,18,Pune,Maharashtra,Loyal,Meta Ads,2025-12-31
C02829,Customer 2829,Male,21,Lucknow,Uttar Pradesh,Loyal,Google Ads,2024-07-18
C02830,Customer 2830,Female,51,Udaipur,Rajasthan,One-Time,Influencer,2024-07-09
C02831,Customer 2831,Male,43,Mumbai,Maharashtra,VIP,Marketplace,2024-10-26
C02832,Customer 2832,Male,44,Delhi,Delhi,New,Organic Search,2026-02-18
C02833,Customer 2833,Male,58,Delhi,Delhi,Loyal,Marketplace,2024-11-05
C02834,Customer 2834,Female,28,Kanpur,Uttar Pradesh,New,Organic Search,2024-04-02
C02835,Customer 2835,Female,30,Howrah,West Bengal,Loyal,Instagram,2024-12-30
C02836,Customer 2836,Male,48,Howrah,West Bengal,At-Risk,Google Ads,2024-03-22
C02837,Customer 2837,Female,55,Howrah,West Bengal,New,Marketplace,2025-04-24
C02838,Customer 2838,Male,65,Mangaluru,Karnataka,Loyal,Organic Search,2024-06-12
C02839,Customer 2839,Male,62,Coimbatore,Tamil Nadu,Loyal,Meta Ads,2024-09-07
C02840,Customer 2840,Female,34,Nizamabad,Telangana,VIP,Google Ads,2024-01-11
C02841,Customer 2841,Male,26,Kanpur,Uttar Pradesh,New,Affiliate,2024-01-19
C02842,Customer 2842,Female,48,Madurai,Tamil Nadu,One-Time,Affiliate,2025-11-03
C02843,Customer 2843,Male,26,Madurai,Tamil Nadu,At-Risk,Email,2026-04-10
C02844,Customer 2844,Female,39,Bengaluru,Karnataka,Loyal,Marketplace,2024-12-23
C02845,Customer 2845,Female,32,Pune,Maharashtra,VIP,Instagram,2024-01-17
C02846,Customer 2846,Female,36,Surat,Gujarat,One-Time,Marketplace,2026-04-30
C02847,Customer 2847,Male,60,Nagpur,Maharashtra,Dormant,Organic Search,2025-01-03
C02848,Customer 2848,Male,32,Hyderabad,Telangana,New,Organic Search,2024-11-24
C02849,Customer 2849,Male,58,Kanpur,Uttar Pradesh,New,Marketplace,2025-12-14
C02850,Customer 2850,Male,28,Chennai,Tamil Nadu,Loyal,Influencer,2025-09-24
C02851,Customer 2851,Male,32,Coimbatore,Tamil Nadu,Loyal,Meta Ads,2025-10-26
C02852,Customer 2852,Male,29,Madurai,Tamil Nadu,Loyal,Influencer,2025-09-06
C02853,Customer 2853,Female,53,Lucknow,Uttar Pradesh,New,Email,2024-01-18
C02854,Customer 2854,Male,55,Mangaluru,Karnataka,New,Google Ads,2024-10-19
C02855,Customer 2855,Female,19,Udaipur,Rajasthan,VIP,Organic Search,2025-09-01
C02856,Customer 2856,Male,33,Kochi,Kerala,One-Time,Email,2026-03-14
C02857,Customer 2857,Male,62,Kolkata,West Bengal,VIP,Email,2025-07-23
C02858,Customer 2858,Female,43,Chennai,Tamil Nadu,Loyal,Instagram,2024-12-24
C02859,Customer 2859,Male,26,Udaipur,Rajasthan,New,Google Ads,2026-03-14
C02860,Customer 2860,Female,28,Delhi,Delhi,VIP,Meta Ads,2025-05-11
C02861,Customer 2861,Male,40,Coimbatore,Tamil Nadu,At-Risk,Organic Search,2024-04-28
C02862,Customer 2862,Male,28,New Delhi,Delhi,At-Risk,Meta Ads,2024-12-24
C02863,Customer 2863,Female,38,Bengaluru,Karnataka,New,Organic Search,2026-01-31
C02864,Customer 2864,Female,46,Hyderabad,Telangana,Loyal,Email,2025-01-26
C02865,Customer 2865,Male,40,Coimbatore,Tamil Nadu,Dormant,Meta Ads,2025-05-10
C02866,Customer 2866,Female,45,Nagpur,Maharashtra,Loyal,Meta Ads,2024-02-19
C02867,Customer 2867,Male,20,Chennai,Tamil Nadu,One-Time,Instagram,2025-08-15
C02868,Customer 2868,Male,42,Vadodara,Gujarat,New,Marketplace,2024-10-06
C02869,Customer 2869,Female,20,Kochi,Kerala,VIP,Marketplace,2024-03-24
C02870,Customer 2870,Female,51,Warangal,Telangana,At-Risk,Instagram,2026-05-03
C02871,Customer 2871,Male,43,Howrah,West Bengal,Dormant,Google Ads,2025-01-03
C02872,Customer 2872,Male,48,Delhi,Delhi,Dormant,Organic Search,2026-01-18
C02873,Customer 2873,Male,34,Warangal,Telangana,One-Time,Instagram,2025-09-22
C02874,Customer 2874,Female,27,Mysuru,Karnataka,Loyal,Email,2026-03-03
C02875,Customer 2875,Other,50,Pune,Maharashtra,New,Instagram,2025-01-24
C02876,Customer 2876,Female,20,Mumbai,Maharashtra,New,Organic Search,2025-10-03
C02877,Customer 2877,Female,41,Bengaluru,Karnataka,New,Meta Ads,2026-04-23
C02878,Customer 2878,Female,30,Madurai,Tamil Nadu,Dormant,Marketplace,2025-08-10
C02879,Customer 2879,Male,35,Delhi,Delhi,New,Instagram,2025-08-18
C02880,Customer 2880,Female,38,Nizamabad,Telangana,Loyal,Meta Ads,2026-03-19
C02881,Customer 2881,Female,40,Mumbai,Maharashtra,Loyal,Marketplace,2024-11-14
C02882,Customer 2882,Male,27,Hyderabad,Telangana,One-Time,Meta Ads,2025-04-29
C02883,Customer 2883,Male,24,Ahmedabad,Gujarat,Loyal,Google Ads,2025-10-19
C02884,Customer 2884,Female,41,Bengaluru,Karnataka,New,Google Ads,2026-04-04
C02885,Customer 2885,Male,31,Surat,Gujarat,One-Time,Organic Search,2025-12-18
C02886,Customer 2886,Female,19,Mumbai,Maharashtra,Loyal,Organic Search,2025-01-08
C02887,Customer 2887,Female,59,Nizamabad,Telangana,At-Risk,Email,2025-12-09
C02888,Customer 2888,Female,40,Kochi,Kerala,VIP,Google Ads,2025-06-21
C02889,Customer 2889,Other,22,Warangal,Telangana,At-Risk,Google Ads,2025-02-14
C02890,Customer 2890,Male,34,Mumbai,Maharashtra,One-Time,Instagram,2025-02-28
C02891,Customer 2891,Female,23,Pune,Maharashtra,New,Instagram,2025-11-14
C02892,Customer 2892,Female,64,Kochi,Kerala,One-Time,Instagram,2024-01-18
C02893,Customer 2893,Female,41,Surat,Gujarat,Dormant,Email,2026-05-04
C02894,Customer 2894,Male,60,Vadodara,Gujarat,New,Organic Search,2024-06-28
C02895,Customer 2895,Male,34,Kozhikode,Kerala,New,Organic Search,2025-09-17
C02896,Customer 2896,Female,63,Hyderabad,Telangana,Dormant,Organic Search,2026-04-15
C02897,Customer 2897,Male,62,Thiruvananthapuram,Kerala,Dormant,Email,2024-07-06
C02898,Customer 2898,Female,49,Nagpur,Maharashtra,New,Meta Ads,2025-06-22
C02899,Customer 2899,Female,38,Kolkata,West Bengal,At-Risk,Organic Search,2025-04-28
C02900,Customer 2900,Female,64,Coimbatore,Tamil Nadu,One-Time,Google Ads,2024-02-11
C02901,Customer 2901,Female,45,Coimbatore,Tamil Nadu,Loyal,Organic Search,2025-08-04
C02902,Customer 2902,Male,27,Kozhikode,Kerala,Loyal,Instagram,2026-05-20
C02903,Customer 2903,Male,21,Pune,Maharashtra,Dormant,Organic Search,2026-03-14
C02904,Customer 2904,Male,43,Kozhikode,Kerala,New,Influencer,2026-04-15
C02905,Customer 2905,Female,29,Madurai,Tamil Nadu,At-Risk,Instagram,2025-03-15
C02906,Customer 2906,Female,53,Kolkata,West Bengal,New,Google Ads,2025-10-02
C02907,Customer 2907,Female,44,Kochi,Kerala,Loyal,Marketplace,2024-08-01
C02908,Customer 2908,Female,41,Hyderabad,Telangana,Loyal,Instagram,2024-09-11
C02909,Customer 2909,Female,31,Thiruvananthapuram,Kerala,VIP,Instagram,2026-04-17
C02910,Customer 2910,Female,28,Vadodara,Gujarat,Dormant,Meta Ads,2024-09-22
C02911,Customer 2911,Other,27,Jodhpur,Rajasthan,VIP,Instagram,2025-10-12
C02912,Customer 2912,Male,49,Mumbai,Maharashtra,VIP,Email,2026-02-17
C02913,Customer 2913,Female,55,Vadodara,Gujarat,One-Time,Influencer,2025-07-20
C02914,Customer 2914,Male,64,Kolkata,West Bengal,Dormant,Organic Search,2024-02-24
C02915,Customer 2915,Female,50,Delhi,Delhi,Loyal,Email,2026-05-05
C02916,Customer 2916,Male,43,Mumbai,Maharashtra,One-Time,Affiliate,2024-08-01
C02917,Customer 2917,Male,51,Bengaluru,Karnataka,Loyal,Influencer,2026-06-11
C02918,Customer 2918,Female,29,Kanpur,Uttar Pradesh,One-Time,Google Ads,2024-05-29
C02919,Customer 2919,Male,60,Nizamabad,Telangana,Loyal,Organic Search,2024-11-07
C02920,Customer 2920,Female,19,Jaipur,Rajasthan,One-Time,Google Ads,2025-10-06
C02921,Customer 2921,Female,61,Kochi,Kerala,New,Meta Ads,2024-02-17
C02922,Customer 2922,Male,22,Warangal,Telangana,Dormant,Affiliate,2024-12-09
C02923,Customer 2923,Male,63,Nagpur,Maharashtra,Dormant,Affiliate,2026-03-21
C02924,Customer 2924,Female,55,Kolkata,West Bengal,Loyal,Marketplace,2026-04-04
C02925,Customer 2925,Female,38,Nizamabad,Telangana,Dormant,Email,2025-05-02
C02926,Customer 2926,Female,41,Surat,Gujarat,One-Time,Google Ads,2025-12-23
C02927,Customer 2927,Female,32,Howrah,West Bengal,One-Time,Google Ads,2025-12-15
C02928,Customer 2928,Female,28,Ahmedabad,Gujarat,Dormant,Meta Ads,2026-06-05
C02929,Customer 2929,Female,33,Madurai,Tamil Nadu,Loyal,Instagram,2025-01-24
C02930,Customer 2930,Other,59,Udaipur,Rajasthan,At-Risk,Email,2024-09-26
C02931,Customer 2931,Male,30,Ahmedabad,Gujarat,One-Time,Organic Search,2026-02-28
C02932,Customer 2932,Other,38,Nagpur,Maharashtra,One-Time,Google Ads,2025-03-03
C02933,Customer 2933,Female,50,Vadodara,Gujarat,New,Meta Ads,2025-06-23
C02934,Customer 2934,Female,56,Noida,Uttar Pradesh,Dormant,Google Ads,2025-08-16
C02935,Customer 2935,Male,32,Howrah,West Bengal,New,Organic Search,2025-12-22
C02936,Customer 2936,Male,56,New Delhi,Delhi,Loyal,Meta Ads,2026-05-27
C02937,Customer 2937,Male,26,Bengaluru,Karnataka,New,Google Ads,2024-11-27
C02938,Customer 2938,Female,52,Nizamabad,Telangana,Loyal,Instagram,2024-11-06
C02939,Customer 2939,Male,23,Bengaluru,Karnataka,One-Time,Meta Ads,2026-03-02
C02940,Customer 2940,Male,64,Nizamabad,Telangana,At-Risk,Instagram,2024-10-21
C02941,Customer 2941,Female,22,Kochi,Kerala,Loyal,Affiliate,2025-08-07
C02942,Customer 2942,Male,61,Pune,Maharashtra,New,Meta Ads,2025-07-18
C02943,Customer 2943,Female,54,Kanpur,Uttar Pradesh,New,Google Ads,2025-01-29
C02944,Customer 2944,Female,24,Pune,Maharashtra,New,Meta Ads,2025-08-21
C02945,Customer 2945,Other,55,Mangaluru,Karnataka,VIP,Google Ads,2025-10-10
C02946,Customer 2946,Male,34,Chennai,Tamil Nadu,At-Risk,Marketplace,2024-06-19
C02947,Customer 2947,Female,65,Bengaluru,Karnataka,One-Time,Organic Search,2024-06-17
C02948,Customer 2948,Female,63,Lucknow,Uttar Pradesh,Loyal,Email,2025-02-13
C02949,Customer 2949,Female,62,Kochi,Kerala,New,Organic Search,2026-02-13
C02950,Customer 2950,Male,49,Lucknow,Uttar Pradesh,At-Risk,Meta Ads,2024-12-05
C02951,Customer 2951,Male,61,Pune,Maharashtra,Dormant,Instagram,2025-02-25
C02952,Customer 2952,Male,39,Lucknow,Uttar Pradesh,VIP,Meta Ads,2025-01-14
C02953,Customer 2953,Male,20,Nagpur,Maharashtra,New,Affiliate,2025-12-12
C02954,Customer 2954,Female,59,Kochi,Kerala,Loyal,Organic Search,2024-05-06
C02955,Customer 2955,Male,20,Delhi,Delhi,Dormant,Meta Ads,2025-06-27
C02956,Customer 2956,Female,48,Mangaluru,Karnataka,New,Affiliate,2025-08-06
C02957,Customer 2957,Male,43,Nagpur,Maharashtra,Loyal,Google Ads,2024-07-03
C02958,Customer 2958,Male,35,Nizamabad,Telangana,Dormant,Meta Ads,2024-06-17
C02959,Customer 2959,Female,53,Mangaluru,Karnataka,At-Risk,Google Ads,2025-09-27
C02960,Customer 2960,Female,31,Kozhikode,Kerala,Loyal,Meta Ads,2024-01-23
C02961,Customer 2961,Female,62,Noida,Uttar Pradesh,Loyal,Meta Ads,2024-07-12
C02962,Customer 2962,Female,58,Thiruvananthapuram,Kerala,Dormant,Marketplace,2025-03-22
C02963,Customer 2963,Female,62,Warangal,Telangana,One-Time,Meta Ads,2024-01-03
C02964,Customer 2964,Female,58,Surat,Gujarat,Dormant,Meta Ads,2024-02-04
C02965,Customer 2965,Male,57,Mysuru,Karnataka,Loyal,Google Ads,2025-07-21
C02966,Customer 2966,Female,62,Ahmedabad,Gujarat,VIP,Google Ads,2025-08-22
C02967,Customer 2967,Male,62,Mangaluru,Karnataka,Dormant,Meta Ads,2026-05-09
C02968,Customer 2968,Female,55,Mangaluru,Karnataka,Loyal,Google Ads,2025-06-18
C02969,Customer 2969,Female,56,Vadodara,Gujarat,One-Time,Meta Ads,2024-04-12
C02970,Customer 2970,Female,26,Mumbai,Maharashtra,New,Meta Ads,2025-05-25
C02971,Customer 2971,Other,26,Delhi,Delhi,At-Risk,Google Ads,2024-01-23
C02972,Customer 2972,Female,36,Howrah,West Bengal,Loyal,Organic Search,2024-03-26
C02973,Customer 2973,Female,35,Mumbai,Maharashtra,One-Time,Marketplace,2024-07-14
C02974,Customer 2974,Female,33,Kozhikode,Kerala,At-Risk,Google Ads,2024-04-21
C02975,Customer 2975,Female,32,Delhi,Delhi,Dormant,Organic Search,2026-05-26
C02976,Customer 2976,Other,30,Kanpur,Uttar Pradesh,At-Risk,Organic Search,2025-08-21
C02977,Customer 2977,Male,45,Kolkata,West Bengal,Loyal,Organic Search,2025-06-10
C02978,Customer 2978,Female,56,Jaipur,Rajasthan,Dormant,Organic Search,2024-01-29
C02979,Customer 2979,Female,56,Jaipur,Rajasthan,At-Risk,Email,2024-05-05
C02980,Customer 2980,Female,23,Kanpur,Uttar Pradesh,New,Marketplace,2024-04-14
C02981,Customer 2981,Male,43,Vadodara,Gujarat,Dormant,Google Ads,2025-07-14
C02982,Customer 2982,Female,41,Bengaluru,Karnataka,Loyal,Email,2025-11-18
C02983,Customer 2983,Male,56,Nizamabad,Telangana,Dormant,Organic Search,2025-07-03
C02984,Customer 2984,Female,59,Ahmedabad,Gujarat,At-Risk,Marketplace,2024-05-30
C02985,Customer 2985,Female,33,Nizamabad,Telangana,Loyal,Email,2024-08-23
C02986,Customer 2986,Male,55,Bengaluru,Karnataka,One-Time,Marketplace,2025-03-22
C02987,Customer 2987,Male,46,Nizamabad,Telangana,New,Organic Search,2025-02-01
C02988,Customer 2988,Male,30,Ahmedabad,Gujarat,One-Time,Organic Search,2024-03-29
C02989,Customer 2989,Male,44,Pune,Maharashtra,VIP,Affiliate,2025-01-21
C02990,Customer 2990,Male,19,Vadodara,Gujarat,At-Risk,Organic Search,2024-07-30
C02991,Customer 2991,Male,20,Kanpur,Uttar Pradesh,New,Email,2024-06-24
C02992,Customer 2992,Female,37,Noida,Uttar Pradesh,New,Affiliate,2026-03-02
C02993,Customer 2993,Male,64,Mangaluru,Karnataka,Loyal,Google Ads,2024-04-21
C02994,Customer 2994,Male,46,Ahmedabad,Gujarat,One-Time,Marketplace,2025-11-08
C02995,Customer 2995,Male,50,Surat,Gujarat,New,Affiliate,2024-02-16
C02996,Customer 2996,Male,59,Delhi,Delhi,New,Organic Search,2024-06-18
C02997,Customer 2997,Female,39,Kolkata,West Bengal,Loyal,Google Ads,2026-03-07
C02998,Customer 2998,Male,43,Pune,Maharashtra,Loyal,Meta Ads,2024-07-12
C02999,Customer 2999,Male,31,Thiruvananthapuram,Kerala,At-Risk,Meta Ads,2024-02-23
C03000,Customer 3000,Other,30,Warangal,Telangana,One-Time,Meta Ads,2025-03-02
C03001,Customer 3001,Female,62,Kanpur,Uttar Pradesh,New,Organic Search,2024-08-08
C03002,Customer 3002,Other,51,Surat,Gujarat,At-Risk,Influencer,2025-07-23
C03003,Customer 3003,Female,24,Mangaluru,Karnataka,Dormant,Organic Search,2025-05-14
C03004,Customer 3004,Male,37,Jodhpur,Rajasthan,One-Time,Instagram,2025-06-08
C03005,Customer 3005,Male,55,Nizamabad,Telangana,At-Risk,Marketplace,2024-02-06
C03006,Customer 3006,Male,57,Noida,Uttar Pradesh,At-Risk,Influencer,2024-09-13
C03007,Customer 3007,Male,49,Vadodara,Gujarat,Dormant,Organic Search,2024-02-05
C03008,Customer 3008,Other,19,Pune,Maharashtra,One-Time,Instagram,2026-05-02
C03009,Customer 3009,Female,35,Nizamabad,Telangana,New,Organic Search,2024-03-25
C03010,Customer 3010,Female,38,Udaipur,Rajasthan,New,Instagram,2026-01-21
C03011,Customer 3011,Male,26,Bengaluru,Karnataka,At-Risk,Google Ads,2026-02-25
C03012,Customer 3012,Female,38,Lucknow,Uttar Pradesh,At-Risk,Organic Search,2025-08-09
C03013,Customer 3013,Male,35,Lucknow,Uttar Pradesh,Loyal,Organic Search,2025-12-28
C03014,Customer 3014,Male,46,Jodhpur,Rajasthan,New,Meta Ads,2026-03-28
C03015,Customer 3015,Male,33,Mysuru,Karnataka,New,Marketplace,2026-03-19
C03016,Customer 3016,Male,35,Jaipur,Rajasthan,Loyal,Influencer,2024-09-21
C03017,Customer 3017,Female,59,Kozhikode,Kerala,Dormant,Organic Search,2025-11-19
C03018,Customer 3018,Male,37,Nizamabad,Telangana,One-Time,Google Ads,2024-09-26
C03019,Customer 3019,Male,27,Mysuru,Karnataka,Loyal,Google Ads,2024-04-26
C03020,Customer 3020,Male,53,Mumbai,Maharashtra,Loyal,Organic Search,2024-10-05
C03021,Customer 3021,Female,30,Madurai,Tamil Nadu,At-Risk,Affiliate,2026-04-29
C03022,Customer 3022,Female,26,Jaipur,Rajasthan,At-Risk,Email,2024-05-24
C03023,Customer 3023,Male,54,New Delhi,Delhi,New,Google Ads,2025-06-08
C03024,Customer 3024,Female,29,Vadodara,Gujarat,Loyal,Google Ads,2024-05-05
C03025,Customer 3025,Male,18,Mangaluru,Karnataka,At-Risk,Meta Ads,2025-03-01
C03026,Customer 3026,Female,22,Pune,Maharashtra,Dormant,Organic Search,2026-03-29
C03027,Customer 3027,Male,53,Bengaluru,Karnataka,Loyal,Email,2026-05-05
C03028,Customer 3028,Male,30,Lucknow,Uttar Pradesh,New,Google Ads,2026-02-10
C03029,Customer 3029,Male,36,Vadodara,Gujarat,Loyal,Email,2026-01-21
C03030,Customer 3030,Male,42,Chennai,Tamil Nadu,Loyal,Influencer,2025-05-09
C03031,Customer 3031,Other,31,Kanpur,Uttar Pradesh,One-Time,Instagram,2024-02-01
C03032,Customer 3032,Male,27,Warangal,Telangana,Dormant,Google Ads,2025-08-17
C03033,Customer 3033,Male,21,Mysuru,Karnataka,New,Organic Search,2025-02-07
C03034,Customer 3034,Female,21,Nagpur,Maharashtra,Dormant,Marketplace,2024-08-02
C03035,Customer 3035,Male,61,Thiruvananthapuram,Kerala,One-Time,Google Ads,2025-09-25
C03036,Customer 3036,Male,65,Jodhpur,Rajasthan,New,Google Ads,2024-01-21
C03037,Customer 3037,Female,48,Surat,Gujarat,Loyal,Organic Search,2024-05-17
C03038,Customer 3038,Male,39,Hyderabad,Telangana,Loyal,Meta Ads,2025-02-01
C03039,Customer 3039,Female,56,Pune,Maharashtra,At-Risk,Marketplace,2024-06-13
C03040,Customer 3040,Male,57,Howrah,West Bengal,Loyal,Organic Search,2025-08-25
C03041,Customer 3041,Male,39,Chennai,Tamil Nadu,New,Google Ads,2025-12-20
C03042,Customer 3042,Female,53,Thiruvananthapuram,Kerala,Dormant,Influencer,2025-09-03
C03043,Customer 3043,Female,22,Noida,Uttar Pradesh,Loyal,Organic Search,2024-04-25
C03044,Customer 3044,Other,25,Chennai,Tamil Nadu,One-Time,Email,2025-06-27
C03045,Customer 3045,Female,58,Udaipur,Rajasthan,At-Risk,Meta Ads,2026-04-24
C03046,Customer 3046,Male,42,Kozhikode,Kerala,New,Organic Search,2026-04-12
C03047,Customer 3047,Male,57,Delhi,Delhi,New,Marketplace,2024-05-26
C03048,Customer 3048,Male,45,Kolkata,West Bengal,Loyal,Google Ads,2024-07-07
C03049,Customer 3049,Female,23,Thiruvananthapuram,Kerala,Loyal,Instagram,2024-06-07
C03050,Customer 3050,Female,25,Mangaluru,Karnataka,Loyal,Marketplace,2024-08-25
C03051,Customer 3051,Male,43,Lucknow,Uttar Pradesh,Dormant,Instagram,2026-03-27
C03052,Customer 3052,Female,23,Nizamabad,Telangana,One-Time,Google Ads,2024-03-12
C03053,Customer 3053,Male,58,Howrah,West Bengal,Dormant,Google Ads,2025-05-17
C03054,Customer 3054,Other,30,Lucknow,Uttar Pradesh,New,Organic Search,2026-04-22
C03055,Customer 3055,Male,51,Ahmedabad,Gujarat,New,Organic Search,2026-01-12
C03056,Customer 3056,Female,30,Delhi,Delhi,New,Google Ads,2025-02-13
C03057,Customer 3057,Male,55,Vadodara,Gujarat,New,Meta Ads,2025-04-26
C03058,Customer 3058,Female,31,Nagpur,Maharashtra,Loyal,Organic Search,2024-12-27
C03059,Customer 3059,Male,42,Pune,Maharashtra,At-Risk,Organic Search,2025-08-23
C03060,Customer 3060,Female,30,Mysuru,Karnataka,At-Risk,Google Ads,2026-06-06
C03061,Customer 3061,Male,60,Surat,Gujarat,VIP,Instagram,2025-06-08
C03062,Customer 3062,Male,44,Coimbatore,Tamil Nadu,New,Organic Search,2025-01-19
C03063,Customer 3063,Female,43,Mangaluru,Karnataka,At-Risk,Google Ads,2026-03-23
C03064,Customer 3064,Female,32,Lucknow,Uttar Pradesh,One-Time,Meta Ads,2024-10-28
C03065,Customer 3065,Male,26,Chennai,Tamil Nadu,VIP,Marketplace,2024-02-27
C03066,Customer 3066,Male,55,Chennai,Tamil Nadu,VIP,Influencer,2024-07-06
C03067,Customer 3067,Female,20,Madurai,Tamil Nadu,New,Meta Ads,2025-08-11
C03068,Customer 3068,Male,20,Nagpur,Maharashtra,Loyal,Influencer,2025-01-30
C03069,Customer 3069,Female,49,Jaipur,Rajasthan,Dormant,Organic Search,2026-03-14
C03070,Customer 3070,Male,47,Chennai,Tamil Nadu,One-Time,Marketplace,2025-09-09
C03071,Customer 3071,Male,33,Hyderabad,Telangana,VIP,Marketplace,2025-05-31
C03072,Customer 3072,Male,55,Kochi,Kerala,Dormant,Organic Search,2026-04-02
C03073,Customer 3073,Female,20,Noida,Uttar Pradesh,One-Time,Email,2025-10-31
C03074,Customer 3074,Male,38,Jodhpur,Rajasthan,One-Time,Google Ads,2024-06-21
C03075,Customer 3075,Male,61,Noida,Uttar Pradesh,Loyal,Email,2025-09-30
C03076,Customer 3076,Female,33,Kochi,Kerala,At-Risk,Instagram,2025-09-15
C03077,Customer 3077,Male,55,Mysuru,Karnataka,Loyal,Organic Search,2026-04-22
C03078,Customer 3078,Female,32,Vadodara,Gujarat,Loyal,Google Ads,2024-01-06
C03079,Customer 3079,Male,29,Surat,Gujarat,New,Influencer,2024-05-25
C03080,Customer 3080,Male,33,Mangaluru,Karnataka,Dormant,Marketplace,2025-12-21
C03081,Customer 3081,Male,31,Nagpur,Maharashtra,At-Risk,Meta Ads,2026-05-16
C03082,Customer 3082,Female,23,Nagpur,Maharashtra,Loyal,Organic Search,2024-09-09
C03083,Customer 3083,Male,61,Howrah,West Bengal,Dormant,Affiliate,2026-05-13
C03084,Customer 3084,Male,45,Lucknow,Uttar Pradesh,VIP,Email,2024-02-05
C03085,Customer 3085,Male,64,Noida,Uttar Pradesh,Dormant,Marketplace,2025-09-24
C03086,Customer 3086,Male,47,Mysuru,Karnataka,New,Email,2024-12-20
C03087,Customer 3087,Female,60,Nagpur,Maharashtra,New,Meta Ads,2025-07-30
C03088,Customer 3088,Female,36,Delhi,Delhi,At-Risk,Email,2026-03-14
C03089,Customer 3089,Male,27,Surat,Gujarat,One-Time,Email,2025-05-28
C03090,Customer 3090,Male,63,Thiruvananthapuram,Kerala,One-Time,Meta Ads,2024-07-28
C03091,Customer 3091,Female,57,Kanpur,Uttar Pradesh,VIP,Affiliate,2026-05-08
C03092,Customer 3092,Female,61,Kozhikode,Kerala,Loyal,Organic Search,2024-09-15
C03093,Customer 3093,Female,62,Kanpur,Uttar Pradesh,One-Time,Instagram,2025-03-27
C03094,Customer 3094,Female,32,Thiruvananthapuram,Kerala,One-Time,Instagram,2024-05-30
C03095,Customer 3095,Other,44,Delhi,Delhi,One-Time,Instagram,2026-02-26
C03096,Customer 3096,Female,53,Warangal,Telangana,New,Instagram,2026-06-02
C03097,Customer 3097,Female,60,Warangal,Telangana,New,Email,2024-12-10
C03098,Customer 3098,Male,23,Chennai,Tamil Nadu,Loyal,Meta Ads,2025-01-24
C03099,Customer 3099,Female,62,Bengaluru,Karnataka,At-Risk,Affiliate,2025-02-22
C03100,Customer 3100,Female,54,Pune,Maharashtra,One-Time,Marketplace,2026-05-03
C03101,Customer 3101,Male,40,Thiruvananthapuram,Kerala,One-Time,Email,2025-07-03
C03102,Customer 3102,Female,53,Mumbai,Maharashtra,Loyal,Organic Search,2024-03-23
C03103,Customer 3103,Female,31,Kochi,Kerala,New,Marketplace,2025-11-09
C03104,Customer 3104,Male,35,Kanpur,Uttar Pradesh,One-Time,Meta Ads,2025-02-07
C03105,Customer 3105,Male,27,Kolkata,West Bengal,New,Meta Ads,2024-03-01
C03106,Customer 3106,Male,36,Howrah,West Bengal,Loyal,Google Ads,2025-03-02
C03107,Customer 3107,Female,32,Mangaluru,Karnataka,New,Instagram,2024-02-27
C03108,Customer 3108,Male,46,Kolkata,West Bengal,Loyal,Meta Ads,2024-08-18
C03109,Customer 3109,Male,38,Nagpur,Maharashtra,Loyal,Organic Search,2025-10-26
C03110,Customer 3110,Female,31,Kozhikode,Kerala,At-Risk,Instagram,2025-03-23
C03111,Customer 3111,Female,36,Mysuru,Karnataka,VIP,Meta Ads,2025-01-27
C03112,Customer 3112,Male,45,Mysuru,Karnataka,Dormant,Instagram,2024-11-11
C03113,Customer 3113,Female,56,Udaipur,Rajasthan,Loyal,Google Ads,2026-03-02
C03114,Customer 3114,Male,60,Kolkata,West Bengal,One-Time,Email,2024-08-09
C03115,Customer 3115,Female,30,New Delhi,Delhi,New,Meta Ads,2026-04-28
C03116,Customer 3116,Female,39,Howrah,West Bengal,New,Google Ads,2024-11-24
C03117,Customer 3117,Male,52,Mumbai,Maharashtra,One-Time,Google Ads,2024-12-18
C03118,Customer 3118,Male,27,Howrah,West Bengal,New,Organic Search,2025-07-25
C03119,Customer 3119,Female,53,Mangaluru,Karnataka,One-Time,Meta Ads,2025-11-19
C03120,Customer 3120,Male,44,Mysuru,Karnataka,VIP,Organic Search,2025-02-25
C03121,Customer 3121,Male,24,Mumbai,Maharashtra,VIP,Affiliate,2025-07-27
C03122,Customer 3122,Female,49,Mangaluru,Karnataka,One-Time,Email,2025-01-03
C03123,Customer 3123,Male,25,Mangaluru,Karnataka,Loyal,Google Ads,2025-11-29
C03124,Customer 3124,Male,43,Delhi,Delhi,New,Organic Search,2026-02-07
C03125,Customer 3125,Female,32,Mumbai,Maharashtra,Loyal,Google Ads,2026-02-17
C03126,Customer 3126,Male,19,Pune,Maharashtra,Loyal,Affiliate,2025-08-03
C03127,Customer 3127,Male,50,Surat,Gujarat,One-Time,Affiliate,2024-09-07
C03128,Customer 3128,Male,50,Mumbai,Maharashtra,One-Time,Instagram,2025-07-27
C03129,Customer 3129,Female,31,Kolkata,West Bengal,Dormant,Meta Ads,2025-07-15
C03130,Customer 3130,Male,19,Kochi,Kerala,Loyal,Organic Search,2024-07-19
C03131,Customer 3131,Male,60,Madurai,Tamil Nadu,Loyal,Organic Search,2026-02-07
C03132,Customer 3132,Female,38,Thiruvananthapuram,Kerala,New,Google Ads,2025-11-06
C03133,Customer 3133,Male,59,Nizamabad,Telangana,New,Organic Search,2025-02-01
C03134,Customer 3134,Male,37,Warangal,Telangana,One-Time,Meta Ads,2024-02-03
C03135,Customer 3135,Female,53,Udaipur,Rajasthan,Dormant,Marketplace,2025-10-11
C03136,Customer 3136,Female,58,Kanpur,Uttar Pradesh,New,Affiliate,2024-07-11
C03137,Customer 3137,Male,50,Lucknow,Uttar Pradesh,One-Time,Meta Ads,2025-11-05
C03138,Customer 3138,Male,59,Warangal,Telangana,Dormant,Meta Ads,2025-01-06
C03139,Customer 3139,Female,21,Kanpur,Uttar Pradesh,Loyal,Instagram,2025-10-05
C03140,Customer 3140,Female,55,Coimbatore,Tamil Nadu,One-Time,Affiliate,2026-03-11
C03141,Customer 3141,Female,52,Bengaluru,Karnataka,Loyal,Google Ads,2024-03-22
C03142,Customer 3142,Male,57,Nagpur,Maharashtra,Loyal,Meta Ads,2024-01-26
C03143,Customer 3143,Female,48,Kochi,Kerala,Dormant,Organic Search,2025-08-30
C03144,Customer 3144,Male,28,Nizamabad,Telangana,New,Google Ads,2025-02-04
C03145,Customer 3145,Female,47,Kanpur,Uttar Pradesh,At-Risk,Google Ads,2025-09-20
C03146,Customer 3146,Male,52,Kolkata,West Bengal,One-Time,Affiliate,2024-04-17
C03147,Customer 3147,Male,65,Jaipur,Rajasthan,At-Risk,Email,2026-02-21
C03148,Customer 3148,Male,53,Udaipur,Rajasthan,At-Risk,Email,2024-07-26
C03149,Customer 3149,Female,58,Noida,Uttar Pradesh,At-Risk,Meta Ads,2024-04-29
C03150,Customer 3150,Male,55,Nagpur,Maharashtra,At-Risk,Email,2024-12-30
C03151,Customer 3151,Female,22,Nizamabad,Telangana,VIP,Email,2026-01-06
C03152,Customer 3152,Female,56,Ahmedabad,Gujarat,New,Instagram,2024-03-29
C03153,Customer 3153,Male,51,Madurai,Tamil Nadu,New,Marketplace,2025-03-26
C03154,Customer 3154,Male,25,Pune,Maharashtra,One-Time,Google Ads,2026-01-16
C03155,Customer 3155,Male,27,Nagpur,Maharashtra,Loyal,Instagram,2025-04-10
C03156,Customer 3156,Female,30,Bengaluru,Karnataka,One-Time,Influencer,2024-03-15
C03157,Customer 3157,Male,46,Hyderabad,Telangana,VIP,Meta Ads,2024-06-30
C03158,Customer 3158,Female,55,Warangal,Telangana,VIP,Marketplace,2025-06-10
C03159,Customer 3159,Male,60,Thiruvananthapuram,Kerala,Dormant,Instagram,2025-08-07
C03160,Customer 3160,Female,25,Mysuru,Karnataka,One-Time,Google Ads,2024-05-26
C03161,Customer 3161,Male,65,Kochi,Kerala,At-Risk,Google Ads,2024-12-17
C03162,Customer 3162,Male,23,Thiruvananthapuram,Kerala,VIP,Meta Ads,2024-04-05
C03163,Customer 3163,Female,46,Nagpur,Maharashtra,Dormant,Marketplace,2025-05-31
C03164,Customer 3164,Male,64,Udaipur,Rajasthan,At-Risk,Marketplace,2025-02-20
C03165,Customer 3165,Male,37,Vadodara,Gujarat,One-Time,Organic Search,2025-08-11
C03166,Customer 3166,Male,64,Jaipur,Rajasthan,New,Google Ads,2024-11-06
C03167,Customer 3167,Male,48,Nizamabad,Telangana,Dormant,Instagram,2026-06-07
C03168,Customer 3168,Female,34,Pune,Maharashtra,VIP,Instagram,2024-02-10
C03169,Customer 3169,Female,60,Nizamabad,Telangana,At-Risk,Meta Ads,2024-08-05
C03170,Customer 3170,Female,18,Vadodara,Gujarat,At-Risk,Google Ads,2024-02-28
C03171,Customer 3171,Male,54,Kochi,Kerala,VIP,Instagram,2026-02-09
C03172,Customer 3172,Female,37,Howrah,West Bengal,VIP,Instagram,2024-09-26
C03173,Customer 3173,Male,52,Jodhpur,Rajasthan,Dormant,Organic Search,2024-01-28
C03174,Customer 3174,Male,19,Kozhikode,Kerala,Dormant,Instagram,2025-12-05
C03175,Customer 3175,Male,61,Howrah,West Bengal,One-Time,Google Ads,2026-03-14
C03176,Customer 3176,Female,24,Hyderabad,Telangana,New,Google Ads,2026-02-05
C03177,Customer 3177,Male,47,Kanpur,Uttar Pradesh,New,Organic Search,2024-07-07
C03178,Customer 3178,Female,28,Chennai,Tamil Nadu,Loyal,Organic Search,2024-02-29
C03179,Customer 3179,Male,62,Nizamabad,Telangana,At-Risk,Google Ads,2024-09-19
C03180,Customer 3180,Female,58,New Delhi,Delhi,At-Risk,Influencer,2024-06-03
C03181,Customer 3181,Female,58,Kozhikode,Kerala,One-Time,Organic Search,2025-11-21
C03182,Customer 3182,Male,36,Mysuru,Karnataka,One-Time,Google Ads,2024-11-01
C03183,Customer 3183,Female,26,New Delhi,Delhi,Loyal,Meta Ads,2025-02-06
C03184,Customer 3184,Female,18,Mumbai,Maharashtra,At-Risk,Marketplace,2025-08-08
C03185,Customer 3185,Female,27,Hyderabad,Telangana,Loyal,Instagram,2025-02-03
C03186,Customer 3186,Female,48,Nizamabad,Telangana,New,Meta Ads,2024-09-13
C03187,Customer 3187,Male,34,Udaipur,Rajasthan,One-Time,Email,2024-07-14
C03188,Customer 3188,Female,21,Kanpur,Uttar Pradesh,Loyal,Meta Ads,2024-07-18
C03189,Customer 3189,Female,65,Pune,Maharashtra,Loyal,Affiliate,2024-04-26
C03190,Customer 3190,Male,60,Mysuru,Karnataka,At-Risk,Affiliate,2025-06-13
C03191,Customer 3191,Female,39,Nagpur,Maharashtra,Dormant,Affiliate,2024-07-24
C03192,Customer 3192,Female,29,Hyderabad,Telangana,New,Organic Search,2025-09-05
C03193,Customer 3193,Female,39,Vadodara,Gujarat,New,Organic Search,2024-11-20
C03194,Customer 3194,Male,29,Jodhpur,Rajasthan,One-Time,Meta Ads,2025-03-14
C03195,Customer 3195,Male,21,Kolkata,West Bengal,One-Time,Influencer,2026-01-27
C03196,Customer 3196,Male,37,Coimbatore,Tamil Nadu,One-Time,Google Ads,2025-08-24
C03197,Customer 3197,Male,25,Vadodara,Gujarat,New,Meta Ads,2024-09-18
C03198,Customer 3198,Male,23,Nizamabad,Telangana,New,Marketplace,2024-01-04
C03199,Customer 3199,Male,65,Nagpur,Maharashtra,At-Risk,Marketplace,2025-10-16
C03200,Customer 3200,Male,19,Kochi,Kerala,New,Email,2024-10-22
C03201,Customer 3201,Male,57,Lucknow,Uttar Pradesh,At-Risk,Email,2024-03-09
C03202,Customer 3202,Male,61,Kozhikode,Kerala,One-Time,Google Ads,2025-07-02
C03203,Customer 3203,Female,38,Kozhikode,Kerala,One-Time,Organic Search,2025-12-27
C03204,Customer 3204,Male,59,Kolkata,West Bengal,New,Google Ads,2025-08-08
C03205,Customer 3205,Male,42,Kozhikode,Kerala,New,Meta Ads,2026-01-13
C03206,Customer 3206,Female,61,Chennai,Tamil Nadu,One-Time,Instagram,2024-06-24
C03207,Customer 3207,Female,57,Nizamabad,Telangana,At-Risk,Marketplace,2026-02-07
C03208,Customer 3208,Female,50,Nizamabad,Telangana,Dormant,Marketplace,2024-10-25
C03209,Customer 3209,Female,45,Warangal,Telangana,New,Marketplace,2025-04-16
C03210,Customer 3210,Male,18,Hyderabad,Telangana,New,Affiliate,2024-07-22
C03211,Customer 3211,Female,31,Madurai,Tamil Nadu,New,Meta Ads,2025-07-07
C03212,Customer 3212,Male,64,Jaipur,Rajasthan,At-Risk,Google Ads,2026-03-19
C03213,Customer 3213,Female,62,Noida,Uttar Pradesh,New,Instagram,2026-05-27
C03214,Customer 3214,Male,52,Surat,Gujarat,New,Meta Ads,2024-09-23
C03215,Customer 3215,Female,41,Mumbai,Maharashtra,At-Risk,Organic Search,2024-12-29
C03216,Customer 3216,Female,37,Jodhpur,Rajasthan,At-Risk,Instagram,2026-03-04
C03217,Customer 3217,Female,38,Madurai,Tamil Nadu,Loyal,Marketplace,2024-10-06
C03218,Customer 3218,Female,53,Hyderabad,Telangana,New,Instagram,2026-03-06
C03219,Customer 3219,Female,30,Mysuru,Karnataka,One-Time,Instagram,2025-04-30
C03220,Customer 3220,Male,45,Bengaluru,Karnataka,New,Organic Search,2025-04-18
C03221,Customer 3221,Male,48,Mysuru,Karnataka,Loyal,Organic Search,2026-04-22
C03222,Customer 3222,Male,50,Lucknow,Uttar Pradesh,At-Risk,Meta Ads,2026-02-22
C03223,Customer 3223,Male,25,Jaipur,Rajasthan,New,Organic Search,2026-04-06
C03224,Customer 3224,Male,57,Jodhpur,Rajasthan,At-Risk,Organic Search,2024-03-10
C03225,Customer 3225,Female,38,Mumbai,Maharashtra,Loyal,Google Ads,2024-04-12
C03226,Customer 3226,Male,62,Lucknow,Uttar Pradesh,At-Risk,Email,2024-04-23
C03227,Customer 3227,Male,39,Howrah,West Bengal,New,Marketplace,2025-04-26
C03228,Customer 3228,Male,56,Nagpur,Maharashtra,One-Time,Meta Ads,2025-01-01
C03229,Customer 3229,Male,23,Kolkata,West Bengal,New,Instagram,2024-07-16
C03230,Customer 3230,Female,61,Delhi,Delhi,VIP,Meta Ads,2025-09-14
C03231,Customer 3231,Female,19,Coimbatore,Tamil Nadu,New,Email,2024-07-21
C03232,Customer 3232,Male,45,Mumbai,Maharashtra,One-Time,Marketplace,2026-05-23
C03233,Customer 3233,Male,53,Delhi,Delhi,At-Risk,Meta Ads,2024-11-17
C03234,Customer 3234,Male,34,Warangal,Telangana,VIP,Influencer,2025-02-24
C03235,Customer 3235,Female,63,Mumbai,Maharashtra,Loyal,Influencer,2024-02-22
C03236,Customer 3236,Male,50,Mumbai,Maharashtra,VIP,Meta Ads,2024-01-07
C03237,Customer 3237,Other,61,Kozhikode,Kerala,Loyal,Affiliate,2024-05-24
C03238,Customer 3238,Female,44,Bengaluru,Karnataka,Loyal,Marketplace,2024-06-12
C03239,Customer 3239,Male,51,Coimbatore,Tamil Nadu,One-Time,Marketplace,2024-03-25
C03240,Customer 3240,Female,20,Bengaluru,Karnataka,New,Organic Search,2025-01-29
C03241,Customer 3241,Male,21,Kozhikode,Kerala,Loyal,Google Ads,2025-09-24
C03242,Customer 3242,Female,45,Vadodara,Gujarat,New,Google Ads,2025-09-12
C03243,Customer 3243,Male,35,Thiruvananthapuram,Kerala,Loyal,Meta Ads,2025-12-21
C03244,Customer 3244,Female,38,Mysuru,Karnataka,Loyal,Organic Search,2025-06-11
C03245,Customer 3245,Female,47,Pune,Maharashtra,New,Instagram,2024-05-05
C03246,Customer 3246,Female,35,Surat,Gujarat,At-Risk,Organic Search,2026-02-27
C03247,Customer 3247,Female,65,Mangaluru,Karnataka,VIP,Affiliate,2026-01-30
C03248,Customer 3248,Male,52,Kanpur,Uttar Pradesh,Loyal,Meta Ads,2024-08-27
C03249,Customer 3249,Female,46,Lucknow,Uttar Pradesh,Dormant,Marketplace,2026-02-15
C03250,Customer 3250,Female,60,Delhi,Delhi,One-Time,Google Ads,2025-04-30
C03251,Customer 3251,Male,19,Kochi,Kerala,One-Time,Meta Ads,2024-12-13
C03252,Customer 3252,Female,27,Ahmedabad,Gujarat,New,Affiliate,2024-05-09
C03253,Customer 3253,Male,57,Mysuru,Karnataka,Loyal,Meta Ads,2026-04-20
C03254,Customer 3254,Female,56,New Delhi,Delhi,New,Meta Ads,2025-08-03
C03255,Customer 3255,Male,46,Nizamabad,Telangana,At-Risk,Marketplace,2025-01-28
C03256,Customer 3256,Male,26,Kanpur,Uttar Pradesh,One-Time,Marketplace,2025-11-17
C03257,Customer 3257,Female,32,Hyderabad,Telangana,Loyal,Affiliate,2025-11-27
C03258,Customer 3258,Male,45,Bengaluru,Karnataka,Loyal,Google Ads,2025-04-07
C03259,Customer 3259,Female,22,Surat,Gujarat,One-Time,Meta Ads,2024-07-13
C03260,Customer 3260,Female,58,Nizamabad,Telangana,VIP,Meta Ads,2025-02-07
C03261,Customer 3261,Female,33,Warangal,Telangana,VIP,Meta Ads,2025-07-02
C03262,Customer 3262,Male,61,Udaipur,Rajasthan,At-Risk,Marketplace,2024-06-16
C03263,Customer 3263,Male,43,Hyderabad,Telangana,Loyal,Google Ads,2024-04-18
C03264,Customer 3264,Female,32,Delhi,Delhi,Loyal,Organic Search,2026-04-20
C03265,Customer 3265,Male,19,Bengaluru,Karnataka,Loyal,Google Ads,2025-06-07
C03266,Customer 3266,Female,57,Mumbai,Maharashtra,VIP,Email,2025-06-29
C03267,Customer 3267,Male,49,Nagpur,Maharashtra,One-Time,Google Ads,2025-01-31
C03268,Customer 3268,Female,60,Lucknow,Uttar Pradesh,Loyal,Google Ads,2026-01-03
C03269,Customer 3269,Female,28,Kochi,Kerala,New,Meta Ads,2024-11-28
C03270,Customer 3270,Male,26,Pune,Maharashtra,Loyal,Marketplace,2024-01-22
C03271,Customer 3271,Male,29,Kozhikode,Kerala,New,Organic Search,2025-11-21
C03272,Customer 3272,Male,36,Surat,Gujarat,Dormant,Organic Search,2024-08-14
C03273,Customer 3273,Male,36,Kolkata,West Bengal,New,Meta Ads,2025-11-15
C03274,Customer 3274,Male,55,Udaipur,Rajasthan,One-Time,Organic Search,2025-03-10
C03275,Customer 3275,Male,63,Jodhpur,Rajasthan,New,Organic Search,2024-11-19
C03276,Customer 3276,Other,18,Kanpur,Uttar Pradesh,One-Time,Email,2025-04-27
C03277,Customer 3277,Female,43,New Delhi,Delhi,One-Time,Organic Search,2025-01-30
C03278,Customer 3278,Female,48,Vadodara,Gujarat,VIP,Influencer,2024-12-30
C03279,Customer 3279,Male,29,Bengaluru,Karnataka,New,Marketplace,2024-09-01
C03280,Customer 3280,Female,37,Nizamabad,Telangana,One-Time,Marketplace,2024-10-30
C03281,Customer 3281,Male,53,Kolkata,West Bengal,New,Email,2024-10-26
C03282,Customer 3282,Female,42,Nizamabad,Telangana,One-Time,Google Ads,2025-02-09
C03283,Customer 3283,Male,21,Mysuru,Karnataka,Dormant,Meta Ads,2026-05-24
C03284,Customer 3284,Female,38,Hyderabad,Telangana,One-Time,Meta Ads,2024-11-25
C03285,Customer 3285,Male,33,Mumbai,Maharashtra,At-Risk,Meta Ads,2025-07-14
C03286,Customer 3286,Male,27,Kolkata,West Bengal,Loyal,Instagram,2024-02-06
C03287,Customer 3287,Female,22,Kolkata,West Bengal,Loyal,Organic Search,2024-01-04
C03288,Customer 3288,Male,34,Coimbatore,Tamil Nadu,At-Risk,Email,2025-09-15
C03289,Customer 3289,Male,59,Hyderabad,Telangana,New,Organic Search,2025-08-23
C03290,Customer 3290,Male,59,Coimbatore,Tamil Nadu,At-Risk,Marketplace,2025-11-25
C03291,Customer 3291,Male,25,Chennai,Tamil Nadu,Loyal,Google Ads,2025-05-18
C03292,Customer 3292,Male,47,Jaipur,Rajasthan,One-Time,Google Ads,2024-10-07
C03293,Customer 3293,Female,53,Surat,Gujarat,Dormant,Organic Search,2024-03-30
C03294,Customer 3294,Male,40,Delhi,Delhi,One-Time,Email,2026-05-19
C03295,Customer 3295,Female,19,New Delhi,Delhi,Dormant,Email,2024-06-14
C03296,Customer 3296,Male,51,Thiruvananthapuram,Kerala,Dormant,Influencer,2026-06-07
C03297,Customer 3297,Male,25,Jodhpur,Rajasthan,One-Time,Google Ads,2024-09-02
C03298,Customer 3298,Male,26,New Delhi,Delhi,One-Time,Organic Search,2025-05-26
C03299,Customer 3299,Male,31,New Delhi,Delhi,At-Risk,Marketplace,2024-03-24
C03300,Customer 3300,Female,22,Nizamabad,Telangana,New,Instagram,2025-12-15
C03301,Customer 3301,Female,62,Thiruvananthapuram,Kerala,VIP,Organic Search,2024-12-28
C03302,Customer 3302,Female,44,Mysuru,Karnataka,New,Google Ads,2025-05-05
C03303,Customer 3303,Female,57,Mangaluru,Karnataka,New,Meta Ads,2024-04-27
C03304,Customer 3304,Female,18,Thiruvananthapuram,Kerala,Loyal,Google Ads,2024-08-22
C03305,Customer 3305,Male,27,Udaipur,Rajasthan,VIP,Organic Search,2024-12-30
C03306,Customer 3306,Male,25,Warangal,Telangana,VIP,Organic Search,2024-03-04
C03307,Customer 3307,Male,21,Hyderabad,Telangana,Loyal,Marketplace,2025-10-26
C03308,Customer 3308,Male,52,Warangal,Telangana,One-Time,Organic Search,2024-11-05
C03309,Customer 3309,Female,25,Vadodara,Gujarat,One-Time,Google Ads,2025-10-23
C03310,Customer 3310,Female,61,Hyderabad,Telangana,New,Influencer,2024-06-15
C03311,Customer 3311,Female,53,Kochi,Kerala,One-Time,Meta Ads,2024-01-31
C03312,Customer 3312,Male,31,Thiruvananthapuram,Kerala,One-Time,Organic Search,2026-04-10
C03313,Customer 3313,Male,30,Vadodara,Gujarat,Loyal,Meta Ads,2024-07-17
C03314,Customer 3314,Female,36,Surat,Gujarat,New,Affiliate,2026-05-24
C03315,Customer 3315,Male,43,Mysuru,Karnataka,New,Marketplace,2025-09-18
C03316,Customer 3316,Male,50,Warangal,Telangana,VIP,Google Ads,2025-04-23
C03317,Customer 3317,Female,39,Jodhpur,Rajasthan,New,Email,2025-07-24
C03318,Customer 3318,Female,56,Hyderabad,Telangana,Dormant,Email,2025-05-21
C03319,Customer 3319,Female,54,Warangal,Telangana,One-Time,Meta Ads,2024-12-04
C03320,Customer 3320,Male,30,Mangaluru,Karnataka,New,Meta Ads,2026-04-17
C03321,Customer 3321,Male,37,Nizamabad,Telangana,At-Risk,Organic Search,2024-02-24
C03322,Customer 3322,Male,57,Madurai,Tamil Nadu,Loyal,Meta Ads,2025-11-03
C03323,Customer 3323,Female,52,Jaipur,Rajasthan,At-Risk,Google Ads,2025-07-10
C03324,Customer 3324,Female,64,Noida,Uttar Pradesh,Loyal,Affiliate,2024-05-25
C03325,Customer 3325,Female,22,Ahmedabad,Gujarat,One-Time,Organic Search,2025-08-21
C03326,Customer 3326,Female,22,Lucknow,Uttar Pradesh,Loyal,Meta Ads,2026-05-06
C03327,Customer 3327,Male,42,Madurai,Tamil Nadu,One-Time,Marketplace,2024-09-20
C03328,Customer 3328,Female,28,Noida,Uttar Pradesh,Loyal,Marketplace,2025-05-29
C03329,Customer 3329,Female,53,New Delhi,Delhi,One-Time,Marketplace,2024-12-07
C03330,Customer 3330,Male,52,Nagpur,Maharashtra,One-Time,Email,2024-01-19
C03331,Customer 3331,Female,39,Kozhikode,Kerala,New,Meta Ads,2024-02-21
C03332,Customer 3332,Male,19,Mysuru,Karnataka,At-Risk,Google Ads,2024-06-25
C03333,Customer 3333,Male,34,Nizamabad,Telangana,One-Time,Marketplace,2025-07-25
C03334,Customer 3334,Male,31,Mangaluru,Karnataka,Dormant,Marketplace,2025-12-18
C03335,Customer 3335,Other,36,Coimbatore,Tamil Nadu,One-Time,Organic Search,2024-03-11
C03336,Customer 3336,Male,58,Madurai,Tamil Nadu,Loyal,Email,2024-04-24
C03337,Customer 3337,Male,53,New Delhi,Delhi,One-Time,Instagram,2026-02-13
C03338,Customer 3338,Male,50,Noida,Uttar Pradesh,VIP,Organic Search,2026-02-05
C03339,Customer 3339,Male,18,Mysuru,Karnataka,At-Risk,Google Ads,2025-04-24
C03340,Customer 3340,Female,48,Delhi,Delhi,Loyal,Email,2025-12-08
C03341,Customer 3341,Female,42,Mysuru,Karnataka,One-Time,Organic Search,2024-07-11
C03342,Customer 3342,Female,47,Noida,Uttar Pradesh,VIP,Organic Search,2024-02-01
C03343,Customer 3343,Male,37,Mumbai,Maharashtra,New,Instagram,2026-03-28
C03344,Customer 3344,Female,42,Warangal,Telangana,Loyal,Organic Search,2024-10-24
C03345,Customer 3345,Other,34,New Delhi,Delhi,VIP,Google Ads,2024-11-17
C03346,Customer 3346,Male,54,Kolkata,West Bengal,One-Time,Meta Ads,2025-04-01
C03347,Customer 3347,Female,37,Noida,Uttar Pradesh,Loyal,Google Ads,2025-06-30
C03348,Customer 3348,Male,59,Vadodara,Gujarat,VIP,Meta Ads,2024-03-09
C03349,Customer 3349,Male,62,Noida,Uttar Pradesh,New,Meta Ads,2025-06-11
C03350,Customer 3350,Male,56,Chennai,Tamil Nadu,One-Time,Instagram,2025-06-05
C03351,Customer 3351,Male,43,Warangal,Telangana,One-Time,Email,2025-10-31
C03352,Customer 3352,Female,41,Mumbai,Maharashtra,At-Risk,Instagram,2026-06-01
C03353,Customer 3353,Male,43,Warangal,Telangana,Loyal,Email,2025-10-07
C03354,Customer 3354,Male,55,Bengaluru,Karnataka,Loyal,Organic Search,2025-06-24
C03355,Customer 3355,Male,59,New Delhi,Delhi,One-Time,Google Ads,2026-03-09
C03356,Customer 3356,Male,54,Madurai,Tamil Nadu,New,Meta Ads,2025-03-20
C03357,Customer 3357,Female,52,Ahmedabad,Gujarat,New,Google Ads,2024-02-18
C03358,Customer 3358,Male,39,Delhi,Delhi,New,Google Ads,2026-02-19
C03359,Customer 3359,Female,30,Howrah,West Bengal,New,Organic Search,2026-05-21
C03360,Customer 3360,Female,34,Kolkata,West Bengal,New,Influencer,2026-05-17
C03361,Customer 3361,Male,65,Mangaluru,Karnataka,Loyal,Meta Ads,2026-04-02
C03362,Customer 3362,Female,37,Mysuru,Karnataka,Loyal,Instagram,2026-03-22
C03363,Customer 3363,Male,41,Vadodara,Gujarat,New,Meta Ads,2025-09-11
C03364,Customer 3364,Male,41,Surat,Gujarat,Loyal,Google Ads,2024-02-03
C03365,Customer 3365,Female,34,Bengaluru,Karnataka,New,Marketplace,2025-11-03
C03366,Customer 3366,Male,25,Mangaluru,Karnataka,One-Time,Organic Search,2024-03-30
C03367,Customer 3367,Male,28,Udaipur,Rajasthan,Dormant,Organic Search,2024-05-13
C03368,Customer 3368,Male,28,Howrah,West Bengal,Loyal,Marketplace,2025-07-07
C03369,Customer 3369,Female,27,Mumbai,Maharashtra,New,Organic Search,2026-04-11
C03370,Customer 3370,Female,22,Madurai,Tamil Nadu,One-Time,Meta Ads,2024-07-23
C03371,Customer 3371,Female,62,Thiruvananthapuram,Kerala,Loyal,Organic Search,2024-05-29
C03372,Customer 3372,Male,21,Nizamabad,Telangana,New,Organic Search,2025-04-13
C03373,Customer 3373,Male,23,Kanpur,Uttar Pradesh,Dormant,Instagram,2024-11-14
C03374,Customer 3374,Male,45,Mumbai,Maharashtra,One-Time,Organic Search,2026-01-24
C03375,Customer 3375,Female,62,New Delhi,Delhi,New,Email,2024-06-21
C03376,Customer 3376,Male,51,Chennai,Tamil Nadu,Loyal,Meta Ads,2026-04-24
C03377,Customer 3377,Male,24,Hyderabad,Telangana,Loyal,Organic Search,2024-08-23
C03378,Customer 3378,Male,47,Thiruvananthapuram,Kerala,Loyal,Meta Ads,2024-10-27
C03379,Customer 3379,Female,46,New Delhi,Delhi,Dormant,Meta Ads,2025-08-26
C03380,Customer 3380,Female,52,Thiruvananthapuram,Kerala,Dormant,Instagram,2026-02-02
C03381,Customer 3381,Male,31,Mangaluru,Karnataka,New,Organic Search,2025-03-08
C03382,Customer 3382,Male,37,Lucknow,Uttar Pradesh,New,Influencer,2025-03-29
C03383,Customer 3383,Male,64,Kochi,Kerala,One-Time,Organic Search,2025-07-31
C03384,Customer 3384,Female,56,Vadodara,Gujarat,Loyal,Organic Search,2025-08-15
C03385,Customer 3385,Female,30,Mumbai,Maharashtra,Loyal,Meta Ads,2025-12-07
C03386,Customer 3386,Female,53,Kolkata,West Bengal,One-Time,Organic Search,2024-04-22
C03387,Customer 3387,Female,59,Surat,Gujarat,Dormant,Google Ads,2026-05-09
C03388,Customer 3388,Female,52,Kochi,Kerala,One-Time,Email,2024-02-27
C03389,Customer 3389,Male,48,Chennai,Tamil Nadu,At-Risk,Organic Search,2024-07-31
C03390,Customer 3390,Female,54,Bengaluru,Karnataka,At-Risk,Google Ads,2025-12-03
C03391,Customer 3391,Male,43,Pune,Maharashtra,New,Marketplace,2024-09-10
C03392,Customer 3392,Female,29,Udaipur,Rajasthan,New,Instagram,2025-06-22
C03393,Customer 3393,Female,41,Kozhikode,Kerala,New,Organic Search,2024-05-21
C03394,Customer 3394,Female,45,Nizamabad,Telangana,Dormant,Email,2026-01-11
C03395,Customer 3395,Female,54,Udaipur,Rajasthan,One-Time,Organic Search,2024-09-27
C03396,Customer 3396,Male,55,Thiruvananthapuram,Kerala,At-Risk,Organic Search,2024-04-14
C03397,Customer 3397,Male,24,Warangal,Telangana,Loyal,Google Ads,2024-04-09
C03398,Customer 3398,Male,22,Nagpur,Maharashtra,Loyal,Marketplace,2024-06-03
C03399,Customer 3399,Male,25,Jaipur,Rajasthan,Dormant,Organic Search,2025-10-20
C03400,Customer 3400,Female,29,Howrah,West Bengal,Loyal,Email,2024-02-26
C03401,Customer 3401,Female,31,Nizamabad,Telangana,VIP,Organic Search,2025-06-21
C03402,Customer 3402,Female,41,Noida,Uttar Pradesh,One-Time,Meta Ads,2025-08-08
C03403,Customer 3403,Female,52,Delhi,Delhi,New,Affiliate,2024-10-22
C03404,Customer 3404,Female,37,Kozhikode,Kerala,New,Instagram,2025-07-08
C03405,Customer 3405,Male,39,Kanpur,Uttar Pradesh,New,Affiliate,2024-09-20
C03406,Customer 3406,Male,61,Lucknow,Uttar Pradesh,VIP,Meta Ads,2025-01-17
C03407,Customer 3407,Female,54,Delhi,Delhi,One-Time,Affiliate,2024-01-27
C03408,Customer 3408,Female,54,Mysuru,Karnataka,Loyal,Marketplace,2024-05-01
C03409,Customer 3409,Male,54,New Delhi,Delhi,New,Marketplace,2024-04-02
C03410,Customer 3410,Male,19,Hyderabad,Telangana,Loyal,Affiliate,2024-01-22
C03411,Customer 3411,Male,53,Howrah,West Bengal,At-Risk,Organic Search,2024-10-30
C03412,Customer 3412,Female,40,Pune,Maharashtra,Loyal,Email,2024-08-21
C03413,Customer 3413,Female,48,New Delhi,Delhi,Dormant,Google Ads,2024-08-18
C03414,Customer 3414,Male,54,Warangal,Telangana,New,Email,2024-01-03
C03415,Customer 3415,Female,20,Mysuru,Karnataka,New,Organic Search,2025-12-09
C03416,Customer 3416,Male,50,Mumbai,Maharashtra,Loyal,Google Ads,2026-05-03
C03417,Customer 3417,Female,60,Kolkata,West Bengal,One-Time,Organic Search,2025-10-26
C03418,Customer 3418,Male,43,Noida,Uttar Pradesh,VIP,Google Ads,2024-06-02
C03419,Customer 3419,Male,49,Nizamabad,Telangana,At-Risk,Organic Search,2025-12-04
C03420,Customer 3420,Female,22,Noida,Uttar Pradesh,New,Email,2024-08-26
C03421,Customer 3421,Female,54,Lucknow,Uttar Pradesh,Dormant,Influencer,2024-09-28
C03422,Customer 3422,Female,61,Mysuru,Karnataka,New,Meta Ads,2025-12-19
C03423,Customer 3423,Male,34,Howrah,West Bengal,VIP,Google Ads,2024-07-08
C03424,Customer 3424,Male,37,Chennai,Tamil Nadu,One-Time,Email,2026-06-14
C03425,Customer 3425,Female,42,Nagpur,Maharashtra,Loyal,Email,2026-02-10
C03426,Customer 3426,Female,24,New Delhi,Delhi,New,Google Ads,2025-07-12
C03427,Customer 3427,Male,22,Warangal,Telangana,Dormant,Organic Search,2025-03-30
C03428,Customer 3428,Male,22,Noida,Uttar Pradesh,Dormant,Marketplace,2024-08-15
C03429,Customer 3429,Male,25,Kozhikode,Kerala,Loyal,Organic Search,2025-08-11
C03430,Customer 3430,Female,55,Kanpur,Uttar Pradesh,Loyal,Meta Ads,2025-02-11
C03431,Customer 3431,Female,48,Vadodara,Gujarat,Loyal,Meta Ads,2025-08-07
C03432,Customer 3432,Other,47,Vadodara,Gujarat,Loyal,Email,2024-02-23
C03433,Customer 3433,Male,21,Kozhikode,Kerala,Loyal,Organic Search,2024-11-28
C03434,Customer 3434,Female,30,Bengaluru,Karnataka,Loyal,Marketplace,2024-04-08
C03435,Customer 3435,Male,62,Warangal,Telangana,At-Risk,Google Ads,2025-01-07
C03436,Customer 3436,Male,43,Vadodara,Gujarat,Loyal,Email,2025-09-30
C03437,Customer 3437,Female,21,Bengaluru,Karnataka,New,Marketplace,2024-04-12
C03438,Customer 3438,Male,63,Mysuru,Karnataka,Dormant,Google Ads,2026-01-16
C03439,Customer 3439,Male,45,Warangal,Telangana,New,Marketplace,2026-01-13
C03440,Customer 3440,Female,41,Vadodara,Gujarat,New,Email,2024-08-31
C03441,Customer 3441,Female,46,Bengaluru,Karnataka,Dormant,Organic Search,2024-06-23
C03442,Customer 3442,Male,36,Mumbai,Maharashtra,New,Instagram,2025-10-26
C03443,Customer 3443,Male,50,Hyderabad,Telangana,New,Influencer,2025-11-20
C03444,Customer 3444,Female,32,Coimbatore,Tamil Nadu,Loyal,Marketplace,2025-07-30
C03445,Customer 3445,Male,35,Noida,Uttar Pradesh,At-Risk,Google Ads,2024-05-12
C03446,Customer 3446,Female,26,Mysuru,Karnataka,New,Organic Search,2025-04-03
C03447,Customer 3447,Female,27,Kolkata,West Bengal,Loyal,Google Ads,2024-08-17
C03448,Customer 3448,Other,61,Jaipur,Rajasthan,New,Meta Ads,2024-09-17
C03449,Customer 3449,Female,27,Mysuru,Karnataka,One-Time,Email,2025-06-04
C03450,Customer 3450,Male,26,Lucknow,Uttar Pradesh,One-Time,Organic Search,2026-06-05
C03451,Customer 3451,Female,40,Udaipur,Rajasthan,New,Instagram,2024-06-27
C03452,Customer 3452,Female,20,Ahmedabad,Gujarat,Dormant,Meta Ads,2024-08-11
C03453,Customer 3453,Female,37,Nizamabad,Telangana,Loyal,Google Ads,2024-08-09
C03454,Customer 3454,Male,24,Warangal,Telangana,At-Risk,Meta Ads,2024-07-06
C03455,Customer 3455,Female,30,Kozhikode,Kerala,Dormant,Google Ads,2026-04-28
C03456,Customer 3456,Female,26,Kanpur,Uttar Pradesh,Dormant,Meta Ads,2024-04-08
C03457,Customer 3457,Female,59,Thiruvananthapuram,Kerala,VIP,Affiliate,2024-06-24
C03458,Customer 3458,Male,38,Kozhikode,Kerala,One-Time,Meta Ads,2025-08-16
C03459,Customer 3459,Female,18,Hyderabad,Telangana,At-Risk,Marketplace,2024-11-11
C03460,Customer 3460,Female,61,Lucknow,Uttar Pradesh,Loyal,Meta Ads,2026-03-22
C03461,Customer 3461,Male,65,New Delhi,Delhi,One-Time,Email,2025-06-17
C03462,Customer 3462,Male,24,Kanpur,Uttar Pradesh,One-Time,Google Ads,2024-04-30
C03463,Customer 3463,Male,22,Nizamabad,Telangana,One-Time,Google Ads,2025-03-10
C03464,Customer 3464,Other,25,Mysuru,Karnataka,Loyal,Organic Search,2024-04-03
C03465,Customer 3465,Female,30,Jaipur,Rajasthan,At-Risk,Meta Ads,2025-01-19
C03466,Customer 3466,Female,38,Kanpur,Uttar Pradesh,Loyal,Meta Ads,2026-03-24
C03467,Customer 3467,Female,56,Surat,Gujarat,One-Time,Instagram,2025-03-07
C03468,Customer 3468,Male,61,Bengaluru,Karnataka,New,Affiliate,2025-08-17
C03469,Customer 3469,Male,59,Bengaluru,Karnataka,At-Risk,Instagram,2024-12-14
C03470,Customer 3470,Male,62,Kozhikode,Kerala,One-Time,Google Ads,2026-05-22
C03471,Customer 3471,Male,20,Madurai,Tamil Nadu,Loyal,Meta Ads,2025-06-20
C03472,Customer 3472,Female,63,Madurai,Tamil Nadu,At-Risk,Organic Search,2025-10-01
C03473,Customer 3473,Male,49,Ahmedabad,Gujarat,At-Risk,Marketplace,2025-12-18
C03474,Customer 3474,Female,24,Madurai,Tamil Nadu,Loyal,Google Ads,2025-11-25
C03475,Customer 3475,Female,65,Ahmedabad,Gujarat,Loyal,Meta Ads,2026-04-28
C03476,Customer 3476,Female,51,Madurai,Tamil Nadu,New,Email,2025-02-19
C03477,Customer 3477,Female,54,Kanpur,Uttar Pradesh,Dormant,Marketplace,2024-05-25
C03478,Customer 3478,Female,49,Thiruvananthapuram,Kerala,Loyal,Google Ads,2024-08-02
C03479,Customer 3479,Other,55,Kochi,Kerala,VIP,Affiliate,2024-08-04
C03480,Customer 3480,Other,19,Vadodara,Gujarat,New,Organic Search,2025-05-27
C03481,Customer 3481,Male,44,Chennai,Tamil Nadu,Loyal,Meta Ads,2024-03-19
C03482,Customer 3482,Male,50,Jodhpur,Rajasthan,One-Time,Affiliate,2024-11-18
C03483,Customer 3483,Female,59,Lucknow,Uttar Pradesh,Loyal,Organic Search,2025-10-18
C03484,Customer 3484,Female,51,Surat,Gujarat,VIP,Google Ads,2025-02-26
C03485,Customer 3485,Female,29,Udaipur,Rajasthan,At-Risk,Meta Ads,2024-10-28
C03486,Customer 3486,Female,49,Udaipur,Rajasthan,One-Time,Meta Ads,2025-04-09
C03487,Customer 3487,Male,29,Kolkata,West Bengal,At-Risk,Meta Ads,2024-04-26
C03488,Customer 3488,Female,28,Jaipur,Rajasthan,New,Organic Search,2024-01-24
C03489,Customer 3489,Male,47,Nagpur,Maharashtra,Loyal,Organic Search,2025-10-09
C03490,Customer 3490,Male,33,New Delhi,Delhi,New,Affiliate,2025-07-01
C03491,Customer 3491,Female,33,Ahmedabad,Gujarat,One-Time,Email,2025-09-10
C03492,Customer 3492,Male,44,Nizamabad,Telangana,At-Risk,Meta Ads,2024-11-18
C03493,Customer 3493,Male,27,Kanpur,Uttar Pradesh,New,Google Ads,2024-07-18
C03494,Customer 3494,Male,24,Ahmedabad,Gujarat,Dormant,Affiliate,2025-12-31
C03495,Customer 3495,Female,38,Mumbai,Maharashtra,One-Time,Google Ads,2025-10-21
C03496,Customer 3496,Female,25,Lucknow,Uttar Pradesh,VIP,Meta Ads,2024-02-20
C03497,Customer 3497,Male,53,Jodhpur,Rajasthan,New,Organic Search,2026-05-20
C03498,Customer 3498,Male,51,Jaipur,Rajasthan,Loyal,Affiliate,2025-05-15
C03499,Customer 3499,Female,63,Coimbatore,Tamil Nadu,Dormant,Google Ads,2024-09-21
C03500,Customer 3500,Male,25,Kanpur,Uttar Pradesh,Loyal,Organic Search,2024-11-20
C03501,Customer 3501,Female,53,Chennai,Tamil Nadu,One-Time,Google Ads,2025-05-08
C03502,Customer 3502,Other,18,Vadodara,Gujarat,At-Risk,Organic Search,2024-03-24
C03503,Customer 3503,Female,47,Hyderabad,Telangana,VIP,Organic Search,2024-03-13
C03504,Customer 3504,Male,26,Kolkata,West Bengal,New,Organic Search,2025-01-07
C03505,Customer 3505,Female,52,Udaipur,Rajasthan,Loyal,Google Ads,2026-05-10
C03506,Customer 3506,Male,21,Surat,Gujarat,Loyal,Email,2025-01-03
C03507,Customer 3507,Male,20,Delhi,Delhi,VIP,Meta Ads,2026-02-11
C03508,Customer 3508,Female,31,Noida,Uttar Pradesh,One-Time,Email,2025-11-08
C03509,Customer 3509,Female,34,Kolkata,West Bengal,One-Time,Marketplace,2026-02-01
C03510,Customer 3510,Other,54,Mangaluru,Karnataka,Dormant,Google Ads,2024-05-16
C03511,Customer 3511,Other,27,Kozhikode,Kerala,Loyal,Organic Search,2026-06-16
C03512,Customer 3512,Male,55,Udaipur,Rajasthan,Loyal,Google Ads,2026-01-17
C03513,Customer 3513,Female,41,Thiruvananthapuram,Kerala,Dormant,Email,2026-02-11
C03514,Customer 3514,Female,21,Kozhikode,Kerala,New,Email,2024-02-13
C03515,Customer 3515,Female,63,Kochi,Kerala,One-Time,Instagram,2024-08-27
C03516,Customer 3516,Male,45,Jodhpur,Rajasthan,VIP,Organic Search,2025-04-09
C03517,Customer 3517,Female,58,Ahmedabad,Gujarat,VIP,Marketplace,2025-07-21
C03518,Customer 3518,Female,22,Mumbai,Maharashtra,Dormant,Affiliate,2025-08-07
C03519,Customer 3519,Male,39,Ahmedabad,Gujarat,Loyal,Marketplace,2026-05-30
C03520,Customer 3520,Male,26,Noida,Uttar Pradesh,One-Time,Meta Ads,2024-01-13
C03521,Customer 3521,Male,42,Delhi,Delhi,One-Time,Marketplace,2024-08-13
C03522,Customer 3522,Male,55,Noida,Uttar Pradesh,New,Meta Ads,2024-03-03
C03523,Customer 3523,Male,58,Nizamabad,Telangana,Dormant,Google Ads,2025-04-24
C03524,Customer 3524,Female,64,Coimbatore,Tamil Nadu,New,Instagram,2024-09-03
C03525,Customer 3525,Male,30,New Delhi,Delhi,Loyal,Meta Ads,2025-07-09
C03526,Customer 3526,Other,31,Chennai,Tamil Nadu,One-Time,Affiliate,2024-12-09
C03527,Customer 3527,Female,54,Nizamabad,Telangana,New,Google Ads,2024-08-17
C03528,Customer 3528,Female,55,Mumbai,Maharashtra,One-Time,Email,2024-11-07
C03529,Customer 3529,Female,33,Lucknow,Uttar Pradesh,Loyal,Meta Ads,2025-07-22
C03530,Customer 3530,Female,34,Delhi,Delhi,New,Meta Ads,2026-05-24
C03531,Customer 3531,Female,27,Warangal,Telangana,Dormant,Influencer,2024-06-02
C03532,Customer 3532,Female,55,Hyderabad,Telangana,Dormant,Email,2024-05-30
C03533,Customer 3533,Male,23,New Delhi,Delhi,New,Meta Ads,2026-05-16
C03534,Customer 3534,Female,45,Pune,Maharashtra,At-Risk,Organic Search,2026-03-12
C03535,Customer 3535,Male,36,Jaipur,Rajasthan,One-Time,Influencer,2026-03-13
C03536,Customer 3536,Male,44,Kanpur,Uttar Pradesh,New,Instagram,2026-04-30
C03537,Customer 3537,Female,62,Nagpur,Maharashtra,One-Time,Meta Ads,2024-07-11
C03538,Customer 3538,Male,56,Ahmedabad,Gujarat,At-Risk,Marketplace,2024-06-07
C03539,Customer 3539,Male,61,Pune,Maharashtra,Loyal,Meta Ads,2025-08-11
C03540,Customer 3540,Male,51,Bengaluru,Karnataka,New,Meta Ads,2025-11-13
C03541,Customer 3541,Male,38,Kanpur,Uttar Pradesh,VIP,Google Ads,2026-01-19
C03542,Customer 3542,Male,64,Surat,Gujarat,VIP,Google Ads,2026-06-17
C03543,Customer 3543,Male,44,Lucknow,Uttar Pradesh,VIP,Marketplace,2026-03-18
C03544,Customer 3544,Male,35,Pune,Maharashtra,Loyal,Marketplace,2024-08-11
C03545,Customer 3545,Female,59,Mysuru,Karnataka,At-Risk,Email,2024-09-21
C03546,Customer 3546,Male,63,New Delhi,Delhi,Loyal,Organic Search,2025-03-28
C03547,Customer 3547,Male,40,Delhi,Delhi,New,Influencer,2024-09-25
C03548,Customer 3548,Male,57,Thiruvananthapuram,Kerala,At-Risk,Email,2025-11-13
C03549,Customer 3549,Male,41,Pune,Maharashtra,One-Time,Organic Search,2026-01-10
C03550,Customer 3550,Female,41,Lucknow,Uttar Pradesh,VIP,Marketplace,2025-10-23
C03551,Customer 3551,Female,43,Noida,Uttar Pradesh,Loyal,Google Ads,2024-01-09
C03552,Customer 3552,Female,42,Ahmedabad,Gujarat,One-Time,Google Ads,2026-01-19
C03553,Customer 3553,Female,60,Mangaluru,Karnataka,New,Organic Search,2024-09-15
C03554,Customer 3554,Male,61,New Delhi,Delhi,VIP,Organic Search,2024-11-09
C03555,Customer 3555,Male,56,Mangaluru,Karnataka,At-Risk,Meta Ads,2025-05-18
C03556,Customer 3556,Female,46,Noida,Uttar Pradesh,At-Risk,Meta Ads,2024-04-18
C03557,Customer 3557,Male,23,Delhi,Delhi,Loyal,Organic Search,2025-10-21
C03558,Customer 3558,Male,34,Thiruvananthapuram,Kerala,New,Email,2025-08-31
C03559,Customer 3559,Female,24,Kolkata,West Bengal,One-Time,Marketplace,2025-02-07
C03560,Customer 3560,Female,19,Delhi,Delhi,VIP,Influencer,2024-11-01
C03561,Customer 3561,Male,48,Udaipur,Rajasthan,One-Time,Email,2024-09-12
C03562,Customer 3562,Male,32,New Delhi,Delhi,VIP,Organic Search,2025-08-04
C03563,Customer 3563,Female,21,Kochi,Kerala,One-Time,Organic Search,2026-06-09
C03564,Customer 3564,Male,28,Pune,Maharashtra,New,Google Ads,2025-03-02
C03565,Customer 3565,Female,21,Kozhikode,Kerala,Loyal,Instagram,2026-05-27
C03566,Customer 3566,Male,24,Noida,Uttar Pradesh,Loyal,Instagram,2025-02-16
C03567,Customer 3567,Female,41,Lucknow,Uttar Pradesh,Loyal,Marketplace,2024-01-04
C03568,Customer 3568,Female,50,Delhi,Delhi,One-Time,Marketplace,2026-03-04
C03569,Customer 3569,Female,55,Noida,Uttar Pradesh,At-Risk,Google Ads,2024-11-12
C03570,Customer 3570,Male,36,Mysuru,Karnataka,Loyal,Influencer,2025-07-30
C03571,Customer 3571,Female,53,Noida,Uttar Pradesh,At-Risk,Organic Search,2025-02-26
C03572,Customer 3572,Male,22,Mumbai,Maharashtra,Loyal,Google Ads,2025-07-16
C03573,Customer 3573,Male,24,Bengaluru,Karnataka,One-Time,Instagram,2025-11-17
C03574,Customer 3574,Male,33,Coimbatore,Tamil Nadu,Loyal,Marketplace,2026-05-23
C03575,Customer 3575,Male,48,Mysuru,Karnataka,Loyal,Meta Ads,2026-05-12
C03576,Customer 3576,Male,24,Chennai,Tamil Nadu,Loyal,Organic Search,2024-08-30
C03577,Customer 3577,Female,18,Lucknow,Uttar Pradesh,Loyal,Organic Search,2024-01-20
C03578,Customer 3578,Female,46,Mangaluru,Karnataka,New,Organic Search,2025-09-11
C03579,Customer 3579,Male,37,Jaipur,Rajasthan,Dormant,Email,2024-07-01
C03580,Customer 3580,Male,38,Hyderabad,Telangana,One-Time,Email,2024-11-15
C03581,Customer 3581,Male,38,Noida,Uttar Pradesh,New,Marketplace,2025-11-09
C03582,Customer 3582,Female,62,Kanpur,Uttar Pradesh,At-Risk,Instagram,2025-06-23
C03583,Customer 3583,Female,23,Madurai,Tamil Nadu,New,Meta Ads,2025-06-22
C03584,Customer 3584,Male,47,Jodhpur,Rajasthan,Dormant,Instagram,2026-01-05
C03585,Customer 3585,Male,54,Kozhikode,Kerala,One-Time,Organic Search,2025-07-22
C03586,Customer 3586,Female,54,Noida,Uttar Pradesh,One-Time,Email,2026-04-10
C03587,Customer 3587,Male,22,Madurai,Tamil Nadu,New,Organic Search,2024-06-26
C03588,Customer 3588,Male,34,New Delhi,Delhi,New,Meta Ads,2025-01-19
C03589,Customer 3589,Female,64,Lucknow,Uttar Pradesh,New,Organic Search,2025-02-01
C03590,Customer 3590,Male,54,Mangaluru,Karnataka,New,Influencer,2026-01-18
C03591,Customer 3591,Male,62,Kanpur,Uttar Pradesh,One-Time,Email,2026-01-21
C03592,Customer 3592,Female,53,Mangaluru,Karnataka,One-Time,Organic Search,2024-10-28
C03593,Customer 3593,Female,21,Noida,Uttar Pradesh,Loyal,Organic Search,2026-04-07
C03594,Customer 3594,Male,65,Warangal,Telangana,New,Organic Search,2025-08-17
C03595,Customer 3595,Female,58,Hyderabad,Telangana,New,Meta Ads,2024-07-31
C03596,Customer 3596,Female,49,Thiruvananthapuram,Kerala,New,Organic Search,2026-02-28
C03597,Customer 3597,Male,18,Kanpur,Uttar Pradesh,New,Instagram,2024-06-03
C03598,Customer 3598,Male,61,Lucknow,Uttar Pradesh,One-Time,Instagram,2025-09-08
C03599,Customer 3599,Female,60,Thiruvananthapuram,Kerala,New,Email,2026-04-19
C03600,Customer 3600,Male,59,Chennai,Tamil Nadu,One-Time,Instagram,2025-09-27
C03601,Customer 3601,Female,32,Mysuru,Karnataka,Dormant,Google Ads,2025-03-27
C03602,Customer 3602,Female,62,Nagpur,Maharashtra,One-Time,Organic Search,2026-01-23
C03603,Customer 3603,Female,18,Delhi,Delhi,New,Organic Search,2024-06-19
C03604,Customer 3604,Male,45,Pune,Maharashtra,Loyal,Google Ads,2024-08-15
C03605,Customer 3605,Male,54,Kozhikode,Kerala,Loyal,Meta Ads,2025-08-03
C03606,Customer 3606,Male,28,Nizamabad,Telangana,New,Organic Search,2025-11-03
C03607,Customer 3607,Male,64,Nagpur,Maharashtra,At-Risk,Email,2024-09-03
C03608,Customer 3608,Female,46,Mangaluru,Karnataka,VIP,Organic Search,2025-07-27
C03609,Customer 3609,Female,25,Pune,Maharashtra,Dormant,Email,2025-12-11
C03610,Customer 3610,Female,62,Nagpur,Maharashtra,Dormant,Influencer,2025-05-06
C03611,Customer 3611,Male,24,Kolkata,West Bengal,Loyal,Google Ads,2024-05-26
C03612,Customer 3612,Male,64,Mangaluru,Karnataka,VIP,Organic Search,2026-05-27
C03613,Customer 3613,Male,65,Vadodara,Gujarat,One-Time,Instagram,2024-11-18
C03614,Customer 3614,Female,63,Thiruvananthapuram,Kerala,At-Risk,Meta Ads,2025-01-06
C03615,Customer 3615,Male,33,Ahmedabad,Gujarat,Loyal,Marketplace,2025-05-30
C03616,Customer 3616,Male,39,Jodhpur,Rajasthan,One-Time,Influencer,2024-07-30
C03617,Customer 3617,Male,54,Madurai,Tamil Nadu,New,Meta Ads,2024-03-07
C03618,Customer 3618,Female,56,Mumbai,Maharashtra,Loyal,Google Ads,2026-01-25
C03619,Customer 3619,Female,28,Mangaluru,Karnataka,Loyal,Influencer,2025-11-08
C03620,Customer 3620,Male,41,Kozhikode,Kerala,At-Risk,Google Ads,2024-06-15
C03621,Customer 3621,Male,36,Howrah,West Bengal,New,Marketplace,2025-04-08
C03622,Customer 3622,Male,51,Mangaluru,Karnataka,At-Risk,Meta Ads,2025-11-01
C03623,Customer 3623,Female,55,Delhi,Delhi,New,Instagram,2026-06-04
C03624,Customer 3624,Male,38,Noida,Uttar Pradesh,Loyal,Google Ads,2026-04-15
C03625,Customer 3625,Female,60,Howrah,West Bengal,One-Time,Email,2024-02-29
C03626,Customer 3626,Male,32,Vadodara,Gujarat,One-Time,Meta Ads,2026-01-09
C03627,Customer 3627,Female,54,Lucknow,Uttar Pradesh,Loyal,Instagram,2024-05-07
C03628,Customer 3628,Male,39,Howrah,West Bengal,New,Marketplace,2025-07-23
C03629,Customer 3629,Female,23,Kolkata,West Bengal,New,Meta Ads,2025-06-16
C03630,Customer 3630,Male,32,Pune,Maharashtra,At-Risk,Organic Search,2026-04-10
C03631,Customer 3631,Female,58,Nizamabad,Telangana,New,Meta Ads,2025-06-08
C03632,Customer 3632,Female,38,Kozhikode,Kerala,VIP,Organic Search,2025-03-16
C03633,Customer 3633,Male,55,Ahmedabad,Gujarat,VIP,Meta Ads,2025-06-29
C03634,Customer 3634,Female,50,Coimbatore,Tamil Nadu,New,Organic Search,2024-03-09
C03635,Customer 3635,Male,37,Ahmedabad,Gujarat,At-Risk,Affiliate,2024-01-28
C03636,Customer 3636,Female,27,Hyderabad,Telangana,At-Risk,Marketplace,2025-10-23
C03637,Customer 3637,Male,52,Kanpur,Uttar Pradesh,At-Risk,Marketplace,2025-03-23
C03638,Customer 3638,Male,50,Mumbai,Maharashtra,At-Risk,Meta Ads,2025-10-07
C03639,Customer 3639,Male,33,Kanpur,Uttar Pradesh,Loyal,Google Ads,2025-03-11
C03640,Customer 3640,Female,21,Surat,Gujarat,Dormant,Google Ads,2026-02-17
C03641,Customer 3641,Male,36,Bengaluru,Karnataka,New,Organic Search,2024-10-08
C03642,Customer 3642,Female,18,Nizamabad,Telangana,New,Meta Ads,2024-12-31
C03643,Customer 3643,Female,55,Lucknow,Uttar Pradesh,VIP,Affiliate,2024-08-26
C03644,Customer 3644,Male,29,Mumbai,Maharashtra,One-Time,Marketplace,2024-05-10
C03645,Customer 3645,Female,36,Hyderabad,Telangana,Loyal,Google Ads,2024-04-15
C03646,Customer 3646,Female,27,Udaipur,Rajasthan,One-Time,Meta Ads,2024-04-02
C03647,Customer 3647,Male,61,Coimbatore,Tamil Nadu,One-Time,Email,2024-03-30
C03648,Customer 3648,Female,57,Coimbatore,Tamil Nadu,At-Risk,Instagram,2024-11-06
C03649,Customer 3649,Female,62,Bengaluru,Karnataka,New,Instagram,2025-02-04
C03650,Customer 3650,Male,54,Kanpur,Uttar Pradesh,New,Meta Ads,2025-12-14
C03651,Customer 3651,Female,23,Mangaluru,Karnataka,Loyal,Marketplace,2026-01-12
C03652,Customer 3652,Male,49,Mumbai,Maharashtra,At-Risk,Organic Search,2025-04-14
C03653,Customer 3653,Female,39,Mangaluru,Karnataka,At-Risk,Google Ads,2025-06-17
C03654,Customer 3654,Male,51,Pune,Maharashtra,New,Google Ads,2024-06-02
C03655,Customer 3655,Male,51,Mangaluru,Karnataka,At-Risk,Affiliate,2024-08-23
C03656,Customer 3656,Female,49,Hyderabad,Telangana,Loyal,Google Ads,2024-08-05
C03657,Customer 3657,Other,48,Nagpur,Maharashtra,At-Risk,Marketplace,2025-03-21
C03658,Customer 3658,Female,57,Chennai,Tamil Nadu,New,Email,2024-11-09
C03659,Customer 3659,Male,59,Noida,Uttar Pradesh,One-Time,Marketplace,2024-07-08
C03660,Customer 3660,Male,43,Hyderabad,Telangana,Loyal,Affiliate,2025-03-08
C03661,Customer 3661,Female,18,Mumbai,Maharashtra,Loyal,Marketplace,2024-04-16
C03662,Customer 3662,Male,18,Kochi,Kerala,New,Organic Search,2026-01-25
C03663,Customer 3663,Female,19,Kozhikode,Kerala,Loyal,Organic Search,2025-11-12
C03664,Customer 3664,Male,59,Kolkata,West Bengal,Loyal,Google Ads,2026-06-12
C03665,Customer 3665,Male,39,Mangaluru,Karnataka,One-Time,Organic Search,2024-08-29
C03666,Customer 3666,Female,40,Coimbatore,Tamil Nadu,Loyal,Organic Search,2025-06-23
C03667,Customer 3667,Male,31,Mumbai,Maharashtra,One-Time,Instagram,2025-12-31
C03668,Customer 3668,Male,62,Pune,Maharashtra,At-Risk,Email,2024-12-16
C03669,Customer 3669,Male,29,Coimbatore,Tamil Nadu,Loyal,Meta Ads,2026-04-20
C03670,Customer 3670,Male,60,Ahmedabad,Gujarat,Loyal,Instagram,2024-06-14
C03671,Customer 3671,Female,50,Coimbatore,Tamil Nadu,Dormant,Google Ads,2024-06-03
C03672,Customer 3672,Other,37,Vadodara,Gujarat,Loyal,Instagram,2025-04-04
C03673,Customer 3673,Male,49,Mangaluru,Karnataka,One-Time,Email,2024-11-15
C03674,Customer 3674,Male,62,Mysuru,Karnataka,Loyal,Influencer,2025-07-05
C03675,Customer 3675,Male,21,Kanpur,Uttar Pradesh,Dormant,Email,2026-02-06
C03676,Customer 3676,Female,20,Kanpur,Uttar Pradesh,New,Marketplace,2024-10-21
C03677,Customer 3677,Female,26,Bengaluru,Karnataka,Loyal,Marketplace,2025-10-28
C03678,Customer 3678,Male,49,Surat,Gujarat,New,Google Ads,2024-10-18
C03679,Customer 3679,Female,43,Mangaluru,Karnataka,At-Risk,Organic Search,2024-02-09
C03680,Customer 3680,Male,50,Hyderabad,Telangana,Loyal,Meta Ads,2026-01-15
C03681,Customer 3681,Female,37,Jodhpur,Rajasthan,Dormant,Influencer,2025-04-15
C03682,Customer 3682,Male,58,Nagpur,Maharashtra,Loyal,Email,2025-08-16
C03683,Customer 3683,Male,40,Chennai,Tamil Nadu,New,Google Ads,2024-12-02
C03684,Customer 3684,Female,40,Delhi,Delhi,Loyal,Meta Ads,2025-02-09
C03685,Customer 3685,Male,41,Nagpur,Maharashtra,Dormant,Organic Search,2026-01-07
C03686,Customer 3686,Female,29,Warangal,Telangana,New,Google Ads,2025-05-16
C03687,Customer 3687,Female,64,Mysuru,Karnataka,New,Instagram,2024-05-13
C03688,Customer 3688,Female,20,Thiruvananthapuram,Kerala,VIP,Influencer,2025-03-30
C03689,Customer 3689,Female,19,Surat,Gujarat,Loyal,Google Ads,2024-05-01
C03690,Customer 3690,Female,40,Coimbatore,Tamil Nadu,New,Organic Search,2024-06-05
C03691,Customer 3691,Female,51,Warangal,Telangana,One-Time,Organic Search,2026-06-05
C03692,Customer 3692,Female,39,Surat,Gujarat,One-Time,Meta Ads,2026-02-22
C03693,Customer 3693,Female,55,Nizamabad,Telangana,Loyal,Google Ads,2026-02-19
C03694,Customer 3694,Female,35,Vadodara,Gujarat,Loyal,Google Ads,2024-03-22
C03695,Customer 3695,Male,29,Jodhpur,Rajasthan,Loyal,Marketplace,2026-06-16
C03696,Customer 3696,Female,48,Coimbatore,Tamil Nadu,At-Risk,Organic Search,2024-07-10
C03697,Customer 3697,Female,29,Bengaluru,Karnataka,One-Time,Instagram,2024-06-09
C03698,Customer 3698,Female,43,Hyderabad,Telangana,Loyal,Influencer,2025-05-20
C03699,Customer 3699,Female,48,Warangal,Telangana,One-Time,Google Ads,2024-12-08
C03700,Customer 3700,Female,23,Chennai,Tamil Nadu,One-Time,Google Ads,2025-02-19
C03701,Customer 3701,Male,28,Kanpur,Uttar Pradesh,Loyal,Meta Ads,2026-02-18
C03702,Customer 3702,Male,20,Bengaluru,Karnataka,VIP,Affiliate,2025-06-19
C03703,Customer 3703,Male,28,Ahmedabad,Gujarat,Dormant,Instagram,2024-09-26
C03704,Customer 3704,Male,60,Kolkata,West Bengal,One-Time,Organic Search,2026-04-07
C03705,Customer 3705,Male,18,Hyderabad,Telangana,New,Meta Ads,2025-09-27
C03706,Customer 3706,Female,53,Pune,Maharashtra,One-Time,Affiliate,2024-09-14
C03707,Customer 3707,Female,26,Mangaluru,Karnataka,Loyal,Affiliate,2024-02-18
C03708,Customer 3708,Male,40,Howrah,West Bengal,New,Instagram,2024-05-15
C03709,Customer 3709,Male,18,Chennai,Tamil Nadu,At-Risk,Meta Ads,2024-07-02
C03710,Customer 3710,Male,41,Jaipur,Rajasthan,At-Risk,Organic Search,2024-04-19
C03711,Customer 3711,Male,62,Noida,Uttar Pradesh,Loyal,Meta Ads,2026-04-11
C03712,Customer 3712,Other,23,Jaipur,Rajasthan,Loyal,Google Ads,2024-02-23
C03713,Customer 3713,Male,32,Kozhikode,Kerala,New,Organic Search,2026-05-03
C03714,Customer 3714,Male,30,Jaipur,Rajasthan,Loyal,Email,2025-12-12
C03715,Customer 3715,Other,51,Noida,Uttar Pradesh,Loyal,Affiliate,2024-03-09
C03716,Customer 3716,Female,57,Noida,Uttar Pradesh,At-Risk,Meta Ads,2025-02-15
C03717,Customer 3717,Female,31,Jodhpur,Rajasthan,Loyal,Meta Ads,2024-01-07
C03718,Customer 3718,Female,24,Noida,Uttar Pradesh,New,Organic Search,2024-08-18
C03719,Customer 3719,Female,60,Kozhikode,Kerala,New,Organic Search,2024-08-31
C03720,Customer 3720,Male,23,Delhi,Delhi,New,Instagram,2025-08-29
C03721,Customer 3721,Male,59,Kolkata,West Bengal,Dormant,Instagram,2024-06-20
C03722,Customer 3722,Female,44,Delhi,Delhi,At-Risk,Google Ads,2025-11-30
C03723,Customer 3723,Female,55,Kanpur,Uttar Pradesh,At-Risk,Email,2025-09-26
C03724,Customer 3724,Male,58,Madurai,Tamil Nadu,At-Risk,Marketplace,2026-04-23
C03725,Customer 3725,Male,51,Lucknow,Uttar Pradesh,New,Google Ads,2025-05-11
C03726,Customer 3726,Male,36,Kanpur,Uttar Pradesh,VIP,Organic Search,2024-12-25
C03727,Customer 3727,Female,33,Kozhikode,Kerala,VIP,Google Ads,2025-10-09
C03728,Customer 3728,Female,49,Mangaluru,Karnataka,New,Meta Ads,2025-09-12
C03729,Customer 3729,Female,42,Udaipur,Rajasthan,Loyal,Affiliate,2024-07-08
C03730,Customer 3730,Female,61,Jodhpur,Rajasthan,Loyal,Organic Search,2024-08-31
C03731,Customer 3731,Female,54,Kozhikode,Kerala,At-Risk,Google Ads,2025-07-29
C03732,Customer 3732,Female,60,Thiruvananthapuram,Kerala,New,Instagram,2026-02-17
C03733,Customer 3733,Female,37,Vadodara,Gujarat,At-Risk,Google Ads,2025-04-17
C03734,Customer 3734,Male,40,Surat,Gujarat,Dormant,Instagram,2026-03-28
C03735,Customer 3735,Female,60,Nagpur,Maharashtra,Dormant,Affiliate,2025-05-06
C03736,Customer 3736,Male,32,Kozhikode,Kerala,New,Meta Ads,2025-07-21
C03737,Customer 3737,Female,57,Mangaluru,Karnataka,New,Instagram,2024-11-24
C03738,Customer 3738,Male,45,Jaipur,Rajasthan,VIP,Email,2025-08-16
C03739,Customer 3739,Female,38,Kanpur,Uttar Pradesh,One-Time,Influencer,2024-03-10
C03740,Customer 3740,Male,62,Chennai,Tamil Nadu,New,Google Ads,2025-08-16
C03741,Customer 3741,Female,30,Nagpur,Maharashtra,At-Risk,Email,2024-12-27
C03742,Customer 3742,Female,50,Mumbai,Maharashtra,New,Google Ads,2025-06-16
C03743,Customer 3743,Male,35,Lucknow,Uttar Pradesh,Loyal,Google Ads,2026-06-07
C03744,Customer 3744,Female,63,Delhi,Delhi,Dormant,Meta Ads,2025-01-29
C03745,Customer 3745,Male,44,Warangal,Telangana,Loyal,Organic Search,2025-09-01
C03746,Customer 3746,Male,45,Udaipur,Rajasthan,Dormant,Google Ads,2025-10-28
C03747,Customer 3747,Female,33,Mysuru,Karnataka,One-Time,Marketplace,2024-05-31
C03748,Customer 3748,Female,19,Lucknow,Uttar Pradesh,One-Time,Instagram,2026-05-28
C03749,Customer 3749,Male,65,Mysuru,Karnataka,New,Influencer,2025-05-14
C03750,Customer 3750,Male,39,Pune,Maharashtra,One-Time,Meta Ads,2025-11-02
C03751,Customer 3751,Female,49,Warangal,Telangana,One-Time,Meta Ads,2024-04-24
C03752,Customer 3752,Male,61,New Delhi,Delhi,At-Risk,Organic Search,2024-10-05
C03753,Customer 3753,Male,34,Delhi,Delhi,Dormant,Instagram,2026-04-25
C03754,Customer 3754,Male,19,Udaipur,Rajasthan,New,Email,2025-03-26
C03755,Customer 3755,Male,55,New Delhi,Delhi,New,Affiliate,2024-01-20
C03756,Customer 3756,Female,47,Bengaluru,Karnataka,Loyal,Organic Search,2025-06-21
C03757,Customer 3757,Male,48,Bengaluru,Karnataka,Loyal,Influencer,2026-02-05
C03758,Customer 3758,Male,36,Bengaluru,Karnataka,One-Time,Google Ads,2024-03-14
C03759,Customer 3759,Male,61,Kozhikode,Kerala,One-Time,Organic Search,2024-06-20
C03760,Customer 3760,Female,37,Pune,Maharashtra,New,Organic Search,2025-03-18
C03761,Customer 3761,Male,19,Thiruvananthapuram,Kerala,Loyal,Organic Search,2024-12-26
C03762,Customer 3762,Female,45,Mysuru,Karnataka,New,Organic Search,2024-04-02
C03763,Customer 3763,Female,55,Nizamabad,Telangana,VIP,Organic Search,2024-06-21
C03764,Customer 3764,Female,37,Mangaluru,Karnataka,One-Time,Influencer,2025-04-04
C03765,Customer 3765,Female,39,Warangal,Telangana,One-Time,Meta Ads,2025-06-23
C03766,Customer 3766,Male,62,Noida,Uttar Pradesh,Loyal,Google Ads,2024-03-19
C03767,Customer 3767,Female,46,Delhi,Delhi,New,Google Ads,2025-10-08
C03768,Customer 3768,Male,32,Mangaluru,Karnataka,At-Risk,Google Ads,2024-11-21
C03769,Customer 3769,Male,35,Howrah,West Bengal,VIP,Organic Search,2026-06-17
C03770,Customer 3770,Male,54,Kolkata,West Bengal,At-Risk,Instagram,2026-05-09
C03771,Customer 3771,Female,53,Kozhikode,Kerala,Loyal,Meta Ads,2025-07-10
C03772,Customer 3772,Other,22,Thiruvananthapuram,Kerala,Loyal,Marketplace,2024-01-07
C03773,Customer 3773,Female,55,Howrah,West Bengal,New,Marketplace,2024-04-24
C03774,Customer 3774,Male,33,Kanpur,Uttar Pradesh,Loyal,Email,2024-09-03
C03775,Customer 3775,Female,24,Kanpur,Uttar Pradesh,Loyal,Instagram,2025-01-31
C03776,Customer 3776,Male,25,New Delhi,Delhi,One-Time,Meta Ads,2024-11-30
C03777,Customer 3777,Female,60,Jaipur,Rajasthan,New,Instagram,2025-11-28
C03778,Customer 3778,Male,28,Nizamabad,Telangana,One-Time,Instagram,2025-06-15
C03779,Customer 3779,Other,42,Jaipur,Rajasthan,New,Google Ads,2024-09-23
C03780,Customer 3780,Male,45,Kochi,Kerala,One-Time,Organic Search,2026-05-18
C03781,Customer 3781,Male,41,Hyderabad,Telangana,Loyal,Instagram,2026-03-16
C03782,Customer 3782,Male,34,Noida,Uttar Pradesh,Dormant,Meta Ads,2025-07-29
C03783,Customer 3783,Male,19,Kochi,Kerala,New,Organic Search,2024-07-15
C03784,Customer 3784,Female,20,Mumbai,Maharashtra,New,Instagram,2026-03-15
C03785,Customer 3785,Male,41,New Delhi,Delhi,One-Time,Meta Ads,2025-10-19
C03786,Customer 3786,Female,59,Thiruvananthapuram,Kerala,New,Meta Ads,2024-05-26
C03787,Customer 3787,Female,58,Thiruvananthapuram,Kerala,VIP,Google Ads,2024-06-05
C03788,Customer 3788,Female,50,Nagpur,Maharashtra,New,Email,2024-09-16
C03789,Customer 3789,Other,31,Mangaluru,Karnataka,Dormant,Instagram,2025-07-20
C03790,Customer 3790,Female,63,Jaipur,Rajasthan,At-Risk,Google Ads,2026-03-09
C03791,Customer 3791,Male,36,Nagpur,Maharashtra,Loyal,Affiliate,2024-05-05
C03792,Customer 3792,Male,56,Bengaluru,Karnataka,Dormant,Affiliate,2024-01-05
C03793,Customer 3793,Male,24,Warangal,Telangana,Loyal,Email,2025-09-06
C03794,Customer 3794,Female,44,Pune,Maharashtra,Dormant,Influencer,2025-02-12
C03795,Customer 3795,Male,28,Vadodara,Gujarat,One-Time,Email,2024-03-11
C03796,Customer 3796,Male,40,Kolkata,West Bengal,Dormant,Google Ads,2025-02-11
C03797,Customer 3797,Male,55,Howrah,West Bengal,New,Email,2024-02-05
C03798,Customer 3798,Male,63,Noida,Uttar Pradesh,One-Time,Meta Ads,2026-05-01
C03799,Customer 3799,Female,21,Madurai,Tamil Nadu,Dormant,Instagram,2026-02-15
C03800,Customer 3800,Female,38,Mangaluru,Karnataka,One-Time,Marketplace,2025-02-08
C03801,Customer 3801,Male,21,Warangal,Telangana,New,Meta Ads,2026-01-11
C03802,Customer 3802,Male,44,Mumbai,Maharashtra,New,Meta Ads,2026-03-26
C03803,Customer 3803,Male,65,Mangaluru,Karnataka,New,Google Ads,2024-01-28
C03804,Customer 3804,Male,34,Pune,Maharashtra,One-Time,Marketplace,2025-06-10
C03805,Customer 3805,Female,36,Warangal,Telangana,One-Time,Google Ads,2024-07-18
C03806,Customer 3806,Male,31,Pune,Maharashtra,Loyal,Marketplace,2024-09-26
C03807,Customer 3807,Female,58,Kolkata,West Bengal,At-Risk,Google Ads,2025-07-25
C03808,Customer 3808,Male,58,Kolkata,West Bengal,New,Organic Search,2024-05-13
C03809,Customer 3809,Female,56,Kozhikode,Kerala,At-Risk,Meta Ads,2026-04-07
C03810,Customer 3810,Male,29,Lucknow,Uttar Pradesh,Loyal,Meta Ads,2025-03-17
C03811,Customer 3811,Female,28,Surat,Gujarat,VIP,Google Ads,2026-02-21
C03812,Customer 3812,Male,24,Nagpur,Maharashtra,VIP,Google Ads,2024-01-16
C03813,Customer 3813,Female,27,Ahmedabad,Gujarat,Dormant,Google Ads,2025-12-13
C03814,Customer 3814,Male,52,Warangal,Telangana,New,Google Ads,2024-10-28
C03815,Customer 3815,Male,44,Madurai,Tamil Nadu,Loyal,Organic Search,2025-09-27
C03816,Customer 3816,Male,58,Madurai,Tamil Nadu,Dormant,Organic Search,2025-04-15
C03817,Customer 3817,Male,49,Chennai,Tamil Nadu,VIP,Meta Ads,2025-06-01
C03818,Customer 3818,Female,62,Mysuru,Karnataka,New,Organic Search,2025-05-17
C03819,Customer 3819,Other,20,Kolkata,West Bengal,Loyal,Affiliate,2025-03-09
C03820,Customer 3820,Female,50,Noida,Uttar Pradesh,At-Risk,Marketplace,2025-02-03
C03821,Customer 3821,Male,23,Lucknow,Uttar Pradesh,One-Time,Instagram,2026-05-25
C03822,Customer 3822,Female,34,Howrah,West Bengal,Loyal,Instagram,2026-05-17
C03823,Customer 3823,Male,39,Ahmedabad,Gujarat,At-Risk,Marketplace,2025-06-12
C03824,Customer 3824,Female,42,Nizamabad,Telangana,Loyal,Marketplace,2024-05-13
C03825,Customer 3825,Female,28,Jodhpur,Rajasthan,New,Marketplace,2024-02-17
C03826,Customer 3826,Female,26,Vadodara,Gujarat,Loyal,Organic Search,2026-06-16
C03827,Customer 3827,Male,25,Bengaluru,Karnataka,Loyal,Organic Search,2024-06-15
C03828,Customer 3828,Female,28,Bengaluru,Karnataka,One-Time,Marketplace,2025-09-14
C03829,Customer 3829,Male,51,Thiruvananthapuram,Kerala,Loyal,Email,2025-10-01
C03830,Customer 3830,Male,61,Howrah,West Bengal,Loyal,Meta Ads,2026-01-12
C03831,Customer 3831,Male,34,Delhi,Delhi,At-Risk,Marketplace,2024-10-02
C03832,Customer 3832,Female,58,Howrah,West Bengal,At-Risk,Influencer,2025-07-24
C03833,Customer 3833,Male,57,Coimbatore,Tamil Nadu,At-Risk,Google Ads,2025-02-14
C03834,Customer 3834,Female,31,Delhi,Delhi,Loyal,Google Ads,2024-07-12
C03835,Customer 3835,Male,27,Mysuru,Karnataka,New,Marketplace,2025-10-17
C03836,Customer 3836,Female,36,Madurai,Tamil Nadu,VIP,Meta Ads,2025-11-06
C03837,Customer 3837,Female,23,Howrah,West Bengal,New,Organic Search,2025-04-11
C03838,Customer 3838,Female,64,Nizamabad,Telangana,Loyal,Google Ads,2026-02-02
C03839,Customer 3839,Male,56,Noida,Uttar Pradesh,New,Google Ads,2025-07-13
C03840,Customer 3840,Male,36,Mysuru,Karnataka,Loyal,Organic Search,2025-11-07
C03841,Customer 3841,Female,42,Howrah,West Bengal,VIP,Marketplace,2025-11-06
C03842,Customer 3842,Male,33,Howrah,West Bengal,One-Time,Email,2026-02-25
C03843,Customer 3843,Female,18,Howrah,West Bengal,One-Time,Google Ads,2025-07-28
C03844,Customer 3844,Female,27,Vadodara,Gujarat,New,Meta Ads,2024-02-27
C03845,Customer 3845,Male,20,Kozhikode,Kerala,One-Time,Meta Ads,2026-05-15
C03846,Customer 3846,Male,37,Delhi,Delhi,Loyal,Marketplace,2026-05-15
C03847,Customer 3847,Male,38,Udaipur,Rajasthan,At-Risk,Instagram,2025-10-17
C03848,Customer 3848,Female,35,Udaipur,Rajasthan,At-Risk,Marketplace,2026-04-25
C03849,Customer 3849,Male,50,Nagpur,Maharashtra,Dormant,Influencer,2024-07-04
C03850,Customer 3850,Male,53,Bengaluru,Karnataka,New,Instagram,2026-03-18
C03851,Customer 3851,Male,44,Madurai,Tamil Nadu,One-Time,Google Ads,2024-04-25
C03852,Customer 3852,Female,34,Mysuru,Karnataka,Loyal,Marketplace,2025-07-27
C03853,Customer 3853,Female,34,Madurai,Tamil Nadu,Loyal,Google Ads,2025-04-05
C03854,Customer 3854,Female,39,Coimbatore,Tamil Nadu,VIP,Influencer,2026-02-01
C03855,Customer 3855,Male,53,Surat,Gujarat,At-Risk,Instagram,2025-04-25
C03856,Customer 3856,Male,33,Nagpur,Maharashtra,Loyal,Meta Ads,2025-06-28
C03857,Customer 3857,Male,52,Noida,Uttar Pradesh,Loyal,Instagram,2024-10-12
C03858,Customer 3858,Female,33,Madurai,Tamil Nadu,Dormant,Meta Ads,2025-03-18
C03859,Customer 3859,Male,44,Jaipur,Rajasthan,New,Organic Search,2024-11-27
C03860,Customer 3860,Female,30,Nizamabad,Telangana,At-Risk,Organic Search,2026-04-17
C03861,Customer 3861,Male,22,New Delhi,Delhi,VIP,Meta Ads,2025-05-04
C03862,Customer 3862,Female,41,Nizamabad,Telangana,New,Email,2024-07-05
C03863,Customer 3863,Male,51,Kolkata,West Bengal,Dormant,Instagram,2024-02-10
C03864,Customer 3864,Female,38,Mysuru,Karnataka,At-Risk,Marketplace,2026-02-05
C03865,Customer 3865,Female,55,Thiruvananthapuram,Kerala,At-Risk,Marketplace,2025-07-15
C03866,Customer 3866,Male,20,Bengaluru,Karnataka,New,Organic Search,2025-01-31
C03867,Customer 3867,Male,20,Surat,Gujarat,New,Marketplace,2024-09-13
C03868,Customer 3868,Female,62,Mysuru,Karnataka,VIP,Instagram,2024-09-19
C03869,Customer 3869,Male,45,Howrah,West Bengal,New,Google Ads,2025-07-13
C03870,Customer 3870,Female,34,Delhi,Delhi,New,Google Ads,2025-03-31
C03871,Customer 3871,Male,49,Coimbatore,Tamil Nadu,One-Time,Influencer,2025-04-24
C03872,Customer 3872,Female,54,Pune,Maharashtra,New,Instagram,2025-07-27
C03873,Customer 3873,Female,60,Mumbai,Maharashtra,VIP,Influencer,2026-04-14
C03874,Customer 3874,Male,61,Nagpur,Maharashtra,Loyal,Instagram,2024-06-13
C03875,Customer 3875,Male,34,Kozhikode,Kerala,New,Google Ads,2025-07-20
C03876,Customer 3876,Female,18,Madurai,Tamil Nadu,Loyal,Email,2025-11-07
C03877,Customer 3877,Male,37,Warangal,Telangana,New,Organic Search,2025-03-16
C03878,Customer 3878,Male,23,Thiruvananthapuram,Kerala,New,Instagram,2024-12-21
C03879,Customer 3879,Female,42,Nizamabad,Telangana,Loyal,Influencer,2025-04-19
C03880,Customer 3880,Female,27,Madurai,Tamil Nadu,Loyal,Organic Search,2025-09-25
C03881,Customer 3881,Female,50,Jaipur,Rajasthan,One-Time,Instagram,2024-11-04
C03882,Customer 3882,Male,60,Thiruvananthapuram,Kerala,Loyal,Organic Search,2024-05-21
C03883,Customer 3883,Female,27,Jodhpur,Rajasthan,One-Time,Meta Ads,2024-03-16
C03884,Customer 3884,Female,44,New Delhi,Delhi,Loyal,Influencer,2024-02-20
C03885,Customer 3885,Male,63,Thiruvananthapuram,Kerala,One-Time,Meta Ads,2026-03-24
C03886,Customer 3886,Male,32,Hyderabad,Telangana,VIP,Organic Search,2024-05-25
C03887,Customer 3887,Female,56,Thiruvananthapuram,Kerala,Loyal,Instagram,2025-08-17
C03888,Customer 3888,Female,20,Lucknow,Uttar Pradesh,New,Google Ads,2024-06-11
C03889,Customer 3889,Male,48,Kochi,Kerala,VIP,Organic Search,2025-04-17
C03890,Customer 3890,Male,19,Bengaluru,Karnataka,At-Risk,Instagram,2025-11-16
C03891,Customer 3891,Female,21,Pune,Maharashtra,New,Organic Search,2024-05-11
C03892,Customer 3892,Female,45,Howrah,West Bengal,Loyal,Email,2025-03-19
C03893,Customer 3893,Male,59,New Delhi,Delhi,At-Risk,Google Ads,2025-01-16
C03894,Customer 3894,Male,51,New Delhi,Delhi,New,Meta Ads,2025-11-18
C03895,Customer 3895,Female,37,Kozhikode,Kerala,Dormant,Organic Search,2025-05-24
C03896,Customer 3896,Male,36,Kolkata,West Bengal,One-Time,Email,2025-11-03
C03897,Customer 3897,Male,40,Mysuru,Karnataka,VIP,Email,2025-06-12
C03898,Customer 3898,Male,31,Coimbatore,Tamil Nadu,At-Risk,Google Ads,2024-08-08
C03899,Customer 3899,Female,18,Pune,Maharashtra,Dormant,Meta Ads,2025-05-25
C03900,Customer 3900,Female,56,Pune,Maharashtra,Loyal,Organic Search,2026-03-30
C03901,Customer 3901,Male,43,Nagpur,Maharashtra,VIP,Marketplace,2024-12-31
C03902,Customer 3902,Female,59,Kanpur,Uttar Pradesh,One-Time,Organic Search,2025-11-23
C03903,Customer 3903,Female,45,Udaipur,Rajasthan,One-Time,Email,2025-08-22
C03904,Customer 3904,Male,36,Surat,Gujarat,At-Risk,Email,2024-03-17
C03905,Customer 3905,Male,20,Coimbatore,Tamil Nadu,One-Time,Organic Search,2024-03-18
C03906,Customer 3906,Female,53,Kolkata,West Bengal,At-Risk,Affiliate,2025-05-30
C03907,Customer 3907,Female,47,Noida,Uttar Pradesh,New,Meta Ads,2024-06-23
C03908,Customer 3908,Male,59,Kanpur,Uttar Pradesh,New,Organic Search,2025-01-06
C03909,Customer 3909,Male,29,Ahmedabad,Gujarat,New,Meta Ads,2025-02-05
C03910,Customer 3910,Female,36,Kanpur,Uttar Pradesh,Loyal,Google Ads,2025-02-17
C03911,Customer 3911,Female,29,Delhi,Delhi,New,Google Ads,2025-10-15
C03912,Customer 3912,Female,25,Delhi,Delhi,One-Time,Google Ads,2024-11-26
C03913,Customer 3913,Male,60,Noida,Uttar Pradesh,Dormant,Meta Ads,2024-04-02
C03914,Customer 3914,Male,35,Madurai,Tamil Nadu,At-Risk,Google Ads,2025-03-22
C03915,Customer 3915,Male,18,Chennai,Tamil Nadu,At-Risk,Google Ads,2026-02-18
C03916,Customer 3916,Male,20,Bengaluru,Karnataka,New,Google Ads,2024-11-16
C03917,Customer 3917,Female,34,New Delhi,Delhi,One-Time,Google Ads,2025-11-18
C03918,Customer 3918,Female,19,Vadodara,Gujarat,VIP,Meta Ads,2025-02-20
C03919,Customer 3919,Male,60,Kolkata,West Bengal,New,Affiliate,2024-06-23
C03920,Customer 3920,Female,57,Chennai,Tamil Nadu,Loyal,Email,2025-05-05
C03921,Customer 3921,Female,61,Mumbai,Maharashtra,Dormant,Google Ads,2025-03-09
C03922,Customer 3922,Female,58,Noida,Uttar Pradesh,New,Instagram,2025-10-19
C03923,Customer 3923,Male,20,Mysuru,Karnataka,Dormant,Instagram,2025-09-10
C03924,Customer 3924,Male,49,Kochi,Kerala,New,Google Ads,2024-05-16
C03925,Customer 3925,Male,58,Mumbai,Maharashtra,New,Instagram,2024-02-21
C03926,Customer 3926,Male,59,Vadodara,Gujarat,New,Meta Ads,2024-04-30
C03927,Customer 3927,Male,40,Vadodara,Gujarat,Dormant,Email,2025-08-23
C03928,Customer 3928,Female,62,Lucknow,Uttar Pradesh,Loyal,Organic Search,2025-03-24
C03929,Customer 3929,Female,26,Pune,Maharashtra,VIP,Email,2024-12-05
C03930,Customer 3930,Male,50,Kochi,Kerala,One-Time,Google Ads,2025-03-03
C03931,Customer 3931,Male,30,Surat,Gujarat,At-Risk,Google Ads,2024-01-01
C03932,Customer 3932,Female,61,Ahmedabad,Gujarat,Loyal,Marketplace,2025-05-22
C03933,Customer 3933,Male,61,Delhi,Delhi,Loyal,Organic Search,2024-05-25
C03934,Customer 3934,Female,62,Nizamabad,Telangana,VIP,Organic Search,2025-07-06
C03935,Customer 3935,Female,21,Delhi,Delhi,At-Risk,Marketplace,2024-05-21
C03936,Customer 3936,Other,31,Bengaluru,Karnataka,VIP,Email,2024-09-03
C03937,Customer 3937,Male,36,Mangaluru,Karnataka,New,Google Ads,2026-04-29
C03938,Customer 3938,Female,63,Howrah,West Bengal,At-Risk,Organic Search,2025-08-05
C03939,Customer 3939,Female,49,New Delhi,Delhi,One-Time,Google Ads,2026-03-07
C03940,Customer 3940,Male,65,Hyderabad,Telangana,Dormant,Organic Search,2025-03-22
C03941,Customer 3941,Male,59,Nizamabad,Telangana,One-Time,Instagram,2025-10-13
C03942,Customer 3942,Female,31,Nagpur,Maharashtra,New,Google Ads,2025-03-22
C03943,Customer 3943,Female,27,Nagpur,Maharashtra,One-Time,Google Ads,2025-07-20
C03944,Customer 3944,Male,48,Ahmedabad,Gujarat,Loyal,Instagram,2025-06-18
C03945,Customer 3945,Female,55,Pune,Maharashtra,One-Time,Organic Search,2024-01-04
C03946,Customer 3946,Male,28,Kanpur,Uttar Pradesh,At-Risk,Google Ads,2025-07-04
C03947,Customer 3947,Female,50,Mumbai,Maharashtra,VIP,Google Ads,2024-04-27
C03948,Customer 3948,Female,36,Hyderabad,Telangana,New,Instagram,2025-07-09
C03949,Customer 3949,Male,55,Lucknow,Uttar Pradesh,Loyal,Affiliate,2024-04-17
C03950,Customer 3950,Female,47,Bengaluru,Karnataka,At-Risk,Affiliate,2026-01-17
C03951,Customer 3951,Male,51,Madurai,Tamil Nadu,At-Risk,Organic Search,2025-06-11
C03952,Customer 3952,Female,19,Kochi,Kerala,One-Time,Instagram,2025-03-25
C03953,Customer 3953,Male,58,Kochi,Kerala,Dormant,Instagram,2026-04-23
C03954,Customer 3954,Male,49,Jaipur,Rajasthan,New,Meta Ads,2026-04-26
C03955,Customer 3955,Male,27,Nizamabad,Telangana,Loyal,Google Ads,2024-09-08
C03956,Customer 3956,Male,41,Surat,Gujarat,At-Risk,Google Ads,2026-05-01
C03957,Customer 3957,Male,31,Kozhikode,Kerala,One-Time,Influencer,2025-01-15
C03958,Customer 3958,Male,23,Kochi,Kerala,New,Email,2024-10-28
C03959,Customer 3959,Male,40,Warangal,Telangana,VIP,Google Ads,2026-04-27
C03960,Customer 3960,Female,50,Madurai,Tamil Nadu,One-Time,Email,2026-03-04
C03961,Customer 3961,Female,55,Mangaluru,Karnataka,New,Meta Ads,2026-02-07
C03962,Customer 3962,Male,63,Pune,Maharashtra,New,Instagram,2025-01-13
C03963,Customer 3963,Male,48,Jaipur,Rajasthan,At-Risk,Organic Search,2025-06-14
C03964,Customer 3964,Female,18,Bengaluru,Karnataka,New,Affiliate,2026-05-26
C03965,Customer 3965,Male,37,Mysuru,Karnataka,Loyal,Organic Search,2024-02-06
C03966,Customer 3966,Male,39,Warangal,Telangana,Dormant,Marketplace,2026-04-14
C03967,Customer 3967,Female,65,New Delhi,Delhi,VIP,Meta Ads,2026-04-20
C03968,Customer 3968,Male,24,Mumbai,Maharashtra,Loyal,Organic Search,2025-01-30
C03969,Customer 3969,Female,60,Coimbatore,Tamil Nadu,Loyal,Marketplace,2024-02-03
C03970,Customer 3970,Male,27,Mumbai,Maharashtra,New,Meta Ads,2024-11-10
C03971,Customer 3971,Male,50,Thiruvananthapuram,Kerala,Loyal,Affiliate,2024-04-05
C03972,Customer 3972,Male,41,Mumbai,Maharashtra,New,Marketplace,2025-09-09
C03973,Customer 3973,Male,64,New Delhi,Delhi,New,Organic Search,2024-11-16
C03974,Customer 3974,Female,31,Mumbai,Maharashtra,New,Google Ads,2024-11-26
C03975,Customer 3975,Male,40,Warangal,Telangana,Loyal,Meta Ads,2025-05-23
C03976,Customer 3976,Male,49,Mumbai,Maharashtra,New,Organic Search,2025-08-17
C03977,Customer 3977,Female,26,Warangal,Telangana,New,Influencer,2024-04-27
C03978,Customer 3978,Female,30,Nagpur,Maharashtra,At-Risk,Google Ads,2025-01-14
C03979,Customer 3979,Female,54,Delhi,Delhi,New,Meta Ads,2024-03-25
C03980,Customer 3980,Male,55,Howrah,West Bengal,VIP,Meta Ads,2025-03-27
C03981,Customer 3981,Female,50,Nizamabad,Telangana,One-Time,Instagram,2024-10-25
C03982,Customer 3982,Female,26,Madurai,Tamil Nadu,Loyal,Affiliate,2024-12-06
C03983,Customer 3983,Male,28,Vadodara,Gujarat,New,Email,2024-06-12
C03984,Customer 3984,Other,61,Mumbai,Maharashtra,New,Email,2025-12-18
C03985,Customer 3985,Female,61,Coimbatore,Tamil Nadu,At-Risk,Organic Search,2024-09-09
C03986,Customer 3986,Male,37,Nizamabad,Telangana,Loyal,Email,2025-06-25
C03987,Customer 3987,Male,44,Nagpur,Maharashtra,New,Organic Search,2025-08-03
C03988,Customer 3988,Male,20,New Delhi,Delhi,One-Time,Google Ads,2025-09-06
C03989,Customer 3989,Female,49,Kochi,Kerala,Loyal,Google Ads,2024-01-07
C03990,Customer 3990,Female,22,Kochi,Kerala,New,Affiliate,2026-01-08
C03991,Customer 3991,Female,22,Thiruvananthapuram,Kerala,Loyal,Email,2025-08-09
C03992,Customer 3992,Female,43,Madurai,Tamil Nadu,Loyal,Meta Ads,2025-12-17
C03993,Customer 3993,Male,58,Warangal,Telangana,Loyal,Instagram,2025-10-27
C03994,Customer 3994,Male,61,Bengaluru,Karnataka,At-Risk,Organic Search,2025-04-03
C03995,Customer 3995,Male,38,Nagpur,Maharashtra,One-Time,Google Ads,2025-10-30
C03996,Customer 3996,Male,42,Warangal,Telangana,At-Risk,Email,2024-08-16
C03997,Customer 3997,Male,44,Warangal,Telangana,Loyal,Google Ads,2024-11-02
C03998,Customer 3998,Male,39,Delhi,Delhi,Loyal,Influencer,2024-11-23
C03999,Customer 3999,Male,52,Mysuru,Karnataka,Loyal,Organic Search,2024-12-16
C04000,Customer 4000,Female,55,Pune,Maharashtra,Loyal,Affiliate,2025-05-11
C04001,Customer 4001,Male,40,Udaipur,Rajasthan,New,Organic Search,2025-10-23
C04002,Customer 4002,Male,28,Coimbatore,Tamil Nadu,Dormant,Affiliate,2024-08-02
C04003,Customer 4003,Female,58,Noida,Uttar Pradesh,Dormant,Meta Ads,2024-10-22
C04004,Customer 4004,Female,50,Mysuru,Karnataka,One-Time,Google Ads,2025-12-03
C04005,Customer 4005,Male,37,Vadodara,Gujarat,Loyal,Marketplace,2025-12-04
C04006,Customer 4006,Female,28,Mumbai,Maharashtra,At-Risk,Marketplace,2024-07-25
C04007,Customer 4007,Male,37,New Delhi,Delhi,Dormant,Marketplace,2024-04-03
C04008,Customer 4008,Female,58,Nagpur,Maharashtra,Loyal,Marketplace,2024-10-28
C04009,Customer 4009,Male,33,Pune,Maharashtra,New,Organic Search,2024-04-17
C04010,Customer 4010,Female,60,Ahmedabad,Gujarat,VIP,Email,2025-07-23
C04011,Customer 4011,Female,29,Mysuru,Karnataka,New,Affiliate,2025-10-10
C04012,Customer 4012,Male,27,Mumbai,Maharashtra,Loyal,Google Ads,2025-09-19
C04013,Customer 4013,Female,21,Thiruvananthapuram,Kerala,Loyal,Affiliate,2024-11-01
C04014,Customer 4014,Female,24,Hyderabad,Telangana,Loyal,Affiliate,2024-12-21
C04015,Customer 4015,Female,30,Surat,Gujarat,New,Organic Search,2025-03-12
C04016,Customer 4016,Female,52,Vadodara,Gujarat,Loyal,Instagram,2025-11-11
C04017,Customer 4017,Female,43,Bengaluru,Karnataka,Loyal,Organic Search,2026-05-06
C04018,Customer 4018,Female,49,Delhi,Delhi,One-Time,Marketplace,2026-03-22
C04019,Customer 4019,Female,22,Hyderabad,Telangana,New,Google Ads,2024-11-01
C04020,Customer 4020,Male,47,Jodhpur,Rajasthan,New,Meta Ads,2024-05-27
C04021,Customer 4021,Male,49,Nagpur,Maharashtra,At-Risk,Organic Search,2024-02-16
C04022,Customer 4022,Female,42,Nagpur,Maharashtra,Loyal,Influencer,2026-04-04
C04023,Customer 4023,Male,48,Bengaluru,Karnataka,Loyal,Organic Search,2026-04-28
C04024,Customer 4024,Other,24,Kochi,Kerala,Loyal,Organic Search,2025-04-29
C04025,Customer 4025,Male,41,Kanpur,Uttar Pradesh,At-Risk,Google Ads,2024-03-02
C04026,Customer 4026,Male,52,Kozhikode,Kerala,Loyal,Instagram,2025-02-07
C04027,Customer 4027,Male,24,Howrah,West Bengal,New,Marketplace,2025-10-12
C04028,Customer 4028,Female,25,Kolkata,West Bengal,New,Instagram,2025-12-17
C04029,Customer 4029,Male,53,Delhi,Delhi,New,Instagram,2025-12-03
C04030,Customer 4030,Male,44,Thiruvananthapuram,Kerala,At-Risk,Meta Ads,2025-12-06
C04031,Customer 4031,Female,28,New Delhi,Delhi,Loyal,Instagram,2024-03-26
C04032,Customer 4032,Female,34,Chennai,Tamil Nadu,VIP,Instagram,2025-09-06
C04033,Customer 4033,Female,60,Kolkata,West Bengal,VIP,Affiliate,2026-06-11
C04034,Customer 4034,Male,33,Vadodara,Gujarat,At-Risk,Instagram,2025-01-02
C04035,Customer 4035,Male,35,Mumbai,Maharashtra,Dormant,Organic Search,2025-04-06
C04036,Customer 4036,Female,57,Madurai,Tamil Nadu,Loyal,Instagram,2024-08-28
C04037,Customer 4037,Male,27,Mysuru,Karnataka,One-Time,Influencer,2025-12-22
C04038,Customer 4038,Male,39,Noida,Uttar Pradesh,New,Google Ads,2024-11-20
C04039,Customer 4039,Female,32,Madurai,Tamil Nadu,Loyal,Google Ads,2026-06-07
C04040,Customer 4040,Male,41,Lucknow,Uttar Pradesh,At-Risk,Instagram,2025-05-30
C04041,Customer 4041,Female,30,Madurai,Tamil Nadu,Loyal,Marketplace,2024-11-03
C04042,Customer 4042,Female,61,Jaipur,Rajasthan,One-Time,Organic Search,2025-05-22
C04043,Customer 4043,Male,24,Pune,Maharashtra,VIP,Organic Search,2024-02-05
C04044,Customer 4044,Female,44,Thiruvananthapuram,Kerala,Loyal,Instagram,2026-04-11
C04045,Customer 4045,Male,48,Delhi,Delhi,One-Time,Meta Ads,2025-02-15
C04046,Customer 4046,Female,56,Bengaluru,Karnataka,At-Risk,Marketplace,2025-02-15
C04047,Customer 4047,Male,22,Mangaluru,Karnataka,Loyal,Instagram,2025-01-03
C04048,Customer 4048,Male,59,Bengaluru,Karnataka,One-Time,Organic Search,2025-08-22
C04049,Customer 4049,Male,29,Coimbatore,Tamil Nadu,One-Time,Affiliate,2025-12-03
C04050,Customer 4050,Male,51,Jodhpur,Rajasthan,Loyal,Organic Search,2025-08-17
C04051,Customer 4051,Male,20,Thiruvananthapuram,Kerala,One-Time,Meta Ads,2024-04-23
C04052,Customer 4052,Female,24,Howrah,West Bengal,New,Meta Ads,2025-10-20
C04053,Customer 4053,Female,43,Vadodara,Gujarat,Loyal,Google Ads,2025-08-02
C04054,Customer 4054,Male,23,Madurai,Tamil Nadu,VIP,Marketplace,2026-06-11
C04055,Customer 4055,Male,39,Lucknow,Uttar Pradesh,New,Influencer,2024-08-27
C04056,Customer 4056,Male,38,Noida,Uttar Pradesh,Loyal,Instagram,2025-12-22
C04057,Customer 4057,Female,40,Mysuru,Karnataka,Loyal,Marketplace,2026-02-27
C04058,Customer 4058,Female,21,Thiruvananthapuram,Kerala,One-Time,Google Ads,2024-02-05
C04059,Customer 4059,Female,53,Madurai,Tamil Nadu,One-Time,Google Ads,2026-04-04
C04060,Customer 4060,Female,32,Noida,Uttar Pradesh,One-Time,Google Ads,2025-12-31
C04061,Customer 4061,Male,52,Thiruvananthapuram,Kerala,Loyal,Marketplace,2025-12-23
C04062,Customer 4062,Male,28,Jaipur,Rajasthan,At-Risk,Google Ads,2026-06-18
C04063,Customer 4063,Male,28,Pune,Maharashtra,Loyal,Google Ads,2024-06-29
C04064,Customer 4064,Female,19,Surat,Gujarat,Dormant,Meta Ads,2024-02-04
C04065,Customer 4065,Male,59,Pune,Maharashtra,One-Time,Instagram,2025-07-06
C04066,Customer 4066,Female,37,Kanpur,Uttar Pradesh,VIP,Email,2025-06-21
C04067,Customer 4067,Female,24,Bengaluru,Karnataka,Loyal,Meta Ads,2026-02-09
C04068,Customer 4068,Male,29,Jaipur,Rajasthan,At-Risk,Affiliate,2025-06-23
C04069,Customer 4069,Male,24,Thiruvananthapuram,Kerala,At-Risk,Marketplace,2024-04-10
C04070,Customer 4070,Female,22,Mumbai,Maharashtra,Loyal,Meta Ads,2025-04-17
C04071,Customer 4071,Female,21,Madurai,Tamil Nadu,Loyal,Marketplace,2024-12-13
C04072,Customer 4072,Female,53,Howrah,West Bengal,Dormant,Affiliate,2026-02-26
C04073,Customer 4073,Male,45,Coimbatore,Tamil Nadu,Dormant,Marketplace,2025-09-26
C04074,Customer 4074,Female,61,Pune,Maharashtra,Dormant,Google Ads,2026-01-02
C04075,Customer 4075,Male,64,Hyderabad,Telangana,New,Influencer,2025-10-21
C04076,Customer 4076,Female,47,Coimbatore,Tamil Nadu,New,Organic Search,2024-06-03
C04077,Customer 4077,Male,43,Howrah,West Bengal,Loyal,Google Ads,2026-02-12
C04078,Customer 4078,Male,62,Vadodara,Gujarat,VIP,Organic Search,2024-04-02
C04079,Customer 4079,Male,63,Nagpur,Maharashtra,New,Meta Ads,2024-08-26
C04080,Customer 4080,Female,25,Delhi,Delhi,One-Time,Affiliate,2024-05-29
C04081,Customer 4081,Female,46,Coimbatore,Tamil Nadu,Loyal,Organic Search,2024-03-21
C04082,Customer 4082,Female,54,Bengaluru,Karnataka,New,Email,2026-03-09
C04083,Customer 4083,Female,59,Udaipur,Rajasthan,VIP,Google Ads,2024-04-30
C04084,Customer 4084,Female,37,Mangaluru,Karnataka,New,Marketplace,2024-03-29
C04085,Customer 4085,Female,48,Surat,Gujarat,At-Risk,Google Ads,2024-03-25
C04086,Customer 4086,Male,41,Kozhikode,Kerala,One-Time,Affiliate,2025-08-04
C04087,Customer 4087,Male,48,Ahmedabad,Gujarat,Loyal,Organic Search,2024-07-25
C04088,Customer 4088,Male,49,Ahmedabad,Gujarat,Loyal,Google Ads,2025-09-06
C04089,Customer 4089,Female,46,Warangal,Telangana,One-Time,Email,2024-08-26
C04090,Customer 4090,Male,55,Mumbai,Maharashtra,Loyal,Marketplace,2024-07-15
C04091,Customer 4091,Male,21,Hyderabad,Telangana,At-Risk,Marketplace,2024-05-29
C04092,Customer 4092,Male,20,Kanpur,Uttar Pradesh,Loyal,Google Ads,2024-07-25
C04093,Customer 4093,Female,58,Noida,Uttar Pradesh,New,Google Ads,2024-07-31
C04094,Customer 4094,Male,36,Pune,Maharashtra,VIP,Google Ads,2026-01-22
C04095,Customer 4095,Female,36,Nagpur,Maharashtra,New,Organic Search,2025-04-24
C04096,Customer 4096,Female,54,Mysuru,Karnataka,Loyal,Google Ads,2025-01-13
C04097,Customer 4097,Female,44,Surat,Gujarat,Loyal,Google Ads,2026-03-22
C04098,Customer 4098,Female,43,Howrah,West Bengal,Loyal,Instagram,2025-03-25
C04099,Customer 4099,Other,62,Howrah,West Bengal,New,Marketplace,2026-02-27
C04100,Customer 4100,Male,34,Kozhikode,Kerala,One-Time,Meta Ads,2024-12-23
C04101,Customer 4101,Male,30,Mysuru,Karnataka,New,Organic Search,2026-06-02
C04102,Customer 4102,Male,19,Howrah,West Bengal,One-Time,Google Ads,2024-06-13
C04103,Customer 4103,Male,63,Surat,Gujarat,Loyal,Organic Search,2025-04-08
C04104,Customer 4104,Male,18,Bengaluru,Karnataka,Loyal,Organic Search,2025-01-30
C04105,Customer 4105,Male,37,Kochi,Kerala,New,Marketplace,2026-03-10
C04106,Customer 4106,Female,38,Hyderabad,Telangana,New,Organic Search,2024-08-30
C04107,Customer 4107,Female,62,Jaipur,Rajasthan,Loyal,Google Ads,2024-11-04
C04108,Customer 4108,Female,41,Jodhpur,Rajasthan,Loyal,Instagram,2024-09-27
C04109,Customer 4109,Male,18,Kozhikode,Kerala,At-Risk,Google Ads,2025-07-12
C04110,Customer 4110,Male,29,Delhi,Delhi,New,Meta Ads,2024-06-30
C04111,Customer 4111,Female,42,Mangaluru,Karnataka,New,Marketplace,2025-03-05
C04112,Customer 4112,Male,56,Noida,Uttar Pradesh,One-Time,Instagram,2025-07-17
C04113,Customer 4113,Male,20,Lucknow,Uttar Pradesh,Loyal,Influencer,2024-07-12
C04114,Customer 4114,Female,52,New Delhi,Delhi,Loyal,Google Ads,2024-09-15
C04115,Customer 4115,Male,26,Kanpur,Uttar Pradesh,New,Marketplace,2024-05-06
C04116,Customer 4116,Male,27,Mangaluru,Karnataka,New,Marketplace,2024-05-29
C04117,Customer 4117,Female,24,Vadodara,Gujarat,Loyal,Organic Search,2026-04-11
C04118,Customer 4118,Female,27,Noida,Uttar Pradesh,One-Time,Google Ads,2025-12-28
C04119,Customer 4119,Male,47,Mysuru,Karnataka,Loyal,Influencer,2024-06-23
C04120,Customer 4120,Female,59,Delhi,Delhi,One-Time,Marketplace,2025-06-02
C04121,Customer 4121,Female,21,Kochi,Kerala,One-Time,Meta Ads,2024-04-05
C04122,Customer 4122,Male,62,Lucknow,Uttar Pradesh,New,Marketplace,2026-02-11
C04123,Customer 4123,Female,28,Lucknow,Uttar Pradesh,Dormant,Marketplace,2025-11-15
C04124,Customer 4124,Female,65,Madurai,Tamil Nadu,New,Meta Ads,2025-12-04
C04125,Customer 4125,Male,56,Kochi,Kerala,New,Instagram,2024-10-08
C04126,Customer 4126,Male,50,Nagpur,Maharashtra,At-Risk,Meta Ads,2024-11-30
C04127,Customer 4127,Female,41,New Delhi,Delhi,New,Email,2026-02-26
C04128,Customer 4128,Female,62,Delhi,Delhi,One-Time,Marketplace,2025-05-20
C04129,Customer 4129,Female,40,Lucknow,Uttar Pradesh,One-Time,Influencer,2025-06-07
C04130,Customer 4130,Female,25,Kochi,Kerala,VIP,Google Ads,2026-06-07
C04131,Customer 4131,Male,33,Jaipur,Rajasthan,One-Time,Email,2026-01-09
C04132,Customer 4132,Female,25,Kolkata,West Bengal,At-Risk,Email,2024-11-18
C04133,Customer 4133,Female,30,Coimbatore,Tamil Nadu,VIP,Instagram,2024-02-15
C04134,Customer 4134,Male,19,New Delhi,Delhi,Loyal,Organic Search,2024-08-03
C04135,Customer 4135,Male,40,Delhi,Delhi,New,Organic Search,2025-11-11
C04136,Customer 4136,Male,43,Nizamabad,Telangana,At-Risk,Meta Ads,2024-05-26
C04137,Customer 4137,Female,42,New Delhi,Delhi,At-Risk,Meta Ads,2024-09-30
C04138,Customer 4138,Female,28,Lucknow,Uttar Pradesh,At-Risk,Marketplace,2026-04-25
C04139,Customer 4139,Male,30,Udaipur,Rajasthan,New,Meta Ads,2025-01-29
C04140,Customer 4140,Male,45,Noida,Uttar Pradesh,VIP,Instagram,2024-08-12
C04141,Customer 4141,Male,33,Madurai,Tamil Nadu,VIP,Marketplace,2025-05-08
C04142,Customer 4142,Female,18,Delhi,Delhi,Dormant,Influencer,2026-04-14
C04143,Customer 4143,Male,52,Nizamabad,Telangana,One-Time,Organic Search,2024-07-12
C04144,Customer 4144,Other,43,Chennai,Tamil Nadu,At-Risk,Meta Ads,2025-06-16
C04145,Customer 4145,Female,27,Delhi,Delhi,VIP,Organic Search,2025-12-16
C04146,Customer 4146,Female,60,Mysuru,Karnataka,At-Risk,Organic Search,2025-06-15
C04147,Customer 4147,Female,30,Nizamabad,Telangana,VIP,Instagram,2026-03-03
C04148,Customer 4148,Male,52,Jaipur,Rajasthan,At-Risk,Google Ads,2024-12-26
C04149,Customer 4149,Female,20,Chennai,Tamil Nadu,One-Time,Instagram,2025-12-13
C04150,Customer 4150,Female,35,Coimbatore,Tamil Nadu,New,Email,2024-12-22
C04151,Customer 4151,Male,29,Mangaluru,Karnataka,One-Time,Marketplace,2024-02-24
C04152,Customer 4152,Male,21,Vadodara,Gujarat,At-Risk,Organic Search,2024-10-15
C04153,Customer 4153,Female,38,Coimbatore,Tamil Nadu,New,Google Ads,2024-05-08
C04154,Customer 4154,Male,29,New Delhi,Delhi,Loyal,Meta Ads,2025-10-18
C04155,Customer 4155,Female,30,Ahmedabad,Gujarat,Dormant,Email,2024-12-26
C04156,Customer 4156,Male,42,Nizamabad,Telangana,At-Risk,Instagram,2025-10-26
C04157,Customer 4157,Male,59,Kochi,Kerala,Loyal,Google Ads,2025-11-03
C04158,Customer 4158,Male,30,Hyderabad,Telangana,At-Risk,Marketplace,2025-04-23
C04159,Customer 4159,Male,25,Delhi,Delhi,New,Marketplace,2026-04-15
C04160,Customer 4160,Male,55,Pune,Maharashtra,Loyal,Marketplace,2025-02-08
C04161,Customer 4161,Male,37,New Delhi,Delhi,Loyal,Instagram,2025-09-13
C04162,Customer 4162,Male,62,Mangaluru,Karnataka,At-Risk,Influencer,2025-07-26
C04163,Customer 4163,Other,52,Lucknow,Uttar Pradesh,One-Time,Organic Search,2025-10-01
C04164,Customer 4164,Male,26,Madurai,Tamil Nadu,New,Email,2025-03-18
C04165,Customer 4165,Male,54,Kolkata,West Bengal,VIP,Google Ads,2025-01-19
C04166,Customer 4166,Male,18,Bengaluru,Karnataka,Loyal,Google Ads,2026-01-11
C04167,Customer 4167,Female,39,Hyderabad,Telangana,At-Risk,Meta Ads,2026-03-21
C04168,Customer 4168,Male,22,Madurai,Tamil Nadu,Loyal,Marketplace,2024-02-28
C04169,Customer 4169,Female,55,Vadodara,Gujarat,At-Risk,Organic Search,2026-05-30
C04170,Customer 4170,Female,56,Delhi,Delhi,Loyal,Marketplace,2026-03-23
C04171,Customer 4171,Male,63,Kochi,Kerala,At-Risk,Organic Search,2025-06-09
C04172,Customer 4172,Male,20,Udaipur,Rajasthan,VIP,Google Ads,2025-04-17
C04173,Customer 4173,Female,58,Kochi,Kerala,One-Time,Email,2025-02-15
C04174,Customer 4174,Male,53,Mysuru,Karnataka,One-Time,Google Ads,2025-04-03
C04175,Customer 4175,Female,58,Kanpur,Uttar Pradesh,At-Risk,Marketplace,2024-06-07
C04176,Customer 4176,Male,37,Ahmedabad,Gujarat,New,Meta Ads,2024-12-17
C04177,Customer 4177,Female,49,Ahmedabad,Gujarat,VIP,Meta Ads,2026-05-02
C04178,Customer 4178,Male,38,Kochi,Kerala,New,Email,2025-04-24
C04179,Customer 4179,Male,50,Howrah,West Bengal,VIP,Affiliate,2024-11-22
C04180,Customer 4180,Male,53,Thiruvananthapuram,Kerala,New,Email,2024-07-17
C04181,Customer 4181,Female,32,Jaipur,Rajasthan,Loyal,Google Ads,2025-11-25
C04182,Customer 4182,Male,33,Pune,Maharashtra,Loyal,Organic Search,2025-03-23
C04183,Customer 4183,Male,65,Udaipur,Rajasthan,New,Google Ads,2025-06-04
C04184,Customer 4184,Female,56,New Delhi,Delhi,Loyal,Organic Search,2024-12-24
C04185,Customer 4185,Female,20,Thiruvananthapuram,Kerala,At-Risk,Organic Search,2024-02-01
C04186,Customer 4186,Male,22,Lucknow,Uttar Pradesh,VIP,Meta Ads,2024-09-21
C04187,Customer 4187,Female,56,Hyderabad,Telangana,Dormant,Instagram,2025-06-17
C04188,Customer 4188,Female,52,Pune,Maharashtra,At-Risk,Google Ads,2024-07-09
C04189,Customer 4189,Female,28,Warangal,Telangana,Loyal,Meta Ads,2025-03-31
C04190,Customer 4190,Female,61,New Delhi,Delhi,Loyal,Organic Search,2026-02-13
C04191,Customer 4191,Male,18,Hyderabad,Telangana,Dormant,Meta Ads,2024-06-18
C04192,Customer 4192,Male,25,Jodhpur,Rajasthan,Loyal,Google Ads,2026-02-04
C04193,Customer 4193,Male,44,Surat,Gujarat,One-Time,Organic Search,2024-05-05
C04194,Customer 4194,Female,44,Noida,Uttar Pradesh,At-Risk,Organic Search,2025-03-12
C04195,Customer 4195,Female,28,Mysuru,Karnataka,Dormant,Influencer,2025-08-07
C04196,Customer 4196,Female,48,New Delhi,Delhi,Loyal,Influencer,2024-07-27
C04197,Customer 4197,Male,58,Mumbai,Maharashtra,New,Email,2024-07-26
C04198,Customer 4198,Male,24,Kanpur,Uttar Pradesh,Loyal,Instagram,2025-02-09
C04199,Customer 4199,Other,55,Pune,Maharashtra,VIP,Organic Search,2024-01-19
C04200,Customer 4200,Female,44,Warangal,Telangana,One-Time,Affiliate,2026-04-13
C04201,Customer 4201,Female,61,Nagpur,Maharashtra,VIP,Email,2024-08-19
C04202,Customer 4202,Male,30,Lucknow,Uttar Pradesh,Loyal,Marketplace,2025-12-02
C04203,Customer 4203,Female,50,Nizamabad,Telangana,One-Time,Organic Search,2024-09-16
C04204,Customer 4204,Female,54,Surat,Gujarat,Loyal,Meta Ads,2025-12-27
C04205,Customer 4205,Female,35,Udaipur,Rajasthan,One-Time,Affiliate,2024-06-14
C04206,Customer 4206,Female,45,Jodhpur,Rajasthan,At-Risk,Google Ads,2025-09-24
C04207,Customer 4207,Female,53,Pune,Maharashtra,New,Marketplace,2025-10-10
C04208,Customer 4208,Male,37,Warangal,Telangana,At-Risk,Meta Ads,2025-10-13
C04209,Customer 4209,Male,49,Chennai,Tamil Nadu,One-Time,Organic Search,2024-02-19
C04210,Customer 4210,Male,53,Pune,Maharashtra,Dormant,Organic Search,2024-05-14
C04211,Customer 4211,Female,29,Udaipur,Rajasthan,VIP,Google Ads,2026-02-22
C04212,Customer 4212,Female,53,Coimbatore,Tamil Nadu,New,Organic Search,2024-11-08
C04213,Customer 4213,Male,46,Chennai,Tamil Nadu,Dormant,Meta Ads,2025-12-23
C04214,Customer 4214,Other,28,Nagpur,Maharashtra,Loyal,Instagram,2026-01-18
C04215,Customer 4215,Male,58,Ahmedabad,Gujarat,Loyal,Google Ads,2025-09-16
C04216,Customer 4216,Male,19,Mumbai,Maharashtra,Dormant,Affiliate,2024-06-08
C04217,Customer 4217,Male,47,Kolkata,West Bengal,Dormant,Influencer,2024-10-28
C04218,Customer 4218,Male,29,Hyderabad,Telangana,VIP,Google Ads,2024-03-08
C04219,Customer 4219,Female,52,Kochi,Kerala,Dormant,Affiliate,2024-01-06
C04220,Customer 4220,Female,60,Kolkata,West Bengal,One-Time,Marketplace,2026-01-31
C04221,Customer 4221,Male,49,Nagpur,Maharashtra,New,Google Ads,2025-03-05
C04222,Customer 4222,Male,37,Warangal,Telangana,New,Marketplace,2025-12-03
C04223,Customer 4223,Female,48,Bengaluru,Karnataka,One-Time,Google Ads,2024-05-20
C04224,Customer 4224,Male,27,Pune,Maharashtra,Loyal,Influencer,2024-05-22
C04225,Customer 4225,Female,22,Nagpur,Maharashtra,One-Time,Email,2025-05-22
C04226,Customer 4226,Male,35,Kanpur,Uttar Pradesh,Loyal,Marketplace,2025-04-20
C04227,Customer 4227,Female,47,Ahmedabad,Gujarat,New,Meta Ads,2025-01-07
C04228,Customer 4228,Female,36,Mumbai,Maharashtra,One-Time,Instagram,2024-02-07
C04229,Customer 4229,Female,23,Vadodara,Gujarat,VIP,Influencer,2024-08-24
C04230,Customer 4230,Female,39,Mysuru,Karnataka,New,Organic Search,2024-05-13
C04231,Customer 4231,Male,59,Kozhikode,Kerala,VIP,Organic Search,2024-05-29
C04232,Customer 4232,Male,39,Hyderabad,Telangana,At-Risk,Organic Search,2024-08-19
C04233,Customer 4233,Female,40,Jaipur,Rajasthan,Loyal,Organic Search,2025-08-22
C04234,Customer 4234,Female,32,Noida,Uttar Pradesh,At-Risk,Google Ads,2025-09-25
C04235,Customer 4235,Female,40,Hyderabad,Telangana,Dormant,Google Ads,2025-12-22
C04236,Customer 4236,Female,32,Nagpur,Maharashtra,New,Meta Ads,2024-10-01
C04237,Customer 4237,Male,63,Madurai,Tamil Nadu,Loyal,Google Ads,2025-05-01
C04238,Customer 4238,Male,56,Lucknow,Uttar Pradesh,New,Influencer,2025-12-30
C04239,Customer 4239,Female,51,Surat,Gujarat,One-Time,Instagram,2025-03-14
C04240,Customer 4240,Other,49,Kolkata,West Bengal,Loyal,Email,2024-01-22
C04241,Customer 4241,Male,33,Noida,Uttar Pradesh,VIP,Google Ads,2025-03-22
C04242,Customer 4242,Female,50,Noida,Uttar Pradesh,At-Risk,Influencer,2024-01-04
C04243,Customer 4243,Male,64,Delhi,Delhi,VIP,Google Ads,2024-12-14
C04244,Customer 4244,Female,27,Delhi,Delhi,At-Risk,Google Ads,2024-09-26
C04245,Customer 4245,Male,59,Jaipur,Rajasthan,Loyal,Affiliate,2026-04-03
C04246,Customer 4246,Female,65,Bengaluru,Karnataka,New,Google Ads,2025-10-19
C04247,Customer 4247,Female,20,Kanpur,Uttar Pradesh,New,Affiliate,2025-08-15
C04248,Customer 4248,Female,22,Nizamabad,Telangana,Loyal,Meta Ads,2026-05-06
C04249,Customer 4249,Male,41,Pune,Maharashtra,VIP,Affiliate,2026-04-28
C04250,Customer 4250,Male,50,Kanpur,Uttar Pradesh,New,Google Ads,2024-10-10
C04251,Customer 4251,Male,43,Bengaluru,Karnataka,One-Time,Meta Ads,2025-05-11
C04252,Customer 4252,Male,53,Nagpur,Maharashtra,One-Time,Email,2025-05-16
C04253,Customer 4253,Male,57,Nagpur,Maharashtra,Loyal,Organic Search,2024-01-22
C04254,Customer 4254,Male,30,Ahmedabad,Gujarat,One-Time,Influencer,2024-02-07
C04255,Customer 4255,Female,43,Lucknow,Uttar Pradesh,New,Meta Ads,2024-11-01
C04256,Customer 4256,Female,21,Warangal,Telangana,New,Organic Search,2024-01-02
C04257,Customer 4257,Male,23,Nizamabad,Telangana,One-Time,Google Ads,2025-09-12
C04258,Customer 4258,Other,53,New Delhi,Delhi,Loyal,Affiliate,2024-01-15
C04259,Customer 4259,Male,61,Thiruvananthapuram,Kerala,Dormant,Marketplace,2024-07-23
C04260,Customer 4260,Male,45,Mangaluru,Karnataka,New,Google Ads,2024-03-28
C04261,Customer 4261,Male,52,Kochi,Kerala,Loyal,Google Ads,2025-03-25
C04262,Customer 4262,Female,64,Noida,Uttar Pradesh,Loyal,Affiliate,2026-02-25
C04263,Customer 4263,Male,21,Bengaluru,Karnataka,Loyal,Marketplace,2024-02-18
C04264,Customer 4264,Male,52,Lucknow,Uttar Pradesh,One-Time,Organic Search,2025-07-31
C04265,Customer 4265,Male,47,Kolkata,West Bengal,New,Email,2025-05-02
C04266,Customer 4266,Male,62,New Delhi,Delhi,Dormant,Affiliate,2026-03-19
C04267,Customer 4267,Female,32,Chennai,Tamil Nadu,Dormant,Meta Ads,2025-06-20
C04268,Customer 4268,Male,48,Kanpur,Uttar Pradesh,Loyal,Marketplace,2026-01-21
C04269,Customer 4269,Female,58,Lucknow,Uttar Pradesh,Loyal,Influencer,2025-09-14
C04270,Customer 4270,Male,41,Udaipur,Rajasthan,New,Marketplace,2025-11-19
C04271,Customer 4271,Male,30,Kochi,Kerala,New,Influencer,2025-03-13
C04272,Customer 4272,Female,63,Delhi,Delhi,New,Marketplace,2024-11-14
C04273,Customer 4273,Female,25,Kanpur,Uttar Pradesh,VIP,Google Ads,2025-04-05
C04274,Customer 4274,Female,57,Noida,Uttar Pradesh,New,Marketplace,2024-04-30
C04275,Customer 4275,Male,58,Pune,Maharashtra,New,Meta Ads,2025-10-02
C04276,Customer 4276,Female,19,Nizamabad,Telangana,New,Meta Ads,2024-04-03
C04277,Customer 4277,Male,34,Chennai,Tamil Nadu,New,Instagram,2026-04-19
C04278,Customer 4278,Male,45,Kanpur,Uttar Pradesh,One-Time,Meta Ads,2024-01-23
C04279,Customer 4279,Female,22,Mangaluru,Karnataka,Loyal,Instagram,2024-04-11
C04280,Customer 4280,Male,25,Udaipur,Rajasthan,Loyal,Email,2024-06-08
C04281,Customer 4281,Male,33,Warangal,Telangana,Loyal,Google Ads,2024-06-14
C04282,Customer 4282,Male,63,Coimbatore,Tamil Nadu,Loyal,Meta Ads,2024-01-18
C04283,Customer 4283,Female,38,Surat,Gujarat,VIP,Meta Ads,2026-06-05
C04284,Customer 4284,Male,50,Pune,Maharashtra,One-Time,Organic Search,2025-09-11
C04285,Customer 4285,Male,47,Kozhikode,Kerala,New,Organic Search,2024-09-27
C04286,Customer 4286,Male,39,Nagpur,Maharashtra,At-Risk,Organic Search,2024-12-15
C04287,Customer 4287,Female,22,Kochi,Kerala,VIP,Affiliate,2024-07-22
C04288,Customer 4288,Male,64,Mumbai,Maharashtra,Loyal,Organic Search,2025-04-20
C04289,Customer 4289,Male,43,Kozhikode,Kerala,One-Time,Meta Ads,2024-12-22
C04290,Customer 4290,Male,34,Surat,Gujarat,New,Email,2025-03-06
C04291,Customer 4291,Male,39,Warangal,Telangana,New,Email,2024-12-25
C04292,Customer 4292,Female,39,Hyderabad,Telangana,At-Risk,Google Ads,2024-09-12
C04293,Customer 4293,Male,64,Hyderabad,Telangana,Loyal,Marketplace,2025-03-30
C04294,Customer 4294,Female,37,Surat,Gujarat,New,Google Ads,2024-04-13
C04295,Customer 4295,Male,65,Kanpur,Uttar Pradesh,New,Marketplace,2025-05-16
C04296,Customer 4296,Male,24,Madurai,Tamil Nadu,One-Time,Google Ads,2025-05-03
C04297,Customer 4297,Male,27,Madurai,Tamil Nadu,One-Time,Organic Search,2024-04-17
C04298,Customer 4298,Other,25,Ahmedabad,Gujarat,Loyal,Meta Ads,2026-02-16
C04299,Customer 4299,Male,63,Ahmedabad,Gujarat,One-Time,Marketplace,2026-05-06
C04300,Customer 4300,Female,46,Howrah,West Bengal,At-Risk,Affiliate,2025-11-05
C04301,Customer 4301,Male,41,Delhi,Delhi,VIP,Google Ads,2026-05-04
C04302,Customer 4302,Male,21,Jaipur,Rajasthan,Dormant,Google Ads,2026-04-18
C04303,Customer 4303,Male,25,Thiruvananthapuram,Kerala,At-Risk,Organic Search,2025-10-27
C04304,Customer 4304,Female,62,Madurai,Tamil Nadu,Dormant,Google Ads,2024-11-16
C04305,Customer 4305,Female,64,Hyderabad,Telangana,Dormant,Google Ads,2024-07-06
C04306,Customer 4306,Female,33,Nagpur,Maharashtra,One-Time,Marketplace,2026-01-31
C04307,Customer 4307,Female,52,Surat,Gujarat,New,Organic Search,2025-03-14
C04308,Customer 4308,Female,33,Mysuru,Karnataka,New,Google Ads,2025-10-12
C04309,Customer 4309,Female,64,Thiruvananthapuram,Kerala,Loyal,Email,2026-03-12
C04310,Customer 4310,Male,24,Howrah,West Bengal,VIP,Google Ads,2026-04-28
C04311,Customer 4311,Male,22,Delhi,Delhi,New,Affiliate,2025-09-06
C04312,Customer 4312,Female,34,Lucknow,Uttar Pradesh,At-Risk,Google Ads,2024-09-15
C04313,Customer 4313,Male,26,Bengaluru,Karnataka,At-Risk,Instagram,2024-03-14
C04314,Customer 4314,Female,51,Kanpur,Uttar Pradesh,Loyal,Meta Ads,2025-12-24
C04315,Customer 4315,Female,62,Hyderabad,Telangana,Loyal,Marketplace,2024-01-22
C04316,Customer 4316,Male,63,Vadodara,Gujarat,New,Google Ads,2025-04-02
C04317,Customer 4317,Male,65,Thiruvananthapuram,Kerala,Loyal,Organic Search,2024-09-21
C04318,Customer 4318,Female,27,Lucknow,Uttar Pradesh,New,Email,2025-01-28
C04319,Customer 4319,Male,20,Lucknow,Uttar Pradesh,Loyal,Affiliate,2026-03-01
C04320,Customer 4320,Female,26,Madurai,Tamil Nadu,One-Time,Meta Ads,2025-02-23
C04321,Customer 4321,Female,54,Lucknow,Uttar Pradesh,New,Influencer,2024-05-13
C04322,Customer 4322,Female,24,Ahmedabad,Gujarat,Loyal,Marketplace,2025-01-24
C04323,Customer 4323,Female,50,Ahmedabad,Gujarat,Loyal,Meta Ads,2024-03-31
C04324,Customer 4324,Male,45,Warangal,Telangana,One-Time,Meta Ads,2026-02-28
C04325,Customer 4325,Male,55,Nagpur,Maharashtra,Dormant,Marketplace,2024-02-05
C04326,Customer 4326,Female,23,Ahmedabad,Gujarat,New,Instagram,2026-04-29
C04327,Customer 4327,Male,39,Nizamabad,Telangana,Dormant,Influencer,2024-07-18
C04328,Customer 4328,Male,22,Udaipur,Rajasthan,New,Influencer,2025-08-19
C04329,Customer 4329,Female,19,Lucknow,Uttar Pradesh,New,Meta Ads,2026-03-05
C04330,Customer 4330,Other,53,Kochi,Kerala,Dormant,Google Ads,2024-06-22
C04331,Customer 4331,Male,44,Warangal,Telangana,VIP,Instagram,2026-04-17
C04332,Customer 4332,Female,56,Kochi,Kerala,Loyal,Organic Search,2025-01-13
C04333,Customer 4333,Male,21,Hyderabad,Telangana,VIP,Email,2025-04-03
C04334,Customer 4334,Male,33,New Delhi,Delhi,One-Time,Organic Search,2024-11-16
C04335,Customer 4335,Female,24,Kanpur,Uttar Pradesh,At-Risk,Email,2026-06-06
C04336,Customer 4336,Female,45,Nizamabad,Telangana,New,Affiliate,2025-08-26
C04337,Customer 4337,Male,44,Warangal,Telangana,At-Risk,Google Ads,2024-11-18
C04338,Customer 4338,Male,53,Hyderabad,Telangana,Dormant,Instagram,2024-03-04
C04339,Customer 4339,Female,22,New Delhi,Delhi,At-Risk,Google Ads,2026-03-14
C04340,Customer 4340,Male,20,Noida,Uttar Pradesh,VIP,Google Ads,2025-08-11
C04341,Customer 4341,Female,59,Mumbai,Maharashtra,Loyal,Meta Ads,2024-04-23
C04342,Customer 4342,Male,48,Pune,Maharashtra,Loyal,Marketplace,2025-02-24
C04343,Customer 4343,Male,23,Vadodara,Gujarat,One-Time,Instagram,2024-08-26
C04344,Customer 4344,Female,31,Nagpur,Maharashtra,At-Risk,Meta Ads,2024-08-22
C04345,Customer 4345,Male,37,Jaipur,Rajasthan,Loyal,Organic Search,2025-03-07
C04346,Customer 4346,Female,37,Kochi,Kerala,Loyal,Organic Search,2024-02-27
C04347,Customer 4347,Male,53,Lucknow,Uttar Pradesh,At-Risk,Email,2024-08-09
C04348,Customer 4348,Male,35,Noida,Uttar Pradesh,New,Meta Ads,2024-02-17
C04349,Customer 4349,Male,46,New Delhi,Delhi,At-Risk,Meta Ads,2026-04-25
C04350,Customer 4350,Male,52,Kanpur,Uttar Pradesh,At-Risk,Meta Ads,2026-03-13
C04351,Customer 4351,Female,22,Nagpur,Maharashtra,New,Instagram,2024-05-26
C04352,Customer 4352,Female,40,Hyderabad,Telangana,New,Google Ads,2025-06-03
C04353,Customer 4353,Female,30,Kolkata,West Bengal,VIP,Organic Search,2024-07-21
C04354,Customer 4354,Male,54,Warangal,Telangana,New,Marketplace,2025-05-11
C04355,Customer 4355,Male,24,Kochi,Kerala,Dormant,Meta Ads,2025-02-14
C04356,Customer 4356,Male,33,Udaipur,Rajasthan,New,Meta Ads,2024-01-16
C04357,Customer 4357,Female,47,Kozhikode,Kerala,New,Marketplace,2025-12-14
C04358,Customer 4358,Other,43,Bengaluru,Karnataka,New,Organic Search,2025-11-24
C04359,Customer 4359,Female,19,Delhi,Delhi,At-Risk,Organic Search,2024-02-23
C04360,Customer 4360,Other,61,Jodhpur,Rajasthan,Loyal,Marketplace,2024-07-08
C04361,Customer 4361,Female,21,Bengaluru,Karnataka,At-Risk,Organic Search,2024-04-13
C04362,Customer 4362,Female,39,Ahmedabad,Gujarat,Dormant,Organic Search,2024-12-11
C04363,Customer 4363,Male,20,Kolkata,West Bengal,Loyal,Instagram,2025-02-06
C04364,Customer 4364,Female,45,Kozhikode,Kerala,New,Marketplace,2025-08-04
C04365,Customer 4365,Male,35,Jodhpur,Rajasthan,New,Organic Search,2025-07-23
C04366,Customer 4366,Male,50,Nagpur,Maharashtra,At-Risk,Google Ads,2024-05-01
C04367,Customer 4367,Female,48,New Delhi,Delhi,New,Organic Search,2025-03-07
C04368,Customer 4368,Female,61,Surat,Gujarat,At-Risk,Google Ads,2025-12-18
C04369,Customer 4369,Female,20,Pune,Maharashtra,At-Risk,Email,2026-03-11
C04370,Customer 4370,Male,48,Coimbatore,Tamil Nadu,Loyal,Google Ads,2026-01-21
C04371,Customer 4371,Female,34,Mangaluru,Karnataka,Loyal,Organic Search,2024-09-26
C04372,Customer 4372,Female,47,Pune,Maharashtra,Dormant,Instagram,2025-04-12
C04373,Customer 4373,Female,64,New Delhi,Delhi,VIP,Email,2024-05-09
C04374,Customer 4374,Male,58,Mumbai,Maharashtra,VIP,Organic Search,2024-11-24
C04375,Customer 4375,Female,64,Surat,Gujarat,Loyal,Meta Ads,2024-09-09
C04376,Customer 4376,Female,65,Mumbai,Maharashtra,Loyal,Meta Ads,2024-08-14
C04377,Customer 4377,Female,55,Jaipur,Rajasthan,One-Time,Email,2026-02-28
C04378,Customer 4378,Male,61,Mumbai,Maharashtra,Dormant,Organic Search,2025-10-13
C04379,Customer 4379,Male,50,Kochi,Kerala,Loyal,Marketplace,2026-02-04
C04380,Customer 4380,Female,23,Hyderabad,Telangana,At-Risk,Meta Ads,2024-11-02
C04381,Customer 4381,Male,60,New Delhi,Delhi,New,Organic Search,2024-12-22
C04382,Customer 4382,Male,50,Mysuru,Karnataka,At-Risk,Marketplace,2025-12-29
C04383,Customer 4383,Male,59,Mumbai,Maharashtra,One-Time,Organic Search,2024-02-07
C04384,Customer 4384,Female,33,New Delhi,Delhi,VIP,Meta Ads,2025-10-21
C04385,Customer 4385,Female,46,Noida,Uttar Pradesh,New,Instagram,2025-09-03
C04386,Customer 4386,Male,37,Kochi,Kerala,At-Risk,Influencer,2024-11-13
C04387,Customer 4387,Female,18,Mangaluru,Karnataka,Loyal,Instagram,2026-04-28
C04388,Customer 4388,Male,48,Pune,Maharashtra,Loyal,Meta Ads,2024-07-24
C04389,Customer 4389,Female,32,Jodhpur,Rajasthan,One-Time,Email,2024-10-30
C04390,Customer 4390,Female,24,Ahmedabad,Gujarat,One-Time,Meta Ads,2024-11-17
C04391,Customer 4391,Male,28,Mumbai,Maharashtra,One-Time,Organic Search,2024-11-26
C04392,Customer 4392,Female,51,Lucknow,Uttar Pradesh,New,Marketplace,2024-11-04
C04393,Customer 4393,Female,52,Delhi,Delhi,Loyal,Marketplace,2025-03-04
C04394,Customer 4394,Male,32,Kolkata,West Bengal,Loyal,Organic Search,2026-05-10
C04395,Customer 4395,Female,34,Madurai,Tamil Nadu,One-Time,Marketplace,2025-03-10
C04396,Customer 4396,Male,57,Chennai,Tamil Nadu,VIP,Affiliate,2025-07-18
C04397,Customer 4397,Male,40,Pune,Maharashtra,One-Time,Marketplace,2025-08-24
C04398,Customer 4398,Male,35,Jodhpur,Rajasthan,New,Influencer,2025-08-14
C04399,Customer 4399,Male,59,Pune,Maharashtra,At-Risk,Marketplace,2024-10-25
C04400,Customer 4400,Female,20,Kanpur,Uttar Pradesh,One-Time,Meta Ads,2024-09-12
C04401,Customer 4401,Male,50,Noida,Uttar Pradesh,Loyal,Google Ads,2024-11-24
C04402,Customer 4402,Male,46,Udaipur,Rajasthan,Dormant,Google Ads,2024-11-23
C04403,Customer 4403,Female,37,Hyderabad,Telangana,At-Risk,Organic Search,2026-01-12
C04404,Customer 4404,Male,53,Mangaluru,Karnataka,Loyal,Marketplace,2025-02-23
C04405,Customer 4405,Female,31,New Delhi,Delhi,Loyal,Marketplace,2026-04-18
C04406,Customer 4406,Female,47,Surat,Gujarat,At-Risk,Influencer,2026-05-29
C04407,Customer 4407,Female,30,Thiruvananthapuram,Kerala,At-Risk,Influencer,2025-09-03
C04408,Customer 4408,Female,55,Madurai,Tamil Nadu,New,Email,2025-08-23
C04409,Customer 4409,Male,38,Lucknow,Uttar Pradesh,Loyal,Instagram,2024-04-22
C04410,Customer 4410,Male,56,Pune,Maharashtra,At-Risk,Organic Search,2024-05-18
C04411,Customer 4411,Female,45,Chennai,Tamil Nadu,At-Risk,Google Ads,2025-10-01
C04412,Customer 4412,Female,20,Warangal,Telangana,New,Affiliate,2026-06-10
C04413,Customer 4413,Female,47,Jaipur,Rajasthan,Loyal,Organic Search,2025-12-24
C04414,Customer 4414,Male,18,Pune,Maharashtra,Loyal,Google Ads,2024-08-30
C04415,Customer 4415,Male,53,Bengaluru,Karnataka,One-Time,Organic Search,2025-09-02
C04416,Customer 4416,Female,28,Lucknow,Uttar Pradesh,Loyal,Organic Search,2025-07-13
C04417,Customer 4417,Male,65,Surat,Gujarat,Loyal,Affiliate,2024-02-18
C04418,Customer 4418,Male,28,Hyderabad,Telangana,One-Time,Influencer,2026-02-26
C04419,Customer 4419,Male,39,Warangal,Telangana,One-Time,Meta Ads,2024-11-08
C04420,Customer 4420,Male,45,New Delhi,Delhi,At-Risk,Affiliate,2025-07-08
C04421,Customer 4421,Female,24,Mangaluru,Karnataka,At-Risk,Meta Ads,2024-10-31
C04422,Customer 4422,Female,28,Nagpur,Maharashtra,At-Risk,Instagram,2026-04-13
C04423,Customer 4423,Male,64,Surat,Gujarat,Dormant,Email,2025-02-25
C04424,Customer 4424,Male,35,Mumbai,Maharashtra,Dormant,Affiliate,2026-02-02
C04425,Customer 4425,Female,55,Ahmedabad,Gujarat,Loyal,Marketplace,2026-04-25
C04426,Customer 4426,Male,39,Madurai,Tamil Nadu,New,Google Ads,2024-02-01
C04427,Customer 4427,Male,28,Nagpur,Maharashtra,At-Risk,Organic Search,2025-01-14
C04428,Customer 4428,Male,46,Nagpur,Maharashtra,Loyal,Influencer,2025-09-10
C04429,Customer 4429,Male,24,Pune,Maharashtra,One-Time,Marketplace,2026-01-28
C04430,Customer 4430,Female,65,Warangal,Telangana,Dormant,Meta Ads,2025-10-10
C04431,Customer 4431,Female,50,Bengaluru,Karnataka,One-Time,Google Ads,2025-08-16
C04432,Customer 4432,Female,51,Kochi,Kerala,Dormant,Email,2024-11-30
C04433,Customer 4433,Female,19,Kanpur,Uttar Pradesh,Loyal,Marketplace,2024-05-27
C04434,Customer 4434,Male,30,Coimbatore,Tamil Nadu,New,Meta Ads,2026-03-29
C04435,Customer 4435,Female,36,Surat,Gujarat,At-Risk,Email,2024-02-09
C04436,Customer 4436,Female,34,Surat,Gujarat,At-Risk,Marketplace,2025-12-21
C04437,Customer 4437,Female,23,Lucknow,Uttar Pradesh,Loyal,Instagram,2024-02-01
C04438,Customer 4438,Male,20,Nagpur,Maharashtra,Loyal,Organic Search,2024-11-26
C04439,Customer 4439,Female,46,Mangaluru,Karnataka,New,Marketplace,2026-02-12
C04440,Customer 4440,Female,38,Mangaluru,Karnataka,New,Instagram,2024-07-19
C04441,Customer 4441,Male,29,Warangal,Telangana,New,Meta Ads,2024-08-25
C04442,Customer 4442,Male,46,Mangaluru,Karnataka,New,Meta Ads,2024-07-10
C04443,Customer 4443,Male,65,Noida,Uttar Pradesh,One-Time,Organic Search,2025-09-05
C04444,Customer 4444,Male,63,Thiruvananthapuram,Kerala,Loyal,Google Ads,2024-07-17
C04445,Customer 4445,Female,60,Hyderabad,Telangana,New,Google Ads,2025-09-19
C04446,Customer 4446,Female,30,Delhi,Delhi,Loyal,Meta Ads,2025-06-14
C04447,Customer 4447,Female,26,Chennai,Tamil Nadu,One-Time,Email,2026-03-14
C04448,Customer 4448,Male,29,Delhi,Delhi,One-Time,Influencer,2025-08-01
C04449,Customer 4449,Male,32,Surat,Gujarat,Dormant,Email,2024-12-28
C04450,Customer 4450,Male,18,Hyderabad,Telangana,Dormant,Affiliate,2024-05-13
C04451,Customer 4451,Male,33,Noida,Uttar Pradesh,At-Risk,Marketplace,2025-02-03
C04452,Customer 4452,Female,45,Kochi,Kerala,New,Organic Search,2025-05-08
C04453,Customer 4453,Male,29,Kolkata,West Bengal,VIP,Organic Search,2026-04-19
C04454,Customer 4454,Male,65,Kolkata,West Bengal,New,Google Ads,2024-08-13
C04455,Customer 4455,Male,58,Delhi,Delhi,Loyal,Instagram,2024-12-10
C04456,Customer 4456,Male,35,Mysuru,Karnataka,At-Risk,Meta Ads,2026-03-30
C04457,Customer 4457,Female,37,Pune,Maharashtra,One-Time,Email,2026-04-06
C04458,Customer 4458,Female,41,Vadodara,Gujarat,Dormant,Marketplace,2026-02-09
C04459,Customer 4459,Female,33,Warangal,Telangana,VIP,Meta Ads,2024-06-10
C04460,Customer 4460,Female,20,Noida,Uttar Pradesh,One-Time,Google Ads,2024-04-14
C04461,Customer 4461,Female,36,Chennai,Tamil Nadu,New,Affiliate,2024-12-04
C04462,Customer 4462,Female,45,Coimbatore,Tamil Nadu,At-Risk,Marketplace,2024-08-15
C04463,Customer 4463,Female,30,Mangaluru,Karnataka,Loyal,Affiliate,2024-10-08
C04464,Customer 4464,Other,28,Kozhikode,Kerala,New,Google Ads,2026-04-30
C04465,Customer 4465,Female,43,Pune,Maharashtra,New,Email,2025-04-29
C04466,Customer 4466,Other,18,Mumbai,Maharashtra,Dormant,Instagram,2024-09-26
C04467,Customer 4467,Male,53,Nagpur,Maharashtra,New,Organic Search,2025-10-17
C04468,Customer 4468,Female,50,Kolkata,West Bengal,Dormant,Organic Search,2026-01-04
C04469,Customer 4469,Female,64,Kochi,Kerala,VIP,Affiliate,2025-01-23
C04470,Customer 4470,Female,25,Nagpur,Maharashtra,One-Time,Meta Ads,2024-02-15
C04471,Customer 4471,Female,56,Kozhikode,Kerala,One-Time,Marketplace,2025-02-24
C04472,Customer 4472,Female,22,Mangaluru,Karnataka,At-Risk,Meta Ads,2024-12-15
C04473,Customer 4473,Male,54,Kolkata,West Bengal,Loyal,Google Ads,2024-06-19
C04474,Customer 4474,Female,28,Nizamabad,Telangana,New,Affiliate,2025-07-07
C04475,Customer 4475,Male,57,Delhi,Delhi,New,Email,2025-10-24
C04476,Customer 4476,Male,24,Kolkata,West Bengal,At-Risk,Email,2024-12-25
C04477,Customer 4477,Male,56,Vadodara,Gujarat,VIP,Meta Ads,2024-12-09
C04478,Customer 4478,Other,47,Nagpur,Maharashtra,Loyal,Google Ads,2025-12-12
C04479,Customer 4479,Female,20,Lucknow,Uttar Pradesh,New,Meta Ads,2024-06-09
C04480,Customer 4480,Female,30,Kozhikode,Kerala,Loyal,Affiliate,2026-05-31
C04481,Customer 4481,Other,40,New Delhi,Delhi,At-Risk,Meta Ads,2025-01-12
C04482,Customer 4482,Other,50,Howrah,West Bengal,New,Marketplace,2025-04-07
C04483,Customer 4483,Male,53,Noida,Uttar Pradesh,Dormant,Affiliate,2025-06-16
C04484,Customer 4484,Male,44,Bengaluru,Karnataka,At-Risk,Influencer,2025-02-21
C04485,Customer 4485,Female,51,Lucknow,Uttar Pradesh,One-Time,Influencer,2024-02-13
C04486,Customer 4486,Male,34,Mysuru,Karnataka,At-Risk,Organic Search,2025-09-26
C04487,Customer 4487,Female,33,Kanpur,Uttar Pradesh,VIP,Email,2026-03-17
C04488,Customer 4488,Male,27,Nagpur,Maharashtra,Loyal,Marketplace,2025-11-09
C04489,Customer 4489,Male,50,Bengaluru,Karnataka,New,Instagram,2025-09-11
C04490,Customer 4490,Female,50,Vadodara,Gujarat,Dormant,Google Ads,2024-02-23
C04491,Customer 4491,Male,61,New Delhi,Delhi,Loyal,Organic Search,2025-12-08
C04492,Customer 4492,Male,43,Noida,Uttar Pradesh,At-Risk,Google Ads,2025-01-28
C04493,Customer 4493,Female,47,Kochi,Kerala,One-Time,Organic Search,2024-09-30
C04494,Customer 4494,Male,52,Warangal,Telangana,One-Time,Marketplace,2025-03-25
C04495,Customer 4495,Male,59,Mysuru,Karnataka,Dormant,Organic Search,2024-07-24
C04496,Customer 4496,Female,42,Madurai,Tamil Nadu,Loyal,Meta Ads,2024-10-03
C04497,Customer 4497,Female,53,New Delhi,Delhi,New,Google Ads,2025-12-30
C04498,Customer 4498,Female,56,Delhi,Delhi,At-Risk,Meta Ads,2025-11-14
C04499,Customer 4499,Female,45,Noida,Uttar Pradesh,New,Google Ads,2025-05-18
C04500,Customer 4500,Female,44,Noida,Uttar Pradesh,At-Risk,Organic Search,2026-03-09
C04501,Customer 4501,Male,50,Warangal,Telangana,Dormant,Affiliate,2024-05-20
C04502,Customer 4502,Female,57,New Delhi,Delhi,New,Organic Search,2026-01-30
C04503,Customer 4503,Male,44,Vadodara,Gujarat,Loyal,Organic Search,2025-03-05
C04504,Customer 4504,Female,44,New Delhi,Delhi,Dormant,Instagram,2025-07-24
C04505,Customer 4505,Male,28,Nagpur,Maharashtra,Dormant,Google Ads,2026-01-23
C04506,Customer 4506,Female,64,Madurai,Tamil Nadu,Loyal,Organic Search,2025-12-15
C04507,Customer 4507,Male,20,Madurai,Tamil Nadu,VIP,Instagram,2026-06-10
C04508,Customer 4508,Female,58,Mumbai,Maharashtra,Loyal,Meta Ads,2024-07-28
C04509,Customer 4509,Male,36,Jaipur,Rajasthan,New,Organic Search,2024-06-01
C04510,Customer 4510,Male,30,Bengaluru,Karnataka,Loyal,Instagram,2024-01-24
C04511,Customer 4511,Other,28,Surat,Gujarat,One-Time,Google Ads,2025-08-28
C04512,Customer 4512,Female,52,Delhi,Delhi,One-Time,Email,2025-04-07
C04513,Customer 4513,Male,31,Kanpur,Uttar Pradesh,One-Time,Meta Ads,2025-08-22
C04514,Customer 4514,Female,24,Nagpur,Maharashtra,At-Risk,Organic Search,2025-01-03
C04515,Customer 4515,Female,40,Nagpur,Maharashtra,New,Google Ads,2024-11-10
C04516,Customer 4516,Male,61,Bengaluru,Karnataka,One-Time,Influencer,2026-03-04
C04517,Customer 4517,Female,59,Madurai,Tamil Nadu,New,Email,2024-06-12
C04518,Customer 4518,Male,34,Bengaluru,Karnataka,New,Google Ads,2025-12-11
C04519,Customer 4519,Female,49,Kanpur,Uttar Pradesh,Dormant,Google Ads,2024-04-05
C04520,Customer 4520,Male,40,Mangaluru,Karnataka,Loyal,Marketplace,2024-12-09
C04521,Customer 4521,Male,37,Nizamabad,Telangana,New,Email,2024-02-12
C04522,Customer 4522,Male,18,Coimbatore,Tamil Nadu,Dormant,Affiliate,2024-01-16
C04523,Customer 4523,Male,25,Noida,Uttar Pradesh,New,Marketplace,2024-02-02
C04524,Customer 4524,Male,59,Noida,Uttar Pradesh,Loyal,Meta Ads,2024-09-04
C04525,Customer 4525,Male,64,Jodhpur,Rajasthan,At-Risk,Email,2026-04-28
C04526,Customer 4526,Male,63,Surat,Gujarat,At-Risk,Organic Search,2024-11-20
C04527,Customer 4527,Male,63,Jodhpur,Rajasthan,New,Influencer,2025-07-06
C04528,Customer 4528,Male,40,Kolkata,West Bengal,VIP,Instagram,2025-08-31
C04529,Customer 4529,Female,21,Pune,Maharashtra,Loyal,Marketplace,2026-02-27
C04530,Customer 4530,Female,27,Vadodara,Gujarat,Loyal,Organic Search,2026-03-23
C04531,Customer 4531,Male,56,Kanpur,Uttar Pradesh,One-Time,Influencer,2024-02-04
C04532,Customer 4532,Male,51,Bengaluru,Karnataka,At-Risk,Google Ads,2024-07-17
C04533,Customer 4533,Male,65,Kolkata,West Bengal,Loyal,Email,2025-11-22
C04534,Customer 4534,Male,32,Delhi,Delhi,VIP,Google Ads,2025-12-08
C04535,Customer 4535,Male,37,Delhi,Delhi,Dormant,Marketplace,2026-06-01
C04536,Customer 4536,Male,64,Hyderabad,Telangana,At-Risk,Meta Ads,2025-10-17
C04537,Customer 4537,Male,61,Kolkata,West Bengal,At-Risk,Organic Search,2025-04-27
C04538,Customer 4538,Female,32,Lucknow,Uttar Pradesh,One-Time,Google Ads,2024-11-13
C04539,Customer 4539,Female,63,Mumbai,Maharashtra,New,Meta Ads,2025-02-27
C04540,Customer 4540,Male,45,Chennai,Tamil Nadu,Loyal,Meta Ads,2024-01-15
C04541,Customer 4541,Male,65,Nizamabad,Telangana,New,Affiliate,2025-09-08
C04542,Customer 4542,Female,20,Nizamabad,Telangana,VIP,Meta Ads,2024-01-30
C04543,Customer 4543,Male,45,Thiruvananthapuram,Kerala,VIP,Affiliate,2025-08-06
C04544,Customer 4544,Male,65,New Delhi,Delhi,Loyal,Affiliate,2025-07-11
C04545,Customer 4545,Female,64,Madurai,Tamil Nadu,New,Marketplace,2026-06-05
C04546,Customer 4546,Female,45,Bengaluru,Karnataka,At-Risk,Organic Search,2026-02-01
C04547,Customer 4547,Male,20,Kochi,Kerala,Loyal,Organic Search,2025-10-18
C04548,Customer 4548,Female,64,Bengaluru,Karnataka,Loyal,Organic Search,2025-07-22
C04549,Customer 4549,Female,25,Jodhpur,Rajasthan,Loyal,Google Ads,2024-09-24
C04550,Customer 4550,Male,32,Mangaluru,Karnataka,New,Email,2025-11-27
C04551,Customer 4551,Male,60,Warangal,Telangana,VIP,Influencer,2025-05-13
C04552,Customer 4552,Male,43,Kolkata,West Bengal,New,Google Ads,2025-03-28
C04553,Customer 4553,Male,30,Warangal,Telangana,Loyal,Google Ads,2025-07-13
C04554,Customer 4554,Male,18,Howrah,West Bengal,New,Organic Search,2024-08-24
C04555,Customer 4555,Male,26,Mangaluru,Karnataka,New,Influencer,2024-08-22
C04556,Customer 4556,Male,54,Jodhpur,Rajasthan,New,Meta Ads,2024-02-05
C04557,Customer 4557,Female,52,Noida,Uttar Pradesh,New,Influencer,2024-12-14
C04558,Customer 4558,Female,25,Jodhpur,Rajasthan,At-Risk,Meta Ads,2026-01-05
C04559,Customer 4559,Female,61,Nizamabad,Telangana,At-Risk,Email,2024-03-17
C04560,Customer 4560,Female,38,Jodhpur,Rajasthan,New,Marketplace,2025-03-02
C04561,Customer 4561,Female,51,Kozhikode,Kerala,New,Instagram,2026-02-04
C04562,Customer 4562,Female,50,Bengaluru,Karnataka,At-Risk,Organic Search,2026-02-27
C04563,Customer 4563,Female,23,Mangaluru,Karnataka,New,Marketplace,2026-04-18
C04564,Customer 4564,Male,21,Kanpur,Uttar Pradesh,Loyal,Meta Ads,2024-11-29
C04565,Customer 4565,Female,47,Nagpur,Maharashtra,New,Google Ads,2024-10-29
C04566,Customer 4566,Female,55,Howrah,West Bengal,Loyal,Marketplace,2024-09-05
C04567,Customer 4567,Male,63,Jodhpur,Rajasthan,Dormant,Email,2025-01-08
C04568,Customer 4568,Male,56,Hyderabad,Telangana,New,Marketplace,2025-08-23
C04569,Customer 4569,Male,46,Surat,Gujarat,Dormant,Influencer,2025-09-03
C04570,Customer 4570,Female,43,Surat,Gujarat,At-Risk,Organic Search,2025-06-27
C04571,Customer 4571,Male,37,Bengaluru,Karnataka,Dormant,Email,2025-02-20
C04572,Customer 4572,Male,47,Lucknow,Uttar Pradesh,At-Risk,Email,2025-09-25
C04573,Customer 4573,Female,63,Mumbai,Maharashtra,At-Risk,Google Ads,2024-11-04
C04574,Customer 4574,Female,22,Coimbatore,Tamil Nadu,Loyal,Instagram,2024-03-22
C04575,Customer 4575,Female,40,Lucknow,Uttar Pradesh,At-Risk,Affiliate,2026-05-15
C04576,Customer 4576,Female,39,Nagpur,Maharashtra,New,Marketplace,2024-03-16
C04577,Customer 4577,Female,32,Lucknow,Uttar Pradesh,VIP,Marketplace,2026-02-04
C04578,Customer 4578,Female,58,Nizamabad,Telangana,Loyal,Marketplace,2025-05-28
C04579,Customer 4579,Male,44,Delhi,Delhi,New,Google Ads,2026-06-03
C04580,Customer 4580,Male,22,Warangal,Telangana,One-Time,Email,2025-05-08
C04581,Customer 4581,Male,51,Kolkata,West Bengal,New,Meta Ads,2024-02-17
C04582,Customer 4582,Other,65,Kanpur,Uttar Pradesh,One-Time,Organic Search,2024-03-24
C04583,Customer 4583,Female,27,Lucknow,Uttar Pradesh,New,Marketplace,2024-03-18
C04584,Customer 4584,Male,41,Kozhikode,Kerala,One-Time,Influencer,2025-01-22
C04585,Customer 4585,Female,29,Howrah,West Bengal,One-Time,Influencer,2025-11-14
C04586,Customer 4586,Male,18,Lucknow,Uttar Pradesh,Loyal,Instagram,2025-07-24
C04587,Customer 4587,Male,38,Delhi,Delhi,New,Email,2026-01-02
C04588,Customer 4588,Male,34,Thiruvananthapuram,Kerala,New,Meta Ads,2025-05-02
C04589,Customer 4589,Male,61,Kolkata,West Bengal,One-Time,Email,2024-04-22
C04590,Customer 4590,Male,42,Noida,Uttar Pradesh,Loyal,Meta Ads,2024-06-16
C04591,Customer 4591,Male,48,Pune,Maharashtra,New,Affiliate,2024-05-24
C04592,Customer 4592,Female,64,Delhi,Delhi,Dormant,Email,2026-04-15
C04593,Customer 4593,Female,43,Jodhpur,Rajasthan,One-Time,Organic Search,2025-12-22
C04594,Customer 4594,Male,51,Nagpur,Maharashtra,One-Time,Influencer,2024-01-31
C04595,Customer 4595,Male,43,Nagpur,Maharashtra,Loyal,Meta Ads,2024-07-14
C04596,Customer 4596,Female,45,Kochi,Kerala,At-Risk,Organic Search,2024-09-02
C04597,Customer 4597,Male,28,Coimbatore,Tamil Nadu,Loyal,Influencer,2025-10-04
C04598,Customer 4598,Other,64,Mumbai,Maharashtra,New,Marketplace,2024-03-01
C04599,Customer 4599,Male,32,Mysuru,Karnataka,Loyal,Google Ads,2026-05-31
C04600,Customer 4600,Male,32,Chennai,Tamil Nadu,Loyal,Organic Search,2024-09-12
C04601,Customer 4601,Female,34,Howrah,West Bengal,One-Time,Instagram,2026-02-06
C04602,Customer 4602,Male,36,Kochi,Kerala,Dormant,Meta Ads,2025-09-08
C04603,Customer 4603,Male,34,Thiruvananthapuram,Kerala,Dormant,Google Ads,2024-12-08
C04604,Customer 4604,Female,54,Kolkata,West Bengal,Loyal,Organic Search,2024-01-22
C04605,Customer 4605,Female,52,Udaipur,Rajasthan,New,Meta Ads,2025-05-10
C04606,Customer 4606,Male,46,Mangaluru,Karnataka,Loyal,Organic Search,2024-02-04
C04607,Customer 4607,Female,32,Noida,Uttar Pradesh,Dormant,Meta Ads,2025-10-08
C04608,Customer 4608,Other,28,Pune,Maharashtra,Dormant,Google Ads,2024-07-04
C04609,Customer 4609,Female,50,Nizamabad,Telangana,New,Affiliate,2026-05-05
C04610,Customer 4610,Female,54,Kozhikode,Kerala,New,Google Ads,2024-01-25
C04611,Customer 4611,Male,37,Lucknow,Uttar Pradesh,New,Meta Ads,2024-11-09
C04612,Customer 4612,Female,30,Mysuru,Karnataka,At-Risk,Meta Ads,2024-12-17
C04613,Customer 4613,Male,39,Howrah,West Bengal,Loyal,Meta Ads,2025-11-22
C04614,Customer 4614,Female,44,New Delhi,Delhi,One-Time,Email,2024-07-26
C04615,Customer 4615,Male,20,Bengaluru,Karnataka,One-Time,Affiliate,2025-12-02
C04616,Customer 4616,Female,59,Mangaluru,Karnataka,One-Time,Organic Search,2024-10-16
C04617,Customer 4617,Male,52,Nagpur,Maharashtra,At-Risk,Google Ads,2024-03-14
C04618,Customer 4618,Male,31,Surat,Gujarat,One-Time,Meta Ads,2026-01-23
C04619,Customer 4619,Female,57,Coimbatore,Tamil Nadu,New,Influencer,2024-06-22
C04620,Customer 4620,Female,54,New Delhi,Delhi,VIP,Meta Ads,2025-01-23
C04621,Customer 4621,Male,42,Pune,Maharashtra,Loyal,Meta Ads,2025-06-29
C04622,Customer 4622,Other,59,Kozhikode,Kerala,VIP,Google Ads,2024-01-14
C04623,Customer 4623,Female,27,Howrah,West Bengal,At-Risk,Affiliate,2025-08-05
C04624,Customer 4624,Other,33,Thiruvananthapuram,Kerala,New,Organic Search,2025-05-07
C04625,Customer 4625,Male,65,Hyderabad,Telangana,New,Meta Ads,2025-11-30
C04626,Customer 4626,Male,27,Kolkata,West Bengal,New,Google Ads,2024-04-08
C04627,Customer 4627,Female,58,Lucknow,Uttar Pradesh,VIP,Affiliate,2026-03-02
C04628,Customer 4628,Male,59,Mysuru,Karnataka,Dormant,Google Ads,2024-02-23
C04629,Customer 4629,Male,36,Pune,Maharashtra,One-Time,Email,2026-04-24
C04630,Customer 4630,Male,40,Mangaluru,Karnataka,At-Risk,Influencer,2024-10-21
C04631,Customer 4631,Female,63,Mangaluru,Karnataka,VIP,Meta Ads,2024-03-06
C04632,Customer 4632,Male,32,Coimbatore,Tamil Nadu,Dormant,Instagram,2024-09-01
C04633,Customer 4633,Male,35,Bengaluru,Karnataka,Loyal,Organic Search,2025-03-21
C04634,Customer 4634,Female,18,Mangaluru,Karnataka,New,Organic Search,2024-04-10
C04635,Customer 4635,Male,35,Howrah,West Bengal,At-Risk,Email,2024-09-25
C04636,Customer 4636,Female,27,Warangal,Telangana,At-Risk,Instagram,2024-09-25
C04637,Customer 4637,Female,27,Bengaluru,Karnataka,VIP,Instagram,2024-05-27
C04638,Customer 4638,Female,42,Kolkata,West Bengal,At-Risk,Email,2025-03-11
C04639,Customer 4639,Female,55,Pune,Maharashtra,One-Time,Meta Ads,2024-01-22
C04640,Customer 4640,Male,57,Nagpur,Maharashtra,VIP,Meta Ads,2024-08-14
C04641,Customer 4641,Male,35,Pune,Maharashtra,One-Time,Meta Ads,2024-05-09
C04642,Customer 4642,Female,42,Warangal,Telangana,Loyal,Email,2024-01-30
C04643,Customer 4643,Female,21,New Delhi,Delhi,New,Instagram,2025-03-09
C04644,Customer 4644,Male,31,Warangal,Telangana,New,Organic Search,2026-03-14
C04645,Customer 4645,Female,32,Bengaluru,Karnataka,New,Organic Search,2024-11-10
C04646,Customer 4646,Other,62,Kochi,Kerala,Loyal,Marketplace,2025-08-09
C04647,Customer 4647,Male,58,Kozhikode,Kerala,At-Risk,Organic Search,2024-05-14
C04648,Customer 4648,Male,35,Pune,Maharashtra,One-Time,Organic Search,2025-09-27
C04649,Customer 4649,Male,26,Mangaluru,Karnataka,One-Time,Google Ads,2025-09-04
C04650,Customer 4650,Male,25,New Delhi,Delhi,New,Affiliate,2025-01-02
C04651,Customer 4651,Male,42,Kanpur,Uttar Pradesh,One-Time,Email,2024-09-01
C04652,Customer 4652,Female,63,Lucknow,Uttar Pradesh,One-Time,Influencer,2025-05-31
C04653,Customer 4653,Male,46,Mumbai,Maharashtra,Loyal,Marketplace,2025-06-28
C04654,Customer 4654,Female,37,Pune,Maharashtra,Dormant,Meta Ads,2025-09-24
C04655,Customer 4655,Male,57,Madurai,Tamil Nadu,Loyal,Marketplace,2024-06-28
C04656,Customer 4656,Female,41,Lucknow,Uttar Pradesh,Loyal,Organic Search,2024-11-17
C04657,Customer 4657,Male,28,Noida,Uttar Pradesh,VIP,Organic Search,2026-01-12
C04658,Customer 4658,Male,57,Hyderabad,Telangana,New,Email,2026-01-18
C04659,Customer 4659,Male,61,Vadodara,Gujarat,One-Time,Meta Ads,2026-01-01
C04660,Customer 4660,Female,31,Pune,Maharashtra,New,Affiliate,2025-11-26
C04661,Customer 4661,Other,65,Howrah,West Bengal,Loyal,Google Ads,2024-03-15
C04662,Customer 4662,Male,43,Kochi,Kerala,At-Risk,Email,2024-09-15
C04663,Customer 4663,Female,29,New Delhi,Delhi,Loyal,Google Ads,2024-09-11
C04664,Customer 4664,Female,59,Warangal,Telangana,Loyal,Meta Ads,2024-10-26
C04665,Customer 4665,Female,24,Surat,Gujarat,New,Organic Search,2025-03-14
C04666,Customer 4666,Female,30,Madurai,Tamil Nadu,One-Time,Organic Search,2024-06-14
C04667,Customer 4667,Male,35,Lucknow,Uttar Pradesh,Dormant,Marketplace,2025-12-10
C04668,Customer 4668,Female,60,Bengaluru,Karnataka,One-Time,Organic Search,2025-03-28
C04669,Customer 4669,Female,63,Lucknow,Uttar Pradesh,VIP,Organic Search,2024-03-15
C04670,Customer 4670,Male,27,Bengaluru,Karnataka,New,Marketplace,2025-12-31
C04671,Customer 4671,Female,18,Mumbai,Maharashtra,New,Email,2024-10-08
C04672,Customer 4672,Male,59,Mysuru,Karnataka,One-Time,Organic Search,2025-05-22
C04673,Customer 4673,Female,43,Hyderabad,Telangana,Dormant,Influencer,2025-01-11
C04674,Customer 4674,Male,36,Bengaluru,Karnataka,New,Affiliate,2024-11-15
C04675,Customer 4675,Male,18,Howrah,West Bengal,VIP,Affiliate,2024-10-25
C04676,Customer 4676,Female,44,Pune,Maharashtra,New,Email,2025-01-04
C04677,Customer 4677,Female,24,Nagpur,Maharashtra,Loyal,Email,2024-03-02
C04678,Customer 4678,Male,44,Nagpur,Maharashtra,Loyal,Organic Search,2025-09-15
C04679,Customer 4679,Male,25,Hyderabad,Telangana,Loyal,Organic Search,2025-08-06
C04680,Customer 4680,Male,27,Noida,Uttar Pradesh,One-Time,Email,2025-04-07
C04681,Customer 4681,Male,24,Kozhikode,Kerala,New,Meta Ads,2026-03-08
C04682,Customer 4682,Female,26,Warangal,Telangana,At-Risk,Meta Ads,2025-05-12
C04683,Customer 4683,Male,51,Kanpur,Uttar Pradesh,Loyal,Email,2024-12-15
C04684,Customer 4684,Male,52,Udaipur,Rajasthan,New,Meta Ads,2025-07-02
C04685,Customer 4685,Other,40,Thiruvananthapuram,Kerala,One-Time,Instagram,2025-12-20
C04686,Customer 4686,Male,57,Bengaluru,Karnataka,New,Google Ads,2025-10-26
C04687,Customer 4687,Male,64,Mysuru,Karnataka,Loyal,Google Ads,2025-05-29
C04688,Customer 4688,Female,24,Delhi,Delhi,One-Time,Influencer,2025-07-17
C04689,Customer 4689,Male,29,Noida,Uttar Pradesh,New,Email,2026-06-03
C04690,Customer 4690,Male,54,Udaipur,Rajasthan,Loyal,Affiliate,2025-09-07
C04691,Customer 4691,Male,46,Delhi,Delhi,Loyal,Google Ads,2025-09-25
C04692,Customer 4692,Female,33,Mysuru,Karnataka,Dormant,Meta Ads,2025-08-22
C04693,Customer 4693,Female,45,Udaipur,Rajasthan,VIP,Google Ads,2026-05-10
C04694,Customer 4694,Other,46,Lucknow,Uttar Pradesh,Loyal,Google Ads,2026-04-13
C04695,Customer 4695,Male,46,Coimbatore,Tamil Nadu,At-Risk,Google Ads,2024-11-06
C04696,Customer 4696,Female,43,Kolkata,West Bengal,One-Time,Email,2025-10-24
C04697,Customer 4697,Male,19,Coimbatore,Tamil Nadu,Loyal,Google Ads,2025-08-10
C04698,Customer 4698,Male,53,Delhi,Delhi,New,Affiliate,2025-05-06
C04699,Customer 4699,Other,27,Delhi,Delhi,New,Email,2025-04-08
C04700,Customer 4700,Female,44,Lucknow,Uttar Pradesh,Loyal,Meta Ads,2026-03-19
C04701,Customer 4701,Male,43,Kozhikode,Kerala,New,Influencer,2026-03-31
C04702,Customer 4702,Female,22,Madurai,Tamil Nadu,VIP,Email,2026-03-21
C04703,Customer 4703,Female,31,Mangaluru,Karnataka,Loyal,Meta Ads,2024-10-01
C04704,Customer 4704,Male,31,Coimbatore,Tamil Nadu,New,Organic Search,2024-11-12
C04705,Customer 4705,Female,27,Mumbai,Maharashtra,One-Time,Organic Search,2024-03-21
C04706,Customer 4706,Female,37,Mysuru,Karnataka,Loyal,Email,2025-12-25
C04707,Customer 4707,Female,32,Nizamabad,Telangana,VIP,Marketplace,2025-09-10
C04708,Customer 4708,Female,45,Coimbatore,Tamil Nadu,At-Risk,Meta Ads,2026-06-03
C04709,Customer 4709,Female,20,Pune,Maharashtra,One-Time,Instagram,2025-10-24
C04710,Customer 4710,Male,26,Bengaluru,Karnataka,At-Risk,Influencer,2024-07-05
C04711,Customer 4711,Female,42,Noida,Uttar Pradesh,One-Time,Organic Search,2024-09-22
C04712,Customer 4712,Male,34,Mysuru,Karnataka,New,Marketplace,2024-12-23
C04713,Customer 4713,Female,37,Surat,Gujarat,Loyal,Affiliate,2025-11-13
C04714,Customer 4714,Male,21,Kozhikode,Kerala,New,Email,2025-01-08
C04715,Customer 4715,Male,30,Ahmedabad,Gujarat,New,Organic Search,2026-05-20
C04716,Customer 4716,Male,33,Mumbai,Maharashtra,One-Time,Instagram,2025-07-03
C04717,Customer 4717,Female,19,Mangaluru,Karnataka,At-Risk,Google Ads,2024-11-26
C04718,Customer 4718,Male,42,Vadodara,Gujarat,Dormant,Instagram,2026-05-16
C04719,Customer 4719,Female,20,New Delhi,Delhi,Dormant,Meta Ads,2025-05-03
C04720,Customer 4720,Female,62,Nagpur,Maharashtra,One-Time,Organic Search,2024-10-02
C04721,Customer 4721,Male,19,Chennai,Tamil Nadu,Loyal,Organic Search,2024-12-18
C04722,Customer 4722,Male,26,Ahmedabad,Gujarat,At-Risk,Marketplace,2025-11-09
C04723,Customer 4723,Female,43,Bengaluru,Karnataka,One-Time,Google Ads,2024-03-17
C04724,Customer 4724,Male,19,Surat,Gujarat,One-Time,Email,2025-12-01
C04725,Customer 4725,Male,47,Hyderabad,Telangana,New,Instagram,2024-04-08
C04726,Customer 4726,Male,36,Bengaluru,Karnataka,Loyal,Email,2025-09-18
C04727,Customer 4727,Male,18,Kanpur,Uttar Pradesh,Loyal,Google Ads,2025-10-10
C04728,Customer 4728,Male,47,Mysuru,Karnataka,One-Time,Email,2025-06-13
C04729,Customer 4729,Male,21,Surat,Gujarat,New,Organic Search,2024-06-15
C04730,Customer 4730,Male,47,Madurai,Tamil Nadu,VIP,Meta Ads,2025-05-29
C04731,Customer 4731,Male,49,Bengaluru,Karnataka,Loyal,Organic Search,2026-01-16
C04732,Customer 4732,Female,34,Kozhikode,Kerala,New,Meta Ads,2024-09-10
C04733,Customer 4733,Male,47,Mysuru,Karnataka,One-Time,Instagram,2026-04-07
C04734,Customer 4734,Other,19,Nagpur,Maharashtra,Dormant,Marketplace,2024-05-03
C04735,Customer 4735,Female,59,Kozhikode,Kerala,Loyal,Google Ads,2026-03-14
C04736,Customer 4736,Male,62,Jaipur,Rajasthan,Loyal,Meta Ads,2024-10-27
C04737,Customer 4737,Male,26,Kolkata,West Bengal,Loyal,Marketplace,2025-09-22
C04738,Customer 4738,Female,42,Warangal,Telangana,Dormant,Google Ads,2024-07-25
C04739,Customer 4739,Male,37,Pune,Maharashtra,One-Time,Instagram,2025-07-12
C04740,Customer 4740,Male,55,Kolkata,West Bengal,One-Time,Instagram,2025-08-10
C04741,Customer 4741,Male,28,Mumbai,Maharashtra,One-Time,Organic Search,2025-03-17
C04742,Customer 4742,Female,37,Nagpur,Maharashtra,At-Risk,Organic Search,2026-02-06
C04743,Customer 4743,Female,35,Kanpur,Uttar Pradesh,New,Organic Search,2026-03-28
C04744,Customer 4744,Female,57,Bengaluru,Karnataka,New,Marketplace,2024-05-22
C04745,Customer 4745,Female,42,Nizamabad,Telangana,New,Instagram,2026-01-04
C04746,Customer 4746,Female,55,Hyderabad,Telangana,Loyal,Email,2025-08-16
C04747,Customer 4747,Male,21,Coimbatore,Tamil Nadu,Loyal,Marketplace,2025-04-16
C04748,Customer 4748,Male,22,Ahmedabad,Gujarat,One-Time,Google Ads,2024-04-19
C04749,Customer 4749,Male,63,Noida,Uttar Pradesh,One-Time,Marketplace,2025-06-28
C04750,Customer 4750,Male,20,Mumbai,Maharashtra,VIP,Marketplace,2024-12-08
C04751,Customer 4751,Other,50,Mumbai,Maharashtra,New,Marketplace,2024-02-04
C04752,Customer 4752,Female,25,New Delhi,Delhi,VIP,Google Ads,2024-06-04
C04753,Customer 4753,Female,42,Chennai,Tamil Nadu,New,Organic Search,2024-03-21
C04754,Customer 4754,Female,57,New Delhi,Delhi,Dormant,Influencer,2024-09-26
C04755,Customer 4755,Male,40,Thiruvananthapuram,Kerala,One-Time,Meta Ads,2024-06-06
C04756,Customer 4756,Other,30,Vadodara,Gujarat,Loyal,Organic Search,2026-02-11
C04757,Customer 4757,Female,25,Chennai,Tamil Nadu,New,Meta Ads,2024-09-14
C04758,Customer 4758,Male,36,Kozhikode,Kerala,One-Time,Google Ads,2025-01-12
C04759,Customer 4759,Male,63,Warangal,Telangana,VIP,Influencer,2025-10-30
C04760,Customer 4760,Female,45,Kochi,Kerala,Loyal,Marketplace,2024-04-07
C04761,Customer 4761,Male,40,New Delhi,Delhi,At-Risk,Google Ads,2024-11-15
C04762,Customer 4762,Female,49,Delhi,Delhi,Loyal,Google Ads,2024-06-28
C04763,Customer 4763,Female,43,Kochi,Kerala,Loyal,Organic Search,2025-04-10
C04764,Customer 4764,Male,38,New Delhi,Delhi,At-Risk,Google Ads,2026-01-29
C04765,Customer 4765,Female,25,Chennai,Tamil Nadu,One-Time,Organic Search,2025-05-06
C04766,Customer 4766,Female,39,Mangaluru,Karnataka,At-Risk,Organic Search,2025-01-04
C04767,Customer 4767,Male,31,Howrah,West Bengal,One-Time,Instagram,2024-03-18
C04768,Customer 4768,Female,33,Ahmedabad,Gujarat,One-Time,Organic Search,2026-04-22
C04769,Customer 4769,Male,32,Mumbai,Maharashtra,At-Risk,Google Ads,2025-02-21
C04770,Customer 4770,Female,22,Jodhpur,Rajasthan,New,Meta Ads,2025-05-20
C04771,Customer 4771,Female,43,Howrah,West Bengal,New,Affiliate,2025-03-27
C04772,Customer 4772,Female,25,Coimbatore,Tamil Nadu,New,Google Ads,2025-04-01
C04773,Customer 4773,Male,37,Warangal,Telangana,Loyal,Meta Ads,2024-03-31
C04774,Customer 4774,Female,60,Chennai,Tamil Nadu,Loyal,Organic Search,2025-02-14
C04775,Customer 4775,Other,58,Hyderabad,Telangana,New,Meta Ads,2025-01-13
C04776,Customer 4776,Female,64,Warangal,Telangana,New,Email,2025-11-27
C04777,Customer 4777,Male,25,Madurai,Tamil Nadu,One-Time,Influencer,2025-01-20
C04778,Customer 4778,Male,57,Nizamabad,Telangana,One-Time,Meta Ads,2026-01-22
C04779,Customer 4779,Female,57,Mysuru,Karnataka,New,Instagram,2025-08-12
C04780,Customer 4780,Male,32,Howrah,West Bengal,New,Google Ads,2024-04-24
C04781,Customer 4781,Male,35,Mysuru,Karnataka,At-Risk,Organic Search,2026-03-06
C04782,Customer 4782,Male,26,Thiruvananthapuram,Kerala,VIP,Meta Ads,2025-01-02
C04783,Customer 4783,Male,64,Thiruvananthapuram,Kerala,One-Time,Influencer,2025-09-26
C04784,Customer 4784,Female,42,Surat,Gujarat,One-Time,Google Ads,2024-09-11
C04785,Customer 4785,Male,31,Kochi,Kerala,New,Affiliate,2025-11-07
C04786,Customer 4786,Male,22,Kanpur,Uttar Pradesh,One-Time,Affiliate,2026-03-20
C04787,Customer 4787,Female,42,Bengaluru,Karnataka,One-Time,Affiliate,2024-01-26
C04788,Customer 4788,Male,61,Jaipur,Rajasthan,Dormant,Organic Search,2025-10-23
C04789,Customer 4789,Female,36,Pune,Maharashtra,VIP,Meta Ads,2025-11-04
C04790,Customer 4790,Female,54,Kolkata,West Bengal,Loyal,Instagram,2024-09-20
C04791,Customer 4791,Female,34,New Delhi,Delhi,New,Instagram,2024-12-22
C04792,Customer 4792,Male,64,Warangal,Telangana,Loyal,Meta Ads,2025-01-02
C04793,Customer 4793,Female,48,Bengaluru,Karnataka,Dormant,Email,2025-02-06
C04794,Customer 4794,Female,59,Kochi,Kerala,New,Organic Search,2025-01-12
C04795,Customer 4795,Male,46,Mysuru,Karnataka,At-Risk,Email,2026-03-24
C04796,Customer 4796,Male,37,Pune,Maharashtra,New,Marketplace,2026-04-18
C04797,Customer 4797,Male,20,Nagpur,Maharashtra,VIP,Organic Search,2026-04-29
C04798,Customer 4798,Female,33,New Delhi,Delhi,New,Instagram,2025-03-02
C04799,Customer 4799,Male,28,Kanpur,Uttar Pradesh,Loyal,Instagram,2025-09-18
C04800,Customer 4800,Female,58,Jodhpur,Rajasthan,New,Organic Search,2024-01-17
C04801,Customer 4801,Female,45,Coimbatore,Tamil Nadu,Loyal,Instagram,2024-01-17
C04802,Customer 4802,Male,46,Nagpur,Maharashtra,Loyal,Meta Ads,2025-10-19
C04803,Customer 4803,Female,64,Hyderabad,Telangana,Loyal,Email,2025-08-20
C04804,Customer 4804,Female,60,Delhi,Delhi,VIP,Organic Search,2024-03-27
C04805,Customer 4805,Male,50,Lucknow,Uttar Pradesh,New,Meta Ads,2025-08-19
C04806,Customer 4806,Female,33,Jodhpur,Rajasthan,VIP,Meta Ads,2025-07-21
C04807,Customer 4807,Female,23,Chennai,Tamil Nadu,New,Meta Ads,2025-11-02
C04808,Customer 4808,Male,44,Surat,Gujarat,Loyal,Instagram,2025-04-07
C04809,Customer 4809,Male,65,Madurai,Tamil Nadu,New,Meta Ads,2025-11-15
C04810,Customer 4810,Other,40,Vadodara,Gujarat,Loyal,Affiliate,2025-11-17
C04811,Customer 4811,Female,65,Delhi,Delhi,One-Time,Organic Search,2025-06-19
C04812,Customer 4812,Male,26,Howrah,West Bengal,Dormant,Meta Ads,2025-05-10
C04813,Customer 4813,Male,20,Delhi,Delhi,Loyal,Marketplace,2025-12-18
C04814,Customer 4814,Female,43,Thiruvananthapuram,Kerala,New,Organic Search,2024-06-06
C04815,Customer 4815,Male,35,Madurai,Tamil Nadu,VIP,Google Ads,2026-06-03
C04816,Customer 4816,Female,22,Hyderabad,Telangana,New,Affiliate,2026-03-15
C04817,Customer 4817,Female,63,Nagpur,Maharashtra,One-Time,Organic Search,2025-04-25
C04818,Customer 4818,Female,35,Delhi,Delhi,One-Time,Email,2026-03-23
C04819,Customer 4819,Male,30,Surat,Gujarat,At-Risk,Meta Ads,2025-10-11
C04820,Customer 4820,Male,43,Surat,Gujarat,Dormant,Affiliate,2025-01-13
C04821,Customer 4821,Female,58,Udaipur,Rajasthan,Dormant,Google Ads,2025-01-23
C04822,Customer 4822,Male,24,Mangaluru,Karnataka,New,Instagram,2025-07-02
C04823,Customer 4823,Female,35,Kolkata,West Bengal,New,Affiliate,2024-08-13
C04824,Customer 4824,Female,54,Udaipur,Rajasthan,At-Risk,Affiliate,2025-05-12
C04825,Customer 4825,Male,50,Madurai,Tamil Nadu,One-Time,Organic Search,2025-01-04
C04826,Customer 4826,Female,27,Madurai,Tamil Nadu,Loyal,Google Ads,2025-04-25
C04827,Customer 4827,Male,19,Nagpur,Maharashtra,Dormant,Meta Ads,2024-12-31
C04828,Customer 4828,Female,52,Madurai,Tamil Nadu,New,Influencer,2024-03-22
C04829,Customer 4829,Female,28,Lucknow,Uttar Pradesh,One-Time,Organic Search,2025-10-07
C04830,Customer 4830,Male,19,Thiruvananthapuram,Kerala,At-Risk,Affiliate,2025-03-20
C04831,Customer 4831,Female,60,Vadodara,Gujarat,Loyal,Google Ads,2024-06-25
C04832,Customer 4832,Female,51,Mangaluru,Karnataka,Dormant,Marketplace,2024-07-21
C04833,Customer 4833,Male,39,Howrah,West Bengal,Loyal,Meta Ads,2025-04-09
C04834,Customer 4834,Male,37,Udaipur,Rajasthan,One-Time,Meta Ads,2025-12-19
C04835,Customer 4835,Male,59,Mangaluru,Karnataka,At-Risk,Influencer,2024-08-17
C04836,Customer 4836,Other,55,Lucknow,Uttar Pradesh,VIP,Instagram,2026-02-02
C04837,Customer 4837,Female,43,Nizamabad,Telangana,Dormant,Organic Search,2025-12-18
C04838,Customer 4838,Female,44,Warangal,Telangana,Loyal,Email,2024-01-17
C04839,Customer 4839,Male,43,Pune,Maharashtra,Loyal,Influencer,2024-05-03
C04840,Customer 4840,Female,36,Mumbai,Maharashtra,One-Time,Google Ads,2025-10-25
C04841,Customer 4841,Male,42,Kanpur,Uttar Pradesh,One-Time,Google Ads,2025-05-11
C04842,Customer 4842,Female,49,Chennai,Tamil Nadu,Dormant,Organic Search,2024-04-13
C04843,Customer 4843,Male,49,Mysuru,Karnataka,Dormant,Influencer,2026-06-10
C04844,Customer 4844,Male,36,Chennai,Tamil Nadu,Loyal,Marketplace,2024-01-09
C04845,Customer 4845,Female,57,Madurai,Tamil Nadu,Dormant,Instagram,2024-12-28
C04846,Customer 4846,Female,35,Mysuru,Karnataka,One-Time,Organic Search,2024-01-13
C04847,Customer 4847,Other,53,Mumbai,Maharashtra,At-Risk,Instagram,2026-03-27
C04848,Customer 4848,Female,38,Kolkata,West Bengal,Loyal,Meta Ads,2025-02-23
C04849,Customer 4849,Female,63,Nagpur,Maharashtra,VIP,Google Ads,2025-07-13
C04850,Customer 4850,Female,52,Lucknow,Uttar Pradesh,VIP,Meta Ads,2026-01-02
C04851,Customer 4851,Female,52,Nagpur,Maharashtra,Loyal,Google Ads,2024-08-23
C04852,Customer 4852,Female,47,Jaipur,Rajasthan,At-Risk,Meta Ads,2024-10-07
C04853,Customer 4853,Female,26,Kanpur,Uttar Pradesh,One-Time,Meta Ads,2025-07-19
C04854,Customer 4854,Female,61,Pune,Maharashtra,At-Risk,Influencer,2026-04-12
C04855,Customer 4855,Male,51,Hyderabad,Telangana,New,Meta Ads,2024-06-17
C04856,Customer 4856,Female,18,Kozhikode,Kerala,New,Affiliate,2025-01-14
C04857,Customer 4857,Male,32,New Delhi,Delhi,VIP,Influencer,2024-08-26
C04858,Customer 4858,Male,25,Howrah,West Bengal,VIP,Email,2024-06-18
C04859,Customer 4859,Male,24,Warangal,Telangana,Dormant,Organic Search,2024-06-27
C04860,Customer 4860,Other,41,Mysuru,Karnataka,One-Time,Meta Ads,2025-02-17
C04861,Customer 4861,Female,56,New Delhi,Delhi,New,Google Ads,2024-04-09
C04862,Customer 4862,Female,50,Lucknow,Uttar Pradesh,Loyal,Organic Search,2025-07-18
C04863,Customer 4863,Male,62,Bengaluru,Karnataka,At-Risk,Organic Search,2024-06-14
C04864,Customer 4864,Female,22,Kanpur,Uttar Pradesh,Dormant,Email,2025-03-31
C04865,Customer 4865,Female,48,Kolkata,West Bengal,At-Risk,Marketplace,2024-07-29
C04866,Customer 4866,Male,32,Mumbai,Maharashtra,Loyal,Organic Search,2025-01-31
C04867,Customer 4867,Male,18,Bengaluru,Karnataka,At-Risk,Instagram,2024-05-12
C04868,Customer 4868,Female,65,Nagpur,Maharashtra,New,Google Ads,2024-06-18
C04869,Customer 4869,Female,24,Madurai,Tamil Nadu,Dormant,Influencer,2024-10-23
C04870,Customer 4870,Male,33,Howrah,West Bengal,Loyal,Marketplace,2025-09-21
C04871,Customer 4871,Female,42,Chennai,Tamil Nadu,One-Time,Organic Search,2025-01-16
C04872,Customer 4872,Female,36,Mysuru,Karnataka,Loyal,Affiliate,2024-11-11
C04873,Customer 4873,Male,25,Udaipur,Rajasthan,At-Risk,Email,2025-06-01
C04874,Customer 4874,Female,29,Ahmedabad,Gujarat,New,Meta Ads,2026-05-23
C04875,Customer 4875,Female,50,Delhi,Delhi,New,Marketplace,2025-12-29
C04876,Customer 4876,Male,18,Ahmedabad,Gujarat,VIP,Organic Search,2024-12-26
C04877,Customer 4877,Male,20,Nagpur,Maharashtra,Dormant,Email,2025-04-03
C04878,Customer 4878,Female,31,Howrah,West Bengal,Loyal,Organic Search,2024-07-18
C04879,Customer 4879,Male,64,Madurai,Tamil Nadu,New,Email,2025-10-18
C04880,Customer 4880,Male,25,Coimbatore,Tamil Nadu,Loyal,Google Ads,2026-02-12
C04881,Customer 4881,Male,49,Nagpur,Maharashtra,New,Organic Search,2026-02-13
C04882,Customer 4882,Female,36,Vadodara,Gujarat,One-Time,Google Ads,2024-07-06
C04883,Customer 4883,Male,42,Ahmedabad,Gujarat,New,Meta Ads,2025-11-04
C04884,Customer 4884,Male,29,Mysuru,Karnataka,Loyal,Google Ads,2024-05-31
C04885,Customer 4885,Male,62,Noida,Uttar Pradesh,One-Time,Meta Ads,2024-01-09
C04886,Customer 4886,Male,37,Noida,Uttar Pradesh,New,Marketplace,2025-10-08
C04887,Customer 4887,Female,20,Nizamabad,Telangana,One-Time,Google Ads,2025-01-17
C04888,Customer 4888,Female,30,Jaipur,Rajasthan,Loyal,Meta Ads,2024-09-25
C04889,Customer 4889,Male,33,Chennai,Tamil Nadu,One-Time,Organic Search,2025-03-30
C04890,Customer 4890,Female,61,Thiruvananthapuram,Kerala,New,Influencer,2025-01-10
C04891,Customer 4891,Male,19,Nagpur,Maharashtra,Loyal,Organic Search,2024-08-06
C04892,Customer 4892,Male,31,Bengaluru,Karnataka,VIP,Marketplace,2025-02-09
C04893,Customer 4893,Female,26,Coimbatore,Tamil Nadu,At-Risk,Organic Search,2024-02-02
C04894,Customer 4894,Male,27,Mangaluru,Karnataka,Loyal,Organic Search,2025-12-06
C04895,Customer 4895,Male,65,Jodhpur,Rajasthan,VIP,Instagram,2026-04-23
C04896,Customer 4896,Male,54,Delhi,Delhi,At-Risk,Meta Ads,2025-05-31
C04897,Customer 4897,Male,63,Pune,Maharashtra,Loyal,Email,2025-07-12
C04898,Customer 4898,Male,56,Delhi,Delhi,Loyal,Affiliate,2025-10-29
C04899,Customer 4899,Female,59,Kanpur,Uttar Pradesh,New,Organic Search,2025-03-13
C04900,Customer 4900,Male,45,Noida,Uttar Pradesh,One-Time,Affiliate,2026-06-07
C04901,Customer 4901,Female,43,New Delhi,Delhi,One-Time,Organic Search,2024-09-16
C04902,Customer 4902,Male,34,Bengaluru,Karnataka,One-Time,Organic Search,2025-10-01
C04903,Customer 4903,Male,21,Pune,Maharashtra,Dormant,Google Ads,2024-09-10
C04904,Customer 4904,Male,58,Kanpur,Uttar Pradesh,New,Meta Ads,2024-09-07
C04905,Customer 4905,Female,36,Jodhpur,Rajasthan,Loyal,Organic Search,2025-01-24
C04906,Customer 4906,Female,50,Vadodara,Gujarat,Dormant,Google Ads,2025-11-21
C04907,Customer 4907,Male,64,Noida,Uttar Pradesh,Loyal,Marketplace,2025-01-02
C04908,Customer 4908,Female,36,Nagpur,Maharashtra,New,Meta Ads,2026-02-03
C04909,Customer 4909,Male,24,Howrah,West Bengal,Dormant,Google Ads,2024-12-10
C04910,Customer 4910,Male,36,Pune,Maharashtra,One-Time,Organic Search,2025-01-22
C04911,Customer 4911,Female,63,Nagpur,Maharashtra,New,Meta Ads,2025-04-13
C04912,Customer 4912,Female,18,Delhi,Delhi,Loyal,Organic Search,2025-08-16
C04913,Customer 4913,Female,30,Chennai,Tamil Nadu,New,Meta Ads,2025-01-27
C04914,Customer 4914,Male,20,Kochi,Kerala,At-Risk,Google Ads,2025-03-17
C04915,Customer 4915,Female,54,Mangaluru,Karnataka,New,Organic Search,2024-02-25
C04916,Customer 4916,Female,24,Noida,Uttar Pradesh,At-Risk,Instagram,2024-04-24
C04917,Customer 4917,Male,30,Jaipur,Rajasthan,New,Organic Search,2024-05-06
C04918,Customer 4918,Male,29,Howrah,West Bengal,Dormant,Meta Ads,2025-10-17
C04919,Customer 4919,Male,20,Thiruvananthapuram,Kerala,New,Email,2024-11-27
C04920,Customer 4920,Male,62,Chennai,Tamil Nadu,Dormant,Instagram,2025-02-03
C04921,Customer 4921,Male,36,Chennai,Tamil Nadu,New,Google Ads,2025-04-28
C04922,Customer 4922,Male,57,Nagpur,Maharashtra,At-Risk,Organic Search,2024-11-07
C04923,Customer 4923,Male,43,Mangaluru,Karnataka,At-Risk,Email,2024-04-22
C04924,Customer 4924,Male,19,Noida,Uttar Pradesh,Loyal,Marketplace,2025-02-24
C04925,Customer 4925,Male,26,Delhi,Delhi,New,Affiliate,2024-11-05
C04926,Customer 4926,Male,18,Bengaluru,Karnataka,Loyal,Organic Search,2025-06-07
C04927,Customer 4927,Male,29,Nagpur,Maharashtra,Loyal,Google Ads,2025-07-20
C04928,Customer 4928,Male,46,New Delhi,Delhi,Loyal,Organic Search,2025-11-12
C04929,Customer 4929,Female,23,Jodhpur,Rajasthan,Loyal,Email,2025-04-07
C04930,Customer 4930,Male,36,Mangaluru,Karnataka,Dormant,Influencer,2026-03-28
C04931,Customer 4931,Female,19,Jodhpur,Rajasthan,Dormant,Organic Search,2026-06-17
C04932,Customer 4932,Female,56,Howrah,West Bengal,Loyal,Google Ads,2025-09-07
C04933,Customer 4933,Female,34,Noida,Uttar Pradesh,New,Affiliate,2026-04-18
C04934,Customer 4934,Female,64,Bengaluru,Karnataka,New,Affiliate,2026-06-13
C04935,Customer 4935,Male,33,Kolkata,West Bengal,VIP,Google Ads,2026-01-21
C04936,Customer 4936,Female,41,Mumbai,Maharashtra,Dormant,Organic Search,2024-05-21
C04937,Customer 4937,Male,41,Chennai,Tamil Nadu,Loyal,Email,2025-08-28
C04938,Customer 4938,Male,26,Jaipur,Rajasthan,New,Organic Search,2024-05-18
C04939,Customer 4939,Female,53,Howrah,West Bengal,One-Time,Marketplace,2024-09-21
C04940,Customer 4940,Female,60,Mumbai,Maharashtra,One-Time,Meta Ads,2025-12-12
C04941,Customer 4941,Female,59,Lucknow,Uttar Pradesh,Dormant,Google Ads,2025-05-01
C04942,Customer 4942,Male,38,Nizamabad,Telangana,VIP,Meta Ads,2025-07-24
C04943,Customer 4943,Female,54,Surat,Gujarat,New,Marketplace,2024-12-23
C04944,Customer 4944,Female,38,Kochi,Kerala,One-Time,Meta Ads,2026-02-14
C04945,Customer 4945,Female,24,Vadodara,Gujarat,New,Organic Search,2024-11-08
C04946,Customer 4946,Female,51,Lucknow,Uttar Pradesh,Loyal,Affiliate,2025-09-03
C04947,Customer 4947,Male,37,Vadodara,Gujarat,Loyal,Affiliate,2025-11-27
C04948,Customer 4948,Male,35,Lucknow,Uttar Pradesh,New,Google Ads,2024-01-12
C04949,Customer 4949,Female,21,Howrah,West Bengal,One-Time,Google Ads,2026-01-31
C04950,Customer 4950,Female,29,Jodhpur,Rajasthan,Dormant,Marketplace,2025-08-28
C04951,Customer 4951,Male,37,Pune,Maharashtra,At-Risk,Email,2024-06-25
C04952,Customer 4952,Other,53,Udaipur,Rajasthan,Loyal,Google Ads,2024-07-09
C04953,Customer 4953,Male,36,Pune,Maharashtra,Loyal,Google Ads,2024-03-03
C04954,Customer 4954,Male,26,Thiruvananthapuram,Kerala,Dormant,Affiliate,2025-02-06
C04955,Customer 4955,Other,37,Mumbai,Maharashtra,VIP,Marketplace,2024-02-20
C04956,Customer 4956,Female,19,Pune,Maharashtra,Dormant,Email,2025-09-14
C04957,Customer 4957,Female,40,Kanpur,Uttar Pradesh,New,Instagram,2024-03-06
C04958,Customer 4958,Male,41,Mangaluru,Karnataka,New,Organic Search,2025-08-13
C04959,Customer 4959,Female,51,Coimbatore,Tamil Nadu,New,Google Ads,2025-10-20
C04960,Customer 4960,Female,19,Jodhpur,Rajasthan,At-Risk,Marketplace,2024-12-10
C04961,Customer 4961,Male,48,Pune,Maharashtra,VIP,Meta Ads,2024-11-10
C04962,Customer 4962,Male,55,Nagpur,Maharashtra,New,Meta Ads,2025-10-03
C04963,Customer 4963,Female,56,Delhi,Delhi,Dormant,Meta Ads,2026-03-23
C04964,Customer 4964,Male,64,Mysuru,Karnataka,Dormant,Google Ads,2026-04-29
C04965,Customer 4965,Female,50,Nagpur,Maharashtra,New,Instagram,2025-07-13
C04966,Customer 4966,Female,63,Hyderabad,Telangana,Loyal,Organic Search,2024-07-26
C04967,Customer 4967,Female,34,Madurai,Tamil Nadu,Loyal,Email,2024-11-12
C04968,Customer 4968,Female,25,Mangaluru,Karnataka,New,Organic Search,2024-04-17
C04969,Customer 4969,Other,18,Nizamabad,Telangana,VIP,Meta Ads,2024-01-26
C04970,Customer 4970,Female,62,Howrah,West Bengal,New,Instagram,2024-05-01
C04971,Customer 4971,Male,23,Howrah,West Bengal,Dormant,Email,2025-11-25
C04972,Customer 4972,Male,23,Warangal,Telangana,At-Risk,Organic Search,2025-02-15
C04973,Customer 4973,Female,53,Mangaluru,Karnataka,Dormant,Meta Ads,2025-05-25
C04974,Customer 4974,Female,35,Lucknow,Uttar Pradesh,VIP,Affiliate,2024-09-25
C04975,Customer 4975,Male,42,Surat,Gujarat,New,Google Ads,2024-02-24
C04976,Customer 4976,Female,22,Coimbatore,Tamil Nadu,One-Time,Google Ads,2025-02-24
C04977,Customer 4977,Male,38,Delhi,Delhi,VIP,Meta Ads,2025-01-25
C04978,Customer 4978,Female,57,Nagpur,Maharashtra,One-Time,Organic Search,2024-03-16
C04979,Customer 4979,Male,45,Kanpur,Uttar Pradesh,VIP,Google Ads,2025-08-20
C04980,Customer 4980,Male,28,Kochi,Kerala,One-Time,Google Ads,2024-08-10
C04981,Customer 4981,Male,25,Thiruvananthapuram,Kerala,New,Email,2025-03-30
C04982,Customer 4982,Female,49,Mumbai,Maharashtra,Loyal,Meta Ads,2024-11-08
C04983,Customer 4983,Male,51,Mangaluru,Karnataka,VIP,Google Ads,2024-03-27
C04984,Customer 4984,Male,54,Mumbai,Maharashtra,Loyal,Organic Search,2026-04-20
C04985,Customer 4985,Male,23,Mysuru,Karnataka,Loyal,Organic Search,2025-07-18
C04986,Customer 4986,Male,36,Mysuru,Karnataka,Loyal,Google Ads,2024-09-24
C04987,Customer 4987,Female,21,Howrah,West Bengal,At-Risk,Meta Ads,2024-07-24
C04988,Customer 4988,Female,55,Nagpur,Maharashtra,Loyal,Instagram,2024-02-13
C04989,Customer 4989,Female,30,Kozhikode,Kerala,Loyal,Marketplace,2025-11-29
C04990,Customer 4990,Male,33,Warangal,Telangana,Loyal,Affiliate,2024-10-06
C04991,Customer 4991,Male,45,Hyderabad,Telangana,Loyal,Meta Ads,2024-07-16
C04992,Customer 4992,Female,25,Kanpur,Uttar Pradesh,New,Marketplace,2026-04-23
C04993,Customer 4993,Female,55,Jaipur,Rajasthan,Loyal,Instagram,2026-06-17
C04994,Customer 4994,Male,40,Coimbatore,Tamil Nadu,New,Instagram,2025-01-19
C04995,Customer 4995,Female,44,Surat,Gujarat,At-Risk,Marketplace,2025-06-23
C04996,Customer 4996,Male,52,Pune,Maharashtra,At-Risk,Organic Search,2026-01-06
C04997,Customer 4997,Male,49,Nagpur,Maharashtra,Loyal,Email,2025-06-29
C04998,Customer 4998,Male,19,New Delhi,Delhi,At-Risk,Organic Search,2024-08-28
C04999,Customer 4999,Female,22,Coimbatore,Tamil Nadu,Loyal,Marketplace,2025-11-16
C05000,Customer 5000,Male,56,Ahmedabad,Gujarat,New,Google Ads,2024-05-02
C05001,Customer 5001,Female,60,Nagpur,Maharashtra,VIP,Meta Ads,2025-05-07
C05002,Customer 5002,Female,30,Howrah,West Bengal,Dormant,Instagram,2025-03-22
C05003,Customer 5003,Female,19,Noida,Uttar Pradesh,New,Marketplace,2025-06-18
C05004,Customer 5004,Female,50,Mumbai,Maharashtra,New,Google Ads,2025-09-23
C05005,Customer 5005,Other,65,Hyderabad,Telangana,Loyal,Google Ads,2024-02-23
C05006,Customer 5006,Male,23,Chennai,Tamil Nadu,One-Time,Instagram,2026-01-30
C05007,Customer 5007,Female,22,Noida,Uttar Pradesh,Loyal,Google Ads,2024-09-30
C05008,Customer 5008,Male,36,Howrah,West Bengal,Loyal,Organic Search,2024-08-04
C05009,Customer 5009,Male,47,Jaipur,Rajasthan,At-Risk,Instagram,2025-04-24
C05010,Customer 5010,Female,40,Coimbatore,Tamil Nadu,New,Influencer,2026-06-06
C05011,Customer 5011,Female,40,Pune,Maharashtra,Loyal,Organic Search,2026-01-21
C05012,Customer 5012,Male,40,Ahmedabad,Gujarat,At-Risk,Email,2025-03-16
C05013,Customer 5013,Male,65,Pune,Maharashtra,One-Time,Influencer,2025-06-13
C05014,Customer 5014,Female,31,Udaipur,Rajasthan,Loyal,Google Ads,2025-03-28
C05015,Customer 5015,Male,22,Nagpur,Maharashtra,New,Organic Search,2025-09-07
C05016,Customer 5016,Male,43,Mysuru,Karnataka,New,Organic Search,2026-02-11
C05017,Customer 5017,Male,40,New Delhi,Delhi,Loyal,Meta Ads,2024-05-06
C05018,Customer 5018,Female,31,Delhi,Delhi,One-Time,Google Ads,2025-01-01
C05019,Customer 5019,Male,64,Ahmedabad,Gujarat,VIP,Email,2025-05-26
C05020,Customer 5020,Female,25,Madurai,Tamil Nadu,Loyal,Email,2025-11-12
C05021,Customer 5021,Female,24,Kozhikode,Kerala,At-Risk,Organic Search,2024-03-27
C05022,Customer 5022,Male,24,Lucknow,Uttar Pradesh,At-Risk,Meta Ads,2025-05-25
C05023,Customer 5023,Female,63,Kanpur,Uttar Pradesh,New,Google Ads,2025-11-28
C05024,Customer 5024,Female,60,Kolkata,West Bengal,New,Marketplace,2024-05-01
C05025,Customer 5025,Female,63,Kolkata,West Bengal,At-Risk,Google Ads,2024-06-03
C05026,Customer 5026,Female,24,Ahmedabad,Gujarat,One-Time,Marketplace,2024-01-30
C05027,Customer 5027,Male,19,Chennai,Tamil Nadu,One-Time,Organic Search,2026-02-04
C05028,Customer 5028,Female,36,Mangaluru,Karnataka,New,Organic Search,2026-04-20
C05029,Customer 5029,Male,40,Surat,Gujarat,VIP,Meta Ads,2025-02-26
C05030,Customer 5030,Male,30,Warangal,Telangana,One-Time,Influencer,2026-02-18
C05031,Customer 5031,Female,47,Warangal,Telangana,New,Marketplace,2025-06-19
C05032,Customer 5032,Female,47,Kanpur,Uttar Pradesh,Loyal,Organic Search,2026-06-04
C05033,Customer 5033,Male,50,Nizamabad,Telangana,VIP,Organic Search,2024-04-07
C05034,Customer 5034,Male,34,Delhi,Delhi,One-Time,Email,2025-08-29
C05035,Customer 5035,Male,19,Ahmedabad,Gujarat,VIP,Google Ads,2025-10-14
C05036,Customer 5036,Female,31,Mumbai,Maharashtra,Loyal,Marketplace,2025-08-04
C05037,Customer 5037,Female,26,Thiruvananthapuram,Kerala,One-Time,Google Ads,2025-03-21
C05038,Customer 5038,Female,64,Mumbai,Maharashtra,One-Time,Email,2024-07-06
C05039,Customer 5039,Female,58,Lucknow,Uttar Pradesh,New,Instagram,2024-06-01
C05040,Customer 5040,Male,65,Lucknow,Uttar Pradesh,One-Time,Affiliate,2025-08-01
C05041,Customer 5041,Female,54,Mangaluru,Karnataka,At-Risk,Organic Search,2025-06-05
C05042,Customer 5042,Female,24,Pune,Maharashtra,New,Organic Search,2025-03-15
C05043,Customer 5043,Male,39,Mangaluru,Karnataka,Dormant,Google Ads,2024-02-05
C05044,Customer 5044,Female,51,Coimbatore,Tamil Nadu,New,Meta Ads,2024-12-05
C05045,Customer 5045,Male,21,Mysuru,Karnataka,One-Time,Google Ads,2026-02-19
C05046,Customer 5046,Female,60,Kozhikode,Kerala,Loyal,Marketplace,2025-09-06
C05047,Customer 5047,Male,58,Nagpur,Maharashtra,At-Risk,Google Ads,2025-11-14
C05048,Customer 5048,Female,64,Lucknow,Uttar Pradesh,New,Marketplace,2024-03-17
C05049,Customer 5049,Male,32,Mumbai,Maharashtra,New,Google Ads,2025-02-11
C05050,Customer 5050,Male,32,Thiruvananthapuram,Kerala,Loyal,Influencer,2025-03-29
C05051,Customer 5051,Female,48,Mumbai,Maharashtra,One-Time,Organic Search,2025-12-01
C05052,Customer 5052,Female,55,Chennai,Tamil Nadu,Loyal,Influencer,2025-11-13
C05053,Customer 5053,Male,30,Ahmedabad,Gujarat,At-Risk,Organic Search,2024-03-28
C05054,Customer 5054,Male,33,Nagpur,Maharashtra,New,Affiliate,2026-01-16
C05055,Customer 5055,Female,34,Noida,Uttar Pradesh,At-Risk,Organic Search,2024-02-06
C05056,Customer 5056,Male,47,Bengaluru,Karnataka,New,Meta Ads,2025-03-17
C05057,Customer 5057,Male,23,Vadodara,Gujarat,At-Risk,Marketplace,2024-08-10
C05058,Customer 5058,Female,42,Surat,Gujarat,Dormant,Organic Search,2024-11-13
C05059,Customer 5059,Male,29,Vadodara,Gujarat,Loyal,Meta Ads,2025-01-19
C05060,Customer 5060,Female,51,Hyderabad,Telangana,Dormant,Meta Ads,2025-05-30
C05061,Customer 5061,Male,53,Nagpur,Maharashtra,At-Risk,Email,2024-01-30
C05062,Customer 5062,Male,61,Mumbai,Maharashtra,New,Marketplace,2024-04-25
C05063,Customer 5063,Male,35,Mysuru,Karnataka,New,Affiliate,2025-09-12
C05064,Customer 5064,Male,23,Pune,Maharashtra,New,Meta Ads,2024-03-23
C05065,Customer 5065,Male,29,Kochi,Kerala,Loyal,Organic Search,2024-08-07
C05066,Customer 5066,Female,28,New Delhi,Delhi,Loyal,Google Ads,2026-01-07
C05067,Customer 5067,Female,18,Kolkata,West Bengal,Loyal,Meta Ads,2024-07-10
C05068,Customer 5068,Female,46,Coimbatore,Tamil Nadu,Loyal,Influencer,2024-04-23
C05069,Customer 5069,Female,49,Mangaluru,Karnataka,Loyal,Google Ads,2025-03-06
C05070,Customer 5070,Female,35,New Delhi,Delhi,New,Meta Ads,2025-01-10
C05071,Customer 5071,Male,31,Mysuru,Karnataka,New,Google Ads,2024-04-22
C05072,Customer 5072,Female,44,Mangaluru,Karnataka,Dormant,Google Ads,2025-01-05
C05073,Customer 5073,Male,25,New Delhi,Delhi,One-Time,Google Ads,2026-02-02
C05074,Customer 5074,Female,55,New Delhi,Delhi,One-Time,Google Ads,2026-06-03
C05075,Customer 5075,Female,29,Kochi,Kerala,New,Email,2024-02-29
C05076,Customer 5076,Male,51,Pune,Maharashtra,Dormant,Marketplace,2025-09-26
C05077,Customer 5077,Female,50,New Delhi,Delhi,New,Google Ads,2025-09-11
C05078,Customer 5078,Male,54,Nagpur,Maharashtra,Loyal,Influencer,2025-11-20
C05079,Customer 5079,Female,43,Bengaluru,Karnataka,New,Organic Search,2025-11-22
C05080,Customer 5080,Female,25,Jodhpur,Rajasthan,New,Google Ads,2025-08-25
C05081,Customer 5081,Male,20,Mumbai,Maharashtra,VIP,Meta Ads,2026-02-22
C05082,Customer 5082,Male,19,Ahmedabad,Gujarat,Loyal,Meta Ads,2024-09-02
C05083,Customer 5083,Female,24,Chennai,Tamil Nadu,VIP,Affiliate,2024-04-24
C05084,Customer 5084,Female,59,Warangal,Telangana,New,Organic Search,2024-11-21
C05085,Customer 5085,Female,23,Kochi,Kerala,Dormant,Meta Ads,2024-06-25
C05086,Customer 5086,Female,39,Chennai,Tamil Nadu,Loyal,Google Ads,2024-06-13
C05087,Customer 5087,Male,41,Noida,Uttar Pradesh,Dormant,Google Ads,2024-02-09
C05088,Customer 5088,Male,48,Coimbatore,Tamil Nadu,New,Organic Search,2025-05-02
C05089,Customer 5089,Female,23,Kochi,Kerala,One-Time,Google Ads,2026-01-11
C05090,Customer 5090,Female,21,Mysuru,Karnataka,One-Time,Email,2024-03-11
C05091,Customer 5091,Female,58,Coimbatore,Tamil Nadu,VIP,Organic Search,2025-08-17
C05092,Customer 5092,Female,51,Udaipur,Rajasthan,VIP,Organic Search,2026-03-24
C05093,Customer 5093,Male,47,Mysuru,Karnataka,Loyal,Google Ads,2025-03-07
C05094,Customer 5094,Female,22,Madurai,Tamil Nadu,New,Instagram,2024-06-25
C05095,Customer 5095,Male,51,Kochi,Kerala,New,Email,2025-08-28
C05096,Customer 5096,Male,55,Ahmedabad,Gujarat,New,Influencer,2024-07-11
C05097,Customer 5097,Male,58,Kolkata,West Bengal,At-Risk,Email,2024-04-26
C05098,Customer 5098,Male,20,Kolkata,West Bengal,One-Time,Instagram,2025-03-12
C05099,Customer 5099,Female,45,Kanpur,Uttar Pradesh,New,Google Ads,2024-01-14
C05100,Customer 5100,Male,21,Noida,Uttar Pradesh,One-Time,Organic Search,2024-10-14
C05101,Customer 5101,Male,34,Surat,Gujarat,New,Organic Search,2025-12-06
C05102,Customer 5102,Male,34,Mysuru,Karnataka,Dormant,Organic Search,2024-05-29
C05103,Customer 5103,Female,24,Hyderabad,Telangana,One-Time,Organic Search,2025-04-09
C05104,Customer 5104,Female,28,Surat,Gujarat,Dormant,Influencer,2026-06-06
C05105,Customer 5105,Female,62,Kanpur,Uttar Pradesh,VIP,Influencer,2024-07-15
C05106,Customer 5106,Female,65,Delhi,Delhi,Loyal,Meta Ads,2024-09-08
C05107,Customer 5107,Male,42,Pune,Maharashtra,Loyal,Meta Ads,2025-09-23
C05108,Customer 5108,Male,39,Mysuru,Karnataka,VIP,Marketplace,2025-10-27
C05109,Customer 5109,Male,64,New Delhi,Delhi,VIP,Organic Search,2025-03-14
C05110,Customer 5110,Male,40,Kanpur,Uttar Pradesh,New,Marketplace,2025-10-15
C05111,Customer 5111,Male,38,Nagpur,Maharashtra,Dormant,Email,2025-07-21
C05112,Customer 5112,Male,20,Surat,Gujarat,One-Time,Marketplace,2024-08-08
C05113,Customer 5113,Female,24,Udaipur,Rajasthan,One-Time,Google Ads,2026-01-10
C05114,Customer 5114,Male,41,Kochi,Kerala,One-Time,Organic Search,2024-09-06
C05115,Customer 5115,Female,33,Mumbai,Maharashtra,VIP,Email,2025-09-01
C05116,Customer 5116,Male,21,Kochi,Kerala,One-Time,Google Ads,2025-04-26
C05117,Customer 5117,Female,53,Vadodara,Gujarat,One-Time,Meta Ads,2025-04-27
C05118,Customer 5118,Male,48,Noida,Uttar Pradesh,New,Google Ads,2026-02-13
C05119,Customer 5119,Male,20,Warangal,Telangana,One-Time,Google Ads,2026-03-26
C05120,Customer 5120,Female,65,New Delhi,Delhi,New,Marketplace,2025-10-27
C05121,Customer 5121,Female,30,Howrah,West Bengal,At-Risk,Marketplace,2025-06-21
C05122,Customer 5122,Female,33,Bengaluru,Karnataka,One-Time,Marketplace,2024-09-29
C05123,Customer 5123,Male,26,Coimbatore,Tamil Nadu,Dormant,Marketplace,2025-10-10
C05124,Customer 5124,Female,56,Surat,Gujarat,VIP,Influencer,2024-02-08
C05125,Customer 5125,Female,63,Vadodara,Gujarat,VIP,Marketplace,2024-04-02
C05126,Customer 5126,Male,64,Nizamabad,Telangana,Dormant,Meta Ads,2025-06-30
C05127,Customer 5127,Male,22,Chennai,Tamil Nadu,New,Meta Ads,2024-09-02
C05128,Customer 5128,Male,64,Nagpur,Maharashtra,Loyal,Influencer,2025-03-04
C05129,Customer 5129,Female,20,Thiruvananthapuram,Kerala,New,Email,2026-04-27
C05130,Customer 5130,Female,53,Thiruvananthapuram,Kerala,New,Organic Search,2024-11-05
C05131,Customer 5131,Female,49,Mysuru,Karnataka,One-Time,Organic Search,2025-01-14
C05132,Customer 5132,Male,59,Mumbai,Maharashtra,VIP,Meta Ads,2025-08-04
C05133,Customer 5133,Male,43,Mumbai,Maharashtra,At-Risk,Meta Ads,2025-10-25
C05134,Customer 5134,Male,34,New Delhi,Delhi,One-Time,Organic Search,2026-05-06
C05135,Customer 5135,Male,49,Kanpur,Uttar Pradesh,VIP,Email,2024-10-13
C05136,Customer 5136,Female,46,New Delhi,Delhi,New,Meta Ads,2026-03-24
C05137,Customer 5137,Female,26,Warangal,Telangana,New,Organic Search,2024-07-17
C05138,Customer 5138,Male,49,Nizamabad,Telangana,New,Instagram,2025-08-22
C05139,Customer 5139,Female,51,Nagpur,Maharashtra,Loyal,Email,2024-03-12
C05140,Customer 5140,Male,28,Noida,Uttar Pradesh,Loyal,Organic Search,2026-05-13
C05141,Customer 5141,Male,48,Kolkata,West Bengal,One-Time,Instagram,2025-12-11
C05142,Customer 5142,Female,33,Vadodara,Gujarat,New,Marketplace,2024-12-22
C05143,Customer 5143,Male,43,Mangaluru,Karnataka,Loyal,Email,2026-03-21
C05144,Customer 5144,Male,35,Kozhikode,Kerala,At-Risk,Marketplace,2024-03-31
C05145,Customer 5145,Female,49,Mangaluru,Karnataka,New,Influencer,2024-11-23
C05146,Customer 5146,Female,21,Noida,Uttar Pradesh,VIP,Marketplace,2025-02-11
C05147,Customer 5147,Male,27,Kochi,Kerala,Loyal,Affiliate,2025-08-16
C05148,Customer 5148,Male,39,New Delhi,Delhi,Loyal,Organic Search,2025-08-17
C05149,Customer 5149,Female,50,Kozhikode,Kerala,New,Email,2024-02-17
C05150,Customer 5150,Female,55,Mysuru,Karnataka,Dormant,Email,2025-12-22
C05151,Customer 5151,Female,27,Kolkata,West Bengal,Loyal,Meta Ads,2024-05-09
C05152,Customer 5152,Male,49,Warangal,Telangana,One-Time,Meta Ads,2026-04-24
C05153,Customer 5153,Female,65,Delhi,Delhi,At-Risk,Google Ads,2025-01-03
C05154,Customer 5154,Male,48,Pune,Maharashtra,At-Risk,Organic Search,2025-04-10
C05155,Customer 5155,Female,20,Hyderabad,Telangana,VIP,Google Ads,2024-12-17
C05156,Customer 5156,Male,47,Nizamabad,Telangana,At-Risk,Organic Search,2024-12-01
C05157,Customer 5157,Female,36,Mysuru,Karnataka,New,Google Ads,2025-02-09
C05158,Customer 5158,Female,19,Ahmedabad,Gujarat,At-Risk,Google Ads,2024-09-10
C05159,Customer 5159,Male,37,New Delhi,Delhi,One-Time,Email,2026-03-25
C05160,Customer 5160,Male,18,Mysuru,Karnataka,At-Risk,Influencer,2025-06-30
C05161,Customer 5161,Male,23,Kozhikode,Kerala,One-Time,Meta Ads,2025-02-12
C05162,Customer 5162,Other,26,Kochi,Kerala,New,Marketplace,2025-09-15
C05163,Customer 5163,Female,28,Mumbai,Maharashtra,One-Time,Google Ads,2024-02-22
C05164,Customer 5164,Male,61,Chennai,Tamil Nadu,VIP,Email,2025-07-23
C05165,Customer 5165,Male,29,Kolkata,West Bengal,Loyal,Google Ads,2024-06-01
C05166,Customer 5166,Male,59,Jodhpur,Rajasthan,At-Risk,Meta Ads,2024-06-24
C05167,Customer 5167,Female,25,Chennai,Tamil Nadu,New,Google Ads,2025-08-15
C05168,Customer 5168,Male,45,Udaipur,Rajasthan,New,Google Ads,2025-02-05
C05169,Customer 5169,Male,33,Pune,Maharashtra,Loyal,Organic Search,2024-06-08
C05170,Customer 5170,Female,36,Mysuru,Karnataka,One-Time,Organic Search,2024-03-07
C05171,Customer 5171,Female,42,Jaipur,Rajasthan,VIP,Meta Ads,2025-07-02
C05172,Customer 5172,Female,64,Kolkata,West Bengal,Dormant,Marketplace,2025-04-13
C05173,Customer 5173,Female,51,Noida,Uttar Pradesh,Loyal,Organic Search,2024-08-01
C05174,Customer 5174,Male,21,Hyderabad,Telangana,One-Time,Meta Ads,2024-07-11
C05175,Customer 5175,Female,62,Pune,Maharashtra,Loyal,Instagram,2025-10-30
C05176,Customer 5176,Female,22,Warangal,Telangana,Dormant,Meta Ads,2026-03-11
C05177,Customer 5177,Male,40,Pune,Maharashtra,Loyal,Influencer,2026-04-23
C05178,Customer 5178,Female,47,Warangal,Telangana,At-Risk,Email,2025-12-28
C05179,Customer 5179,Male,44,Delhi,Delhi,One-Time,Google Ads,2024-08-01
C05180,Customer 5180,Male,44,Delhi,Delhi,VIP,Meta Ads,2025-10-20
C05181,Customer 5181,Male,51,Kolkata,West Bengal,New,Meta Ads,2024-12-13
C05182,Customer 5182,Female,65,Coimbatore,Tamil Nadu,VIP,Instagram,2024-04-11
C05183,Customer 5183,Male,28,Nizamabad,Telangana,At-Risk,Organic Search,2024-06-01
C05184,Customer 5184,Female,56,Howrah,West Bengal,Dormant,Marketplace,2025-02-06
C05185,Customer 5185,Female,18,Hyderabad,Telangana,New,Meta Ads,2024-09-09
C05186,Customer 5186,Female,63,Kanpur,Uttar Pradesh,At-Risk,Meta Ads,2024-06-11
C05187,Customer 5187,Male,37,Nizamabad,Telangana,New,Google Ads,2025-11-24
C05188,Customer 5188,Female,52,Surat,Gujarat,Loyal,Instagram,2024-02-09
C05189,Customer 5189,Female,30,Kozhikode,Kerala,VIP,Organic Search,2026-05-09
C05190,Customer 5190,Male,62,Surat,Gujarat,Loyal,Marketplace,2024-12-28
C05191,Customer 5191,Male,43,Vadodara,Gujarat,One-Time,Organic Search,2024-10-21
C05192,Customer 5192,Male,50,Howrah,West Bengal,VIP,Google Ads,2024-10-09
C05193,Customer 5193,Female,28,Nagpur,Maharashtra,Loyal,Marketplace,2025-08-29
C05194,Customer 5194,Male,43,Howrah,West Bengal,Loyal,Influencer,2026-04-06
C05195,Customer 5195,Female,54,Kanpur,Uttar Pradesh,Loyal,Meta Ads,2024-08-30
C05196,Customer 5196,Female,45,Thiruvananthapuram,Kerala,VIP,Marketplace,2026-04-13
C05197,Customer 5197,Female,26,Coimbatore,Tamil Nadu,One-Time,Organic Search,2026-03-28
C05198,Customer 5198,Female,61,Mysuru,Karnataka,New,Affiliate,2026-04-21
C05199,Customer 5199,Female,29,Udaipur,Rajasthan,Loyal,Instagram,2025-07-09
C05200,Customer 5200,Male,23,Surat,Gujarat,VIP,Meta Ads,2024-01-13
C05201,Customer 5201,Female,48,Bengaluru,Karnataka,One-Time,Affiliate,2024-10-06
C05202,Customer 5202,Female,45,Nagpur,Maharashtra,New,Email,2025-04-11
C05203,Customer 5203,Female,40,Nagpur,Maharashtra,Dormant,Marketplace,2025-12-17
C05204,Customer 5204,Female,36,Delhi,Delhi,At-Risk,Google Ads,2024-01-17
C05205,Customer 5205,Male,18,Mumbai,Maharashtra,Loyal,Meta Ads,2025-06-07
C05206,Customer 5206,Female,49,Nizamabad,Telangana,At-Risk,Organic Search,2025-06-28
C05207,Customer 5207,Male,28,Nizamabad,Telangana,Dormant,Organic Search,2024-02-07
C05208,Customer 5208,Female,46,Kochi,Kerala,Loyal,Instagram,2025-04-02
C05209,Customer 5209,Female,61,Hyderabad,Telangana,New,Organic Search,2025-01-10
C05210,Customer 5210,Female,37,Hyderabad,Telangana,Loyal,Organic Search,2025-01-22
C05211,Customer 5211,Female,45,Delhi,Delhi,Dormant,Organic Search,2025-11-02
C05212,Customer 5212,Male,51,Mangaluru,Karnataka,VIP,Meta Ads,2024-02-17
C05213,Customer 5213,Female,45,Thiruvananthapuram,Kerala,New,Organic Search,2025-11-06
C05214,Customer 5214,Other,43,Thiruvananthapuram,Kerala,Dormant,Email,2024-04-04
C05215,Customer 5215,Male,39,Coimbatore,Tamil Nadu,VIP,Affiliate,2025-09-30
C05216,Customer 5216,Female,26,Madurai,Tamil Nadu,One-Time,Organic Search,2024-10-08
C05217,Customer 5217,Other,50,Chennai,Tamil Nadu,Dormant,Email,2025-04-13
C05218,Customer 5218,Female,48,Hyderabad,Telangana,VIP,Google Ads,2024-08-05
C05219,Customer 5219,Male,37,Bengaluru,Karnataka,At-Risk,Google Ads,2026-06-04
C05220,Customer 5220,Female,19,Nagpur,Maharashtra,Dormant,Meta Ads,2024-06-09
C05221,Customer 5221,Male,18,Warangal,Telangana,New,Organic Search,2025-01-04
C05222,Customer 5222,Female,57,Vadodara,Gujarat,At-Risk,Affiliate,2026-02-05
C05223,Customer 5223,Male,23,Nizamabad,Telangana,One-Time,Marketplace,2024-12-07
C05224,Customer 5224,Female,61,Hyderabad,Telangana,At-Risk,Organic Search,2024-01-26
C05225,Customer 5225,Male,20,Delhi,Delhi,At-Risk,Organic Search,2024-06-29
C05226,Customer 5226,Male,21,Chennai,Tamil Nadu,At-Risk,Organic Search,2024-07-15
C05227,Customer 5227,Female,28,Nagpur,Maharashtra,At-Risk,Instagram,2024-03-13
C05228,Customer 5228,Male,30,Nizamabad,Telangana,At-Risk,Organic Search,2026-04-05
C05229,Customer 5229,Male,33,Nagpur,Maharashtra,One-Time,Instagram,2026-01-14
C05230,Customer 5230,Male,24,Mumbai,Maharashtra,One-Time,Instagram,2026-02-23
C05231,Customer 5231,Female,23,Kanpur,Uttar Pradesh,New,Marketplace,2025-05-10
C05232,Customer 5232,Male,55,Kozhikode,Kerala,At-Risk,Organic Search,2024-11-15
C05233,Customer 5233,Male,62,Chennai,Tamil Nadu,Loyal,Google Ads,2026-02-09
C05234,Customer 5234,Female,21,Coimbatore,Tamil Nadu,Loyal,Email,2025-12-24
C05235,Customer 5235,Male,47,Udaipur,Rajasthan,New,Marketplace,2025-10-15
C05236,Customer 5236,Other,43,Kolkata,West Bengal,Loyal,Google Ads,2024-05-17
C05237,Customer 5237,Male,51,Pune,Maharashtra,Loyal,Marketplace,2026-01-28
C05238,Customer 5238,Male,36,Hyderabad,Telangana,Dormant,Marketplace,2025-07-30
C05239,Customer 5239,Male,28,Coimbatore,Tamil Nadu,At-Risk,Organic Search,2025-09-21
C05240,Customer 5240,Female,54,Vadodara,Gujarat,Loyal,Meta Ads,2026-03-05
C05241,Customer 5241,Male,49,Pune,Maharashtra,At-Risk,Google Ads,2024-08-28
C05242,Customer 5242,Male,48,Mangaluru,Karnataka,New,Google Ads,2025-02-28
C05243,Customer 5243,Female,25,Mangaluru,Karnataka,New,Instagram,2024-11-01
C05244,Customer 5244,Female,44,Mangaluru,Karnataka,Loyal,Affiliate,2024-05-30
C05245,Customer 5245,Female,62,New Delhi,Delhi,VIP,Marketplace,2025-04-03
C05246,Customer 5246,Male,42,Howrah,West Bengal,New,Google Ads,2025-06-04
C05247,Customer 5247,Male,60,New Delhi,Delhi,New,Email,2024-08-29
C05248,Customer 5248,Male,55,Pune,Maharashtra,Loyal,Email,2025-11-04
C05249,Customer 5249,Female,36,Hyderabad,Telangana,New,Instagram,2024-09-28
C05250,Customer 5250,Female,40,Kanpur,Uttar Pradesh,One-Time,Email,2026-02-18
C05251,Customer 5251,Female,32,Delhi,Delhi,Loyal,Marketplace,2025-10-25
C05252,Customer 5252,Male,38,Warangal,Telangana,Dormant,Instagram,2024-12-07
C05253,Customer 5253,Male,26,Mysuru,Karnataka,One-Time,Google Ads,2025-10-23
C05254,Customer 5254,Male,19,Noida,Uttar Pradesh,New,Organic Search,2024-09-12
C05255,Customer 5255,Female,53,Udaipur,Rajasthan,New,Google Ads,2025-06-21
C05256,Customer 5256,Male,30,Lucknow,Uttar Pradesh,New,Marketplace,2025-09-09
C05257,Customer 5257,Male,60,Vadodara,Gujarat,VIP,Marketplace,2024-06-30
C05258,Customer 5258,Male,35,Chennai,Tamil Nadu,Loyal,Google Ads,2024-08-12
C05259,Customer 5259,Male,49,Chennai,Tamil Nadu,New,Email,2024-04-22
C05260,Customer 5260,Male,45,Nagpur,Maharashtra,Dormant,Affiliate,2024-08-06
C05261,Customer 5261,Male,30,Howrah,West Bengal,At-Risk,Email,2025-09-20
C05262,Customer 5262,Female,50,Surat,Gujarat,New,Email,2024-06-13
C05263,Customer 5263,Male,39,Pune,Maharashtra,One-Time,Marketplace,2026-03-08
C05264,Customer 5264,Male,64,Kanpur,Uttar Pradesh,At-Risk,Meta Ads,2024-11-26
C05265,Customer 5265,Male,36,Madurai,Tamil Nadu,VIP,Email,2024-09-27
C05266,Customer 5266,Female,31,Nizamabad,Telangana,Dormant,Google Ads,2025-01-30
C05267,Customer 5267,Male,19,Mangaluru,Karnataka,New,Meta Ads,2025-07-25
C05268,Customer 5268,Female,44,Noida,Uttar Pradesh,At-Risk,Influencer,2025-10-14
C05269,Customer 5269,Male,42,Kochi,Kerala,New,Organic Search,2025-08-30
C05270,Customer 5270,Male,54,New Delhi,Delhi,One-Time,Organic Search,2024-04-06
C05271,Customer 5271,Female,26,Thiruvananthapuram,Kerala,VIP,Google Ads,2026-02-24
C05272,Customer 5272,Male,32,Noida,Uttar Pradesh,VIP,Influencer,2025-01-18
C05273,Customer 5273,Male,29,Kanpur,Uttar Pradesh,New,Meta Ads,2026-02-13
C05274,Customer 5274,Male,44,Lucknow,Uttar Pradesh,New,Email,2025-08-15
C05275,Customer 5275,Female,31,Madurai,Tamil Nadu,At-Risk,Meta Ads,2024-03-05
C05276,Customer 5276,Male,38,Udaipur,Rajasthan,New,Email,2025-05-05
C05277,Customer 5277,Other,62,Vadodara,Gujarat,One-Time,Organic Search,2026-01-18
C05278,Customer 5278,Male,37,Jodhpur,Rajasthan,New,Meta Ads,2025-12-10
C05279,Customer 5279,Female,64,Mumbai,Maharashtra,New,Email,2025-10-14
C05280,Customer 5280,Male,21,Jodhpur,Rajasthan,At-Risk,Instagram,2026-03-14
C05281,Customer 5281,Female,39,Thiruvananthapuram,Kerala,New,Organic Search,2025-05-22
C05282,Customer 5282,Male,19,Mysuru,Karnataka,Loyal,Email,2024-07-10
C05283,Customer 5283,Female,44,Thiruvananthapuram,Kerala,VIP,Influencer,2024-01-03
C05284,Customer 5284,Female,32,Coimbatore,Tamil Nadu,New,Google Ads,2026-03-28
C05285,Customer 5285,Female,26,Pune,Maharashtra,Loyal,Google Ads,2025-08-06
C05286,Customer 5286,Male,61,Mumbai,Maharashtra,One-Time,Meta Ads,2026-03-07
C05287,Customer 5287,Male,49,Noida,Uttar Pradesh,At-Risk,Google Ads,2025-12-15
C05288,Customer 5288,Male,27,Ahmedabad,Gujarat,At-Risk,Email,2024-11-23
C05289,Customer 5289,Female,52,Mysuru,Karnataka,At-Risk,Meta Ads,2024-05-31
C05290,Customer 5290,Female,21,Surat,Gujarat,One-Time,Google Ads,2026-01-01
C05291,Customer 5291,Female,42,Mangaluru,Karnataka,At-Risk,Meta Ads,2026-02-08
C05292,Customer 5292,Male,47,Madurai,Tamil Nadu,Loyal,Email,2025-04-08
C05293,Customer 5293,Female,24,Noida,Uttar Pradesh,One-Time,Organic Search,2024-08-11
C05294,Customer 5294,Male,64,Kolkata,West Bengal,New,Instagram,2025-12-30
C05295,Customer 5295,Female,22,Kanpur,Uttar Pradesh,New,Marketplace,2026-01-25
C05296,Customer 5296,Male,20,Ahmedabad,Gujarat,One-Time,Meta Ads,2025-11-04
C05297,Customer 5297,Female,41,Kochi,Kerala,One-Time,Email,2025-04-18
C05298,Customer 5298,Female,53,Bengaluru,Karnataka,Dormant,Meta Ads,2026-05-16
C05299,Customer 5299,Female,44,Mangaluru,Karnataka,Dormant,Affiliate,2026-05-01
C05300,Customer 5300,Female,23,Warangal,Telangana,New,Meta Ads,2024-07-17
C05301,Customer 5301,Female,22,Ahmedabad,Gujarat,Dormant,Marketplace,2024-10-08
C05302,Customer 5302,Male,24,Ahmedabad,Gujarat,VIP,Organic Search,2025-10-24
C05303,Customer 5303,Male,65,Jodhpur,Rajasthan,Loyal,Email,2024-05-18
C05304,Customer 5304,Female,62,Mangaluru,Karnataka,Dormant,Email,2024-01-13
C05305,Customer 5305,Male,21,Warangal,Telangana,VIP,Instagram,2025-04-08
C05306,Customer 5306,Female,51,Kolkata,West Bengal,Loyal,Google Ads,2026-04-09
C05307,Customer 5307,Male,57,Thiruvananthapuram,Kerala,New,Marketplace,2026-03-01
C05308,Customer 5308,Female,44,Mysuru,Karnataka,New,Affiliate,2024-06-28
C05309,Customer 5309,Female,25,Mumbai,Maharashtra,Dormant,Google Ads,2024-07-22
C05310,Customer 5310,Male,25,Bengaluru,Karnataka,New,Google Ads,2024-12-02
C05311,Customer 5311,Female,51,Chennai,Tamil Nadu,New,Meta Ads,2026-04-13
C05312,Customer 5312,Female,44,Mysuru,Karnataka,One-Time,Affiliate,2026-01-28
C05313,Customer 5313,Male,26,Bengaluru,Karnataka,Loyal,Email,2026-03-26
C05314,Customer 5314,Male,20,Kolkata,West Bengal,One-Time,Organic Search,2025-03-05
C05315,Customer 5315,Male,38,Bengaluru,Karnataka,Dormant,Google Ads,2024-03-11
C05316,Customer 5316,Male,36,Madurai,Tamil Nadu,One-Time,Marketplace,2025-08-20
C05317,Customer 5317,Female,65,Warangal,Telangana,At-Risk,Google Ads,2026-03-22
C05318,Customer 5318,Male,51,Kozhikode,Kerala,Loyal,Meta Ads,2024-11-21
C05319,Customer 5319,Male,38,Coimbatore,Tamil Nadu,Loyal,Marketplace,2024-08-04
C05320,Customer 5320,Female,45,Bengaluru,Karnataka,New,Organic Search,2025-05-14
C05321,Customer 5321,Female,42,Hyderabad,Telangana,One-Time,Email,2024-08-04
C05322,Customer 5322,Male,50,Howrah,West Bengal,At-Risk,Influencer,2026-01-30
C05323,Customer 5323,Male,45,Noida,Uttar Pradesh,At-Risk,Google Ads,2024-12-27
C05324,Customer 5324,Female,23,Hyderabad,Telangana,Loyal,Google Ads,2026-03-14
C05325,Customer 5325,Male,43,Pune,Maharashtra,Dormant,Google Ads,2025-06-26
C05326,Customer 5326,Female,54,Pune,Maharashtra,At-Risk,Meta Ads,2025-02-14
C05327,Customer 5327,Female,61,Ahmedabad,Gujarat,New,Organic Search,2025-02-13
C05328,Customer 5328,Male,63,Kozhikode,Kerala,Loyal,Email,2025-10-10
C05329,Customer 5329,Female,50,Chennai,Tamil Nadu,At-Risk,Instagram,2024-08-08
C05330,Customer 5330,Female,61,Bengaluru,Karnataka,At-Risk,Affiliate,2025-02-24
C05331,Customer 5331,Male,18,Kanpur,Uttar Pradesh,New,Meta Ads,2026-02-16
C05332,Customer 5332,Female,22,Jodhpur,Rajasthan,New,Google Ads,2026-04-25
C05333,Customer 5333,Male,27,Bengaluru,Karnataka,One-Time,Instagram,2024-02-08
C05334,Customer 5334,Male,22,Mumbai,Maharashtra,One-Time,Affiliate,2025-10-16
C05335,Customer 5335,Male,49,Coimbatore,Tamil Nadu,New,Email,2026-01-27
C05336,Customer 5336,Male,42,Kanpur,Uttar Pradesh,Loyal,Marketplace,2025-01-23
C05337,Customer 5337,Male,44,Jaipur,Rajasthan,Loyal,Influencer,2024-07-28
C05338,Customer 5338,Male,43,Kolkata,West Bengal,New,Affiliate,2025-03-24
C05339,Customer 5339,Male,41,Noida,Uttar Pradesh,Loyal,Affiliate,2026-03-22
C05340,Customer 5340,Female,59,Mangaluru,Karnataka,New,Organic Search,2024-06-13
C05341,Customer 5341,Male,27,Mangaluru,Karnataka,One-Time,Marketplace,2024-10-12
C05342,Customer 5342,Female,35,Hyderabad,Telangana,At-Risk,Organic Search,2026-04-26
C05343,Customer 5343,Female,22,Noida,Uttar Pradesh,At-Risk,Instagram,2025-08-18
C05344,Customer 5344,Male,42,Vadodara,Gujarat,New,Meta Ads,2024-08-17
C05345,Customer 5345,Female,34,Mysuru,Karnataka,At-Risk,Affiliate,2025-09-02
C05346,Customer 5346,Female,27,Hyderabad,Telangana,At-Risk,Instagram,2024-06-12
C05347,Customer 5347,Male,44,Jaipur,Rajasthan,Loyal,Affiliate,2025-10-10
C05348,Customer 5348,Female,63,Jodhpur,Rajasthan,Dormant,Marketplace,2025-02-10
C05349,Customer 5349,Male,54,Howrah,West Bengal,New,Instagram,2026-03-06
C05350,Customer 5350,Male,23,Mumbai,Maharashtra,New,Meta Ads,2025-10-15
C05351,Customer 5351,Male,34,Kochi,Kerala,At-Risk,Google Ads,2024-04-18
C05352,Customer 5352,Female,61,Jaipur,Rajasthan,Loyal,Email,2025-09-06
C05353,Customer 5353,Male,28,Kolkata,West Bengal,One-Time,Organic Search,2025-08-16
C05354,Customer 5354,Female,60,Kolkata,West Bengal,New,Meta Ads,2024-08-17
C05355,Customer 5355,Male,60,Kochi,Kerala,New,Email,2025-04-09
C05356,Customer 5356,Female,20,Thiruvananthapuram,Kerala,New,Email,2024-08-26
C05357,Customer 5357,Female,65,Vadodara,Gujarat,New,Meta Ads,2025-10-27
C05358,Customer 5358,Female,55,Chennai,Tamil Nadu,Dormant,Google Ads,2024-07-31
C05359,Customer 5359,Other,41,Coimbatore,Tamil Nadu,One-Time,Meta Ads,2025-01-02
C05360,Customer 5360,Female,34,Noida,Uttar Pradesh,At-Risk,Affiliate,2025-06-26
C05361,Customer 5361,Female,40,Howrah,West Bengal,New,Meta Ads,2024-02-12
C05362,Customer 5362,Female,28,Nizamabad,Telangana,One-Time,Google Ads,2026-05-11
C05363,Customer 5363,Male,55,Nagpur,Maharashtra,Dormant,Instagram,2024-02-07
C05364,Customer 5364,Male,37,Kochi,Kerala,New,Organic Search,2026-03-11
C05365,Customer 5365,Female,39,Kanpur,Uttar Pradesh,One-Time,Organic Search,2025-08-09
C05366,Customer 5366,Female,62,Kochi,Kerala,At-Risk,Instagram,2025-03-30
C05367,Customer 5367,Female,20,Madurai,Tamil Nadu,New,Organic Search,2025-03-15
C05368,Customer 5368,Male,37,Lucknow,Uttar Pradesh,New,Organic Search,2024-12-06
C05369,Customer 5369,Male,47,Lucknow,Uttar Pradesh,Dormant,Marketplace,2025-10-09
C05370,Customer 5370,Male,29,Bengaluru,Karnataka,One-Time,Organic Search,2024-12-22
C05371,Customer 5371,Male,26,Mumbai,Maharashtra,Loyal,Organic Search,2025-04-18
C05372,Customer 5372,Female,43,Thiruvananthapuram,Kerala,New,Google Ads,2025-12-26
C05373,Customer 5373,Male,26,Warangal,Telangana,New,Instagram,2025-08-09
C05374,Customer 5374,Male,37,Vadodara,Gujarat,Loyal,Marketplace,2025-08-08
C05375,Customer 5375,Male,22,Kolkata,West Bengal,Loyal,Google Ads,2025-05-27
C05376,Customer 5376,Female,18,Kolkata,West Bengal,One-Time,Meta Ads,2024-02-07
C05377,Customer 5377,Male,53,Bengaluru,Karnataka,At-Risk,Organic Search,2024-03-02
C05378,Customer 5378,Male,26,Jaipur,Rajasthan,At-Risk,Marketplace,2024-03-09
C05379,Customer 5379,Female,19,Nagpur,Maharashtra,Loyal,Google Ads,2024-09-01
C05380,Customer 5380,Female,18,Noida,Uttar Pradesh,Loyal,Influencer,2025-03-09
C05381,Customer 5381,Male,45,Mumbai,Maharashtra,Loyal,Meta Ads,2024-08-03
C05382,Customer 5382,Male,43,Jaipur,Rajasthan,VIP,Influencer,2025-04-24
C05383,Customer 5383,Female,45,Kanpur,Uttar Pradesh,New,Marketplace,2026-02-26
C05384,Customer 5384,Male,48,Pune,Maharashtra,At-Risk,Affiliate,2026-05-14
C05385,Customer 5385,Female,49,Mumbai,Maharashtra,Loyal,Marketplace,2025-08-14
C05386,Customer 5386,Female,52,Kanpur,Uttar Pradesh,Dormant,Marketplace,2024-05-06
C05387,Customer 5387,Female,58,Hyderabad,Telangana,Dormant,Marketplace,2025-11-01
C05388,Customer 5388,Male,27,Mumbai,Maharashtra,New,Email,2025-12-27
C05389,Customer 5389,Female,22,Delhi,Delhi,One-Time,Email,2025-12-06
C05390,Customer 5390,Male,56,Thiruvananthapuram,Kerala,Loyal,Google Ads,2026-03-16
C05391,Customer 5391,Female,21,Ahmedabad,Gujarat,Loyal,Meta Ads,2024-01-05
C05392,Customer 5392,Female,37,Madurai,Tamil Nadu,At-Risk,Organic Search,2024-12-05
C05393,Customer 5393,Female,47,Kochi,Kerala,New,Google Ads,2025-06-15
C05394,Customer 5394,Female,20,Delhi,Delhi,Loyal,Marketplace,2024-05-25
C05395,Customer 5395,Female,64,Coimbatore,Tamil Nadu,Dormant,Meta Ads,2024-12-23
C05396,Customer 5396,Female,62,Madurai,Tamil Nadu,Dormant,Google Ads,2024-08-09
C05397,Customer 5397,Male,58,Mangaluru,Karnataka,New,Meta Ads,2024-07-14
C05398,Customer 5398,Male,51,Mangaluru,Karnataka,Dormant,Google Ads,2025-08-19
C05399,Customer 5399,Other,56,Howrah,West Bengal,New,Google Ads,2025-08-22
C05400,Customer 5400,Male,45,Warangal,Telangana,Loyal,Organic Search,2024-03-03
C05401,Customer 5401,Female,54,Kolkata,West Bengal,New,Meta Ads,2025-09-06
C05402,Customer 5402,Female,19,Pune,Maharashtra,Loyal,Affiliate,2026-03-08
C05403,Customer 5403,Female,27,Coimbatore,Tamil Nadu,New,Instagram,2024-02-06
C05404,Customer 5404,Male,18,Nagpur,Maharashtra,New,Organic Search,2025-11-11
C05405,Customer 5405,Female,23,Ahmedabad,Gujarat,One-Time,Organic Search,2025-09-24
C05406,Customer 5406,Male,45,Udaipur,Rajasthan,Dormant,Google Ads,2025-12-16
C05407,Customer 5407,Male,54,Coimbatore,Tamil Nadu,Loyal,Google Ads,2026-05-17
C05408,Customer 5408,Male,60,Nagpur,Maharashtra,VIP,Influencer,2025-10-28
C05409,Customer 5409,Male,25,Pune,Maharashtra,Loyal,Organic Search,2024-11-19
C05410,Customer 5410,Female,49,Noida,Uttar Pradesh,One-Time,Google Ads,2024-04-25
C05411,Customer 5411,Female,53,Bengaluru,Karnataka,New,Organic Search,2026-03-25
C05412,Customer 5412,Female,18,Kanpur,Uttar Pradesh,New,Meta Ads,2025-10-19
C05413,Customer 5413,Male,33,Bengaluru,Karnataka,Loyal,Google Ads,2025-02-05
C05414,Customer 5414,Male,48,Mumbai,Maharashtra,Dormant,Meta Ads,2025-06-23
C05415,Customer 5415,Female,24,Jodhpur,Rajasthan,New,Organic Search,2025-04-24
C05416,Customer 5416,Male,34,New Delhi,Delhi,VIP,Instagram,2024-02-15
C05417,Customer 5417,Female,40,Nizamabad,Telangana,At-Risk,Email,2024-08-16
C05418,Customer 5418,Female,23,Thiruvananthapuram,Kerala,Dormant,Google Ads,2024-09-13
C05419,Customer 5419,Male,21,Mumbai,Maharashtra,One-Time,Google Ads,2025-07-11
C05420,Customer 5420,Female,56,Chennai,Tamil Nadu,Dormant,Meta Ads,2025-01-15
C05421,Customer 5421,Female,22,Chennai,Tamil Nadu,Loyal,Email,2025-01-15
C05422,Customer 5422,Male,45,Delhi,Delhi,Loyal,Influencer,2025-05-03
C05423,Customer 5423,Female,38,Noida,Uttar Pradesh,At-Risk,Affiliate,2026-03-12
C05424,Customer 5424,Female,52,Hyderabad,Telangana,New,Google Ads,2024-06-11
C05425,Customer 5425,Female,60,Kozhikode,Kerala,At-Risk,Google Ads,2024-04-12
C05426,Customer 5426,Male,25,Howrah,West Bengal,Loyal,Meta Ads,2025-04-19
C05427,Customer 5427,Other,63,Thiruvananthapuram,Kerala,At-Risk,Influencer,2026-02-09
C05428,Customer 5428,Male,23,Noida,Uttar Pradesh,At-Risk,Email,2026-05-11
C05429,Customer 5429,Male,60,Thiruvananthapuram,Kerala,Loyal,Affiliate,2024-10-26
C05430,Customer 5430,Male,42,Ahmedabad,Gujarat,New,Instagram,2024-11-15
C05431,Customer 5431,Male,20,Madurai,Tamil Nadu,One-Time,Organic Search,2026-01-18
C05432,Customer 5432,Male,43,Chennai,Tamil Nadu,At-Risk,Organic Search,2024-05-16
C05433,Customer 5433,Female,60,Kolkata,West Bengal,Loyal,Organic Search,2024-11-22
C05434,Customer 5434,Female,45,Coimbatore,Tamil Nadu,At-Risk,Email,2025-02-25
C05435,Customer 5435,Female,22,Udaipur,Rajasthan,One-Time,Meta Ads,2024-09-23
C05436,Customer 5436,Other,53,Nizamabad,Telangana,Loyal,Instagram,2025-02-09
C05437,Customer 5437,Male,58,Lucknow,Uttar Pradesh,At-Risk,Marketplace,2026-06-08
C05438,Customer 5438,Male,49,Pune,Maharashtra,At-Risk,Meta Ads,2026-04-05
C05439,Customer 5439,Female,37,Thiruvananthapuram,Kerala,One-Time,Organic Search,2024-12-10
C05440,Customer 5440,Female,50,Mumbai,Maharashtra,New,Marketplace,2025-02-20
C05441,Customer 5441,Other,34,Nagpur,Maharashtra,At-Risk,Organic Search,2026-04-12
C05442,Customer 5442,Female,26,Lucknow,Uttar Pradesh,At-Risk,Email,2024-08-06
C05443,Customer 5443,Male,59,Lucknow,Uttar Pradesh,Loyal,Google Ads,2025-05-28
C05444,Customer 5444,Female,38,Jaipur,Rajasthan,Loyal,Organic Search,2024-07-21
C05445,Customer 5445,Male,54,Kozhikode,Kerala,New,Marketplace,2025-07-24
C05446,Customer 5446,Female,46,Bengaluru,Karnataka,One-Time,Marketplace,2024-02-01
C05447,Customer 5447,Male,60,Kanpur,Uttar Pradesh,New,Meta Ads,2024-07-11
C05448,Customer 5448,Female,42,Madurai,Tamil Nadu,New,Marketplace,2025-10-29
C05449,Customer 5449,Female,32,Ahmedabad,Gujarat,At-Risk,Instagram,2025-09-16
C05450,Customer 5450,Male,32,Chennai,Tamil Nadu,One-Time,Organic Search,2024-08-29
C05451,Customer 5451,Female,42,Nizamabad,Telangana,At-Risk,Meta Ads,2024-07-02
C05452,Customer 5452,Female,63,Ahmedabad,Gujarat,Loyal,Meta Ads,2025-12-10
C05453,Customer 5453,Male,27,Jodhpur,Rajasthan,New,Organic Search,2026-06-01
C05454,Customer 5454,Female,24,Nagpur,Maharashtra,One-Time,Email,2025-05-10
C05455,Customer 5455,Female,30,Kochi,Kerala,New,Marketplace,2025-10-11
C05456,Customer 5456,Female,64,Surat,Gujarat,VIP,Meta Ads,2025-10-02
C05457,Customer 5457,Male,47,Pune,Maharashtra,Dormant,Influencer,2026-03-22
C05458,Customer 5458,Female,55,Kolkata,West Bengal,At-Risk,Email,2024-07-01
C05459,Customer 5459,Male,45,Nagpur,Maharashtra,At-Risk,Google Ads,2025-05-26
C05460,Customer 5460,Male,46,Warangal,Telangana,At-Risk,Meta Ads,2024-05-19
C05461,Customer 5461,Female,48,Kolkata,West Bengal,At-Risk,Organic Search,2024-10-26
C05462,Customer 5462,Male,24,Nagpur,Maharashtra,Loyal,Affiliate,2025-01-11
C05463,Customer 5463,Male,48,Warangal,Telangana,VIP,Google Ads,2026-04-19
C05464,Customer 5464,Male,45,Jaipur,Rajasthan,One-Time,Instagram,2024-11-17
C05465,Customer 5465,Female,57,Warangal,Telangana,New,Email,2024-01-24
C05466,Customer 5466,Male,22,Lucknow,Uttar Pradesh,VIP,Organic Search,2025-03-31
C05467,Customer 5467,Female,42,Noida,Uttar Pradesh,VIP,Organic Search,2025-01-17
C05468,Customer 5468,Female,62,Nagpur,Maharashtra,New,Influencer,2025-11-04
C05469,Customer 5469,Female,57,New Delhi,Delhi,Dormant,Meta Ads,2024-01-03
C05470,Customer 5470,Male,31,Nizamabad,Telangana,New,Google Ads,2026-03-28
C05471,Customer 5471,Female,52,Howrah,West Bengal,VIP,Meta Ads,2025-10-28
C05472,Customer 5472,Male,37,Nizamabad,Telangana,Dormant,Marketplace,2025-06-18
C05473,Customer 5473,Male,56,Thiruvananthapuram,Kerala,One-Time,Email,2026-02-12
C05474,Customer 5474,Female,48,Mumbai,Maharashtra,Dormant,Meta Ads,2024-07-22
C05475,Customer 5475,Female,41,Kolkata,West Bengal,At-Risk,Affiliate,2024-12-26
C05476,Customer 5476,Female,18,Nagpur,Maharashtra,VIP,Organic Search,2024-09-22
C05477,Customer 5477,Male,54,Pune,Maharashtra,Dormant,Instagram,2024-09-04
C05478,Customer 5478,Male,44,New Delhi,Delhi,Loyal,Google Ads,2026-03-26
C05479,Customer 5479,Female,43,Vadodara,Gujarat,Loyal,Affiliate,2026-03-24
C05480,Customer 5480,Male,52,Kozhikode,Kerala,Loyal,Organic Search,2024-07-07
C05481,Customer 5481,Female,61,Nizamabad,Telangana,One-Time,Meta Ads,2024-08-12
C05482,Customer 5482,Male,27,Nizamabad,Telangana,One-Time,Meta Ads,2024-03-26
C05483,Customer 5483,Female,61,Madurai,Tamil Nadu,New,Meta Ads,2024-05-18
C05484,Customer 5484,Male,25,Chennai,Tamil Nadu,One-Time,Organic Search,2026-04-09
C05485,Customer 5485,Female,48,Lucknow,Uttar Pradesh,At-Risk,Meta Ads,2024-06-21
C05486,Customer 5486,Female,41,Kochi,Kerala,Dormant,Meta Ads,2024-01-24
C05487,Customer 5487,Male,54,Noida,Uttar Pradesh,Dormant,Instagram,2026-02-26
C05488,Customer 5488,Male,43,Pune,Maharashtra,New,Marketplace,2025-11-05
C05489,Customer 5489,Female,45,Madurai,Tamil Nadu,Loyal,Email,2025-10-02
C05490,Customer 5490,Female,39,Udaipur,Rajasthan,Loyal,Instagram,2024-05-11
C05491,Customer 5491,Female,49,Mangaluru,Karnataka,New,Email,2024-01-18
C05492,Customer 5492,Female,32,Kolkata,West Bengal,Loyal,Organic Search,2025-08-22
C05493,Customer 5493,Male,31,Nagpur,Maharashtra,One-Time,Marketplace,2025-05-15
C05494,Customer 5494,Male,37,Mangaluru,Karnataka,Dormant,Marketplace,2024-06-16
C05495,Customer 5495,Female,27,Kanpur,Uttar Pradesh,One-Time,Email,2025-02-12
C05496,Customer 5496,Female,32,Mysuru,Karnataka,At-Risk,Email,2026-03-18
C05497,Customer 5497,Male,21,Kozhikode,Kerala,At-Risk,Meta Ads,2026-03-25
C05498,Customer 5498,Male,29,Mysuru,Karnataka,VIP,Affiliate,2024-02-14
C05499,Customer 5499,Male,37,Hyderabad,Telangana,New,Organic Search,2024-01-31
C05500,Customer 5500,Male,40,Mysuru,Karnataka,One-Time,Instagram,2024-10-01
C05501,Customer 5501,Female,48,Mumbai,Maharashtra,Dormant,Email,2025-11-05
C05502,Customer 5502,Male,36,Delhi,Delhi,New,Meta Ads,2025-12-05
C05503,Customer 5503,Male,47,Mumbai,Maharashtra,New,Organic Search,2025-04-16
C05504,Customer 5504,Male,38,Kolkata,West Bengal,Dormant,Meta Ads,2025-05-25
C05505,Customer 5505,Female,39,Noida,Uttar Pradesh,At-Risk,Meta Ads,2025-02-28
C05506,Customer 5506,Male,18,Coimbatore,Tamil Nadu,VIP,Google Ads,2025-01-14
C05507,Customer 5507,Female,55,Pune,Maharashtra,New,Meta Ads,2024-04-22
C05508,Customer 5508,Female,51,Chennai,Tamil Nadu,Loyal,Meta Ads,2025-01-26
C05509,Customer 5509,Female,20,Noida,Uttar Pradesh,At-Risk,Organic Search,2026-06-05
C05510,Customer 5510,Male,20,Vadodara,Gujarat,One-Time,Organic Search,2025-03-28
C05511,Customer 5511,Male,53,Hyderabad,Telangana,New,Email,2025-06-19
C05512,Customer 5512,Female,27,Vadodara,Gujarat,New,Instagram,2026-06-14
C05513,Customer 5513,Female,61,New Delhi,Delhi,Loyal,Marketplace,2024-01-26
C05514,Customer 5514,Female,56,Bengaluru,Karnataka,One-Time,Marketplace,2025-08-29
C05515,Customer 5515,Male,37,Nagpur,Maharashtra,At-Risk,Organic Search,2024-08-16
C05516,Customer 5516,Male,65,Kochi,Kerala,One-Time,Organic Search,2025-03-14
C05517,Customer 5517,Male,43,Pune,Maharashtra,New,Affiliate,2024-01-11
C05518,Customer 5518,Male,65,Pune,Maharashtra,Dormant,Organic Search,2024-10-16
C05519,Customer 5519,Male,20,Pune,Maharashtra,Dormant,Meta Ads,2025-05-03
C05520,Customer 5520,Female,46,Surat,Gujarat,VIP,Email,2025-03-29
C05521,Customer 5521,Male,57,Coimbatore,Tamil Nadu,Dormant,Google Ads,2024-12-21
C05522,Customer 5522,Female,30,Mangaluru,Karnataka,New,Affiliate,2026-04-10
C05523,Customer 5523,Male,57,Coimbatore,Tamil Nadu,Loyal,Organic Search,2024-07-14
C05524,Customer 5524,Male,58,Howrah,West Bengal,New,Marketplace,2024-07-16
C05525,Customer 5525,Male,55,Mangaluru,Karnataka,Loyal,Google Ads,2025-05-29
C05526,Customer 5526,Female,49,Thiruvananthapuram,Kerala,At-Risk,Email,2024-11-06
C05527,Customer 5527,Male,22,Mangaluru,Karnataka,At-Risk,Organic Search,2024-09-09
C05528,Customer 5528,Male,65,Nagpur,Maharashtra,New,Influencer,2024-02-28
C05529,Customer 5529,Other,60,Kozhikode,Kerala,One-Time,Influencer,2025-04-14
C05530,Customer 5530,Female,44,Noida,Uttar Pradesh,Dormant,Meta Ads,2025-07-20
C05531,Customer 5531,Male,37,Mysuru,Karnataka,Loyal,Marketplace,2025-05-26
C05532,Customer 5532,Female,43,Lucknow,Uttar Pradesh,One-Time,Marketplace,2025-11-21
C05533,Customer 5533,Male,65,New Delhi,Delhi,One-Time,Marketplace,2025-08-19
C05534,Customer 5534,Male,20,Bengaluru,Karnataka,One-Time,Organic Search,2025-07-22
C05535,Customer 5535,Male,41,Noida,Uttar Pradesh,Loyal,Influencer,2024-10-09
C05536,Customer 5536,Male,27,Jaipur,Rajasthan,Loyal,Google Ads,2025-12-31
C05537,Customer 5537,Male,57,Bengaluru,Karnataka,Loyal,Meta Ads,2026-03-12
C05538,Customer 5538,Male,50,Surat,Gujarat,Loyal,Google Ads,2025-11-24
C05539,Customer 5539,Female,61,Coimbatore,Tamil Nadu,Loyal,Email,2024-04-04
C05540,Customer 5540,Male,65,Hyderabad,Telangana,New,Marketplace,2026-05-25
C05541,Customer 5541,Male,23,Thiruvananthapuram,Kerala,New,Organic Search,2025-05-12
C05542,Customer 5542,Female,40,Surat,Gujarat,One-Time,Email,2025-02-11
C05543,Customer 5543,Male,62,Ahmedabad,Gujarat,At-Risk,Affiliate,2024-07-23
C05544,Customer 5544,Female,19,Ahmedabad,Gujarat,At-Risk,Email,2024-03-16
C05545,Customer 5545,Male,59,Ahmedabad,Gujarat,New,Instagram,2026-01-23
C05546,Customer 5546,Female,37,Mangaluru,Karnataka,Loyal,Organic Search,2025-04-26
C05547,Customer 5547,Male,43,Kochi,Kerala,Loyal,Email,2026-04-03
C05548,Customer 5548,Female,24,Kolkata,West Bengal,Loyal,Organic Search,2025-11-24
C05549,Customer 5549,Male,34,Kolkata,West Bengal,VIP,Affiliate,2025-12-29
C05550,Customer 5550,Male,64,New Delhi,Delhi,Dormant,Email,2025-01-01
C05551,Customer 5551,Male,62,Mangaluru,Karnataka,New,Instagram,2024-12-03
C05552,Customer 5552,Female,24,Hyderabad,Telangana,Loyal,Email,2025-02-08
C05553,Customer 5553,Male,45,Madurai,Tamil Nadu,Loyal,Marketplace,2024-01-05
C05554,Customer 5554,Male,23,Mumbai,Maharashtra,Loyal,Instagram,2025-10-25
C05555,Customer 5555,Female,65,Kolkata,West Bengal,New,Influencer,2026-03-19
C05556,Customer 5556,Female,39,Lucknow,Uttar Pradesh,Loyal,Organic Search,2024-01-16
C05557,Customer 5557,Female,30,Bengaluru,Karnataka,New,Google Ads,2026-03-14
C05558,Customer 5558,Male,44,Mysuru,Karnataka,VIP,Email,2025-08-14
C05559,Customer 5559,Female,27,Howrah,West Bengal,Loyal,Meta Ads,2025-05-13
C05560,Customer 5560,Male,52,Nagpur,Maharashtra,One-Time,Google Ads,2025-09-28
C05561,Customer 5561,Male,34,Thiruvananthapuram,Kerala,Dormant,Meta Ads,2024-01-20
C05562,Customer 5562,Female,35,Chennai,Tamil Nadu,At-Risk,Organic Search,2026-05-23
C05563,Customer 5563,Female,54,Warangal,Telangana,Loyal,Organic Search,2026-02-22
C05564,Customer 5564,Female,61,Nagpur,Maharashtra,Dormant,Email,2025-10-18
C05565,Customer 5565,Female,27,Thiruvananthapuram,Kerala,At-Risk,Email,2024-10-25
C05566,Customer 5566,Female,46,Mysuru,Karnataka,New,Instagram,2024-04-27
C05567,Customer 5567,Male,32,Howrah,West Bengal,Loyal,Marketplace,2024-09-30
C05568,Customer 5568,Male,20,Pune,Maharashtra,Loyal,Marketplace,2025-03-24
C05569,Customer 5569,Female,30,Nagpur,Maharashtra,Loyal,Affiliate,2026-06-07
C05570,Customer 5570,Female,19,Noida,Uttar Pradesh,Dormant,Meta Ads,2024-12-31
C05571,Customer 5571,Male,55,Pune,Maharashtra,Loyal,Marketplace,2025-10-18
C05572,Customer 5572,Male,40,Warangal,Telangana,New,Affiliate,2024-12-26
C05573,Customer 5573,Male,44,New Delhi,Delhi,Loyal,Google Ads,2024-02-26
C05574,Customer 5574,Male,39,Kanpur,Uttar Pradesh,At-Risk,Meta Ads,2025-12-07
C05575,Customer 5575,Female,30,Mangaluru,Karnataka,One-Time,Meta Ads,2024-10-31
C05576,Customer 5576,Other,39,Nagpur,Maharashtra,New,Organic Search,2025-06-06
C05577,Customer 5577,Female,25,Thiruvananthapuram,Kerala,One-Time,Email,2024-10-27
C05578,Customer 5578,Female,20,Howrah,West Bengal,VIP,Meta Ads,2025-10-19
C05579,Customer 5579,Male,25,Lucknow,Uttar Pradesh,New,Meta Ads,2026-01-03
C05580,Customer 5580,Male,20,Jaipur,Rajasthan,One-Time,Instagram,2025-11-02
C05581,Customer 5581,Male,44,Jaipur,Rajasthan,New,Organic Search,2026-03-19
C05582,Customer 5582,Male,20,Coimbatore,Tamil Nadu,Loyal,Email,2025-09-11
C05583,Customer 5583,Male,36,Mangaluru,Karnataka,New,Meta Ads,2025-04-20
C05584,Customer 5584,Female,53,Jaipur,Rajasthan,New,Organic Search,2025-11-12
C05585,Customer 5585,Female,45,Jaipur,Rajasthan,VIP,Marketplace,2025-09-07
C05586,Customer 5586,Male,46,Thiruvananthapuram,Kerala,New,Google Ads,2024-07-15
C05587,Customer 5587,Male,31,Vadodara,Gujarat,New,Email,2024-09-21
C05588,Customer 5588,Female,24,Bengaluru,Karnataka,Loyal,Instagram,2024-03-29
C05589,Customer 5589,Female,25,Delhi,Delhi,New,Meta Ads,2025-11-18
C05590,Customer 5590,Male,38,Ahmedabad,Gujarat,New,Influencer,2024-05-25
C05591,Customer 5591,Male,60,Chennai,Tamil Nadu,Loyal,Marketplace,2024-03-18
C05592,Customer 5592,Male,63,Noida,Uttar Pradesh,One-Time,Meta Ads,2025-12-28
C05593,Customer 5593,Male,24,Vadodara,Gujarat,Loyal,Meta Ads,2024-02-15
C05594,Customer 5594,Male,21,Nizamabad,Telangana,Dormant,Google Ads,2026-05-10
C05595,Customer 5595,Female,40,Ahmedabad,Gujarat,Loyal,Organic Search,2024-07-17
C05596,Customer 5596,Male,27,Kolkata,West Bengal,Loyal,Google Ads,2026-04-23
C05597,Customer 5597,Male,24,Thiruvananthapuram,Kerala,Dormant,Email,2025-08-14
C05598,Customer 5598,Male,36,Coimbatore,Tamil Nadu,Loyal,Google Ads,2024-01-12
C05599,Customer 5599,Female,64,Ahmedabad,Gujarat,At-Risk,Organic Search,2025-12-03
C05600,Customer 5600,Other,29,Delhi,Delhi,Loyal,Marketplace,2026-06-14
C05601,Customer 5601,Male,22,Ahmedabad,Gujarat,Loyal,Google Ads,2026-04-11
C05602,Customer 5602,Female,25,Nizamabad,Telangana,Dormant,Affiliate,2026-03-08
C05603,Customer 5603,Male,47,Kochi,Kerala,New,Influencer,2024-08-05
C05604,Customer 5604,Female,64,Thiruvananthapuram,Kerala,Dormant,Google Ads,2024-06-27
C05605,Customer 5605,Male,64,Surat,Gujarat,Loyal,Marketplace,2024-10-07
C05606,Customer 5606,Female,54,Ahmedabad,Gujarat,Loyal,Organic Search,2025-05-16
C05607,Customer 5607,Male,43,Warangal,Telangana,Loyal,Email,2025-11-30
C05608,Customer 5608,Male,53,Ahmedabad,Gujarat,One-Time,Organic Search,2026-06-05
C05609,Customer 5609,Male,20,Coimbatore,Tamil Nadu,New,Meta Ads,2025-03-09
C05610,Customer 5610,Female,62,Jodhpur,Rajasthan,Dormant,Google Ads,2025-02-27
C05611,Customer 5611,Male,55,Hyderabad,Telangana,Loyal,Instagram,2026-02-03
C05612,Customer 5612,Male,26,Jaipur,Rajasthan,At-Risk,Organic Search,2026-05-08
C05613,Customer 5613,Male,32,Bengaluru,Karnataka,One-Time,Marketplace,2025-01-20
C05614,Customer 5614,Female,60,Howrah,West Bengal,One-Time,Instagram,2025-05-04
C05615,Customer 5615,Other,44,Kolkata,West Bengal,One-Time,Meta Ads,2024-08-22
C05616,Customer 5616,Male,65,Nagpur,Maharashtra,New,Google Ads,2024-11-05
C05617,Customer 5617,Male,37,Coimbatore,Tamil Nadu,Loyal,Marketplace,2025-11-16
C05618,Customer 5618,Female,46,Kanpur,Uttar Pradesh,Dormant,Meta Ads,2024-05-24
C05619,Customer 5619,Male,18,Vadodara,Gujarat,At-Risk,Marketplace,2024-09-15
C05620,Customer 5620,Female,61,Hyderabad,Telangana,Loyal,Meta Ads,2024-04-03
C05621,Customer 5621,Male,58,Coimbatore,Tamil Nadu,One-Time,Google Ads,2024-08-16
C05622,Customer 5622,Male,57,Mangaluru,Karnataka,Loyal,Meta Ads,2025-09-28
C05623,Customer 5623,Female,54,Kolkata,West Bengal,Loyal,Email,2026-02-11
C05624,Customer 5624,Female,33,Surat,Gujarat,VIP,Meta Ads,2024-10-21
C05625,Customer 5625,Male,19,Warangal,Telangana,Loyal,Marketplace,2026-03-18
C05626,Customer 5626,Female,33,Ahmedabad,Gujarat,New,Email,2025-01-01
C05627,Customer 5627,Male,50,Udaipur,Rajasthan,New,Google Ads,2024-08-27
C05628,Customer 5628,Female,50,Lucknow,Uttar Pradesh,Dormant,Organic Search,2026-04-23
C05629,Customer 5629,Female,59,Nizamabad,Telangana,VIP,Instagram,2025-04-07
C05630,Customer 5630,Male,44,Bengaluru,Karnataka,Dormant,Organic Search,2024-06-28
C05631,Customer 5631,Other,34,Coimbatore,Tamil Nadu,One-Time,Affiliate,2024-07-18
C05632,Customer 5632,Male,36,Pune,Maharashtra,Loyal,Marketplace,2024-12-01
C05633,Customer 5633,Female,65,Madurai,Tamil Nadu,One-Time,Organic Search,2024-04-07
C05634,Customer 5634,Other,20,Nizamabad,Telangana,Dormant,Instagram,2026-03-29
C05635,Customer 5635,Male,49,Nagpur,Maharashtra,One-Time,Instagram,2025-07-10
C05636,Customer 5636,Male,19,Howrah,West Bengal,VIP,Instagram,2026-04-26
C05637,Customer 5637,Male,40,Mangaluru,Karnataka,New,Instagram,2024-08-03
C05638,Customer 5638,Female,22,Jaipur,Rajasthan,New,Google Ads,2025-12-23
C05639,Customer 5639,Male,28,Nizamabad,Telangana,New,Meta Ads,2025-08-31
C05640,Customer 5640,Male,37,Surat,Gujarat,Loyal,Marketplace,2024-12-10
C05641,Customer 5641,Other,33,Coimbatore,Tamil Nadu,At-Risk,Marketplace,2024-11-10
C05642,Customer 5642,Female,19,Lucknow,Uttar Pradesh,Dormant,Google Ads,2024-04-22
C05643,Customer 5643,Female,55,Kanpur,Uttar Pradesh,Loyal,Marketplace,2025-12-20
C05644,Customer 5644,Male,25,Chennai,Tamil Nadu,Loyal,Affiliate,2025-12-11
C05645,Customer 5645,Male,52,Howrah,West Bengal,At-Risk,Google Ads,2025-05-19
C05646,Customer 5646,Male,64,Mumbai,Maharashtra,New,Marketplace,2026-01-25
C05647,Customer 5647,Female,29,Surat,Gujarat,At-Risk,Marketplace,2025-07-12
C05648,Customer 5648,Male,39,Warangal,Telangana,VIP,Organic Search,2025-10-05
C05649,Customer 5649,Female,49,Coimbatore,Tamil Nadu,Loyal,Affiliate,2026-06-16
C05650,Customer 5650,Female,62,Pune,Maharashtra,New,Meta Ads,2024-10-30
C05651,Customer 5651,Female,36,Kanpur,Uttar Pradesh,New,Organic Search,2025-08-11
C05652,Customer 5652,Female,27,Madurai,Tamil Nadu,One-Time,Organic Search,2025-08-10
C05653,Customer 5653,Male,23,Surat,Gujarat,Dormant,Organic Search,2026-03-28
C05654,Customer 5654,Female,35,Madurai,Tamil Nadu,Loyal,Meta Ads,2025-09-24
C05655,Customer 5655,Male,57,Mangaluru,Karnataka,Loyal,Organic Search,2024-08-27
C05656,Customer 5656,Female,50,Mumbai,Maharashtra,Loyal,Influencer,2026-03-09
C05657,Customer 5657,Female,28,Thiruvananthapuram,Kerala,At-Risk,Influencer,2026-01-02
C05658,Customer 5658,Male,65,Kanpur,Uttar Pradesh,One-Time,Google Ads,2024-05-05
C05659,Customer 5659,Male,48,Pune,Maharashtra,New,Instagram,2025-10-25
C05660,Customer 5660,Female,51,Jaipur,Rajasthan,Loyal,Google Ads,2024-08-25
C05661,Customer 5661,Male,18,Coimbatore,Tamil Nadu,One-Time,Organic Search,2024-09-01
C05662,Customer 5662,Female,61,Warangal,Telangana,One-Time,Meta Ads,2024-12-29
C05663,Customer 5663,Female,21,Delhi,Delhi,Loyal,Marketplace,2024-10-09
C05664,Customer 5664,Female,20,Pune,Maharashtra,New,Organic Search,2025-12-31
C05665,Customer 5665,Male,51,Mumbai,Maharashtra,Dormant,Instagram,2024-06-24
C05666,Customer 5666,Female,32,Jaipur,Rajasthan,At-Risk,Organic Search,2026-03-15
C05667,Customer 5667,Male,62,Bengaluru,Karnataka,Dormant,Meta Ads,2024-02-19
C05668,Customer 5668,Male,60,Kochi,Kerala,Dormant,Google Ads,2024-09-07
C05669,Customer 5669,Female,44,Howrah,West Bengal,One-Time,Google Ads,2025-02-11
C05670,Customer 5670,Male,43,Lucknow,Uttar Pradesh,One-Time,Organic Search,2025-03-29
C05671,Customer 5671,Female,26,Surat,Gujarat,VIP,Marketplace,2026-03-07
C05672,Customer 5672,Male,26,Lucknow,Uttar Pradesh,New,Meta Ads,2025-06-30
C05673,Customer 5673,Male,18,Coimbatore,Tamil Nadu,Dormant,Affiliate,2025-04-21
C05674,Customer 5674,Female,26,Vadodara,Gujarat,New,Google Ads,2024-05-28
C05675,Customer 5675,Female,39,Delhi,Delhi,Loyal,Meta Ads,2024-02-08
C05676,Customer 5676,Male,54,Kochi,Kerala,Loyal,Organic Search,2025-12-14
C05677,Customer 5677,Female,21,Nagpur,Maharashtra,Dormant,Affiliate,2025-06-01
C05678,Customer 5678,Male,25,Surat,Gujarat,Loyal,Marketplace,2025-02-27
C05679,Customer 5679,Female,36,Jaipur,Rajasthan,Loyal,Organic Search,2025-03-29
C05680,Customer 5680,Female,41,Madurai,Tamil Nadu,One-Time,Email,2026-03-16
C05681,Customer 5681,Female,38,Kanpur,Uttar Pradesh,Loyal,Google Ads,2025-02-15
C05682,Customer 5682,Female,26,Coimbatore,Tamil Nadu,VIP,Meta Ads,2025-05-08
C05683,Customer 5683,Male,54,Mumbai,Maharashtra,Loyal,Marketplace,2025-04-08
C05684,Customer 5684,Female,27,Surat,Gujarat,At-Risk,Organic Search,2026-01-19
C05685,Customer 5685,Male,23,Coimbatore,Tamil Nadu,New,Meta Ads,2024-07-20
C05686,Customer 5686,Female,37,Nizamabad,Telangana,One-Time,Meta Ads,2024-02-14
C05687,Customer 5687,Female,65,Nizamabad,Telangana,Dormant,Google Ads,2026-05-12
C05688,Customer 5688,Female,23,Mumbai,Maharashtra,One-Time,Organic Search,2025-01-29
C05689,Customer 5689,Male,24,Noida,Uttar Pradesh,Loyal,Instagram,2025-06-03
C05690,Customer 5690,Male,49,Kochi,Kerala,Loyal,Marketplace,2025-01-12
C05691,Customer 5691,Female,47,Surat,Gujarat,Dormant,Instagram,2024-09-22
C05692,Customer 5692,Other,25,Warangal,Telangana,New,Affiliate,2024-06-23
C05693,Customer 5693,Female,49,Surat,Gujarat,One-Time,Google Ads,2025-09-01
C05694,Customer 5694,Male,54,Noida,Uttar Pradesh,At-Risk,Google Ads,2025-05-20
C05695,Customer 5695,Female,48,Jodhpur,Rajasthan,Loyal,Meta Ads,2025-07-16
C05696,Customer 5696,Male,43,Mangaluru,Karnataka,Loyal,Meta Ads,2025-11-06
C05697,Customer 5697,Female,40,Pune,Maharashtra,One-Time,Marketplace,2024-09-26
C05698,Customer 5698,Male,34,Kochi,Kerala,One-Time,Affiliate,2025-03-19
C05699,Customer 5699,Male,21,Kanpur,Uttar Pradesh,Dormant,Meta Ads,2025-06-24
C05700,Customer 5700,Male,47,Warangal,Telangana,Loyal,Email,2026-01-18
C05701,Customer 5701,Female,55,Kanpur,Uttar Pradesh,Dormant,Email,2024-03-28
C05702,Customer 5702,Male,37,Nizamabad,Telangana,Dormant,Organic Search,2024-09-20
C05703,Customer 5703,Female,53,Hyderabad,Telangana,Loyal,Google Ads,2024-06-26
C05704,Customer 5704,Female,21,Udaipur,Rajasthan,Loyal,Meta Ads,2024-09-25
C05705,Customer 5705,Male,22,Vadodara,Gujarat,Loyal,Google Ads,2026-04-21
C05706,Customer 5706,Male,32,Chennai,Tamil Nadu,At-Risk,Marketplace,2024-05-30
C05707,Customer 5707,Female,34,Kochi,Kerala,Loyal,Instagram,2025-11-06
C05708,Customer 5708,Male,43,Lucknow,Uttar Pradesh,New,Organic Search,2025-12-06
C05709,Customer 5709,Male,19,Nizamabad,Telangana,Dormant,Marketplace,2025-11-01
C05710,Customer 5710,Male,23,Vadodara,Gujarat,Loyal,Meta Ads,2024-05-13
C05711,Customer 5711,Male,52,Lucknow,Uttar Pradesh,At-Risk,Google Ads,2024-03-15
C05712,Customer 5712,Female,53,Surat,Gujarat,One-Time,Meta Ads,2024-05-14
C05713,Customer 5713,Female,54,Kochi,Kerala,Loyal,Organic Search,2026-01-22
C05714,Customer 5714,Female,35,Kolkata,West Bengal,VIP,Email,2024-01-07
C05715,Customer 5715,Male,50,Hyderabad,Telangana,At-Risk,Google Ads,2025-10-10
C05716,Customer 5716,Female,27,Mumbai,Maharashtra,New,Google Ads,2024-12-15
C05717,Customer 5717,Male,59,Kanpur,Uttar Pradesh,One-Time,Organic Search,2026-05-03
C05718,Customer 5718,Male,18,Kozhikode,Kerala,At-Risk,Organic Search,2025-01-28
C05719,Customer 5719,Female,47,Hyderabad,Telangana,Dormant,Google Ads,2025-02-18
C05720,Customer 5720,Male,22,Warangal,Telangana,New,Affiliate,2025-02-10
C05721,Customer 5721,Male,57,Lucknow,Uttar Pradesh,One-Time,Meta Ads,2025-12-27
C05722,Customer 5722,Male,29,Warangal,Telangana,Loyal,Google Ads,2025-11-20
C05723,Customer 5723,Female,19,Nizamabad,Telangana,New,Meta Ads,2026-05-12
C05724,Customer 5724,Female,35,Kanpur,Uttar Pradesh,New,Organic Search,2025-01-08
C05725,Customer 5725,Male,61,Kanpur,Uttar Pradesh,Loyal,Organic Search,2026-01-26
C05726,Customer 5726,Male,25,Lucknow,Uttar Pradesh,Loyal,Email,2024-01-04
C05727,Customer 5727,Male,31,Kolkata,West Bengal,One-Time,Meta Ads,2025-07-11
C05728,Customer 5728,Male,44,Bengaluru,Karnataka,One-Time,Instagram,2025-07-02
C05729,Customer 5729,Female,59,Kochi,Kerala,Dormant,Instagram,2024-02-15
C05730,Customer 5730,Male,27,Mysuru,Karnataka,Loyal,Instagram,2024-06-03
C05731,Customer 5731,Female,35,Mysuru,Karnataka,At-Risk,Email,2026-05-27
C05732,Customer 5732,Female,63,Kanpur,Uttar Pradesh,One-Time,Instagram,2024-01-23
C05733,Customer 5733,Female,51,Kolkata,West Bengal,At-Risk,Google Ads,2025-03-31
C05734,Customer 5734,Male,45,Kochi,Kerala,At-Risk,Meta Ads,2025-11-30
C05735,Customer 5735,Male,35,Nagpur,Maharashtra,One-Time,Google Ads,2026-06-03
C05736,Customer 5736,Male,56,Kozhikode,Kerala,Loyal,Organic Search,2024-08-09
C05737,Customer 5737,Male,63,Surat,Gujarat,VIP,Instagram,2025-07-16
C05738,Customer 5738,Male,38,Kolkata,West Bengal,Loyal,Organic Search,2025-11-10
C05739,Customer 5739,Male,63,Thiruvananthapuram,Kerala,At-Risk,Google Ads,2026-03-24
C05740,Customer 5740,Male,27,Chennai,Tamil Nadu,One-Time,Meta Ads,2025-07-31
C05741,Customer 5741,Female,58,Jodhpur,Rajasthan,Loyal,Meta Ads,2024-07-28
C05742,Customer 5742,Male,39,Howrah,West Bengal,Dormant,Google Ads,2026-03-05
C05743,Customer 5743,Male,28,Lucknow,Uttar Pradesh,New,Affiliate,2026-04-29
C05744,Customer 5744,Female,37,Kochi,Kerala,New,Google Ads,2024-11-18
C05745,Customer 5745,Female,37,Howrah,West Bengal,New,Google Ads,2025-03-22
C05746,Customer 5746,Female,47,Hyderabad,Telangana,Dormant,Instagram,2025-08-08
C05747,Customer 5747,Female,56,Nagpur,Maharashtra,New,Meta Ads,2026-01-18
C05748,Customer 5748,Male,61,Kozhikode,Kerala,New,Marketplace,2025-05-26
C05749,Customer 5749,Male,24,Thiruvananthapuram,Kerala,VIP,Marketplace,2025-11-05
C05750,Customer 5750,Male,29,Thiruvananthapuram,Kerala,VIP,Instagram,2025-12-05
C05751,Customer 5751,Male,58,Warangal,Telangana,Loyal,Meta Ads,2024-07-05
C05752,Customer 5752,Male,22,Coimbatore,Tamil Nadu,Dormant,Email,2024-10-23
C05753,Customer 5753,Male,32,Udaipur,Rajasthan,New,Email,2026-01-29
C05754,Customer 5754,Male,52,Udaipur,Rajasthan,Loyal,Email,2025-06-23
C05755,Customer 5755,Female,43,Hyderabad,Telangana,Loyal,Google Ads,2024-06-29
C05756,Customer 5756,Female,18,Ahmedabad,Gujarat,One-Time,Google Ads,2025-05-01
C05757,Customer 5757,Female,25,Pune,Maharashtra,At-Risk,Google Ads,2024-07-09
C05758,Customer 5758,Male,56,Delhi,Delhi,Loyal,Meta Ads,2024-02-09
C05759,Customer 5759,Female,34,Nagpur,Maharashtra,New,Organic Search,2025-02-17
C05760,Customer 5760,Male,52,Hyderabad,Telangana,New,Influencer,2024-01-31
C05761,Customer 5761,Male,50,Warangal,Telangana,New,Meta Ads,2026-05-08
C05762,Customer 5762,Male,57,Kochi,Kerala,At-Risk,Affiliate,2026-03-23
C05763,Customer 5763,Female,45,Jodhpur,Rajasthan,One-Time,Meta Ads,2024-07-15
C05764,Customer 5764,Male,22,Kozhikode,Kerala,Dormant,Google Ads,2025-07-30
C05765,Customer 5765,Male,24,New Delhi,Delhi,New,Organic Search,2024-12-13
C05766,Customer 5766,Male,27,Chennai,Tamil Nadu,Dormant,Meta Ads,2025-07-05
C05767,Customer 5767,Male,26,Coimbatore,Tamil Nadu,At-Risk,Marketplace,2025-04-15
C05768,Customer 5768,Female,44,Vadodara,Gujarat,New,Marketplace,2025-10-30
C05769,Customer 5769,Male,40,Coimbatore,Tamil Nadu,New,Google Ads,2025-11-12
C05770,Customer 5770,Female,33,Udaipur,Rajasthan,At-Risk,Meta Ads,2024-01-15
C05771,Customer 5771,Female,45,Lucknow,Uttar Pradesh,New,Meta Ads,2026-01-31
C05772,Customer 5772,Female,58,Kanpur,Uttar Pradesh,One-Time,Marketplace,2024-07-27
C05773,Customer 5773,Female,35,Bengaluru,Karnataka,At-Risk,Google Ads,2025-07-25
C05774,Customer 5774,Female,40,New Delhi,Delhi,Dormant,Organic Search,2025-08-08
C05775,Customer 5775,Female,60,Pune,Maharashtra,At-Risk,Meta Ads,2025-07-24
C05776,Customer 5776,Female,38,Hyderabad,Telangana,At-Risk,Organic Search,2025-10-08
C05777,Customer 5777,Female,21,Udaipur,Rajasthan,Loyal,Google Ads,2024-04-27
C05778,Customer 5778,Male,26,Vadodara,Gujarat,At-Risk,Affiliate,2025-07-20
C05779,Customer 5779,Male,30,Jodhpur,Rajasthan,One-Time,Organic Search,2024-12-03
C05780,Customer 5780,Male,44,Warangal,Telangana,At-Risk,Google Ads,2025-01-04
C05781,Customer 5781,Male,37,Kozhikode,Kerala,Loyal,Meta Ads,2024-05-12
C05782,Customer 5782,Male,34,Kozhikode,Kerala,Loyal,Email,2025-06-13
C05783,Customer 5783,Female,57,New Delhi,Delhi,Dormant,Email,2024-10-18
C05784,Customer 5784,Male,39,Kanpur,Uttar Pradesh,Loyal,Affiliate,2025-09-21
C05785,Customer 5785,Female,40,Bengaluru,Karnataka,Loyal,Instagram,2025-03-04
C05786,Customer 5786,Female,31,Jaipur,Rajasthan,Loyal,Marketplace,2024-12-31
C05787,Customer 5787,Male,40,Lucknow,Uttar Pradesh,One-Time,Meta Ads,2025-04-03
C05788,Customer 5788,Female,47,Lucknow,Uttar Pradesh,One-Time,Influencer,2025-05-22
C05789,Customer 5789,Female,62,Lucknow,Uttar Pradesh,Dormant,Marketplace,2025-09-01
C05790,Customer 5790,Male,58,Delhi,Delhi,One-Time,Organic Search,2024-03-12
C05791,Customer 5791,Male,18,Kanpur,Uttar Pradesh,Loyal,Marketplace,2025-12-22
C05792,Customer 5792,Female,18,Jodhpur,Rajasthan,Loyal,Instagram,2024-06-01
C05793,Customer 5793,Male,58,Pune,Maharashtra,At-Risk,Organic Search,2024-07-27
C05794,Customer 5794,Male,29,Mumbai,Maharashtra,VIP,Google Ads,2025-11-26
C05795,Customer 5795,Male,19,Lucknow,Uttar Pradesh,New,Meta Ads,2024-01-04
C05796,Customer 5796,Female,50,Howrah,West Bengal,One-Time,Organic Search,2024-12-08
C05797,Customer 5797,Male,64,New Delhi,Delhi,VIP,Influencer,2025-08-20
C05798,Customer 5798,Male,51,Kozhikode,Kerala,New,Marketplace,2025-12-01
C05799,Customer 5799,Male,24,Kolkata,West Bengal,Loyal,Organic Search,2026-03-14
C05800,Customer 5800,Female,32,Coimbatore,Tamil Nadu,One-Time,Influencer,2025-08-29
C05801,Customer 5801,Male,31,Chennai,Tamil Nadu,New,Affiliate,2024-07-29
C05802,Customer 5802,Female,31,Ahmedabad,Gujarat,Dormant,Affiliate,2024-11-22
C05803,Customer 5803,Male,48,Lucknow,Uttar Pradesh,Dormant,Google Ads,2024-01-21
C05804,Customer 5804,Male,53,Vadodara,Gujarat,VIP,Email,2025-11-24
C05805,Customer 5805,Male,32,New Delhi,Delhi,New,Email,2024-01-07
C05806,Customer 5806,Female,44,Udaipur,Rajasthan,Dormant,Affiliate,2024-04-23
C05807,Customer 5807,Female,41,Jodhpur,Rajasthan,Loyal,Organic Search,2026-05-25
C05808,Customer 5808,Male,36,Kanpur,Uttar Pradesh,Dormant,Affiliate,2024-05-24
C05809,Customer 5809,Male,26,Nizamabad,Telangana,New,Marketplace,2024-09-13
C05810,Customer 5810,Male,20,Jaipur,Rajasthan,New,Email,2025-01-03
C05811,Customer 5811,Female,63,New Delhi,Delhi,Loyal,Affiliate,2024-05-03
C05812,Customer 5812,Female,49,Nizamabad,Telangana,Dormant,Organic Search,2025-08-13
C05813,Customer 5813,Female,58,Kolkata,West Bengal,New,Organic Search,2024-10-06
C05814,Customer 5814,Male,32,Udaipur,Rajasthan,One-Time,Email,2024-09-24
C05815,Customer 5815,Female,28,Delhi,Delhi,Loyal,Marketplace,2025-05-31
C05816,Customer 5816,Female,45,Kanpur,Uttar Pradesh,Dormant,Affiliate,2024-10-17
C05817,Customer 5817,Female,51,Bengaluru,Karnataka,At-Risk,Organic Search,2024-07-14
C05818,Customer 5818,Male,52,Mumbai,Maharashtra,Dormant,Meta Ads,2026-02-14
C05819,Customer 5819,Male,44,Coimbatore,Tamil Nadu,Loyal,Email,2025-06-06
C05820,Customer 5820,Female,40,Chennai,Tamil Nadu,At-Risk,Influencer,2026-03-20
C05821,Customer 5821,Male,45,Jaipur,Rajasthan,Loyal,Marketplace,2024-11-18
C05822,Customer 5822,Male,30,Noida,Uttar Pradesh,New,Marketplace,2026-04-01
C05823,Customer 5823,Female,25,Jaipur,Rajasthan,VIP,Organic Search,2026-03-10
C05824,Customer 5824,Female,28,Mumbai,Maharashtra,Loyal,Organic Search,2024-01-20
C05825,Customer 5825,Female,34,Madurai,Tamil Nadu,Loyal,Google Ads,2024-04-23
C05826,Customer 5826,Male,51,Mumbai,Maharashtra,One-Time,Organic Search,2025-12-19
C05827,Customer 5827,Female,59,Howrah,West Bengal,At-Risk,Meta Ads,2024-09-23
C05828,Customer 5828,Male,60,Mangaluru,Karnataka,At-Risk,Influencer,2025-11-16
C05829,Customer 5829,Male,36,Delhi,Delhi,One-Time,Google Ads,2025-01-25
C05830,Customer 5830,Male,65,Lucknow,Uttar Pradesh,Dormant,Marketplace,2024-08-20
C05831,Customer 5831,Other,65,Kolkata,West Bengal,One-Time,Email,2024-07-15
C05832,Customer 5832,Female,56,Mangaluru,Karnataka,New,Google Ads,2024-07-22
C05833,Customer 5833,Male,21,Bengaluru,Karnataka,New,Organic Search,2025-08-20
C05834,Customer 5834,Female,46,Howrah,West Bengal,Loyal,Organic Search,2024-02-01
C05835,Customer 5835,Female,31,Surat,Gujarat,New,Affiliate,2024-06-18
C05836,Customer 5836,Male,59,Nizamabad,Telangana,VIP,Organic Search,2026-01-09
C05837,Customer 5837,Female,28,Kanpur,Uttar Pradesh,At-Risk,Email,2024-10-14
C05838,Customer 5838,Male,36,New Delhi,Delhi,Loyal,Google Ads,2025-06-30
C05839,Customer 5839,Male,30,Delhi,Delhi,At-Risk,Influencer,2024-09-26
C05840,Customer 5840,Male,60,Pune,Maharashtra,Dormant,Marketplace,2024-01-15
C05841,Customer 5841,Male,45,Madurai,Tamil Nadu,Loyal,Affiliate,2025-02-07
C05842,Customer 5842,Male,38,Mysuru,Karnataka,New,Google Ads,2024-07-21
C05843,Customer 5843,Female,57,Bengaluru,Karnataka,New,Organic Search,2025-10-24
C05844,Customer 5844,Male,46,Vadodara,Gujarat,Loyal,Meta Ads,2026-01-17
C05845,Customer 5845,Female,47,Delhi,Delhi,One-Time,Marketplace,2026-03-04
C05846,Customer 5846,Female,26,Lucknow,Uttar Pradesh,VIP,Google Ads,2025-06-25
C05847,Customer 5847,Female,36,Kochi,Kerala,Loyal,Google Ads,2024-03-13
C05848,Customer 5848,Female,41,Mumbai,Maharashtra,Loyal,Meta Ads,2026-02-09
C05849,Customer 5849,Female,38,Nizamabad,Telangana,New,Organic Search,2026-01-30
C05850,Customer 5850,Male,34,Kanpur,Uttar Pradesh,One-Time,Organic Search,2024-05-12
C05851,Customer 5851,Male,65,Thiruvananthapuram,Kerala,One-Time,Organic Search,2025-01-01
C05852,Customer 5852,Male,35,Lucknow,Uttar Pradesh,At-Risk,Meta Ads,2026-05-07
C05853,Customer 5853,Male,46,Nizamabad,Telangana,VIP,Influencer,2025-12-27
C05854,Customer 5854,Male,46,Mysuru,Karnataka,Loyal,Instagram,2024-07-05
C05855,Customer 5855,Male,28,Warangal,Telangana,Loyal,Google Ads,2025-07-18
C05856,Customer 5856,Male,60,Lucknow,Uttar Pradesh,Loyal,Affiliate,2024-09-30
C05857,Customer 5857,Female,25,Vadodara,Gujarat,New,Email,2026-02-20
C05858,Customer 5858,Female,57,New Delhi,Delhi,New,Organic Search,2026-04-13
C05859,Customer 5859,Female,46,Surat,Gujarat,New,Instagram,2025-12-05
C05860,Customer 5860,Female,34,Mysuru,Karnataka,New,Organic Search,2024-10-08
C05861,Customer 5861,Male,30,Surat,Gujarat,One-Time,Google Ads,2024-12-20
C05862,Customer 5862,Male,53,Warangal,Telangana,At-Risk,Email,2025-06-19
C05863,Customer 5863,Male,39,Kolkata,West Bengal,New,Instagram,2026-05-03
C05864,Customer 5864,Female,44,Jodhpur,Rajasthan,New,Organic Search,2024-11-05
C05865,Customer 5865,Male,35,Kolkata,West Bengal,New,Meta Ads,2025-05-14
C05866,Customer 5866,Female,34,Mysuru,Karnataka,One-Time,Meta Ads,2025-10-27
C05867,Customer 5867,Female,30,Kanpur,Uttar Pradesh,New,Meta Ads,2024-12-01
C05868,Customer 5868,Male,61,Udaipur,Rajasthan,New,Email,2024-10-07
C05869,Customer 5869,Female,60,Mumbai,Maharashtra,One-Time,Meta Ads,2024-12-17
C05870,Customer 5870,Male,25,Nagpur,Maharashtra,Dormant,Organic Search,2025-02-01
C05871,Customer 5871,Female,24,Kolkata,West Bengal,One-Time,Meta Ads,2024-03-24
C05872,Customer 5872,Male,56,Bengaluru,Karnataka,New,Instagram,2024-03-16
C05873,Customer 5873,Male,35,Pune,Maharashtra,Loyal,Email,2025-09-21
C05874,Customer 5874,Male,28,Mumbai,Maharashtra,New,Instagram,2026-04-08
C05875,Customer 5875,Male,28,Pune,Maharashtra,Loyal,Organic Search,2025-12-26
C05876,Customer 5876,Male,60,New Delhi,Delhi,One-Time,Organic Search,2026-03-26
C05877,Customer 5877,Male,30,Surat,Gujarat,At-Risk,Organic Search,2026-01-24
C05878,Customer 5878,Male,52,Nagpur,Maharashtra,Dormant,Email,2025-12-24
C05879,Customer 5879,Male,39,Udaipur,Rajasthan,VIP,Instagram,2024-02-22
C05880,Customer 5880,Female,40,Mysuru,Karnataka,New,Meta Ads,2026-02-24
C05881,Customer 5881,Male,34,Bengaluru,Karnataka,Loyal,Instagram,2025-02-06
C05882,Customer 5882,Female,21,Nagpur,Maharashtra,One-Time,Influencer,2025-06-26
C05883,Customer 5883,Female,22,Lucknow,Uttar Pradesh,At-Risk,Google Ads,2026-03-11
C05884,Customer 5884,Male,26,Thiruvananthapuram,Kerala,New,Meta Ads,2024-03-17
C05885,Customer 5885,Male,31,New Delhi,Delhi,Loyal,Organic Search,2024-08-16
C05886,Customer 5886,Male,25,Warangal,Telangana,One-Time,Organic Search,2024-03-04
C05887,Customer 5887,Other,31,Bengaluru,Karnataka,Loyal,Marketplace,2025-01-12
C05888,Customer 5888,Female,54,Nagpur,Maharashtra,One-Time,Google Ads,2025-12-08
C05889,Customer 5889,Other,18,Lucknow,Uttar Pradesh,One-Time,Influencer,2025-03-18
C05890,Customer 5890,Male,47,Warangal,Telangana,Loyal,Organic Search,2025-04-10
C05891,Customer 5891,Female,43,Thiruvananthapuram,Kerala,Loyal,Affiliate,2024-07-29
C05892,Customer 5892,Male,28,Surat,Gujarat,New,Instagram,2024-09-06
C05893,Customer 5893,Female,31,New Delhi,Delhi,New,Meta Ads,2025-05-16
C05894,Customer 5894,Male,35,Lucknow,Uttar Pradesh,At-Risk,Google Ads,2024-02-03
C05895,Customer 5895,Female,31,Nizamabad,Telangana,Loyal,Affiliate,2025-02-03
C05896,Customer 5896,Female,32,Noida,Uttar Pradesh,Loyal,Google Ads,2026-06-04
C05897,Customer 5897,Male,38,Mumbai,Maharashtra,Loyal,Meta Ads,2025-05-28
C05898,Customer 5898,Female,49,Lucknow,Uttar Pradesh,Loyal,Meta Ads,2024-03-28
C05899,Customer 5899,Female,48,New Delhi,Delhi,Loyal,Influencer,2025-01-12
C05900,Customer 5900,Female,33,Nizamabad,Telangana,New,Meta Ads,2024-11-23
C05901,Customer 5901,Male,31,Kanpur,Uttar Pradesh,Loyal,Instagram,2025-09-21
C05902,Customer 5902,Female,54,Warangal,Telangana,Loyal,Organic Search,2025-09-04
C05903,Customer 5903,Male,54,Pune,Maharashtra,New,Marketplace,2026-05-30
C05904,Customer 5904,Male,51,Lucknow,Uttar Pradesh,VIP,Affiliate,2025-07-14
C05905,Customer 5905,Male,51,Delhi,Delhi,New,Email,2024-07-31
C05906,Customer 5906,Male,29,Lucknow,Uttar Pradesh,New,Google Ads,2024-04-23
C05907,Customer 5907,Male,49,Howrah,West Bengal,At-Risk,Google Ads,2024-05-21
C05908,Customer 5908,Female,33,Howrah,West Bengal,At-Risk,Meta Ads,2025-07-12
C05909,Customer 5909,Female,43,Bengaluru,Karnataka,New,Instagram,2025-06-21
C05910,Customer 5910,Male,44,Nagpur,Maharashtra,VIP,Instagram,2024-10-29
C05911,Customer 5911,Female,56,Kozhikode,Kerala,New,Email,2025-10-25
C05912,Customer 5912,Female,61,Hyderabad,Telangana,VIP,Instagram,2024-06-02
C05913,Customer 5913,Male,38,New Delhi,Delhi,Loyal,Organic Search,2025-10-05
C05914,Customer 5914,Female,23,Bengaluru,Karnataka,At-Risk,Google Ads,2025-07-09
C05915,Customer 5915,Female,18,Mysuru,Karnataka,One-Time,Marketplace,2024-06-06
C05916,Customer 5916,Female,35,Surat,Gujarat,One-Time,Influencer,2026-03-21
C05917,Customer 5917,Female,38,Kanpur,Uttar Pradesh,At-Risk,Meta Ads,2026-02-21
C05918,Customer 5918,Other,46,Kanpur,Uttar Pradesh,New,Instagram,2025-11-07
C05919,Customer 5919,Female,35,Kanpur,Uttar Pradesh,New,Marketplace,2025-08-21
C05920,Customer 5920,Female,33,Mangaluru,Karnataka,One-Time,Marketplace,2024-05-26
C05921,Customer 5921,Female,53,New Delhi,Delhi,Loyal,Instagram,2026-05-20
C05922,Customer 5922,Male,31,Hyderabad,Telangana,New,Google Ads,2024-06-05
C05923,Customer 5923,Male,20,Udaipur,Rajasthan,Loyal,Marketplace,2025-12-27
C05924,Customer 5924,Male,38,Mysuru,Karnataka,One-Time,Organic Search,2025-02-26
C05925,Customer 5925,Male,47,Ahmedabad,Gujarat,Loyal,Organic Search,2025-08-25
C05926,Customer 5926,Male,27,Nagpur,Maharashtra,Dormant,Meta Ads,2024-01-20
C05927,Customer 5927,Female,18,Lucknow,Uttar Pradesh,Loyal,Affiliate,2024-10-12
C05928,Customer 5928,Female,46,Kanpur,Uttar Pradesh,Loyal,Email,2024-01-19
C05929,Customer 5929,Male,27,Kanpur,Uttar Pradesh,Loyal,Email,2025-10-17
C05930,Customer 5930,Male,60,Warangal,Telangana,New,Organic Search,2024-08-14
C05931,Customer 5931,Female,34,Thiruvananthapuram,Kerala,At-Risk,Instagram,2024-10-10
C05932,Customer 5932,Male,61,Mangaluru,Karnataka,At-Risk,Instagram,2024-04-06
C05933,Customer 5933,Male,22,Mangaluru,Karnataka,At-Risk,Organic Search,2024-04-28
C05934,Customer 5934,Male,40,Mysuru,Karnataka,Dormant,Organic Search,2025-05-07
C05935,Customer 5935,Male,37,Bengaluru,Karnataka,Loyal,Marketplace,2024-11-04
C05936,Customer 5936,Other,32,Ahmedabad,Gujarat,Loyal,Organic Search,2024-02-09
C05937,Customer 5937,Female,35,Pune,Maharashtra,New,Meta Ads,2026-01-25
C05938,Customer 5938,Female,36,Chennai,Tamil Nadu,Dormant,Meta Ads,2024-08-07
C05939,Customer 5939,Male,20,Howrah,West Bengal,Loyal,Email,2024-02-08
C05940,Customer 5940,Male,28,Noida,Uttar Pradesh,One-Time,Google Ads,2024-02-22
C05941,Customer 5941,Male,31,Udaipur,Rajasthan,At-Risk,Organic Search,2024-12-31
C05942,Customer 5942,Female,46,Ahmedabad,Gujarat,Loyal,Instagram,2025-04-22
C05943,Customer 5943,Female,32,Mumbai,Maharashtra,Dormant,Meta Ads,2024-04-25
C05944,Customer 5944,Other,24,Noida,Uttar Pradesh,At-Risk,Meta Ads,2024-11-13
C05945,Customer 5945,Female,51,Hyderabad,Telangana,At-Risk,Email,2024-11-08
C05946,Customer 5946,Male,33,Mangaluru,Karnataka,Loyal,Google Ads,2024-03-15
C05947,Customer 5947,Female,18,Warangal,Telangana,Loyal,Organic Search,2025-08-08
C05948,Customer 5948,Male,26,Howrah,West Bengal,VIP,Meta Ads,2024-11-14
C05949,Customer 5949,Female,44,Madurai,Tamil Nadu,New,Marketplace,2025-09-23
C05950,Customer 5950,Male,27,Kolkata,West Bengal,New,Email,2024-01-01
C05951,Customer 5951,Female,62,Mangaluru,Karnataka,Dormant,Affiliate,2024-01-31
C05952,Customer 5952,Male,50,New Delhi,Delhi,Dormant,Influencer,2026-01-12
C05953,Customer 5953,Female,32,Delhi,Delhi,Dormant,Influencer,2024-10-20
C05954,Customer 5954,Male,65,Nizamabad,Telangana,New,Influencer,2024-11-23
C05955,Customer 5955,Male,52,Madurai,Tamil Nadu,One-Time,Meta Ads,2025-01-11
C05956,Customer 5956,Female,50,Kolkata,West Bengal,Dormant,Meta Ads,2025-08-22
C05957,Customer 5957,Female,21,Ahmedabad,Gujarat,New,Organic Search,2025-10-02
C05958,Customer 5958,Male,29,Hyderabad,Telangana,Loyal,Email,2025-09-29
C05959,Customer 5959,Male,47,Kolkata,West Bengal,One-Time,Organic Search,2026-02-24
C05960,Customer 5960,Female,37,Mangaluru,Karnataka,At-Risk,Organic Search,2025-05-14
C05961,Customer 5961,Female,58,Warangal,Telangana,Loyal,Google Ads,2024-08-14
C05962,Customer 5962,Male,48,Mumbai,Maharashtra,One-Time,Google Ads,2025-06-13
C05963,Customer 5963,Male,21,New Delhi,Delhi,Loyal,Organic Search,2024-09-19
C05964,Customer 5964,Male,59,Bengaluru,Karnataka,New,Organic Search,2025-01-20
C05965,Customer 5965,Female,62,Jaipur,Rajasthan,VIP,Affiliate,2024-01-26
C05966,Customer 5966,Female,52,Mangaluru,Karnataka,Loyal,Organic Search,2025-01-01
C05967,Customer 5967,Female,54,Kanpur,Uttar Pradesh,Loyal,Meta Ads,2025-06-23
C05968,Customer 5968,Female,24,Mysuru,Karnataka,Loyal,Google Ads,2024-10-02
C05969,Customer 5969,Male,53,Howrah,West Bengal,One-Time,Instagram,2024-04-08
C05970,Customer 5970,Female,46,Noida,Uttar Pradesh,New,Instagram,2024-03-05
C05971,Customer 5971,Male,24,Chennai,Tamil Nadu,Dormant,Affiliate,2024-04-16
C05972,Customer 5972,Female,27,Nizamabad,Telangana,One-Time,Organic Search,2024-11-10
C05973,Customer 5973,Female,44,Ahmedabad,Gujarat,Loyal,Influencer,2026-06-14
C05974,Customer 5974,Male,35,Kozhikode,Kerala,One-Time,Email,2025-02-20
C05975,Customer 5975,Male,45,Kozhikode,Kerala,Dormant,Meta Ads,2026-03-29
C05976,Customer 5976,Male,64,Mumbai,Maharashtra,At-Risk,Email,2024-04-30
C05977,Customer 5977,Female,48,Jaipur,Rajasthan,New,Meta Ads,2026-05-24
C05978,Customer 5978,Male,60,Mysuru,Karnataka,Loyal,Google Ads,2026-03-28
C05979,Customer 5979,Male,19,Nagpur,Maharashtra,Loyal,Email,2024-03-19
C05980,Customer 5980,Other,30,Kolkata,West Bengal,At-Risk,Instagram,2024-01-08
C05981,Customer 5981,Female,60,Delhi,Delhi,Dormant,Google Ads,2025-08-01
C05982,Customer 5982,Male,52,Surat,Gujarat,VIP,Organic Search,2024-07-20
C05983,Customer 5983,Male,35,Kanpur,Uttar Pradesh,At-Risk,Organic Search,2025-07-30
C05984,Customer 5984,Male,33,Mysuru,Karnataka,Loyal,Google Ads,2025-09-03
C05985,Customer 5985,Female,53,Kolkata,West Bengal,One-Time,Organic Search,2024-02-27
C05986,Customer 5986,Male,18,Coimbatore,Tamil Nadu,Loyal,Google Ads,2026-01-11
C05987,Customer 5987,Male,21,Hyderabad,Telangana,VIP,Email,2026-02-18
C05988,Customer 5988,Male,58,Chennai,Tamil Nadu,New,Organic Search,2025-03-02
C05989,Customer 5989,Female,54,Kochi,Kerala,Loyal,Email,2026-04-17
C05990,Customer 5990,Male,57,Delhi,Delhi,New,Organic Search,2025-06-13
C05991,Customer 5991,Male,40,Warangal,Telangana,New,Instagram,2025-10-19
C05992,Customer 5992,Female,32,Kolkata,West Bengal,At-Risk,Meta Ads,2024-09-02
C05993,Customer 5993,Male,36,Kozhikode,Kerala,New,Email,2025-07-23
C05994,Customer 5994,Female,55,Kozhikode,Kerala,At-Risk,Meta Ads,2026-05-08
C05995,Customer 5995,Female,29,Ahmedabad,Gujarat,One-Time,Google Ads,2025-11-29
C05996,Customer 5996,Male,19,Coimbatore,Tamil Nadu,Loyal,Email,2025-08-02
C05997,Customer 5997,Female,41,Surat,Gujarat,Dormant,Meta Ads,2024-12-31
C05998,Customer 5998,Female,43,Kanpur,Uttar Pradesh,At-Risk,Email,2024-04-28
C05999,Customer 5999,Male,38,Kanpur,Uttar Pradesh,At-Risk,Organic Search,2024-11-04
C06000,Customer 6000,Male,65,Noida,Uttar Pradesh,One-Time,Affiliate,2025-10-24
C06001,Customer 6001,Male,47,New Delhi,Delhi,One-Time,Influencer,2025-04-19
C06002,Customer 6002,Female,55,Pune,Maharashtra,VIP,Organic Search,2024-04-24
C06003,Customer 6003,Male,29,Ahmedabad,Gujarat,At-Risk,Marketplace,2024-07-30
C06004,Customer 6004,Female,45,Nagpur,Maharashtra,At-Risk,Email,2024-12-29
C06005,Customer 6005,Female,35,Nizamabad,Telangana,VIP,Organic Search,2024-02-11
C06006,Customer 6006,Female,35,Delhi,Delhi,New,Affiliate,2025-03-18
C06007,Customer 6007,Male,22,Kolkata,West Bengal,One-Time,Affiliate,2026-04-02
C06008,Customer 6008,Male,53,Noida,Uttar Pradesh,Dormant,Organic Search,2025-10-12
C06009,Customer 6009,Female,40,Kanpur,Uttar Pradesh,Loyal,Marketplace,2026-04-22
C06010,Customer 6010,Male,64,Noida,Uttar Pradesh,VIP,Email,2026-06-15
C06011,Customer 6011,Male,46,Kanpur,Uttar Pradesh,Loyal,Marketplace,2024-02-18
C06012,Customer 6012,Female,27,Jodhpur,Rajasthan,Dormant,Instagram,2024-11-30
C06013,Customer 6013,Male,52,Warangal,Telangana,At-Risk,Google Ads,2024-06-30
C06014,Customer 6014,Male,20,Howrah,West Bengal,One-Time,Meta Ads,2025-08-31
C06015,Customer 6015,Male,53,Mumbai,Maharashtra,At-Risk,Email,2024-02-01
C06016,Customer 6016,Male,36,Warangal,Telangana,One-Time,Google Ads,2025-08-28
C06017,Customer 6017,Male,19,Mumbai,Maharashtra,Loyal,Google Ads,2024-12-13
C06018,Customer 6018,Female,42,Kanpur,Uttar Pradesh,At-Risk,Instagram,2024-06-14
C06019,Customer 6019,Male,41,Jodhpur,Rajasthan,One-Time,Organic Search,2024-07-06
C06020,Customer 6020,Female,29,Thiruvananthapuram,Kerala,One-Time,Google Ads,2025-08-01
C06021,Customer 6021,Female,23,Kozhikode,Kerala,Loyal,Organic Search,2025-03-02
C06022,Customer 6022,Male,47,Thiruvananthapuram,Kerala,Dormant,Organic Search,2026-03-02
C06023,Customer 6023,Female,39,Nagpur,Maharashtra,New,Affiliate,2026-05-30
C06024,Customer 6024,Male,32,Noida,Uttar Pradesh,VIP,Organic Search,2025-05-15
C06025,Customer 6025,Male,44,Kanpur,Uttar Pradesh,Loyal,Meta Ads,2025-09-11
C06026,Customer 6026,Female,65,Kanpur,Uttar Pradesh,One-Time,Marketplace,2025-03-07
C06027,Customer 6027,Male,59,Mumbai,Maharashtra,VIP,Marketplace,2024-12-18
C06028,Customer 6028,Female,30,Mumbai,Maharashtra,Loyal,Instagram,2025-08-05
C06029,Customer 6029,Male,35,Kozhikode,Kerala,At-Risk,Google Ads,2024-01-12
C06030,Customer 6030,Female,56,Mumbai,Maharashtra,VIP,Email,2025-12-27
C06031,Customer 6031,Female,24,Madurai,Tamil Nadu,Dormant,Influencer,2025-09-08
C06032,Customer 6032,Male,64,New Delhi,Delhi,At-Risk,Affiliate,2024-07-21
C06033,Customer 6033,Male,37,Nagpur,Maharashtra,New,Marketplace,2024-01-04
C06034,Customer 6034,Female,41,Nizamabad,Telangana,At-Risk,Marketplace,2024-05-26
C06035,Customer 6035,Female,64,Thiruvananthapuram,Kerala,Loyal,Organic Search,2025-09-23
C06036,Customer 6036,Male,27,Noida,Uttar Pradesh,New,Google Ads,2025-08-09
C06037,Customer 6037,Female,25,Thiruvananthapuram,Kerala,Loyal,Google Ads,2025-08-21
C06038,Customer 6038,Male,60,Mysuru,Karnataka,VIP,Google Ads,2024-02-01
C06039,Customer 6039,Female,52,Pune,Maharashtra,New,Meta Ads,2024-01-15
C06040,Customer 6040,Female,37,Chennai,Tamil Nadu,Loyal,Google Ads,2026-01-12
C06041,Customer 6041,Female,23,New Delhi,Delhi,Loyal,Instagram,2025-02-13
C06042,Customer 6042,Female,44,Nizamabad,Telangana,One-Time,Affiliate,2024-09-28
C06043,Customer 6043,Male,54,Kanpur,Uttar Pradesh,At-Risk,Google Ads,2024-03-12
C06044,Customer 6044,Male,20,Thiruvananthapuram,Kerala,New,Affiliate,2024-04-09
C06045,Customer 6045,Female,28,Delhi,Delhi,At-Risk,Marketplace,2025-10-28
C06046,Customer 6046,Female,34,Coimbatore,Tamil Nadu,At-Risk,Google Ads,2025-11-19
C06047,Customer 6047,Female,31,Coimbatore,Tamil Nadu,Loyal,Google Ads,2024-09-10
C06048,Customer 6048,Male,44,Hyderabad,Telangana,Loyal,Email,2024-07-19
C06049,Customer 6049,Male,65,Mysuru,Karnataka,New,Influencer,2024-09-27
C06050,Customer 6050,Female,51,New Delhi,Delhi,New,Organic Search,2024-12-27
C06051,Customer 6051,Male,42,Madurai,Tamil Nadu,Loyal,Google Ads,2026-02-02
C06052,Customer 6052,Male,63,Ahmedabad,Gujarat,New,Organic Search,2025-01-07
C06053,Customer 6053,Other,57,Noida,Uttar Pradesh,At-Risk,Affiliate,2025-11-25
C06054,Customer 6054,Male,46,Pune,Maharashtra,Loyal,Meta Ads,2026-01-08
C06055,Customer 6055,Female,20,Hyderabad,Telangana,New,Organic Search,2025-06-21
C06056,Customer 6056,Female,31,Warangal,Telangana,One-Time,Email,2024-08-25
C06057,Customer 6057,Male,62,Mumbai,Maharashtra,At-Risk,Meta Ads,2026-06-06
C06058,Customer 6058,Female,44,Ahmedabad,Gujarat,One-Time,Marketplace,2025-07-23
C06059,Customer 6059,Female,62,Kanpur,Uttar Pradesh,VIP,Meta Ads,2025-09-16
C06060,Customer 6060,Male,21,Noida,Uttar Pradesh,New,Influencer,2026-06-17
C06061,Customer 6061,Male,26,Kolkata,West Bengal,Dormant,Organic Search,2025-07-03
C06062,Customer 6062,Male,25,Chennai,Tamil Nadu,Loyal,Meta Ads,2025-06-23
C06063,Customer 6063,Male,22,Mumbai,Maharashtra,Loyal,Organic Search,2026-01-16
C06064,Customer 6064,Female,34,Coimbatore,Tamil Nadu,Loyal,Google Ads,2024-05-06
C06065,Customer 6065,Male,65,Mangaluru,Karnataka,One-Time,Meta Ads,2026-05-16
C06066,Customer 6066,Male,19,Lucknow,Uttar Pradesh,VIP,Meta Ads,2024-09-11
C06067,Customer 6067,Female,62,Delhi,Delhi,New,Marketplace,2026-05-22
C06068,Customer 6068,Female,21,Mumbai,Maharashtra,New,Marketplace,2025-04-26
C06069,Customer 6069,Other,18,Mysuru,Karnataka,New,Meta Ads,2026-03-03
C06070,Customer 6070,Female,18,Mumbai,Maharashtra,Loyal,Email,2024-10-17
C06071,Customer 6071,Female,55,Kozhikode,Kerala,At-Risk,Marketplace,2025-11-14
C06072,Customer 6072,Female,26,Nizamabad,Telangana,New,Organic Search,2025-04-09
C06073,Customer 6073,Male,23,Nizamabad,Telangana,At-Risk,Google Ads,2025-08-05
C06074,Customer 6074,Male,57,Nagpur,Maharashtra,At-Risk,Instagram,2025-05-03
C06075,Customer 6075,Male,48,Kanpur,Uttar Pradesh,New,Instagram,2026-06-06
C06076,Customer 6076,Female,34,Delhi,Delhi,New,Meta Ads,2025-10-23
C06077,Customer 6077,Female,54,Howrah,West Bengal,One-Time,Email,2024-08-14
C06078,Customer 6078,Male,61,Chennai,Tamil Nadu,New,Organic Search,2025-07-14
C06079,Customer 6079,Female,43,Warangal,Telangana,VIP,Organic Search,2024-11-25
C06080,Customer 6080,Male,60,Kanpur,Uttar Pradesh,Loyal,Meta Ads,2025-09-20
C06081,Customer 6081,Male,34,Pune,Maharashtra,One-Time,Organic Search,2025-03-07
C06082,Customer 6082,Male,59,Nizamabad,Telangana,VIP,Email,2024-07-15
C06083,Customer 6083,Female,48,Surat,Gujarat,One-Time,Affiliate,2024-07-20
C06084,Customer 6084,Female,28,Warangal,Telangana,At-Risk,Google Ads,2025-01-15
C06085,Customer 6085,Male,48,Hyderabad,Telangana,Loyal,Instagram,2025-03-10
C06086,Customer 6086,Male,34,Lucknow,Uttar Pradesh,One-Time,Instagram,2026-01-12
C06087,Customer 6087,Female,21,Delhi,Delhi,Loyal,Meta Ads,2025-07-28
C06088,Customer 6088,Male,40,Mangaluru,Karnataka,One-Time,Organic Search,2025-11-07
C06089,Customer 6089,Male,20,Mysuru,Karnataka,Dormant,Email,2024-05-13
C06090,Customer 6090,Male,38,Udaipur,Rajasthan,Loyal,Instagram,2024-06-12
C06091,Customer 6091,Male,61,Hyderabad,Telangana,At-Risk,Email,2024-02-03
C06092,Customer 6092,Male,21,Nagpur,Maharashtra,Dormant,Organic Search,2024-02-27
C06093,Customer 6093,Female,50,Surat,Gujarat,Loyal,Organic Search,2024-05-11
C06094,Customer 6094,Female,29,Surat,Gujarat,VIP,Affiliate,2025-08-10
C06095,Customer 6095,Female,46,Kochi,Kerala,Loyal,Influencer,2025-02-15
C06096,Customer 6096,Female,47,Coimbatore,Tamil Nadu,New,Organic Search,2025-02-03
C06097,Customer 6097,Male,54,Nizamabad,Telangana,Dormant,Meta Ads,2025-10-27
C06098,Customer 6098,Female,50,Vadodara,Gujarat,Loyal,Influencer,2025-01-04
C06099,Customer 6099,Female,29,Kolkata,West Bengal,At-Risk,Meta Ads,2024-01-06
C06100,Customer 6100,Male,35,Mumbai,Maharashtra,Loyal,Organic Search,2024-01-23
C06101,Customer 6101,Female,45,Ahmedabad,Gujarat,New,Marketplace,2024-06-10
C06102,Customer 6102,Male,32,Mumbai,Maharashtra,One-Time,Meta Ads,2024-12-09
C06103,Customer 6103,Male,58,Lucknow,Uttar Pradesh,New,Meta Ads,2026-03-05
C06104,Customer 6104,Male,46,Kanpur,Uttar Pradesh,New,Meta Ads,2024-06-09
C06105,Customer 6105,Female,50,Chennai,Tamil Nadu,VIP,Marketplace,2025-10-23
C06106,Customer 6106,Female,49,Kochi,Kerala,New,Instagram,2024-01-31
C06107,Customer 6107,Male,34,Kochi,Kerala,Dormant,Affiliate,2024-04-07
C06108,Customer 6108,Female,52,Pune,Maharashtra,Loyal,Google Ads,2024-12-25
C06109,Customer 6109,Male,49,Coimbatore,Tamil Nadu,Loyal,Meta Ads,2025-07-26
C06110,Customer 6110,Female,56,Ahmedabad,Gujarat,One-Time,Google Ads,2026-01-12
C06111,Customer 6111,Male,34,Warangal,Telangana,New,Affiliate,2025-10-28
C06112,Customer 6112,Female,46,Chennai,Tamil Nadu,Loyal,Google Ads,2026-03-13
C06113,Customer 6113,Female,61,Mangaluru,Karnataka,One-Time,Marketplace,2025-01-25
C06114,Customer 6114,Female,36,Kochi,Kerala,Loyal,Organic Search,2024-08-02
C06115,Customer 6115,Male,58,Chennai,Tamil Nadu,Loyal,Marketplace,2025-01-13
C06116,Customer 6116,Female,34,Noida,Uttar Pradesh,New,Instagram,2024-09-04
C06117,Customer 6117,Male,24,Madurai,Tamil Nadu,Loyal,Email,2024-11-15
C06118,Customer 6118,Male,19,Pune,Maharashtra,One-Time,Google Ads,2024-03-29
C06119,Customer 6119,Male,41,Lucknow,Uttar Pradesh,New,Email,2025-11-21
C06120,Customer 6120,Male,37,Warangal,Telangana,At-Risk,Organic Search,2026-03-29
C06121,Customer 6121,Female,30,Hyderabad,Telangana,New,Google Ads,2024-03-27
C06122,Customer 6122,Female,59,Chennai,Tamil Nadu,One-Time,Marketplace,2024-02-28
C06123,Customer 6123,Female,58,Howrah,West Bengal,Loyal,Google Ads,2025-12-23
C06124,Customer 6124,Other,48,Mangaluru,Karnataka,Loyal,Meta Ads,2026-04-23
C06125,Customer 6125,Female,54,Hyderabad,Telangana,Dormant,Organic Search,2024-01-15
C06126,Customer 6126,Female,46,Mysuru,Karnataka,At-Risk,Email,2025-07-31
C06127,Customer 6127,Female,48,Mysuru,Karnataka,VIP,Meta Ads,2025-01-08
C06128,Customer 6128,Male,28,Nizamabad,Telangana,Loyal,Marketplace,2025-12-08
C06129,Customer 6129,Female,18,Vadodara,Gujarat,One-Time,Meta Ads,2025-04-09
C06130,Customer 6130,Male,46,Pune,Maharashtra,New,Organic Search,2024-07-16
C06131,Customer 6131,Female,23,Bengaluru,Karnataka,At-Risk,Google Ads,2024-09-18
C06132,Customer 6132,Male,26,Kolkata,West Bengal,Loyal,Google Ads,2025-06-30
C06133,Customer 6133,Male,42,Jaipur,Rajasthan,One-Time,Email,2024-08-20
C06134,Customer 6134,Female,34,Mangaluru,Karnataka,Loyal,Affiliate,2024-04-07
C06135,Customer 6135,Other,36,Mangaluru,Karnataka,VIP,Email,2025-04-24
C06136,Customer 6136,Male,46,Mangaluru,Karnataka,Loyal,Meta Ads,2025-08-15
C06137,Customer 6137,Female,58,Kochi,Kerala,New,Google Ads,2025-12-19
C06138,Customer 6138,Male,20,Mumbai,Maharashtra,Dormant,Marketplace,2025-06-24
C06139,Customer 6139,Male,31,Mumbai,Maharashtra,New,Meta Ads,2024-12-28
C06140,Customer 6140,Male,32,Coimbatore,Tamil Nadu,Dormant,Organic Search,2026-01-11
C06141,Customer 6141,Male,29,Mumbai,Maharashtra,Loyal,Google Ads,2025-02-15
C06142,Customer 6142,Male,22,Pune,Maharashtra,Dormant,Google Ads,2025-08-03
C06143,Customer 6143,Female,30,Nizamabad,Telangana,Dormant,Google Ads,2026-03-22
C06144,Customer 6144,Male,25,Kolkata,West Bengal,One-Time,Google Ads,2026-05-24
C06145,Customer 6145,Female,60,Vadodara,Gujarat,At-Risk,Email,2025-02-03
C06146,Customer 6146,Male,34,Howrah,West Bengal,New,Instagram,2025-03-17
C06147,Customer 6147,Female,34,Kanpur,Uttar Pradesh,New,Affiliate,2026-02-21
C06148,Customer 6148,Male,51,Bengaluru,Karnataka,One-Time,Google Ads,2025-05-11
C06149,Customer 6149,Male,46,Kochi,Kerala,Loyal,Instagram,2025-11-09
C06150,Customer 6150,Female,30,Jaipur,Rajasthan,New,Instagram,2024-03-09
C06151,Customer 6151,Male,32,Kanpur,Uttar Pradesh,Loyal,Meta Ads,2026-01-11
C06152,Customer 6152,Male,18,Udaipur,Rajasthan,Dormant,Google Ads,2024-04-07
C06153,Customer 6153,Female,28,Chennai,Tamil Nadu,At-Risk,Google Ads,2024-12-15
C06154,Customer 6154,Female,37,Mysuru,Karnataka,New,Google Ads,2024-06-05
C06155,Customer 6155,Female,38,Madurai,Tamil Nadu,Loyal,Instagram,2026-04-15
C06156,Customer 6156,Female,28,Nizamabad,Telangana,New,Google Ads,2024-04-16
C06157,Customer 6157,Male,59,Delhi,Delhi,One-Time,Instagram,2025-05-06
C06158,Customer 6158,Female,55,Nizamabad,Telangana,Dormant,Instagram,2024-05-03
C06159,Customer 6159,Male,39,Nizamabad,Telangana,Dormant,Instagram,2024-01-17
C06160,Customer 6160,Female,57,Kozhikode,Kerala,New,Meta Ads,2024-08-22
C06161,Customer 6161,Female,33,Howrah,West Bengal,New,Email,2024-03-11
C06162,Customer 6162,Male,50,Surat,Gujarat,One-Time,Instagram,2024-09-07
C06163,Customer 6163,Female,55,Mysuru,Karnataka,Loyal,Marketplace,2024-05-24
C06164,Customer 6164,Male,47,Surat,Gujarat,New,Google Ads,2025-09-18
C06165,Customer 6165,Female,33,Kozhikode,Kerala,New,Google Ads,2024-06-03
C06166,Customer 6166,Male,53,Kolkata,West Bengal,One-Time,Affiliate,2025-03-13
C06167,Customer 6167,Male,23,Vadodara,Gujarat,New,Meta Ads,2024-01-01
C06168,Customer 6168,Male,36,Delhi,Delhi,At-Risk,Meta Ads,2026-04-14
C06169,Customer 6169,Male,58,Bengaluru,Karnataka,VIP,Influencer,2025-02-01
C06170,Customer 6170,Female,49,Jodhpur,Rajasthan,Loyal,Email,2024-11-04
C06171,Customer 6171,Male,35,Kochi,Kerala,Loyal,Organic Search,2024-10-19
C06172,Customer 6172,Male,38,Madurai,Tamil Nadu,At-Risk,Google Ads,2024-02-27
C06173,Customer 6173,Male,37,Coimbatore,Tamil Nadu,New,Meta Ads,2024-08-21
C06174,Customer 6174,Female,38,Coimbatore,Tamil Nadu,At-Risk,Meta Ads,2026-01-29
C06175,Customer 6175,Female,29,Chennai,Tamil Nadu,New,Affiliate,2024-12-13
C06176,Customer 6176,Female,55,Kochi,Kerala,Dormant,Instagram,2026-01-28
C06177,Customer 6177,Female,22,Udaipur,Rajasthan,New,Organic Search,2024-06-09
C06178,Customer 6178,Female,55,Madurai,Tamil Nadu,At-Risk,Marketplace,2024-11-22
C06179,Customer 6179,Female,44,Chennai,Tamil Nadu,New,Marketplace,2025-07-22
C06180,Customer 6180,Female,37,Madurai,Tamil Nadu,At-Risk,Google Ads,2024-03-04
C06181,Customer 6181,Female,56,Warangal,Telangana,Loyal,Email,2024-11-13
C06182,Customer 6182,Female,62,New Delhi,Delhi,New,Organic Search,2026-03-03
C06183,Customer 6183,Male,38,Noida,Uttar Pradesh,At-Risk,Affiliate,2025-03-21
C06184,Customer 6184,Male,43,Howrah,West Bengal,New,Marketplace,2026-04-20
C06185,Customer 6185,Female,39,Nagpur,Maharashtra,Loyal,Organic Search,2024-05-08
C06186,Customer 6186,Female,41,Jodhpur,Rajasthan,One-Time,Organic Search,2026-06-16
C06187,Customer 6187,Female,35,Jodhpur,Rajasthan,VIP,Google Ads,2026-03-01
C06188,Customer 6188,Male,42,Mangaluru,Karnataka,At-Risk,Email,2024-12-17
C06189,Customer 6189,Male,19,Howrah,West Bengal,Loyal,Organic Search,2025-05-21
C06190,Customer 6190,Female,55,Surat,Gujarat,VIP,Organic Search,2024-04-24
C06191,Customer 6191,Female,22,Noida,Uttar Pradesh,Dormant,Organic Search,2024-05-21
C06192,Customer 6192,Female,64,Pune,Maharashtra,VIP,Instagram,2024-12-06
C06193,Customer 6193,Female,36,Mumbai,Maharashtra,One-Time,Email,2024-10-21
C06194,Customer 6194,Female,51,New Delhi,Delhi,Loyal,Marketplace,2025-06-11
C06195,Customer 6195,Male,19,Warangal,Telangana,New,Meta Ads,2026-03-24
C06196,Customer 6196,Female,34,Chennai,Tamil Nadu,Loyal,Affiliate,2024-02-08
C06197,Customer 6197,Female,63,Noida,Uttar Pradesh,New,Organic Search,2026-01-23
C06198,Customer 6198,Male,42,Nagpur,Maharashtra,At-Risk,Instagram,2024-09-03
C06199,Customer 6199,Male,39,New Delhi,Delhi,Loyal,Instagram,2025-08-09
C06200,Customer 6200,Female,32,Thiruvananthapuram,Kerala,Loyal,Email,2026-04-27
C06201,Customer 6201,Male,51,Delhi,Delhi,New,Affiliate,2025-10-22
C06202,Customer 6202,Female,49,New Delhi,Delhi,New,Google Ads,2024-02-09
C06203,Customer 6203,Female,43,Vadodara,Gujarat,At-Risk,Marketplace,2025-06-17
C06204,Customer 6204,Female,65,Mumbai,Maharashtra,Loyal,Affiliate,2024-05-15
C06205,Customer 6205,Female,44,Nagpur,Maharashtra,Dormant,Meta Ads,2024-08-16
C06206,Customer 6206,Female,59,Kolkata,West Bengal,Loyal,Google Ads,2025-06-06
C06207,Customer 6207,Male,40,Chennai,Tamil Nadu,New,Google Ads,2025-06-08
C06208,Customer 6208,Male,40,Mangaluru,Karnataka,VIP,Google Ads,2026-05-11
C06209,Customer 6209,Female,46,Hyderabad,Telangana,VIP,Google Ads,2024-09-12
C06210,Customer 6210,Female,34,Noida,Uttar Pradesh,New,Google Ads,2026-04-26
C06211,Customer 6211,Female,55,Warangal,Telangana,VIP,Marketplace,2025-01-27
C06212,Customer 6212,Female,39,Udaipur,Rajasthan,New,Organic Search,2024-08-19
C06213,Customer 6213,Male,30,Coimbatore,Tamil Nadu,One-Time,Affiliate,2025-07-14
C06214,Customer 6214,Female,33,Vadodara,Gujarat,New,Organic Search,2025-07-06
C06215,Customer 6215,Male,33,Mysuru,Karnataka,Loyal,Organic Search,2026-03-19
C06216,Customer 6216,Male,65,Pune,Maharashtra,VIP,Marketplace,2026-05-18
C06217,Customer 6217,Male,33,Surat,Gujarat,New,Meta Ads,2025-08-21
C06218,Customer 6218,Female,27,Udaipur,Rajasthan,At-Risk,Organic Search,2025-07-20
C06219,Customer 6219,Female,50,Pune,Maharashtra,At-Risk,Marketplace,2024-09-15
C06220,Customer 6220,Female,56,Chennai,Tamil Nadu,One-Time,Marketplace,2024-07-18
C06221,Customer 6221,Male,38,Madurai,Tamil Nadu,New,Instagram,2025-06-18
C06222,Customer 6222,Male,37,Pune,Maharashtra,One-Time,Influencer,2025-09-16
C06223,Customer 6223,Male,47,Surat,Gujarat,New,Email,2024-11-27
C06224,Customer 6224,Female,49,Mumbai,Maharashtra,Dormant,Meta Ads,2025-04-05
C06225,Customer 6225,Female,23,Delhi,Delhi,At-Risk,Meta Ads,2025-06-01
C06226,Customer 6226,Male,62,Mumbai,Maharashtra,New,Instagram,2025-03-20
C06227,Customer 6227,Female,35,Delhi,Delhi,Loyal,Meta Ads,2024-02-11
C06228,Customer 6228,Male,46,Bengaluru,Karnataka,One-Time,Google Ads,2025-03-15
C06229,Customer 6229,Male,20,Delhi,Delhi,New,Google Ads,2024-07-11
C06230,Customer 6230,Female,47,Chennai,Tamil Nadu,One-Time,Influencer,2024-04-11
C06231,Customer 6231,Male,23,Thiruvananthapuram,Kerala,New,Marketplace,2025-02-25
C06232,Customer 6232,Female,19,Delhi,Delhi,New,Influencer,2025-12-11
C06233,Customer 6233,Male,63,Noida,Uttar Pradesh,One-Time,Email,2025-12-18
C06234,Customer 6234,Male,24,Pune,Maharashtra,One-Time,Marketplace,2024-11-08
C06235,Customer 6235,Female,53,Chennai,Tamil Nadu,Loyal,Email,2025-05-26
C06236,Customer 6236,Male,43,Nizamabad,Telangana,Loyal,Email,2024-06-15
C06237,Customer 6237,Female,29,Coimbatore,Tamil Nadu,One-Time,Email,2024-09-09
C06238,Customer 6238,Female,35,Howrah,West Bengal,Loyal,Meta Ads,2025-01-31
C06239,Customer 6239,Female,24,Kanpur,Uttar Pradesh,One-Time,Organic Search,2024-12-16
C06240,Customer 6240,Female,47,Surat,Gujarat,Dormant,Instagram,2025-08-01
C06241,Customer 6241,Female,57,Howrah,West Bengal,New,Marketplace,2025-11-01
C06242,Customer 6242,Male,36,Mumbai,Maharashtra,Loyal,Google Ads,2025-05-13
C06243,Customer 6243,Female,62,Warangal,Telangana,New,Google Ads,2024-01-26
C06244,Customer 6244,Male,26,Noida,Uttar Pradesh,One-Time,Meta Ads,2026-01-07
C06245,Customer 6245,Female,63,Mumbai,Maharashtra,Loyal,Meta Ads,2025-02-13
C06246,Customer 6246,Male,56,Warangal,Telangana,VIP,Marketplace,2026-01-28
C06247,Customer 6247,Male,21,Kozhikode,Kerala,Dormant,Email,2024-09-03
C06248,Customer 6248,Male,58,Kozhikode,Kerala,Loyal,Meta Ads,2025-07-12
C06249,Customer 6249,Male,21,Vadodara,Gujarat,One-Time,Organic Search,2024-08-08
C06250,Customer 6250,Male,64,Madurai,Tamil Nadu,At-Risk,Instagram,2025-05-11
C06251,Customer 6251,Male,50,Kanpur,Uttar Pradesh,New,Meta Ads,2026-01-23
C06252,Customer 6252,Male,27,Mumbai,Maharashtra,Loyal,Instagram,2025-05-25
C06253,Customer 6253,Female,61,Madurai,Tamil Nadu,At-Risk,Meta Ads,2026-06-17
C06254,Customer 6254,Female,32,Coimbatore,Tamil Nadu,One-Time,Organic Search,2024-12-19
C06255,Customer 6255,Other,23,Kozhikode,Kerala,Loyal,Affiliate,2024-04-24
C06256,Customer 6256,Male,31,Thiruvananthapuram,Kerala,New,Meta Ads,2025-02-26
C06257,Customer 6257,Male,59,Kolkata,West Bengal,New,Organic Search,2026-01-19
C06258,Customer 6258,Male,62,Pune,Maharashtra,Dormant,Organic Search,2025-04-19
C06259,Customer 6259,Male,62,Delhi,Delhi,New,Instagram,2025-07-04
C06260,Customer 6260,Female,46,Bengaluru,Karnataka,One-Time,Email,2025-12-21
C06261,Customer 6261,Female,26,Noida,Uttar Pradesh,Loyal,Meta Ads,2024-08-24
C06262,Customer 6262,Male,62,Pune,Maharashtra,One-Time,Instagram,2025-11-02
C06263,Customer 6263,Female,42,Warangal,Telangana,New,Instagram,2026-05-08
C06264,Customer 6264,Female,60,Udaipur,Rajasthan,New,Meta Ads,2024-06-25
C06265,Customer 6265,Male,22,New Delhi,Delhi,Loyal,Email,2024-06-15
C06266,Customer 6266,Male,29,Noida,Uttar Pradesh,Loyal,Organic Search,2026-05-30
C06267,Customer 6267,Male,28,Nizamabad,Telangana,At-Risk,Instagram,2026-05-24
C06268,Customer 6268,Male,38,Noida,Uttar Pradesh,One-Time,Marketplace,2026-05-18
C06269,Customer 6269,Female,58,Hyderabad,Telangana,Dormant,Meta Ads,2026-02-10
C06270,Customer 6270,Male,37,Hyderabad,Telangana,One-Time,Instagram,2024-09-08
C06271,Customer 6271,Male,47,Delhi,Delhi,One-Time,Organic Search,2025-05-19
C06272,Customer 6272,Male,41,Nagpur,Maharashtra,Dormant,Email,2026-06-17
C06273,Customer 6273,Female,63,Ahmedabad,Gujarat,At-Risk,Marketplace,2025-09-24
C06274,Customer 6274,Male,65,Hyderabad,Telangana,One-Time,Meta Ads,2025-04-17
C06275,Customer 6275,Female,59,Warangal,Telangana,One-Time,Instagram,2025-07-01
C06276,Customer 6276,Female,26,Jaipur,Rajasthan,At-Risk,Organic Search,2024-07-23
C06277,Customer 6277,Male,58,Mumbai,Maharashtra,New,Organic Search,2024-11-12
C06278,Customer 6278,Other,55,Kolkata,West Bengal,One-Time,Affiliate,2025-10-10
C06279,Customer 6279,Female,34,Jodhpur,Rajasthan,Loyal,Affiliate,2026-05-17
C06280,Customer 6280,Female,28,Nizamabad,Telangana,At-Risk,Google Ads,2024-02-13
C06281,Customer 6281,Other,65,Lucknow,Uttar Pradesh,Loyal,Affiliate,2025-01-08
C06282,Customer 6282,Male,53,Mangaluru,Karnataka,Loyal,Organic Search,2025-09-10
C06283,Customer 6283,Female,30,Madurai,Tamil Nadu,Dormant,Organic Search,2025-02-22
C06284,Customer 6284,Male,27,Hyderabad,Telangana,New,Meta Ads,2026-01-21
C06285,Customer 6285,Male,46,Kanpur,Uttar Pradesh,At-Risk,Marketplace,2025-08-04
C06286,Customer 6286,Female,43,Ahmedabad,Gujarat,New,Organic Search,2024-11-11
C06287,Customer 6287,Male,57,Delhi,Delhi,VIP,Meta Ads,2025-11-19
C06288,Customer 6288,Female,50,Kozhikode,Kerala,Loyal,Meta Ads,2024-10-28
C06289,Customer 6289,Male,56,Mangaluru,Karnataka,One-Time,Organic Search,2025-01-06
C06290,Customer 6290,Female,38,Thiruvananthapuram,Kerala,Loyal,Marketplace,2024-09-02
C06291,Customer 6291,Male,64,Jodhpur,Rajasthan,At-Risk,Email,2026-06-17
C06292,Customer 6292,Male,64,Kochi,Kerala,Loyal,Influencer,2025-01-01
C06293,Customer 6293,Female,63,Thiruvananthapuram,Kerala,New,Instagram,2026-05-08
C06294,Customer 6294,Male,51,Kozhikode,Kerala,New,Instagram,2025-05-31
C06295,Customer 6295,Female,36,Mumbai,Maharashtra,Loyal,Organic Search,2024-04-22
C06296,Customer 6296,Female,25,Lucknow,Uttar Pradesh,Loyal,Google Ads,2025-11-16
C06297,Customer 6297,Male,44,Kanpur,Uttar Pradesh,One-Time,Google Ads,2024-06-24
C06298,Customer 6298,Male,35,Howrah,West Bengal,New,Organic Search,2026-03-08
C06299,Customer 6299,Male,26,Mysuru,Karnataka,VIP,Meta Ads,2026-05-18
C06300,Customer 6300,Male,33,Kochi,Kerala,One-Time,Google Ads,2025-05-08
C06301,Customer 6301,Female,56,Mumbai,Maharashtra,New,Google Ads,2024-12-24
C06302,Customer 6302,Male,32,Delhi,Delhi,One-Time,Meta Ads,2025-03-03
C06303,Customer 6303,Male,22,New Delhi,Delhi,Loyal,Meta Ads,2025-11-28
C06304,Customer 6304,Male,28,Nagpur,Maharashtra,Dormant,Meta Ads,2024-12-03
C06305,Customer 6305,Female,26,Jodhpur,Rajasthan,Loyal,Marketplace,2024-02-15
C06306,Customer 6306,Female,26,Warangal,Telangana,New,Organic Search,2025-06-19
C06307,Customer 6307,Male,38,Jaipur,Rajasthan,At-Risk,Organic Search,2025-10-27
C06308,Customer 6308,Female,59,Noida,Uttar Pradesh,One-Time,Google Ads,2024-05-10
C06309,Customer 6309,Male,35,Bengaluru,Karnataka,Dormant,Meta Ads,2024-11-19
C06310,Customer 6310,Female,65,Udaipur,Rajasthan,One-Time,Marketplace,2025-02-24
C06311,Customer 6311,Male,59,Pune,Maharashtra,Dormant,Organic Search,2025-07-05
C06312,Customer 6312,Female,25,Kanpur,Uttar Pradesh,At-Risk,Affiliate,2025-04-02
C06313,Customer 6313,Male,46,Thiruvananthapuram,Kerala,At-Risk,Meta Ads,2025-11-10
C06314,Customer 6314,Male,55,Pune,Maharashtra,New,Organic Search,2025-07-20
C06315,Customer 6315,Male,52,Jodhpur,Rajasthan,At-Risk,Email,2025-10-04
C06316,Customer 6316,Male,28,New Delhi,Delhi,VIP,Meta Ads,2024-03-02
C06317,Customer 6317,Female,52,Surat,Gujarat,One-Time,Affiliate,2026-04-07
C06318,Customer 6318,Female,43,Udaipur,Rajasthan,Loyal,Meta Ads,2025-01-21
C06319,Customer 6319,Male,29,Delhi,Delhi,Loyal,Email,2025-01-16
C06320,Customer 6320,Female,27,Ahmedabad,Gujarat,Dormant,Google Ads,2025-11-16
C06321,Customer 6321,Female,35,Mumbai,Maharashtra,At-Risk,Organic Search,2025-01-08
C06322,Customer 6322,Male,31,Chennai,Tamil Nadu,One-Time,Affiliate,2025-12-06
C06323,Customer 6323,Female,44,Kanpur,Uttar Pradesh,Loyal,Instagram,2026-01-12
C06324,Customer 6324,Male,37,Hyderabad,Telangana,New,Marketplace,2025-05-03
C06325,Customer 6325,Male,23,Surat,Gujarat,One-Time,Meta Ads,2025-05-24
C06326,Customer 6326,Female,51,Nagpur,Maharashtra,At-Risk,Influencer,2026-02-23
C06327,Customer 6327,Female,20,Lucknow,Uttar Pradesh,Loyal,Organic Search,2025-11-03
C06328,Customer 6328,Female,40,Ahmedabad,Gujarat,At-Risk,Marketplace,2025-11-10
C06329,Customer 6329,Male,20,Chennai,Tamil Nadu,Loyal,Organic Search,2025-09-21
C06330,Customer 6330,Female,56,Bengaluru,Karnataka,One-Time,Email,2025-12-18
C06331,Customer 6331,Male,33,Chennai,Tamil Nadu,VIP,Instagram,2025-11-23
C06332,Customer 6332,Female,22,Thiruvananthapuram,Kerala,New,Affiliate,2025-12-14
C06333,Customer 6333,Female,29,Delhi,Delhi,Dormant,Influencer,2024-12-31
C06334,Customer 6334,Male,45,New Delhi,Delhi,Dormant,Organic Search,2025-10-17
C06335,Customer 6335,Female,55,Jodhpur,Rajasthan,At-Risk,Organic Search,2025-04-09
C06336,Customer 6336,Male,23,Chennai,Tamil Nadu,At-Risk,Email,2026-02-09
C06337,Customer 6337,Male,33,Chennai,Tamil Nadu,Loyal,Meta Ads,2025-03-20
C06338,Customer 6338,Female,23,Mysuru,Karnataka,Loyal,Google Ads,2024-03-28
C06339,Customer 6339,Male,29,Nagpur,Maharashtra,At-Risk,Organic Search,2026-01-03
C06340,Customer 6340,Male,32,Jaipur,Rajasthan,One-Time,Organic Search,2025-03-29
C06341,Customer 6341,Female,46,Kanpur,Uttar Pradesh,At-Risk,Organic Search,2024-02-07
C06342,Customer 6342,Male,23,Kozhikode,Kerala,New,Organic Search,2026-01-12
C06343,Customer 6343,Female,47,Lucknow,Uttar Pradesh,At-Risk,Meta Ads,2024-02-15
C06344,Customer 6344,Male,55,New Delhi,Delhi,Loyal,Meta Ads,2024-04-08
C06345,Customer 6345,Female,63,Bengaluru,Karnataka,At-Risk,Google Ads,2025-10-01
C06346,Customer 6346,Female,42,Howrah,West Bengal,Loyal,Google Ads,2024-05-19
C06347,Customer 6347,Female,41,Kochi,Kerala,Loyal,Organic Search,2024-08-30
C06348,Customer 6348,Male,48,Jodhpur,Rajasthan,Dormant,Affiliate,2024-12-27
C06349,Customer 6349,Female,65,Delhi,Delhi,One-Time,Marketplace,2026-05-26
C06350,Customer 6350,Male,20,Kolkata,West Bengal,New,Google Ads,2025-05-22
C06351,Customer 6351,Female,26,Lucknow,Uttar Pradesh,New,Affiliate,2026-05-23
C06352,Customer 6352,Male,28,Kochi,Kerala,Loyal,Organic Search,2025-10-13
C06353,Customer 6353,Male,26,Lucknow,Uttar Pradesh,Loyal,Meta Ads,2024-09-16
C06354,Customer 6354,Male,43,Coimbatore,Tamil Nadu,Loyal,Organic Search,2025-05-19
C06355,Customer 6355,Male,20,Mangaluru,Karnataka,New,Marketplace,2024-10-28
C06356,Customer 6356,Male,21,New Delhi,Delhi,New,Instagram,2024-07-13
C06357,Customer 6357,Male,50,Bengaluru,Karnataka,At-Risk,Organic Search,2025-04-25
C06358,Customer 6358,Female,25,Kochi,Kerala,VIP,Meta Ads,2026-02-02
C06359,Customer 6359,Male,33,Delhi,Delhi,New,Meta Ads,2025-12-11
C06360,Customer 6360,Male,19,Delhi,Delhi,New,Google Ads,2024-08-26
C06361,Customer 6361,Male,54,Mysuru,Karnataka,New,Google Ads,2024-08-20
C06362,Customer 6362,Male,61,Kolkata,West Bengal,At-Risk,Organic Search,2026-02-11
C06363,Customer 6363,Male,51,New Delhi,Delhi,VIP,Google Ads,2025-07-22
C06364,Customer 6364,Female,38,Nagpur,Maharashtra,Loyal,Organic Search,2025-03-21
C06365,Customer 6365,Female,37,Lucknow,Uttar Pradesh,Loyal,Influencer,2026-01-10
C06366,Customer 6366,Female,20,Chennai,Tamil Nadu,At-Risk,Influencer,2024-02-06
C06367,Customer 6367,Male,30,Madurai,Tamil Nadu,One-Time,Meta Ads,2025-11-08
C06368,Customer 6368,Female,40,Mumbai,Maharashtra,One-Time,Google Ads,2025-03-07
C06369,Customer 6369,Male,20,Ahmedabad,Gujarat,One-Time,Instagram,2025-03-13
C06370,Customer 6370,Male,60,Jodhpur,Rajasthan,Dormant,Meta Ads,2025-08-11
C06371,Customer 6371,Male,47,Lucknow,Uttar Pradesh,Loyal,Instagram,2024-07-21
C06372,Customer 6372,Male,27,Hyderabad,Telangana,Loyal,Organic Search,2026-03-02
C06373,Customer 6373,Female,60,Thiruvananthapuram,Kerala,At-Risk,Organic Search,2024-03-16
C06374,Customer 6374,Male,29,Jaipur,Rajasthan,New,Meta Ads,2025-06-07
C06375,Customer 6375,Female,49,Mangaluru,Karnataka,One-Time,Meta Ads,2025-03-04
C06376,Customer 6376,Female,65,Mumbai,Maharashtra,Loyal,Influencer,2026-06-11
C06377,Customer 6377,Female,35,Mysuru,Karnataka,Dormant,Marketplace,2025-08-08
C06378,Customer 6378,Female,58,Lucknow,Uttar Pradesh,New,Organic Search,2024-12-08
C06379,Customer 6379,Female,62,Mangaluru,Karnataka,Loyal,Email,2025-01-14
C06380,Customer 6380,Female,44,Delhi,Delhi,Dormant,Organic Search,2024-08-09
C06381,Customer 6381,Other,49,Udaipur,Rajasthan,VIP,Google Ads,2024-02-15
C06382,Customer 6382,Female,26,Lucknow,Uttar Pradesh,Loyal,Marketplace,2025-02-03
C06383,Customer 6383,Male,58,Kolkata,West Bengal,One-Time,Meta Ads,2024-01-20
C06384,Customer 6384,Male,28,Udaipur,Rajasthan,New,Organic Search,2025-08-15
C06385,Customer 6385,Male,32,Nagpur,Maharashtra,One-Time,Meta Ads,2026-03-22
C06386,Customer 6386,Male,59,Lucknow,Uttar Pradesh,One-Time,Organic Search,2024-03-26
C06387,Customer 6387,Other,27,Bengaluru,Karnataka,At-Risk,Organic Search,2026-05-24
C06388,Customer 6388,Female,50,Pune,Maharashtra,VIP,Organic Search,2024-03-22
C06389,Customer 6389,Female,35,Thiruvananthapuram,Kerala,At-Risk,Instagram,2025-03-03
C06390,Customer 6390,Female,34,Pune,Maharashtra,New,Organic Search,2025-07-15
C06391,Customer 6391,Female,61,Nagpur,Maharashtra,One-Time,Organic Search,2025-07-30
C06392,Customer 6392,Female,19,Howrah,West Bengal,At-Risk,Organic Search,2024-12-11
C06393,Customer 6393,Male,53,Mangaluru,Karnataka,New,Email,2024-02-10
C06394,Customer 6394,Other,24,Nagpur,Maharashtra,New,Email,2025-12-05
C06395,Customer 6395,Female,56,Surat,Gujarat,One-Time,Organic Search,2025-02-20
C06396,Customer 6396,Male,53,Udaipur,Rajasthan,New,Google Ads,2024-08-25
C06397,Customer 6397,Female,47,Noida,Uttar Pradesh,New,Organic Search,2025-02-09
C06398,Customer 6398,Male,49,Mumbai,Maharashtra,One-Time,Google Ads,2025-01-25
C06399,Customer 6399,Female,18,Ahmedabad,Gujarat,At-Risk,Organic Search,2025-06-20
C06400,Customer 6400,Male,35,Noida,Uttar Pradesh,New,Instagram,2025-04-08
C06401,Customer 6401,Male,53,Nagpur,Maharashtra,Loyal,Influencer,2025-06-23
C06402,Customer 6402,Female,46,Nagpur,Maharashtra,Loyal,Google Ads,2026-04-28
C06403,Customer 6403,Male,27,Hyderabad,Telangana,Loyal,Email,2026-04-10
C06404,Customer 6404,Female,54,New Delhi,Delhi,Loyal,Google Ads,2024-01-07
C06405,Customer 6405,Male,32,Pune,Maharashtra,New,Influencer,2025-08-02
C06406,Customer 6406,Female,48,Jodhpur,Rajasthan,New,Google Ads,2024-07-14
C06407,Customer 6407,Female,48,Kozhikode,Kerala,Loyal,Email,2024-03-02
C06408,Customer 6408,Female,29,Mumbai,Maharashtra,Dormant,Google Ads,2024-03-23
C06409,Customer 6409,Male,20,Howrah,West Bengal,One-Time,Affiliate,2025-07-28
C06410,Customer 6410,Male,63,Pune,Maharashtra,Loyal,Meta Ads,2026-06-11
C06411,Customer 6411,Male,54,Warangal,Telangana,Dormant,Organic Search,2025-12-03
C06412,Customer 6412,Female,19,Jodhpur,Rajasthan,At-Risk,Google Ads,2024-04-28
C06413,Customer 6413,Female,27,Madurai,Tamil Nadu,At-Risk,Meta Ads,2024-07-08
C06414,Customer 6414,Male,44,Thiruvananthapuram,Kerala,Loyal,Google Ads,2026-01-10
C06415,Customer 6415,Female,60,Surat,Gujarat,At-Risk,Email,2025-06-30
C06416,Customer 6416,Female,28,Nagpur,Maharashtra,Loyal,Google Ads,2025-04-13
C06417,Customer 6417,Male,43,Chennai,Tamil Nadu,Loyal,Marketplace,2024-06-13
C06418,Customer 6418,Male,51,Pune,Maharashtra,At-Risk,Instagram,2025-12-05
C06419,Customer 6419,Male,60,Kanpur,Uttar Pradesh,One-Time,Organic Search,2026-01-20
C06420,Customer 6420,Female,44,Udaipur,Rajasthan,Dormant,Meta Ads,2024-09-28
C06421,Customer 6421,Male,38,Bengaluru,Karnataka,Dormant,Meta Ads,2026-06-17
C06422,Customer 6422,Male,27,Delhi,Delhi,Loyal,Influencer,2025-03-03
C06423,Customer 6423,Male,44,Howrah,West Bengal,New,Organic Search,2024-02-05
C06424,Customer 6424,Male,42,Noida,Uttar Pradesh,At-Risk,Organic Search,2026-05-30
C06425,Customer 6425,Male,60,Nizamabad,Telangana,One-Time,Organic Search,2024-06-23
C06426,Customer 6426,Male,42,Warangal,Telangana,Loyal,Google Ads,2024-03-26
C06427,Customer 6427,Female,55,Pune,Maharashtra,New,Marketplace,2025-02-11
C06428,Customer 6428,Female,38,Coimbatore,Tamil Nadu,At-Risk,Instagram,2025-07-12
C06429,Customer 6429,Male,41,New Delhi,Delhi,Dormant,Influencer,2025-07-20
C06430,Customer 6430,Male,20,Nagpur,Maharashtra,New,Organic Search,2026-05-12
C06431,Customer 6431,Female,41,Chennai,Tamil Nadu,VIP,Meta Ads,2025-02-20
C06432,Customer 6432,Male,27,Chennai,Tamil Nadu,At-Risk,Organic Search,2024-04-24
C06433,Customer 6433,Male,33,Nizamabad,Telangana,New,Marketplace,2025-02-12
C06434,Customer 6434,Female,64,Kozhikode,Kerala,New,Google Ads,2026-01-26
C06435,Customer 6435,Male,50,Surat,Gujarat,One-Time,Instagram,2024-01-11
C06436,Customer 6436,Male,27,Coimbatore,Tamil Nadu,At-Risk,Organic Search,2024-09-05
C06437,Customer 6437,Male,44,New Delhi,Delhi,Loyal,Meta Ads,2025-08-31
C06438,Customer 6438,Male,40,Mysuru,Karnataka,New,Meta Ads,2024-06-29
C06439,Customer 6439,Female,54,Noida,Uttar Pradesh,One-Time,Organic Search,2025-03-14
C06440,Customer 6440,Male,32,Surat,Gujarat,Loyal,Marketplace,2024-05-29
C06441,Customer 6441,Female,48,Delhi,Delhi,New,Email,2024-04-23
C06442,Customer 6442,Male,54,Thiruvananthapuram,Kerala,Loyal,Marketplace,2025-10-24
C06443,Customer 6443,Male,52,Kanpur,Uttar Pradesh,New,Google Ads,2025-12-01
C06444,Customer 6444,Male,45,Kanpur,Uttar Pradesh,At-Risk,Meta Ads,2024-02-02
C06445,Customer 6445,Male,18,Pune,Maharashtra,VIP,Google Ads,2025-04-27
C06446,Customer 6446,Male,52,Pune,Maharashtra,At-Risk,Instagram,2025-01-13
C06447,Customer 6447,Female,64,Jaipur,Rajasthan,New,Organic Search,2024-11-27
C06448,Customer 6448,Male,48,New Delhi,Delhi,Loyal,Meta Ads,2025-09-19
C06449,Customer 6449,Male,46,Howrah,West Bengal,At-Risk,Instagram,2025-07-27
C06450,Customer 6450,Female,42,Noida,Uttar Pradesh,Loyal,Organic Search,2024-05-05
C06451,Customer 6451,Female,22,Bengaluru,Karnataka,New,Organic Search,2026-05-24
C06452,Customer 6452,Male,64,Mysuru,Karnataka,New,Organic Search,2024-07-20
C06453,Customer 6453,Male,35,Delhi,Delhi,Loyal,Organic Search,2025-05-07
C06454,Customer 6454,Male,51,Mysuru,Karnataka,Loyal,Marketplace,2024-05-17
C06455,Customer 6455,Male,44,Howrah,West Bengal,Dormant,Organic Search,2025-06-24
C06456,Customer 6456,Female,51,Jodhpur,Rajasthan,At-Risk,Marketplace,2024-01-24
C06457,Customer 6457,Male,21,New Delhi,Delhi,VIP,Marketplace,2024-08-30
C06458,Customer 6458,Male,51,Jaipur,Rajasthan,Dormant,Influencer,2025-02-14
C06459,Customer 6459,Female,44,New Delhi,Delhi,VIP,Google Ads,2024-03-29
C06460,Customer 6460,Female,40,Udaipur,Rajasthan,New,Email,2025-03-23
C06461,Customer 6461,Other,53,Nagpur,Maharashtra,New,Instagram,2025-06-06
C06462,Customer 6462,Male,48,Jodhpur,Rajasthan,At-Risk,Google Ads,2026-05-01
C06463,Customer 6463,Female,54,Udaipur,Rajasthan,One-Time,Organic Search,2024-12-03
C06464,Customer 6464,Male,47,Mysuru,Karnataka,Dormant,Meta Ads,2025-10-17
C06465,Customer 6465,Male,55,Vadodara,Gujarat,New,Organic Search,2024-08-25
C06466,Customer 6466,Female,60,Kanpur,Uttar Pradesh,New,Affiliate,2026-05-23
C06467,Customer 6467,Male,57,Mysuru,Karnataka,At-Risk,Instagram,2026-05-18
C06468,Customer 6468,Male,64,Jodhpur,Rajasthan,At-Risk,Marketplace,2025-11-12
C06469,Customer 6469,Female,43,Kochi,Kerala,At-Risk,Affiliate,2024-07-11
C06470,Customer 6470,Male,41,Kanpur,Uttar Pradesh,New,Affiliate,2026-05-30
C06471,Customer 6471,Female,21,Madurai,Tamil Nadu,One-Time,Google Ads,2024-12-25
C06472,Customer 6472,Female,46,Ahmedabad,Gujarat,Loyal,Marketplace,2024-08-11
C06473,Customer 6473,Female,50,Kozhikode,Kerala,Dormant,Google Ads,2024-12-27
C06474,Customer 6474,Male,31,Ahmedabad,Gujarat,New,Influencer,2024-05-30
C06475,Customer 6475,Female,19,Pune,Maharashtra,Loyal,Google Ads,2024-11-18
C06476,Customer 6476,Female,58,Nizamabad,Telangana,New,Google Ads,2024-12-18
C06477,Customer 6477,Female,24,Lucknow,Uttar Pradesh,VIP,Meta Ads,2026-06-16
C06478,Customer 6478,Female,52,Chennai,Tamil Nadu,New,Organic Search,2025-03-18
C06479,Customer 6479,Male,64,Mysuru,Karnataka,Dormant,Marketplace,2025-10-29
C06480,Customer 6480,Female,62,Bengaluru,Karnataka,New,Organic Search,2026-01-12
C06481,Customer 6481,Female,28,Jodhpur,Rajasthan,VIP,Organic Search,2026-04-30
C06482,Customer 6482,Female,47,New Delhi,Delhi,At-Risk,Meta Ads,2025-05-02
C06483,Customer 6483,Male,63,Lucknow,Uttar Pradesh,One-Time,Marketplace,2025-06-10
C06484,Customer 6484,Female,52,Jaipur,Rajasthan,One-Time,Instagram,2026-05-07
C06485,Customer 6485,Male,31,Kozhikode,Kerala,Loyal,Marketplace,2025-09-04
C06486,Customer 6486,Male,22,Kanpur,Uttar Pradesh,Loyal,Affiliate,2024-09-16
C06487,Customer 6487,Female,42,Bengaluru,Karnataka,VIP,Instagram,2025-06-19
C06488,Customer 6488,Female,47,Kolkata,West Bengal,Loyal,Meta Ads,2025-06-05
C06489,Customer 6489,Female,27,Nizamabad,Telangana,New,Organic Search,2025-06-11
C06490,Customer 6490,Male,36,Kochi,Kerala,Dormant,Marketplace,2025-08-09
C06491,Customer 6491,Female,38,Mysuru,Karnataka,New,Organic Search,2025-01-23
C06492,Customer 6492,Male,42,Howrah,West Bengal,Loyal,Influencer,2024-05-20
C06493,Customer 6493,Male,20,Lucknow,Uttar Pradesh,Dormant,Marketplace,2024-11-24
C06494,Customer 6494,Female,33,Nagpur,Maharashtra,Dormant,Meta Ads,2025-12-07
C06495,Customer 6495,Female,58,Lucknow,Uttar Pradesh,New,Email,2026-06-18
C06496,Customer 6496,Male,31,Hyderabad,Telangana,New,Organic Search,2025-07-29
C06497,Customer 6497,Male,56,Coimbatore,Tamil Nadu,Loyal,Meta Ads,2025-12-01
C06498,Customer 6498,Female,57,Delhi,Delhi,One-Time,Affiliate,2024-06-21
C06499,Customer 6499,Male,59,Coimbatore,Tamil Nadu,VIP,Meta Ads,2025-12-07
C06500,Customer 6500,Male,44,Ahmedabad,Gujarat,Loyal,Organic Search,2025-01-07
C06501,Customer 6501,Female,35,Kochi,Kerala,One-Time,Email,2025-09-24
C06502,Customer 6502,Male,30,Mangaluru,Karnataka,One-Time,Influencer,2025-07-30
C06503,Customer 6503,Male,43,Surat,Gujarat,VIP,Email,2025-11-15
C06504,Customer 6504,Male,54,Lucknow,Uttar Pradesh,At-Risk,Organic Search,2025-10-22
C06505,Customer 6505,Male,57,Noida,Uttar Pradesh,One-Time,Meta Ads,2025-08-04
C06506,Customer 6506,Male,21,Warangal,Telangana,New,Affiliate,2025-01-10
C06507,Customer 6507,Male,62,Kochi,Kerala,One-Time,Instagram,2026-01-02
C06508,Customer 6508,Female,32,Hyderabad,Telangana,Loyal,Organic Search,2025-10-12
C06509,Customer 6509,Male,30,Vadodara,Gujarat,VIP,Influencer,2024-05-04
C06510,Customer 6510,Female,34,Vadodara,Gujarat,At-Risk,Email,2024-08-22
C06511,Customer 6511,Male,35,Lucknow,Uttar Pradesh,Dormant,Meta Ads,2024-08-30
C06512,Customer 6512,Male,26,Mumbai,Maharashtra,Loyal,Meta Ads,2024-10-01
C06513,Customer 6513,Male,33,Pune,Maharashtra,At-Risk,Organic Search,2025-09-24
C06514,Customer 6514,Male,58,Jodhpur,Rajasthan,One-Time,Meta Ads,2024-01-11
C06515,Customer 6515,Female,19,Pune,Maharashtra,Loyal,Meta Ads,2024-08-22
C06516,Customer 6516,Male,50,Delhi,Delhi,Loyal,Meta Ads,2025-03-14
C06517,Customer 6517,Female,60,Jaipur,Rajasthan,At-Risk,Instagram,2024-06-09
C06518,Customer 6518,Female,50,Kolkata,West Bengal,At-Risk,Email,2024-06-18
C06519,Customer 6519,Female,40,Nagpur,Maharashtra,One-Time,Email,2025-01-22
C06520,Customer 6520,Female,46,Mangaluru,Karnataka,At-Risk,Organic Search,2025-06-25
C06521,Customer 6521,Male,43,Kochi,Kerala,At-Risk,Organic Search,2024-10-28
C06522,Customer 6522,Other,36,Coimbatore,Tamil Nadu,Dormant,Instagram,2026-05-19
C06523,Customer 6523,Male,58,Warangal,Telangana,Loyal,Marketplace,2025-01-12
C06524,Customer 6524,Female,49,Mumbai,Maharashtra,Dormant,Email,2026-06-18
C06525,Customer 6525,Female,20,Mangaluru,Karnataka,At-Risk,Influencer,2025-05-21
C06526,Customer 6526,Female,53,Kochi,Kerala,Loyal,Email,2024-12-02
C06527,Customer 6527,Male,29,Mysuru,Karnataka,Loyal,Instagram,2024-04-12
C06528,Customer 6528,Female,43,Warangal,Telangana,At-Risk,Organic Search,2025-10-22
C06529,Customer 6529,Male,26,Delhi,Delhi,At-Risk,Google Ads,2025-04-29
C06530,Customer 6530,Female,40,Hyderabad,Telangana,Loyal,Marketplace,2026-05-14
C06531,Customer 6531,Male,24,Bengaluru,Karnataka,Dormant,Organic Search,2026-05-20
C06532,Customer 6532,Male,28,Thiruvananthapuram,Kerala,New,Google Ads,2025-04-16
C06533,Customer 6533,Female,59,Udaipur,Rajasthan,Loyal,Instagram,2024-08-09
C06534,Customer 6534,Male,22,Warangal,Telangana,One-Time,Organic Search,2024-10-27
C06535,Customer 6535,Male,32,Madurai,Tamil Nadu,Loyal,Google Ads,2024-03-05
C06536,Customer 6536,Female,19,Pune,Maharashtra,One-Time,Meta Ads,2024-05-20
C06537,Customer 6537,Female,27,Mumbai,Maharashtra,One-Time,Marketplace,2025-01-06
C06538,Customer 6538,Male,52,Surat,Gujarat,One-Time,Meta Ads,2024-06-07
C06539,Customer 6539,Other,44,Delhi,Delhi,New,Google Ads,2026-02-10
C06540,Customer 6540,Other,34,Udaipur,Rajasthan,New,Google Ads,2026-02-07
C06541,Customer 6541,Female,22,Kozhikode,Kerala,VIP,Organic Search,2024-06-06
C06542,Customer 6542,Male,52,Bengaluru,Karnataka,One-Time,Email,2024-08-21
C06543,Customer 6543,Male,30,Thiruvananthapuram,Kerala,New,Organic Search,2026-01-14
C06544,Customer 6544,Male,42,Delhi,Delhi,New,Marketplace,2024-08-31
C06545,Customer 6545,Female,24,Mysuru,Karnataka,New,Google Ads,2024-08-22
C06546,Customer 6546,Other,39,Kanpur,Uttar Pradesh,New,Meta Ads,2025-11-02
C06547,Customer 6547,Male,59,Nizamabad,Telangana,Dormant,Meta Ads,2024-12-27
C06548,Customer 6548,Male,48,Ahmedabad,Gujarat,Loyal,Instagram,2026-01-23
C06549,Customer 6549,Female,40,Jaipur,Rajasthan,One-Time,Google Ads,2025-04-21
C06550,Customer 6550,Female,26,Mysuru,Karnataka,Loyal,Instagram,2024-07-06
C06551,Customer 6551,Female,30,Kanpur,Uttar Pradesh,New,Affiliate,2024-05-17
C06552,Customer 6552,Male,65,Mangaluru,Karnataka,VIP,Google Ads,2025-09-11
C06553,Customer 6553,Male,62,Noida,Uttar Pradesh,Dormant,Marketplace,2025-02-06
C06554,Customer 6554,Male,33,Warangal,Telangana,New,Marketplace,2025-02-05
C06555,Customer 6555,Female,48,Nagpur,Maharashtra,New,Email,2025-09-04
C06556,Customer 6556,Male,54,Madurai,Tamil Nadu,Loyal,Influencer,2024-09-06
C06557,Customer 6557,Male,37,Lucknow,Uttar Pradesh,New,Organic Search,2026-06-18
C06558,Customer 6558,Female,29,Mumbai,Maharashtra,New,Meta Ads,2025-04-13
C06559,Customer 6559,Female,34,Noida,Uttar Pradesh,Loyal,Organic Search,2026-02-13
C06560,Customer 6560,Male,40,Pune,Maharashtra,Loyal,Google Ads,2025-11-30
C06561,Customer 6561,Male,35,New Delhi,Delhi,New,Email,2025-07-01
C06562,Customer 6562,Female,41,Chennai,Tamil Nadu,At-Risk,Affiliate,2024-03-30
C06563,Customer 6563,Male,25,Mumbai,Maharashtra,New,Organic Search,2025-10-24
C06564,Customer 6564,Female,32,Kochi,Kerala,One-Time,Instagram,2024-03-05
C06565,Customer 6565,Male,26,Coimbatore,Tamil Nadu,VIP,Organic Search,2025-10-25
C06566,Customer 6566,Male,34,Udaipur,Rajasthan,Loyal,Marketplace,2026-03-31
C06567,Customer 6567,Female,31,Ahmedabad,Gujarat,Loyal,Google Ads,2025-04-24
C06568,Customer 6568,Female,38,New Delhi,Delhi,VIP,Meta Ads,2026-05-17
C06569,Customer 6569,Male,65,Ahmedabad,Gujarat,Loyal,Google Ads,2025-07-18
C06570,Customer 6570,Male,58,Kozhikode,Kerala,At-Risk,Marketplace,2025-04-20
C06571,Customer 6571,Female,47,Jodhpur,Rajasthan,Loyal,Email,2025-04-23
C06572,Customer 6572,Female,42,Surat,Gujarat,One-Time,Google Ads,2024-05-09
C06573,Customer 6573,Male,33,Kolkata,West Bengal,At-Risk,Organic Search,2024-02-29
C06574,Customer 6574,Male,22,Vadodara,Gujarat,One-Time,Email,2024-03-11
C06575,Customer 6575,Male,47,Chennai,Tamil Nadu,VIP,Google Ads,2026-03-16
C06576,Customer 6576,Female,28,Howrah,West Bengal,One-Time,Influencer,2024-05-20
C06577,Customer 6577,Female,19,Madurai,Tamil Nadu,Loyal,Organic Search,2025-07-27
C06578,Customer 6578,Female,65,Jodhpur,Rajasthan,VIP,Google Ads,2024-09-11
C06579,Customer 6579,Female,28,Kozhikode,Kerala,Loyal,Marketplace,2024-12-10
C06580,Customer 6580,Female,22,Kozhikode,Kerala,New,Google Ads,2025-09-07
C06581,Customer 6581,Male,46,Noida,Uttar Pradesh,Loyal,Google Ads,2026-02-23
C06582,Customer 6582,Male,49,Vadodara,Gujarat,At-Risk,Instagram,2024-04-09
C06583,Customer 6583,Female,31,Jodhpur,Rajasthan,Dormant,Google Ads,2025-04-17
C06584,Customer 6584,Male,28,Pune,Maharashtra,Loyal,Organic Search,2024-05-03
C06585,Customer 6585,Male,24,New Delhi,Delhi,New,Meta Ads,2024-06-30
C06586,Customer 6586,Male,38,Mysuru,Karnataka,One-Time,Meta Ads,2025-10-03
C06587,Customer 6587,Male,37,Hyderabad,Telangana,Loyal,Marketplace,2024-01-27
C06588,Customer 6588,Female,35,Kochi,Kerala,New,Meta Ads,2024-08-19
C06589,Customer 6589,Male,62,Lucknow,Uttar Pradesh,At-Risk,Instagram,2025-05-16
C06590,Customer 6590,Female,64,New Delhi,Delhi,Loyal,Meta Ads,2024-07-13
C06591,Customer 6591,Male,59,Mangaluru,Karnataka,One-Time,Influencer,2024-12-12
C06592,Customer 6592,Female,44,Jaipur,Rajasthan,One-Time,Meta Ads,2025-06-08
C06593,Customer 6593,Male,64,Madurai,Tamil Nadu,New,Google Ads,2026-03-22
C06594,Customer 6594,Female,29,Noida,Uttar Pradesh,Loyal,Marketplace,2024-03-11
C06595,Customer 6595,Female,53,Thiruvananthapuram,Kerala,Loyal,Meta Ads,2025-04-01
C06596,Customer 6596,Female,46,Bengaluru,Karnataka,One-Time,Influencer,2025-07-20
C06597,Customer 6597,Male,47,Mangaluru,Karnataka,Loyal,Organic Search,2025-03-06
C06598,Customer 6598,Female,21,Mysuru,Karnataka,One-Time,Affiliate,2024-01-18
C06599,Customer 6599,Female,24,Warangal,Telangana,Loyal,Google Ads,2025-11-15
C06600,Customer 6600,Female,62,Coimbatore,Tamil Nadu,At-Risk,Marketplace,2024-07-28
C06601,Customer 6601,Female,30,Nizamabad,Telangana,One-Time,Meta Ads,2024-03-29
C06602,Customer 6602,Female,34,Pune,Maharashtra,One-Time,Google Ads,2025-02-09
C06603,Customer 6603,Male,50,Mysuru,Karnataka,At-Risk,Affiliate,2024-06-20
C06604,Customer 6604,Female,60,Nagpur,Maharashtra,One-Time,Google Ads,2025-07-21
C06605,Customer 6605,Other,37,Udaipur,Rajasthan,Loyal,Meta Ads,2025-04-30
C06606,Customer 6606,Male,56,Nizamabad,Telangana,At-Risk,Organic Search,2024-07-02
C06607,Customer 6607,Female,47,Lucknow,Uttar Pradesh,Loyal,Google Ads,2026-04-06
C06608,Customer 6608,Male,26,Nagpur,Maharashtra,Dormant,Meta Ads,2026-03-02
C06609,Customer 6609,Female,44,Hyderabad,Telangana,Loyal,Email,2024-10-10
C06610,Customer 6610,Male,64,Warangal,Telangana,Loyal,Instagram,2026-04-07
C06611,Customer 6611,Female,65,Jodhpur,Rajasthan,New,Email,2024-10-20
C06612,Customer 6612,Female,65,Bengaluru,Karnataka,New,Organic Search,2025-03-08
C06613,Customer 6613,Other,21,New Delhi,Delhi,Loyal,Meta Ads,2025-05-24
C06614,Customer 6614,Male,56,Nagpur,Maharashtra,New,Instagram,2024-09-02
C06615,Customer 6615,Male,40,Kozhikode,Kerala,Loyal,Meta Ads,2025-06-24
C06616,Customer 6616,Female,39,Mumbai,Maharashtra,One-Time,Meta Ads,2024-04-09
C06617,Customer 6617,Female,38,Coimbatore,Tamil Nadu,New,Google Ads,2025-06-28
C06618,Customer 6618,Female,50,Lucknow,Uttar Pradesh,Loyal,Organic Search,2026-04-24
C06619,Customer 6619,Female,42,Mysuru,Karnataka,Loyal,Google Ads,2024-10-18
C06620,Customer 6620,Male,21,Bengaluru,Karnataka,One-Time,Organic Search,2024-04-30
C06621,Customer 6621,Female,36,Kanpur,Uttar Pradesh,At-Risk,Google Ads,2025-06-04
C06622,Customer 6622,Male,62,Mysuru,Karnataka,New,Google Ads,2024-09-25
C06623,Customer 6623,Female,24,Warangal,Telangana,New,Meta Ads,2025-10-30
C06624,Customer 6624,Male,28,Madurai,Tamil Nadu,Dormant,Instagram,2024-10-23
C06625,Customer 6625,Female,23,Warangal,Telangana,Dormant,Organic Search,2024-02-26
C06626,Customer 6626,Female,52,Kochi,Kerala,One-Time,Organic Search,2024-08-29
C06627,Customer 6627,Male,56,Howrah,West Bengal,One-Time,Marketplace,2026-01-14
C06628,Customer 6628,Male,56,Vadodara,Gujarat,At-Risk,Meta Ads,2024-01-02
C06629,Customer 6629,Male,21,Pune,Maharashtra,Loyal,Google Ads,2026-03-08
C06630,Customer 6630,Female,64,Jaipur,Rajasthan,New,Influencer,2024-07-05
C06631,Customer 6631,Male,60,Kolkata,West Bengal,New,Organic Search,2024-09-02
C06632,Customer 6632,Female,57,Hyderabad,Telangana,New,Google Ads,2025-11-04
C06633,Customer 6633,Male,59,Kanpur,Uttar Pradesh,At-Risk,Google Ads,2026-04-19
C06634,Customer 6634,Female,57,Ahmedabad,Gujarat,Loyal,Email,2024-07-03
C06635,Customer 6635,Female,19,Kanpur,Uttar Pradesh,One-Time,Meta Ads,2026-04-01
C06636,Customer 6636,Male,51,Bengaluru,Karnataka,New,Organic Search,2025-11-18
C06637,Customer 6637,Female,61,Pune,Maharashtra,New,Meta Ads,2024-01-25
C06638,Customer 6638,Female,45,Udaipur,Rajasthan,VIP,Marketplace,2025-01-09
C06639,Customer 6639,Male,61,Noida,Uttar Pradesh,At-Risk,Email,2024-08-15
C06640,Customer 6640,Male,20,Chennai,Tamil Nadu,Loyal,Organic Search,2024-03-13
C06641,Customer 6641,Male,46,Hyderabad,Telangana,At-Risk,Google Ads,2026-04-11
C06642,Customer 6642,Female,64,Lucknow,Uttar Pradesh,One-Time,Organic Search,2026-01-14
C06643,Customer 6643,Female,44,Nagpur,Maharashtra,Loyal,Influencer,2026-02-25
C06644,Customer 6644,Female,39,Bengaluru,Karnataka,Loyal,Google Ads,2025-07-25
C06645,Customer 6645,Male,31,Kolkata,West Bengal,New,Email,2025-10-18
C06646,Customer 6646,Male,56,Nizamabad,Telangana,Loyal,Meta Ads,2025-07-04
C06647,Customer 6647,Female,63,Warangal,Telangana,At-Risk,Email,2024-02-11
C06648,Customer 6648,Female,36,Nizamabad,Telangana,New,Affiliate,2024-05-15
C06649,Customer 6649,Female,41,Kochi,Kerala,Loyal,Organic Search,2026-03-10
C06650,Customer 6650,Male,39,Mysuru,Karnataka,At-Risk,Organic Search,2025-07-15
C06651,Customer 6651,Female,48,Kolkata,West Bengal,At-Risk,Meta Ads,2024-10-18
C06652,Customer 6652,Male,40,Thiruvananthapuram,Kerala,Loyal,Influencer,2025-12-17
C06653,Customer 6653,Male,52,Kolkata,West Bengal,New,Organic Search,2025-04-20
C06654,Customer 6654,Female,65,Delhi,Delhi,At-Risk,Google Ads,2026-06-15
C06655,Customer 6655,Male,32,New Delhi,Delhi,New,Influencer,2025-03-23
C06656,Customer 6656,Male,28,Chennai,Tamil Nadu,One-Time,Google Ads,2025-08-26
C06657,Customer 6657,Male,44,Vadodara,Gujarat,New,Google Ads,2026-06-03
C06658,Customer 6658,Female,42,Kochi,Kerala,Loyal,Influencer,2025-01-23
C06659,Customer 6659,Female,38,Kanpur,Uttar Pradesh,Loyal,Google Ads,2026-04-15
C06660,Customer 6660,Female,25,Coimbatore,Tamil Nadu,At-Risk,Google Ads,2026-01-06
C06661,Customer 6661,Female,23,Mangaluru,Karnataka,Loyal,Google Ads,2024-02-02
C06662,Customer 6662,Female,41,Lucknow,Uttar Pradesh,Dormant,Marketplace,2024-02-15
C06663,Customer 6663,Male,52,Nagpur,Maharashtra,Loyal,Google Ads,2024-03-23
C06664,Customer 6664,Female,44,Noida,Uttar Pradesh,Loyal,Instagram,2025-01-12
C06665,Customer 6665,Female,55,Mysuru,Karnataka,New,Meta Ads,2025-12-31
C06666,Customer 6666,Male,24,Jodhpur,Rajasthan,New,Meta Ads,2025-10-20
C06667,Customer 6667,Male,63,Lucknow,Uttar Pradesh,Loyal,Meta Ads,2025-10-26
C06668,Customer 6668,Female,51,New Delhi,Delhi,VIP,Marketplace,2024-11-19
C06669,Customer 6669,Other,49,Mumbai,Maharashtra,New,Affiliate,2024-02-10
C06670,Customer 6670,Female,57,Noida,Uttar Pradesh,Loyal,Marketplace,2024-02-23
C06671,Customer 6671,Male,63,Coimbatore,Tamil Nadu,One-Time,Organic Search,2024-05-04
C06672,Customer 6672,Female,57,Mysuru,Karnataka,Loyal,Meta Ads,2024-04-09
C06673,Customer 6673,Male,41,Delhi,Delhi,New,Meta Ads,2026-05-01
C06674,Customer 6674,Male,53,Chennai,Tamil Nadu,New,Email,2024-05-30
C06675,Customer 6675,Male,38,Howrah,West Bengal,One-Time,Meta Ads,2024-10-14
C06676,Customer 6676,Female,24,Nagpur,Maharashtra,At-Risk,Organic Search,2026-01-18
C06677,Customer 6677,Male,65,Chennai,Tamil Nadu,At-Risk,Google Ads,2024-07-06
C06678,Customer 6678,Male,47,Kozhikode,Kerala,New,Organic Search,2025-10-10
C06679,Customer 6679,Male,55,Hyderabad,Telangana,New,Meta Ads,2025-02-22
C06680,Customer 6680,Female,51,New Delhi,Delhi,Loyal,Email,2025-11-18
C06681,Customer 6681,Male,34,Howrah,West Bengal,One-Time,Marketplace,2024-09-27
C06682,Customer 6682,Male,54,Lucknow,Uttar Pradesh,At-Risk,Meta Ads,2026-03-29
C06683,Customer 6683,Male,33,Ahmedabad,Gujarat,Loyal,Google Ads,2025-10-20
C06684,Customer 6684,Female,52,Lucknow,Uttar Pradesh,At-Risk,Meta Ads,2024-09-29
C06685,Customer 6685,Male,57,Mumbai,Maharashtra,New,Meta Ads,2025-08-22
C06686,Customer 6686,Female,48,Chennai,Tamil Nadu,Dormant,Email,2025-10-30
C06687,Customer 6687,Female,40,Kozhikode,Kerala,At-Risk,Marketplace,2026-06-06
C06688,Customer 6688,Female,52,Lucknow,Uttar Pradesh,VIP,Influencer,2024-11-24
C06689,Customer 6689,Female,21,Vadodara,Gujarat,Dormant,Organic Search,2026-05-29
C06690,Customer 6690,Female,58,New Delhi,Delhi,Loyal,Organic Search,2025-12-08
C06691,Customer 6691,Male,42,Delhi,Delhi,New,Meta Ads,2025-01-28
C06692,Customer 6692,Male,45,Nizamabad,Telangana,Loyal,Marketplace,2025-09-18
C06693,Customer 6693,Female,27,Thiruvananthapuram,Kerala,At-Risk,Email,2025-05-23
C06694,Customer 6694,Male,24,Kanpur,Uttar Pradesh,At-Risk,Google Ads,2026-06-09
C06695,Customer 6695,Male,35,New Delhi,Delhi,Loyal,Marketplace,2024-02-25
C06696,Customer 6696,Other,57,Mangaluru,Karnataka,VIP,Email,2025-11-12
C06697,Customer 6697,Male,18,Bengaluru,Karnataka,New,Google Ads,2026-01-19
C06698,Customer 6698,Male,49,Pune,Maharashtra,New,Organic Search,2024-01-06
C06699,Customer 6699,Male,65,Udaipur,Rajasthan,Loyal,Meta Ads,2025-04-03
C06700,Customer 6700,Male,50,Vadodara,Gujarat,One-Time,Meta Ads,2025-09-21
C06701,Customer 6701,Female,32,Mumbai,Maharashtra,New,Meta Ads,2026-02-03
C06702,Customer 6702,Male,32,Howrah,West Bengal,At-Risk,Organic Search,2024-04-01
C06703,Customer 6703,Male,34,Kozhikode,Kerala,Loyal,Meta Ads,2024-09-07
C06704,Customer 6704,Female,25,Nagpur,Maharashtra,Loyal,Google Ads,2025-05-06
C06705,Customer 6705,Female,46,Delhi,Delhi,New,Instagram,2025-08-01
C06706,Customer 6706,Male,55,Delhi,Delhi,New,Meta Ads,2024-05-21
C06707,Customer 6707,Female,42,Nagpur,Maharashtra,VIP,Email,2026-01-11
C06708,Customer 6708,Other,20,Vadodara,Gujarat,At-Risk,Instagram,2025-03-21
C06709,Customer 6709,Female,59,Ahmedabad,Gujarat,New,Google Ads,2024-12-27
C06710,Customer 6710,Female,37,Nagpur,Maharashtra,At-Risk,Meta Ads,2025-12-14
C06711,Customer 6711,Female,42,Mumbai,Maharashtra,At-Risk,Meta Ads,2025-04-06
C06712,Customer 6712,Male,42,Noida,Uttar Pradesh,At-Risk,Email,2024-09-17
C06713,Customer 6713,Male,48,Mysuru,Karnataka,Loyal,Affiliate,2025-01-27
C06714,Customer 6714,Male,18,Kolkata,West Bengal,One-Time,Meta Ads,2024-05-17
C06715,Customer 6715,Female,29,Kolkata,West Bengal,At-Risk,Google Ads,2026-01-28
C06716,Customer 6716,Male,46,Lucknow,Uttar Pradesh,Loyal,Google Ads,2024-10-10
C06717,Customer 6717,Female,36,Jodhpur,Rajasthan,New,Organic Search,2024-11-10
C06718,Customer 6718,Female,23,Noida,Uttar Pradesh,One-Time,Meta Ads,2024-06-05
C06719,Customer 6719,Female,62,Kolkata,West Bengal,Loyal,Organic Search,2024-12-01
C06720,Customer 6720,Female,29,Chennai,Tamil Nadu,Loyal,Organic Search,2024-06-14
C06721,Customer 6721,Male,28,Coimbatore,Tamil Nadu,At-Risk,Google Ads,2024-02-11
C06722,Customer 6722,Male,65,Chennai,Tamil Nadu,One-Time,Instagram,2025-09-19
C06723,Customer 6723,Female,29,Madurai,Tamil Nadu,One-Time,Marketplace,2024-12-05
C06724,Customer 6724,Male,44,Mumbai,Maharashtra,Dormant,Meta Ads,2025-09-25
C06725,Customer 6725,Female,42,Chennai,Tamil Nadu,New,Email,2024-07-19
C06726,Customer 6726,Female,64,Chennai,Tamil Nadu,New,Email,2025-04-21
C06727,Customer 6727,Male,63,Warangal,Telangana,At-Risk,Meta Ads,2024-07-07
C06728,Customer 6728,Male,41,Mangaluru,Karnataka,Dormant,Affiliate,2024-08-14
C06729,Customer 6729,Other,20,Jodhpur,Rajasthan,VIP,Google Ads,2026-05-22
C06730,Customer 6730,Female,56,Surat,Gujarat,One-Time,Meta Ads,2025-04-21
C06731,Customer 6731,Female,48,Kanpur,Uttar Pradesh,Loyal,Organic Search,2024-01-06
C06732,Customer 6732,Other,19,Ahmedabad,Gujarat,At-Risk,Marketplace,2026-05-03
C06733,Customer 6733,Male,24,Kanpur,Uttar Pradesh,At-Risk,Google Ads,2026-01-10
C06734,Customer 6734,Male,31,Noida,Uttar Pradesh,New,Organic Search,2024-12-11
C06735,Customer 6735,Female,58,Hyderabad,Telangana,At-Risk,Google Ads,2024-08-04
C06736,Customer 6736,Female,31,Kochi,Kerala,Loyal,Organic Search,2025-01-16
C06737,Customer 6737,Other,60,Hyderabad,Telangana,New,Instagram,2025-11-27
C06738,Customer 6738,Male,21,Vadodara,Gujarat,New,Instagram,2025-03-20
C06739,Customer 6739,Other,42,Noida,Uttar Pradesh,New,Marketplace,2024-06-05
C06740,Customer 6740,Male,63,Mysuru,Karnataka,Dormant,Organic Search,2024-06-09
C06741,Customer 6741,Male,49,Surat,Gujarat,One-Time,Meta Ads,2026-06-12
C06742,Customer 6742,Male,42,Chennai,Tamil Nadu,VIP,Marketplace,2024-08-08
C06743,Customer 6743,Female,36,Nizamabad,Telangana,New,Meta Ads,2025-06-04
C06744,Customer 6744,Male,46,Warangal,Telangana,At-Risk,Organic Search,2025-09-13
C06745,Customer 6745,Male,30,Nizamabad,Telangana,Loyal,Organic Search,2024-05-19
C06746,Customer 6746,Male,42,Hyderabad,Telangana,Dormant,Influencer,2024-05-25
C06747,Customer 6747,Female,20,Vadodara,Gujarat,Loyal,Instagram,2024-10-07
C06748,Customer 6748,Female,29,Delhi,Delhi,At-Risk,Organic Search,2025-06-28
C06749,Customer 6749,Male,53,New Delhi,Delhi,Loyal,Organic Search,2026-01-31
C06750,Customer 6750,Other,62,Udaipur,Rajasthan,Loyal,Instagram,2024-12-13
C06751,Customer 6751,Female,38,Warangal,Telangana,Dormant,Marketplace,2024-09-13
C06752,Customer 6752,Female,50,Mangaluru,Karnataka,Loyal,Meta Ads,2024-10-02
C06753,Customer 6753,Male,39,Kanpur,Uttar Pradesh,At-Risk,Meta Ads,2025-11-27
C06754,Customer 6754,Male,23,Kochi,Kerala,New,Organic Search,2025-05-09
C06755,Customer 6755,Male,64,Madurai,Tamil Nadu,Loyal,Meta Ads,2025-07-11
C06756,Customer 6756,Male,40,Nizamabad,Telangana,Dormant,Affiliate,2024-07-22
C06757,Customer 6757,Male,23,Lucknow,Uttar Pradesh,At-Risk,Meta Ads,2025-07-31
C06758,Customer 6758,Male,18,Kanpur,Uttar Pradesh,Loyal,Instagram,2024-10-05
C06759,Customer 6759,Male,27,Coimbatore,Tamil Nadu,Loyal,Organic Search,2026-03-08
C06760,Customer 6760,Male,50,Mangaluru,Karnataka,At-Risk,Marketplace,2025-04-17
C06761,Customer 6761,Female,33,Hyderabad,Telangana,One-Time,Organic Search,2024-05-20
C06762,Customer 6762,Female,43,Ahmedabad,Gujarat,Dormant,Google Ads,2025-08-14
C06763,Customer 6763,Male,25,Thiruvananthapuram,Kerala,One-Time,Meta Ads,2024-01-25
C06764,Customer 6764,Female,61,Kolkata,West Bengal,New,Organic Search,2026-01-22
C06765,Customer 6765,Male,64,Mysuru,Karnataka,At-Risk,Marketplace,2024-12-31
C06766,Customer 6766,Female,63,Kolkata,West Bengal,One-Time,Organic Search,2026-01-12
C06767,Customer 6767,Male,47,Kanpur,Uttar Pradesh,One-Time,Organic Search,2026-04-25
C06768,Customer 6768,Female,22,New Delhi,Delhi,One-Time,Instagram,2025-03-23
C06769,Customer 6769,Female,23,Lucknow,Uttar Pradesh,Dormant,Email,2024-04-10
C06770,Customer 6770,Female,22,Coimbatore,Tamil Nadu,Loyal,Instagram,2024-03-07
C06771,Customer 6771,Male,41,Bengaluru,Karnataka,Dormant,Google Ads,2024-10-13
C06772,Customer 6772,Female,61,Surat,Gujarat,One-Time,Google Ads,2024-06-18
C06773,Customer 6773,Female,56,Delhi,Delhi,One-Time,Organic Search,2025-10-04
C06774,Customer 6774,Male,42,Kochi,Kerala,New,Email,2024-01-01
C06775,Customer 6775,Male,53,Delhi,Delhi,Loyal,Meta Ads,2025-10-04
C06776,Customer 6776,Male,40,Madurai,Tamil Nadu,New,Marketplace,2024-06-16
C06777,Customer 6777,Male,47,Madurai,Tamil Nadu,New,Meta Ads,2024-04-22
C06778,Customer 6778,Male,45,Surat,Gujarat,Loyal,Organic Search,2024-01-28
C06779,Customer 6779,Female,46,Coimbatore,Tamil Nadu,VIP,Affiliate,2025-12-27
C06780,Customer 6780,Female,40,Udaipur,Rajasthan,Loyal,Influencer,2025-10-05
C06781,Customer 6781,Female,53,Madurai,Tamil Nadu,Loyal,Influencer,2026-03-17
C06782,Customer 6782,Female,47,Madurai,Tamil Nadu,Loyal,Affiliate,2025-05-06
C06783,Customer 6783,Male,31,Ahmedabad,Gujarat,Loyal,Instagram,2025-06-20
C06784,Customer 6784,Male,63,Nizamabad,Telangana,At-Risk,Organic Search,2024-02-02
C06785,Customer 6785,Male,41,Howrah,West Bengal,At-Risk,Influencer,2024-01-20
C06786,Customer 6786,Female,47,Delhi,Delhi,At-Risk,Instagram,2025-07-09
C06787,Customer 6787,Male,43,Delhi,Delhi,New,Organic Search,2025-04-05
C06788,Customer 6788,Female,33,Jaipur,Rajasthan,Loyal,Google Ads,2026-01-02
C06789,Customer 6789,Female,21,Jaipur,Rajasthan,At-Risk,Organic Search,2025-05-11
C06790,Customer 6790,Female,28,Lucknow,Uttar Pradesh,Dormant,Google Ads,2024-01-26
C06791,Customer 6791,Male,63,Coimbatore,Tamil Nadu,Loyal,Organic Search,2025-08-03
C06792,Customer 6792,Male,64,Mangaluru,Karnataka,Loyal,Instagram,2024-04-24
C06793,Customer 6793,Male,25,Jaipur,Rajasthan,At-Risk,Meta Ads,2026-03-08
C06794,Customer 6794,Male,45,Ahmedabad,Gujarat,Dormant,Instagram,2025-02-28
C06795,Customer 6795,Male,30,Kolkata,West Bengal,One-Time,Organic Search,2025-02-02
C06796,Customer 6796,Female,45,Surat,Gujarat,New,Marketplace,2024-02-08
C06797,Customer 6797,Male,49,Lucknow,Uttar Pradesh,At-Risk,Google Ads,2024-10-01
C06798,Customer 6798,Female,19,Pune,Maharashtra,VIP,Google Ads,2024-01-20
C06799,Customer 6799,Female,63,Vadodara,Gujarat,New,Organic Search,2024-04-07
C06800,Customer 6800,Male,62,Mumbai,Maharashtra,One-Time,Organic Search,2025-06-08
C06801,Customer 6801,Female,63,Chennai,Tamil Nadu,Loyal,Meta Ads,2025-03-12
C06802,Customer 6802,Male,40,Kolkata,West Bengal,VIP,Organic Search,2025-05-21
C06803,Customer 6803,Female,52,New Delhi,Delhi,At-Risk,Influencer,2025-12-27
C06804,Customer 6804,Female,65,Coimbatore,Tamil Nadu,New,Meta Ads,2025-12-26
C06805,Customer 6805,Female,27,Lucknow,Uttar Pradesh,New,Email,2026-03-04
C06806,Customer 6806,Male,26,Noida,Uttar Pradesh,VIP,Google Ads,2024-03-11
C06807,Customer 6807,Female,56,New Delhi,Delhi,New,Marketplace,2024-03-08
C06808,Customer 6808,Male,33,Kozhikode,Kerala,Loyal,Affiliate,2026-03-18
C06809,Customer 6809,Female,26,Coimbatore,Tamil Nadu,Loyal,Email,2026-02-22
C06810,Customer 6810,Female,28,Lucknow,Uttar Pradesh,One-Time,Marketplace,2024-01-17
C06811,Customer 6811,Female,51,Mumbai,Maharashtra,At-Risk,Meta Ads,2024-01-27
C06812,Customer 6812,Male,36,Mysuru,Karnataka,New,Organic Search,2024-09-28
C06813,Customer 6813,Female,32,Mysuru,Karnataka,At-Risk,Affiliate,2025-05-09
C06814,Customer 6814,Female,64,Hyderabad,Telangana,Loyal,Influencer,2024-02-13
C06815,Customer 6815,Female,64,New Delhi,Delhi,Loyal,Organic Search,2025-02-07
C06816,Customer 6816,Male,37,Pune,Maharashtra,At-Risk,Meta Ads,2024-08-07
C06817,Customer 6817,Female,29,Kolkata,West Bengal,New,Google Ads,2026-04-08
C06818,Customer 6818,Female,57,Mumbai,Maharashtra,At-Risk,Meta Ads,2026-01-03
C06819,Customer 6819,Male,54,Pune,Maharashtra,New,Influencer,2025-04-16
C06820,Customer 6820,Male,54,Kochi,Kerala,Dormant,Instagram,2024-04-22
C06821,Customer 6821,Female,28,Howrah,West Bengal,New,Email,2024-08-25
C06822,Customer 6822,Female,32,Kozhikode,Kerala,Loyal,Google Ads,2024-06-30
C06823,Customer 6823,Female,21,New Delhi,Delhi,New,Email,2026-02-11
C06824,Customer 6824,Male,45,Hyderabad,Telangana,One-Time,Instagram,2025-07-04
C06825,Customer 6825,Male,20,Ahmedabad,Gujarat,New,Email,2024-11-05
C06826,Customer 6826,Female,58,Vadodara,Gujarat,New,Instagram,2024-01-20
C06827,Customer 6827,Male,33,Nizamabad,Telangana,New,Google Ads,2026-01-17
C06828,Customer 6828,Female,47,Lucknow,Uttar Pradesh,New,Google Ads,2025-06-26
C06829,Customer 6829,Female,25,Surat,Gujarat,VIP,Marketplace,2024-08-04
C06830,Customer 6830,Male,30,Jaipur,Rajasthan,Loyal,Organic Search,2026-03-15
C06831,Customer 6831,Female,30,Delhi,Delhi,New,Organic Search,2025-11-11
C06832,Customer 6832,Female,59,Ahmedabad,Gujarat,Dormant,Marketplace,2024-03-03
C06833,Customer 6833,Male,65,Bengaluru,Karnataka,Loyal,Email,2024-01-07
C06834,Customer 6834,Male,44,Kozhikode,Kerala,One-Time,Organic Search,2024-01-06
C06835,Customer 6835,Female,23,Madurai,Tamil Nadu,Loyal,Email,2024-08-31
C06836,Customer 6836,Male,65,Pune,Maharashtra,Loyal,Google Ads,2024-12-31
C06837,Customer 6837,Male,31,Nizamabad,Telangana,Loyal,Meta Ads,2026-04-16
C06838,Customer 6838,Male,49,Kolkata,West Bengal,At-Risk,Marketplace,2026-02-03
C06839,Customer 6839,Female,28,Kochi,Kerala,Loyal,Instagram,2026-06-17
C06840,Customer 6840,Female,39,Thiruvananthapuram,Kerala,Dormant,Meta Ads,2026-04-21
C06841,Customer 6841,Male,19,Jodhpur,Rajasthan,VIP,Affiliate,2024-01-04
C06842,Customer 6842,Male,38,Thiruvananthapuram,Kerala,Dormant,Google Ads,2025-12-22
C06843,Customer 6843,Female,50,Udaipur,Rajasthan,Loyal,Organic Search,2026-04-11
C06844,Customer 6844,Male,60,Mangaluru,Karnataka,Loyal,Organic Search,2025-08-07
C06845,Customer 6845,Female,63,Ahmedabad,Gujarat,VIP,Meta Ads,2026-05-16
C06846,Customer 6846,Male,65,Nizamabad,Telangana,VIP,Google Ads,2025-01-18
C06847,Customer 6847,Male,64,Mumbai,Maharashtra,New,Instagram,2025-12-10
C06848,Customer 6848,Male,37,Coimbatore,Tamil Nadu,New,Organic Search,2025-12-11
C06849,Customer 6849,Male,30,Pune,Maharashtra,New,Marketplace,2024-07-23
C06850,Customer 6850,Male,25,Thiruvananthapuram,Kerala,One-Time,Affiliate,2025-11-12
C06851,Customer 6851,Female,25,Kochi,Kerala,Dormant,Google Ads,2025-03-03
C06852,Customer 6852,Female,19,Coimbatore,Tamil Nadu,VIP,Meta Ads,2024-06-14
C06853,Customer 6853,Female,52,Jaipur,Rajasthan,New,Organic Search,2024-04-06
C06854,Customer 6854,Male,33,Madurai,Tamil Nadu,One-Time,Organic Search,2025-10-06
C06855,Customer 6855,Male,42,Mumbai,Maharashtra,New,Google Ads,2026-01-01
C06856,Customer 6856,Female,34,Mysuru,Karnataka,At-Risk,Google Ads,2025-12-14
C06857,Customer 6857,Female,43,Mumbai,Maharashtra,Dormant,Google Ads,2026-05-23
C06858,Customer 6858,Male,38,Bengaluru,Karnataka,New,Meta Ads,2026-03-21
C06859,Customer 6859,Male,46,Pune,Maharashtra,One-Time,Organic Search,2024-06-15
C06860,Customer 6860,Male,24,Nagpur,Maharashtra,Dormant,Marketplace,2025-10-18
C06861,Customer 6861,Male,61,Pune,Maharashtra,Loyal,Google Ads,2024-07-18
C06862,Customer 6862,Female,41,Kozhikode,Kerala,At-Risk,Email,2025-10-21
C06863,Customer 6863,Male,51,Nizamabad,Telangana,One-Time,Instagram,2025-01-23
C06864,Customer 6864,Female,63,Mysuru,Karnataka,New,Instagram,2026-03-22
C06865,Customer 6865,Female,22,Delhi,Delhi,VIP,Google Ads,2024-04-21
C06866,Customer 6866,Female,29,Coimbatore,Tamil Nadu,New,Meta Ads,2024-06-23
C06867,Customer 6867,Male,44,Delhi,Delhi,At-Risk,Meta Ads,2025-07-12
C06868,Customer 6868,Female,50,Nizamabad,Telangana,VIP,Organic Search,2025-05-10
C06869,Customer 6869,Female,40,Howrah,West Bengal,One-Time,Organic Search,2026-02-12
C06870,Customer 6870,Male,19,Vadodara,Gujarat,Loyal,Organic Search,2026-03-15
C06871,Customer 6871,Female,51,Kolkata,West Bengal,At-Risk,Email,2024-08-23
C06872,Customer 6872,Male,48,Surat,Gujarat,Dormant,Meta Ads,2025-07-22
C06873,Customer 6873,Male,18,Coimbatore,Tamil Nadu,One-Time,Meta Ads,2025-11-13
C06874,Customer 6874,Male,63,Chennai,Tamil Nadu,At-Risk,Google Ads,2026-04-18
C06875,Customer 6875,Female,60,Nagpur,Maharashtra,New,Google Ads,2024-11-15
C06876,Customer 6876,Female,31,New Delhi,Delhi,Dormant,Meta Ads,2024-02-15
C06877,Customer 6877,Female,47,Hyderabad,Telangana,VIP,Marketplace,2024-11-12
C06878,Customer 6878,Male,57,Bengaluru,Karnataka,New,Marketplace,2024-07-11
C06879,Customer 6879,Female,39,Howrah,West Bengal,VIP,Affiliate,2024-02-12
C06880,Customer 6880,Male,21,Hyderabad,Telangana,VIP,Organic Search,2024-07-18
C06881,Customer 6881,Other,37,Hyderabad,Telangana,VIP,Organic Search,2024-06-23
C06882,Customer 6882,Male,35,Howrah,West Bengal,One-Time,Organic Search,2024-03-11
C06883,Customer 6883,Female,57,Chennai,Tamil Nadu,VIP,Organic Search,2025-11-22
C06884,Customer 6884,Male,18,Lucknow,Uttar Pradesh,At-Risk,Meta Ads,2025-07-14
C06885,Customer 6885,Female,63,Kochi,Kerala,One-Time,Marketplace,2024-05-18
C06886,Customer 6886,Male,35,Thiruvananthapuram,Kerala,New,Organic Search,2024-12-27
C06887,Customer 6887,Female,36,Chennai,Tamil Nadu,At-Risk,Meta Ads,2026-01-24
C06888,Customer 6888,Male,32,Mangaluru,Karnataka,Loyal,Email,2024-08-06
C06889,Customer 6889,Female,19,Ahmedabad,Gujarat,Loyal,Affiliate,2024-07-31
C06890,Customer 6890,Male,51,Kolkata,West Bengal,At-Risk,Marketplace,2025-10-16
C06891,Customer 6891,Female,53,Kolkata,West Bengal,New,Instagram,2024-12-24
C06892,Customer 6892,Female,32,Bengaluru,Karnataka,At-Risk,Email,2025-08-31
C06893,Customer 6893,Female,23,Hyderabad,Telangana,Loyal,Meta Ads,2024-06-22
C06894,Customer 6894,Female,57,Nagpur,Maharashtra,New,Instagram,2024-02-05
C06895,Customer 6895,Female,51,Nagpur,Maharashtra,Dormant,Meta Ads,2025-04-28
C06896,Customer 6896,Male,31,Mumbai,Maharashtra,At-Risk,Google Ads,2025-01-30
C06897,Customer 6897,Female,50,Kochi,Kerala,New,Instagram,2026-01-31
C06898,Customer 6898,Male,28,Nizamabad,Telangana,Dormant,Email,2025-10-10
C06899,Customer 6899,Female,48,Surat,Gujarat,Dormant,Affiliate,2024-10-30
C06900,Customer 6900,Male,41,Kochi,Kerala,At-Risk,Email,2024-04-03
C06901,Customer 6901,Other,27,Chennai,Tamil Nadu,New,Meta Ads,2025-05-02
C06902,Customer 6902,Female,49,New Delhi,Delhi,New,Email,2025-12-16
C06903,Customer 6903,Male,26,Jodhpur,Rajasthan,VIP,Affiliate,2024-09-28
C06904,Customer 6904,Male,60,Mysuru,Karnataka,Dormant,Email,2025-07-08
C06905,Customer 6905,Male,22,New Delhi,Delhi,New,Email,2024-01-30
C06906,Customer 6906,Female,57,Noida,Uttar Pradesh,Loyal,Google Ads,2025-10-08
C06907,Customer 6907,Male,31,Jaipur,Rajasthan,New,Google Ads,2026-01-22
C06908,Customer 6908,Male,43,Noida,Uttar Pradesh,Loyal,Marketplace,2024-08-13
C06909,Customer 6909,Female,58,Kochi,Kerala,Loyal,Meta Ads,2025-08-25
C06910,Customer 6910,Female,64,Chennai,Tamil Nadu,New,Meta Ads,2025-11-03
C06911,Customer 6911,Female,41,Udaipur,Rajasthan,Loyal,Google Ads,2024-08-02
C06912,Customer 6912,Female,32,Surat,Gujarat,Loyal,Email,2024-06-05
C06913,Customer 6913,Female,53,Kolkata,West Bengal,Loyal,Organic Search,2024-12-11
C06914,Customer 6914,Male,65,Jaipur,Rajasthan,At-Risk,Organic Search,2026-02-13
C06915,Customer 6915,Male,32,Jaipur,Rajasthan,New,Influencer,2024-11-27
C06916,Customer 6916,Female,36,Kanpur,Uttar Pradesh,New,Meta Ads,2024-07-04
C06917,Customer 6917,Female,57,Mangaluru,Karnataka,Loyal,Meta Ads,2024-09-14
C06918,Customer 6918,Male,30,Howrah,West Bengal,Loyal,Marketplace,2024-08-29
C06919,Customer 6919,Male,45,Bengaluru,Karnataka,One-Time,Instagram,2025-04-24
C06920,Customer 6920,Male,36,Surat,Gujarat,Dormant,Influencer,2025-08-26
C06921,Customer 6921,Male,42,Jaipur,Rajasthan,One-Time,Organic Search,2024-09-04
C06922,Customer 6922,Male,46,Lucknow,Uttar Pradesh,One-Time,Meta Ads,2024-10-27
C06923,Customer 6923,Male,42,Chennai,Tamil Nadu,At-Risk,Marketplace,2025-03-15
C06924,Customer 6924,Female,40,New Delhi,Delhi,Dormant,Meta Ads,2024-10-05
C06925,Customer 6925,Male,36,Mysuru,Karnataka,Loyal,Organic Search,2025-02-11
C06926,Customer 6926,Male,20,Pune,Maharashtra,New,Meta Ads,2024-02-26
C06927,Customer 6927,Male,55,Mangaluru,Karnataka,One-Time,Organic Search,2024-12-08
C06928,Customer 6928,Male,35,Kochi,Kerala,New,Email,2026-01-08
C06929,Customer 6929,Female,21,Bengaluru,Karnataka,Loyal,Meta Ads,2025-01-29
C06930,Customer 6930,Female,41,Kozhikode,Kerala,VIP,Marketplace,2025-02-17
C06931,Customer 6931,Male,57,Bengaluru,Karnataka,One-Time,Google Ads,2025-06-26
C06932,Customer 6932,Female,49,Jaipur,Rajasthan,Loyal,Instagram,2024-12-19
C06933,Customer 6933,Female,46,Vadodara,Gujarat,VIP,Google Ads,2025-01-14
C06934,Customer 6934,Male,63,Jaipur,Rajasthan,New,Organic Search,2024-08-08
C06935,Customer 6935,Female,50,Kolkata,West Bengal,New,Email,2025-11-13
C06936,Customer 6936,Male,63,Udaipur,Rajasthan,At-Risk,Organic Search,2025-05-14
C06937,Customer 6937,Male,60,Thiruvananthapuram,Kerala,New,Organic Search,2024-01-15
C06938,Customer 6938,Male,42,Ahmedabad,Gujarat,New,Affiliate,2025-05-18
C06939,Customer 6939,Other,21,Nizamabad,Telangana,New,Marketplace,2024-11-20
C06940,Customer 6940,Female,45,Bengaluru,Karnataka,Loyal,Influencer,2024-01-03
C06941,Customer 6941,Other,63,Udaipur,Rajasthan,Loyal,Meta Ads,2025-04-01
C06942,Customer 6942,Male,51,Delhi,Delhi,Loyal,Organic Search,2024-03-18
C06943,Customer 6943,Male,28,Vadodara,Gujarat,One-Time,Google Ads,2024-06-22
C06944,Customer 6944,Male,58,Vadodara,Gujarat,Loyal,Google Ads,2025-07-05
C06945,Customer 6945,Female,58,Madurai,Tamil Nadu,New,Instagram,2025-04-07
C06946,Customer 6946,Male,53,Lucknow,Uttar Pradesh,At-Risk,Instagram,2024-09-12
C06947,Customer 6947,Female,25,Udaipur,Rajasthan,Dormant,Email,2026-02-19
C06948,Customer 6948,Male,52,Jaipur,Rajasthan,Loyal,Email,2026-06-04
C06949,Customer 6949,Female,59,Jaipur,Rajasthan,One-Time,Organic Search,2024-03-25
C06950,Customer 6950,Female,39,Thiruvananthapuram,Kerala,At-Risk,Marketplace,2024-08-11
C06951,Customer 6951,Male,50,Ahmedabad,Gujarat,New,Google Ads,2024-01-05
C06952,Customer 6952,Male,59,Thiruvananthapuram,Kerala,One-Time,Meta Ads,2024-05-16
C06953,Customer 6953,Male,53,Mumbai,Maharashtra,Dormant,Google Ads,2024-11-23
C06954,Customer 6954,Female,49,Kolkata,West Bengal,New,Meta Ads,2024-02-10
C06955,Customer 6955,Male,37,Jodhpur,Rajasthan,New,Marketplace,2026-04-05
C06956,Customer 6956,Male,25,Delhi,Delhi,Loyal,Google Ads,2025-09-09
C06957,Customer 6957,Female,30,Mysuru,Karnataka,Loyal,Meta Ads,2024-03-15
C06958,Customer 6958,Female,46,Vadodara,Gujarat,Loyal,Instagram,2024-09-18
C06959,Customer 6959,Male,53,Chennai,Tamil Nadu,New,Meta Ads,2025-10-05
C06960,Customer 6960,Female,32,Kozhikode,Kerala,VIP,Email,2024-09-03
C06961,Customer 6961,Male,36,Coimbatore,Tamil Nadu,New,Marketplace,2025-03-04
C06962,Customer 6962,Male,27,Pune,Maharashtra,Dormant,Organic Search,2024-04-09
C06963,Customer 6963,Male,34,Surat,Gujarat,New,Instagram,2026-02-16
C06964,Customer 6964,Female,49,Chennai,Tamil Nadu,New,Organic Search,2024-02-17
C06965,Customer 6965,Male,18,Nizamabad,Telangana,Loyal,Influencer,2024-03-27
C06966,Customer 6966,Male,48,Ahmedabad,Gujarat,New,Meta Ads,2024-07-26
C06967,Customer 6967,Male,21,Vadodara,Gujarat,Loyal,Organic Search,2024-11-24
C06968,Customer 6968,Male,63,Mumbai,Maharashtra,New,Organic Search,2024-12-22
C06969,Customer 6969,Male,53,Vadodara,Gujarat,One-Time,Organic Search,2025-09-14
C06970,Customer 6970,Female,64,Surat,Gujarat,New,Google Ads,2025-08-18
C06971,Customer 6971,Female,35,Noida,Uttar Pradesh,One-Time,Organic Search,2024-01-04
C06972,Customer 6972,Male,37,Madurai,Tamil Nadu,New,Affiliate,2024-04-01
C06973,Customer 6973,Female,41,Bengaluru,Karnataka,One-Time,Organic Search,2024-10-12
C06974,Customer 6974,Female,26,Thiruvananthapuram,Kerala,New,Meta Ads,2024-11-25
C06975,Customer 6975,Female,52,Vadodara,Gujarat,At-Risk,Google Ads,2025-11-26
C06976,Customer 6976,Male,24,Hyderabad,Telangana,VIP,Organic Search,2026-06-12
C06977,Customer 6977,Male,58,Lucknow,Uttar Pradesh,New,Organic Search,2024-08-14
C06978,Customer 6978,Male,64,Pune,Maharashtra,New,Marketplace,2025-09-05
C06979,Customer 6979,Female,30,Lucknow,Uttar Pradesh,New,Instagram,2024-09-04
C06980,Customer 6980,Female,37,Udaipur,Rajasthan,New,Meta Ads,2026-06-18
C06981,Customer 6981,Female,19,Kozhikode,Kerala,Loyal,Affiliate,2025-07-14
C06982,Customer 6982,Other,34,Kochi,Kerala,One-Time,Organic Search,2024-03-12
C06983,Customer 6983,Male,28,Bengaluru,Karnataka,Dormant,Email,2024-03-25
C06984,Customer 6984,Female,47,Kanpur,Uttar Pradesh,At-Risk,Organic Search,2024-12-30
C06985,Customer 6985,Female,55,Mysuru,Karnataka,New,Meta Ads,2025-02-03
C06986,Customer 6986,Female,20,Howrah,West Bengal,New,Meta Ads,2024-07-26
C06987,Customer 6987,Male,26,Vadodara,Gujarat,New,Google Ads,2024-03-13
C06988,Customer 6988,Male,49,Warangal,Telangana,New,Meta Ads,2026-04-27
C06989,Customer 6989,Male,39,Hyderabad,Telangana,Loyal,Organic Search,2025-09-10
C06990,Customer 6990,Female,60,Warangal,Telangana,New,Meta Ads,2026-03-25
C06991,Customer 6991,Female,55,Pune,Maharashtra,New,Marketplace,2024-09-15
C06992,Customer 6992,Male,52,Mysuru,Karnataka,New,Meta Ads,2025-05-27
C06993,Customer 6993,Male,64,Kochi,Kerala,Loyal,Organic Search,2025-07-26
C06994,Customer 6994,Female,38,New Delhi,Delhi,New,Email,2024-10-03
C06995,Customer 6995,Male,49,Noida,Uttar Pradesh,Dormant,Meta Ads,2025-08-02
C06996,Customer 6996,Male,23,Noida,Uttar Pradesh,One-Time,Email,2025-05-05
C06997,Customer 6997,Male,22,Jodhpur,Rajasthan,One-Time,Marketplace,2026-02-10
C06998,Customer 6998,Male,29,Chennai,Tamil Nadu,Loyal,Marketplace,2026-02-23
C06999,Customer 6999,Male,32,Kanpur,Uttar Pradesh,Loyal,Meta Ads,2026-04-15
C07000,Customer 7000,Female,30,Udaipur,Rajasthan,One-Time,Email,2025-05-31
C07001,Customer 7001,Female,50,Udaipur,Rajasthan,Loyal,Google Ads,2024-02-20
C07002,Customer 7002,Female,36,Kozhikode,Kerala,One-Time,Email,2025-11-19
C07003,Customer 7003,Female,51,Surat,Gujarat,One-Time,Meta Ads,2025-01-06
C07004,Customer 7004,Male,24,New Delhi,Delhi,New,Marketplace,2025-09-10
C07005,Customer 7005,Male,34,Thiruvananthapuram,Kerala,Loyal,Organic Search,2025-08-23
C07006,Customer 7006,Female,45,Delhi,Delhi,Loyal,Meta Ads,2024-03-28
C07007,Customer 7007,Male,65,Kanpur,Uttar Pradesh,Loyal,Marketplace,2024-06-21
C07008,Customer 7008,Male,35,Hyderabad,Telangana,Dormant,Organic Search,2025-11-13
C07009,Customer 7009,Female,45,Hyderabad,Telangana,Loyal,Google Ads,2025-05-15
C07010,Customer 7010,Female,41,New Delhi,Delhi,At-Risk,Affiliate,2024-07-06
C07011,Customer 7011,Female,18,Hyderabad,Telangana,Loyal,Email,2026-02-05
C07012,Customer 7012,Male,31,Thiruvananthapuram,Kerala,Loyal,Instagram,2026-02-22
C07013,Customer 7013,Male,31,Hyderabad,Telangana,Loyal,Meta Ads,2024-07-19
C07014,Customer 7014,Male,39,Jaipur,Rajasthan,New,Meta Ads,2024-10-05
C07015,Customer 7015,Other,26,Mysuru,Karnataka,New,Google Ads,2024-06-23
C07016,Customer 7016,Male,52,Kozhikode,Kerala,Loyal,Affiliate,2025-05-22
C07017,Customer 7017,Male,40,Coimbatore,Tamil Nadu,New,Meta Ads,2025-11-22
C07018,Customer 7018,Female,22,Hyderabad,Telangana,New,Email,2024-09-14
C07019,Customer 7019,Female,35,Hyderabad,Telangana,At-Risk,Marketplace,2024-01-17
C07020,Customer 7020,Female,42,Vadodara,Gujarat,Loyal,Marketplace,2024-01-08
C07021,Customer 7021,Male,28,Thiruvananthapuram,Kerala,New,Affiliate,2024-08-24
C07022,Customer 7022,Female,47,Thiruvananthapuram,Kerala,New,Affiliate,2025-12-03
C07023,Customer 7023,Female,54,Mangaluru,Karnataka,Dormant,Marketplace,2024-11-22
C07024,Customer 7024,Male,50,New Delhi,Delhi,Dormant,Affiliate,2025-10-05
C07025,Customer 7025,Female,50,Warangal,Telangana,Loyal,Instagram,2026-03-27
C07026,Customer 7026,Male,62,Delhi,Delhi,New,Google Ads,2026-04-11
C07027,Customer 7027,Female,43,Ahmedabad,Gujarat,One-Time,Meta Ads,2024-10-06
C07028,Customer 7028,Female,55,Mysuru,Karnataka,One-Time,Instagram,2025-05-30
C07029,Customer 7029,Female,34,Surat,Gujarat,At-Risk,Meta Ads,2025-10-17
C07030,Customer 7030,Male,53,Kochi,Kerala,Loyal,Meta Ads,2024-06-18
C07031,Customer 7031,Female,45,Hyderabad,Telangana,At-Risk,Google Ads,2025-09-18
C07032,Customer 7032,Female,59,Nagpur,Maharashtra,One-Time,Email,2024-06-02
C07033,Customer 7033,Male,21,Mumbai,Maharashtra,At-Risk,Meta Ads,2025-05-23
C07034,Customer 7034,Female,61,Pune,Maharashtra,One-Time,Meta Ads,2024-12-16
C07035,Customer 7035,Female,29,Pune,Maharashtra,One-Time,Organic Search,2024-12-10
C07036,Customer 7036,Male,58,Kolkata,West Bengal,Loyal,Meta Ads,2024-10-24
C07037,Customer 7037,Male,36,Hyderabad,Telangana,Loyal,Email,2025-03-16
C07038,Customer 7038,Male,47,Jodhpur,Rajasthan,At-Risk,Meta Ads,2025-01-02
C07039,Customer 7039,Female,34,Kanpur,Uttar Pradesh,Loyal,Organic Search,2024-08-22
C07040,Customer 7040,Male,58,Thiruvananthapuram,Kerala,Dormant,Influencer,2024-07-21
C07041,Customer 7041,Male,52,Howrah,West Bengal,One-Time,Google Ads,2025-03-14
C07042,Customer 7042,Female,33,Pune,Maharashtra,One-Time,Affiliate,2026-06-08
C07043,Customer 7043,Male,24,Nizamabad,Telangana,One-Time,Influencer,2025-08-08
C07044,Customer 7044,Male,63,Nagpur,Maharashtra,New,Marketplace,2024-03-18
C07045,Customer 7045,Male,64,Kochi,Kerala,At-Risk,Affiliate,2024-03-06
C07046,Customer 7046,Male,26,Thiruvananthapuram,Kerala,New,Email,2025-10-27
C07047,Customer 7047,Female,33,Coimbatore,Tamil Nadu,One-Time,Google Ads,2025-05-06
C07048,Customer 7048,Male,29,Bengaluru,Karnataka,One-Time,Google Ads,2025-05-25
C07049,Customer 7049,Male,28,Delhi,Delhi,VIP,Meta Ads,2024-11-30
C07050,Customer 7050,Female,25,Bengaluru,Karnataka,Dormant,Instagram,2025-05-15
C07051,Customer 7051,Male,53,Kozhikode,Kerala,At-Risk,Marketplace,2025-06-11
C07052,Customer 7052,Other,55,Mumbai,Maharashtra,One-Time,Google Ads,2025-07-06
C07053,Customer 7053,Male,47,Coimbatore,Tamil Nadu,Loyal,Email,2026-04-28
C07054,Customer 7054,Male,38,Madurai,Tamil Nadu,New,Marketplace,2026-03-24
C07055,Customer 7055,Male,65,Pune,Maharashtra,Dormant,Google Ads,2026-01-21
C07056,Customer 7056,Female,53,Chennai,Tamil Nadu,New,Google Ads,2025-08-30
C07057,Customer 7057,Male,20,Lucknow,Uttar Pradesh,Dormant,Meta Ads,2025-09-09
C07058,Customer 7058,Female,42,Pune,Maharashtra,At-Risk,Meta Ads,2024-08-31
C07059,Customer 7059,Female,26,Vadodara,Gujarat,VIP,Email,2026-02-16
C07060,Customer 7060,Female,37,Coimbatore,Tamil Nadu,At-Risk,Instagram,2024-08-30
C07061,Customer 7061,Male,36,Mumbai,Maharashtra,One-Time,Organic Search,2024-04-21
C07062,Customer 7062,Female,61,Nizamabad,Telangana,One-Time,Google Ads,2026-01-15
C07063,Customer 7063,Male,57,Mysuru,Karnataka,One-Time,Organic Search,2025-01-06
C07064,Customer 7064,Male,38,Hyderabad,Telangana,New,Meta Ads,2025-03-06
C07065,Customer 7065,Female,55,Coimbatore,Tamil Nadu,VIP,Instagram,2025-07-21
C07066,Customer 7066,Male,47,Lucknow,Uttar Pradesh,Loyal,Google Ads,2025-09-26
C07067,Customer 7067,Male,44,Udaipur,Rajasthan,At-Risk,Affiliate,2024-03-12
C07068,Customer 7068,Female,59,Kozhikode,Kerala,At-Risk,Organic Search,2024-12-04
C07069,Customer 7069,Female,47,Chennai,Tamil Nadu,New,Meta Ads,2025-12-08
C07070,Customer 7070,Male,28,Jodhpur,Rajasthan,New,Organic Search,2025-10-26
C07071,Customer 7071,Female,36,Kolkata,West Bengal,One-Time,Instagram,2025-07-20
C07072,Customer 7072,Female,37,Pune,Maharashtra,New,Affiliate,2025-01-16
C07073,Customer 7073,Male,58,Bengaluru,Karnataka,VIP,Marketplace,2024-11-15
C07074,Customer 7074,Female,24,Delhi,Delhi,VIP,Google Ads,2025-03-19
C07075,Customer 7075,Female,40,Lucknow,Uttar Pradesh,VIP,Email,2024-06-12
C07076,Customer 7076,Female,44,Delhi,Delhi,Loyal,Meta Ads,2026-04-15
C07077,Customer 7077,Female,63,Mumbai,Maharashtra,At-Risk,Organic Search,2024-06-18
C07078,Customer 7078,Female,55,Kochi,Kerala,Loyal,Google Ads,2025-03-21
C07079,Customer 7079,Female,30,Nagpur,Maharashtra,Dormant,Email,2025-11-12
C07080,Customer 7080,Male,20,Kozhikode,Kerala,At-Risk,Influencer,2024-07-21
C07081,Customer 7081,Male,24,Lucknow,Uttar Pradesh,VIP,Instagram,2026-06-08
C07082,Customer 7082,Male,20,Lucknow,Uttar Pradesh,New,Influencer,2025-04-23
C07083,Customer 7083,Male,37,Kanpur,Uttar Pradesh,At-Risk,Google Ads,2024-05-22
C07084,Customer 7084,Female,53,Nagpur,Maharashtra,One-Time,Marketplace,2024-01-08
C07085,Customer 7085,Male,49,Kolkata,West Bengal,One-Time,Affiliate,2024-10-07
C07086,Customer 7086,Male,52,Jaipur,Rajasthan,Loyal,Instagram,2024-09-08
C07087,Customer 7087,Male,43,Jaipur,Rajasthan,One-Time,Google Ads,2024-02-14
C07088,Customer 7088,Other,37,Bengaluru,Karnataka,New,Email,2025-06-27
C07089,Customer 7089,Male,57,Nagpur,Maharashtra,New,Organic Search,2025-04-10
C07090,Customer 7090,Male,35,Bengaluru,Karnataka,At-Risk,Google Ads,2024-03-04
C07091,Customer 7091,Female,46,Delhi,Delhi,Loyal,Marketplace,2026-01-16
C07092,Customer 7092,Female,31,Vadodara,Gujarat,Dormant,Affiliate,2025-02-13
C07093,Customer 7093,Female,35,Lucknow,Uttar Pradesh,At-Risk,Marketplace,2025-06-14
C07094,Customer 7094,Male,20,Kanpur,Uttar Pradesh,One-Time,Meta Ads,2025-06-22
C07095,Customer 7095,Female,47,Howrah,West Bengal,At-Risk,Instagram,2026-01-24
C07096,Customer 7096,Female,42,Bengaluru,Karnataka,Loyal,Meta Ads,2024-07-22
C07097,Customer 7097,Other,33,New Delhi,Delhi,One-Time,Meta Ads,2024-02-07
C07098,Customer 7098,Male,47,Bengaluru,Karnataka,Dormant,Google Ads,2024-07-15
C07099,Customer 7099,Female,24,Mumbai,Maharashtra,Dormant,Google Ads,2025-09-04
C07100,Customer 7100,Female,59,Hyderabad,Telangana,New,Organic Search,2025-08-24
C07101,Customer 7101,Male,19,Mangaluru,Karnataka,At-Risk,Google Ads,2024-10-06
C07102,Customer 7102,Male,44,Bengaluru,Karnataka,New,Google Ads,2026-05-26
C07103,Customer 7103,Male,30,Ahmedabad,Gujarat,Dormant,Email,2025-09-13
C07104,Customer 7104,Female,25,Nizamabad,Telangana,Loyal,Organic Search,2024-10-03
C07105,Customer 7105,Male,26,Bengaluru,Karnataka,New,Affiliate,2026-06-05
C07106,Customer 7106,Female,32,Hyderabad,Telangana,At-Risk,Organic Search,2024-07-05
C07107,Customer 7107,Male,48,Kolkata,West Bengal,Loyal,Meta Ads,2024-01-28
C07108,Customer 7108,Male,55,Vadodara,Gujarat,New,Organic Search,2026-06-04
C07109,Customer 7109,Male,62,Mangaluru,Karnataka,At-Risk,Organic Search,2025-01-28
C07110,Customer 7110,Female,47,Nagpur,Maharashtra,At-Risk,Meta Ads,2026-01-21
C07111,Customer 7111,Female,41,Kozhikode,Kerala,Loyal,Google Ads,2026-02-11
C07112,Customer 7112,Male,55,Ahmedabad,Gujarat,VIP,Marketplace,2026-04-22
C07113,Customer 7113,Male,56,Kolkata,West Bengal,New,Google Ads,2025-11-14
C07114,Customer 7114,Female,37,Surat,Gujarat,One-Time,Meta Ads,2024-02-11
C07115,Customer 7115,Male,38,Lucknow,Uttar Pradesh,Loyal,Meta Ads,2025-05-05
C07116,Customer 7116,Female,21,Kozhikode,Kerala,New,Marketplace,2026-04-20
C07117,Customer 7117,Male,18,Coimbatore,Tamil Nadu,Loyal,Email,2025-11-19
C07118,Customer 7118,Male,60,Udaipur,Rajasthan,Dormant,Marketplace,2026-01-24
C07119,Customer 7119,Female,59,Mumbai,Maharashtra,At-Risk,Affiliate,2025-12-09
C07120,Customer 7120,Male,34,Howrah,West Bengal,Loyal,Organic Search,2024-09-26
C07121,Customer 7121,Female,63,Chennai,Tamil Nadu,Loyal,Google Ads,2025-11-29
C07122,Customer 7122,Male,22,Hyderabad,Telangana,At-Risk,Meta Ads,2025-07-15
C07123,Customer 7123,Male,63,Thiruvananthapuram,Kerala,At-Risk,Affiliate,2025-06-06
C07124,Customer 7124,Male,46,Lucknow,Uttar Pradesh,New,Marketplace,2024-06-03
C07125,Customer 7125,Female,43,Bengaluru,Karnataka,Loyal,Influencer,2024-04-07
C07126,Customer 7126,Male,53,Kozhikode,Kerala,New,Marketplace,2025-01-10
C07127,Customer 7127,Male,28,Mysuru,Karnataka,New,Organic Search,2024-08-10
C07128,Customer 7128,Male,40,New Delhi,Delhi,One-Time,Email,2025-06-26
C07129,Customer 7129,Female,29,Lucknow,Uttar Pradesh,Loyal,Email,2024-10-10
C07130,Customer 7130,Female,47,Mangaluru,Karnataka,At-Risk,Instagram,2024-04-09
C07131,Customer 7131,Female,37,Delhi,Delhi,Dormant,Google Ads,2024-01-31
C07132,Customer 7132,Male,38,Howrah,West Bengal,One-Time,Meta Ads,2026-05-19
C07133,Customer 7133,Male,53,Pune,Maharashtra,One-Time,Google Ads,2024-04-07
C07134,Customer 7134,Female,57,Coimbatore,Tamil Nadu,New,Google Ads,2026-04-16
C07135,Customer 7135,Male,59,Bengaluru,Karnataka,New,Meta Ads,2025-05-19
C07136,Customer 7136,Female,55,Kolkata,West Bengal,New,Organic Search,2026-02-19
C07137,Customer 7137,Female,26,Mumbai,Maharashtra,Dormant,Organic Search,2026-03-30
C07138,Customer 7138,Female,52,Pune,Maharashtra,New,Email,2024-04-25
C07139,Customer 7139,Male,52,Udaipur,Rajasthan,VIP,Organic Search,2025-05-02
C07140,Customer 7140,Female,18,Nagpur,Maharashtra,One-Time,Instagram,2025-08-25
C07141,Customer 7141,Male,27,Chennai,Tamil Nadu,Loyal,Instagram,2025-07-21
C07142,Customer 7142,Male,42,Jaipur,Rajasthan,At-Risk,Email,2026-03-12
C07143,Customer 7143,Female,32,Lucknow,Uttar Pradesh,Dormant,Google Ads,2024-05-31
C07144,Customer 7144,Male,55,Hyderabad,Telangana,New,Organic Search,2024-05-03
C07145,Customer 7145,Male,54,Noida,Uttar Pradesh,Dormant,Organic Search,2026-01-20
C07146,Customer 7146,Male,29,Udaipur,Rajasthan,One-Time,Meta Ads,2025-08-05
C07147,Customer 7147,Female,18,Bengaluru,Karnataka,At-Risk,Influencer,2026-04-06
C07148,Customer 7148,Female,30,Kanpur,Uttar Pradesh,New,Meta Ads,2024-07-02
C07149,Customer 7149,Male,61,Jodhpur,Rajasthan,Loyal,Email,2024-02-20
C07150,Customer 7150,Female,61,Surat,Gujarat,VIP,Influencer,2025-09-12
C07151,Customer 7151,Male,42,Vadodara,Gujarat,At-Risk,Organic Search,2025-11-12
C07152,Customer 7152,Female,58,Udaipur,Rajasthan,At-Risk,Organic Search,2025-08-05
C07153,Customer 7153,Male,45,Kozhikode,Kerala,One-Time,Organic Search,2024-02-13
C07154,Customer 7154,Female,65,Surat,Gujarat,At-Risk,Google Ads,2026-02-23
C07155,Customer 7155,Female,25,Lucknow,Uttar Pradesh,One-Time,Organic Search,2024-08-15
C07156,Customer 7156,Male,41,Udaipur,Rajasthan,New,Organic Search,2025-03-13
C07157,Customer 7157,Female,26,Kanpur,Uttar Pradesh,New,Google Ads,2024-01-21
C07158,Customer 7158,Male,23,Kozhikode,Kerala,New,Google Ads,2025-11-13
C07159,Customer 7159,Male,25,Pune,Maharashtra,New,Marketplace,2026-01-05
C07160,Customer 7160,Male,18,Mumbai,Maharashtra,Loyal,Google Ads,2024-06-21
C07161,Customer 7161,Female,63,Ahmedabad,Gujarat,New,Marketplace,2024-03-11
C07162,Customer 7162,Male,51,Coimbatore,Tamil Nadu,Loyal,Meta Ads,2025-08-01
C07163,Customer 7163,Female,41,Surat,Gujarat,New,Instagram,2025-05-13
C07164,Customer 7164,Female,57,Lucknow,Uttar Pradesh,VIP,Email,2026-02-28
C07165,Customer 7165,Female,45,Kozhikode,Kerala,One-Time,Organic Search,2024-09-21
C07166,Customer 7166,Male,38,Coimbatore,Tamil Nadu,One-Time,Email,2025-10-12
C07167,Customer 7167,Female,41,Jaipur,Rajasthan,Loyal,Meta Ads,2026-02-02
C07168,Customer 7168,Female,38,Pune,Maharashtra,Dormant,Email,2026-03-01
C07169,Customer 7169,Female,37,Vadodara,Gujarat,Dormant,Organic Search,2024-03-17
C07170,Customer 7170,Female,58,Warangal,Telangana,One-Time,Instagram,2025-07-20
C07171,Customer 7171,Male,64,Delhi,Delhi,Dormant,Email,2024-11-06
C07172,Customer 7172,Male,26,Vadodara,Gujarat,Loyal,Instagram,2025-05-11
C07173,Customer 7173,Male,53,Jodhpur,Rajasthan,Dormant,Meta Ads,2025-08-26
C07174,Customer 7174,Female,21,Kolkata,West Bengal,New,Meta Ads,2026-04-03
C07175,Customer 7175,Male,56,Chennai,Tamil Nadu,New,Meta Ads,2025-02-26
C07176,Customer 7176,Female,64,Nizamabad,Telangana,New,Affiliate,2024-10-18
C07177,Customer 7177,Female,52,Nagpur,Maharashtra,At-Risk,Marketplace,2024-06-21
C07178,Customer 7178,Female,44,Thiruvananthapuram,Kerala,New,Google Ads,2025-11-04
C07179,Customer 7179,Male,63,Kochi,Kerala,New,Meta Ads,2024-11-02
C07180,Customer 7180,Male,55,Mysuru,Karnataka,Loyal,Marketplace,2025-09-15
C07181,Customer 7181,Female,55,Mangaluru,Karnataka,Dormant,Meta Ads,2024-08-28
C07182,Customer 7182,Female,63,Chennai,Tamil Nadu,Loyal,Instagram,2026-01-02
C07183,Customer 7183,Male,44,Howrah,West Bengal,VIP,Organic Search,2025-08-24
C07184,Customer 7184,Female,56,Coimbatore,Tamil Nadu,New,Meta Ads,2025-03-23
C07185,Customer 7185,Male,61,Warangal,Telangana,Dormant,Email,2026-06-09
C07186,Customer 7186,Female,40,Coimbatore,Tamil Nadu,New,Marketplace,2025-03-20
C07187,Customer 7187,Female,52,Mangaluru,Karnataka,One-Time,Organic Search,2025-05-01
C07188,Customer 7188,Male,49,Bengaluru,Karnataka,Loyal,Organic Search,2024-01-31
C07189,Customer 7189,Male,65,Pune,Maharashtra,New,Meta Ads,2025-08-06
C07190,Customer 7190,Female,48,Howrah,West Bengal,Loyal,Meta Ads,2026-04-18
C07191,Customer 7191,Female,52,Delhi,Delhi,Loyal,Marketplace,2025-06-07
C07192,Customer 7192,Male,62,Mysuru,Karnataka,New,Marketplace,2024-12-14
C07193,Customer 7193,Male,18,Vadodara,Gujarat,New,Affiliate,2025-08-05
C07194,Customer 7194,Male,24,New Delhi,Delhi,New,Google Ads,2025-05-11
C07195,Customer 7195,Male,33,Noida,Uttar Pradesh,New,Affiliate,2024-07-09
C07196,Customer 7196,Female,51,Kozhikode,Kerala,Dormant,Google Ads,2024-06-27
C07197,Customer 7197,Female,39,Pune,Maharashtra,Loyal,Organic Search,2026-03-18
C07198,Customer 7198,Female,59,Noida,Uttar Pradesh,New,Organic Search,2025-07-08
C07199,Customer 7199,Female,21,Jodhpur,Rajasthan,New,Instagram,2026-03-09
C07200,Customer 7200,Male,35,Jodhpur,Rajasthan,At-Risk,Email,2024-11-07
C07201,Customer 7201,Female,25,Madurai,Tamil Nadu,At-Risk,Organic Search,2026-05-10
C07202,Customer 7202,Female,51,Mysuru,Karnataka,Dormant,Marketplace,2025-06-10
C07203,Customer 7203,Female,30,Hyderabad,Telangana,New,Meta Ads,2026-02-18
C07204,Customer 7204,Male,29,Kochi,Kerala,Loyal,Google Ads,2025-10-23
C07205,Customer 7205,Male,47,Vadodara,Gujarat,New,Organic Search,2026-04-15
C07206,Customer 7206,Male,22,Coimbatore,Tamil Nadu,At-Risk,Meta Ads,2025-07-02
C07207,Customer 7207,Female,62,Ahmedabad,Gujarat,One-Time,Meta Ads,2025-11-24
C07208,Customer 7208,Male,19,Hyderabad,Telangana,VIP,Meta Ads,2024-01-28
C07209,Customer 7209,Male,34,Mumbai,Maharashtra,New,Meta Ads,2025-04-27
C07210,Customer 7210,Male,43,Kolkata,West Bengal,At-Risk,Email,2025-12-26
C07211,Customer 7211,Male,18,Delhi,Delhi,New,Marketplace,2026-01-06
C07212,Customer 7212,Female,20,Noida,Uttar Pradesh,At-Risk,Affiliate,2025-05-19
C07213,Customer 7213,Male,65,Howrah,West Bengal,New,Email,2026-04-30
C07214,Customer 7214,Male,46,Ahmedabad,Gujarat,At-Risk,Google Ads,2024-08-02
C07215,Customer 7215,Female,19,Kanpur,Uttar Pradesh,New,Organic Search,2025-12-15
C07216,Customer 7216,Female,36,Nizamabad,Telangana,Loyal,Instagram,2024-10-18
C07217,Customer 7217,Female,33,Udaipur,Rajasthan,At-Risk,Affiliate,2024-08-20
C07218,Customer 7218,Other,18,Jodhpur,Rajasthan,One-Time,Email,2025-12-30
C07219,Customer 7219,Male,45,Mysuru,Karnataka,New,Organic Search,2025-12-27
C07220,Customer 7220,Male,28,Mumbai,Maharashtra,One-Time,Meta Ads,2026-04-22
C07221,Customer 7221,Male,49,Nagpur,Maharashtra,One-Time,Influencer,2025-01-20
C07222,Customer 7222,Female,53,Nagpur,Maharashtra,Loyal,Affiliate,2026-01-02
C07223,Customer 7223,Male,38,New Delhi,Delhi,New,Instagram,2025-11-22
C07224,Customer 7224,Female,36,Pune,Maharashtra,New,Marketplace,2026-03-08
C07225,Customer 7225,Female,48,Kolkata,West Bengal,One-Time,Google Ads,2024-10-08
C07226,Customer 7226,Female,52,Warangal,Telangana,One-Time,Google Ads,2025-03-16
C07227,Customer 7227,Male,36,Hyderabad,Telangana,New,Affiliate,2025-09-28
C07228,Customer 7228,Female,57,Mangaluru,Karnataka,VIP,Organic Search,2025-01-10
C07229,Customer 7229,Female,31,Nagpur,Maharashtra,New,Google Ads,2026-06-18
C07230,Customer 7230,Male,56,Kozhikode,Kerala,Dormant,Google Ads,2026-01-06
C07231,Customer 7231,Female,35,Bengaluru,Karnataka,VIP,Google Ads,2024-01-20
C07232,Customer 7232,Male,50,Mumbai,Maharashtra,One-Time,Google Ads,2024-12-21
C07233,Customer 7233,Male,65,Nagpur,Maharashtra,At-Risk,Email,2025-04-28
C07234,Customer 7234,Male,53,Chennai,Tamil Nadu,Loyal,Google Ads,2025-09-27
C07235,Customer 7235,Female,33,Surat,Gujarat,Loyal,Email,2025-04-30
C07236,Customer 7236,Female,45,Kanpur,Uttar Pradesh,One-Time,Organic Search,2025-07-05
C07237,Customer 7237,Male,27,Coimbatore,Tamil Nadu,Loyal,Organic Search,2025-06-09
C07238,Customer 7238,Male,40,Kolkata,West Bengal,New,Marketplace,2024-05-17
C07239,Customer 7239,Male,47,Delhi,Delhi,Loyal,Google Ads,2024-11-15
C07240,Customer 7240,Female,20,Kanpur,Uttar Pradesh,New,Google Ads,2024-10-04
C07241,Customer 7241,Male,37,Ahmedabad,Gujarat,Loyal,Google Ads,2024-11-29
C07242,Customer 7242,Male,64,Mysuru,Karnataka,Loyal,Meta Ads,2024-07-10
C07243,Customer 7243,Male,65,Jodhpur,Rajasthan,New,Email,2026-05-10
C07244,Customer 7244,Female,58,Noida,Uttar Pradesh,New,Google Ads,2024-04-22
C07245,Customer 7245,Female,52,Delhi,Delhi,At-Risk,Organic Search,2024-10-26
C07246,Customer 7246,Male,50,Kozhikode,Kerala,One-Time,Marketplace,2025-01-13
C07247,Customer 7247,Female,43,Lucknow,Uttar Pradesh,New,Meta Ads,2025-07-14
C07248,Customer 7248,Female,48,Nagpur,Maharashtra,One-Time,Google Ads,2024-06-27
C07249,Customer 7249,Male,29,Kanpur,Uttar Pradesh,Dormant,Organic Search,2025-09-29
C07250,Customer 7250,Male,45,Ahmedabad,Gujarat,VIP,Affiliate,2024-03-05
C07251,Customer 7251,Female,44,Ahmedabad,Gujarat,Loyal,Google Ads,2024-02-22
C07252,Customer 7252,Male,22,Delhi,Delhi,At-Risk,Organic Search,2024-07-05
C07253,Customer 7253,Male,31,Kanpur,Uttar Pradesh,Loyal,Meta Ads,2024-07-17
C07254,Customer 7254,Male,33,Vadodara,Gujarat,At-Risk,Organic Search,2025-07-11
C07255,Customer 7255,Female,50,Surat,Gujarat,Loyal,Organic Search,2025-12-26
C07256,Customer 7256,Male,34,Hyderabad,Telangana,At-Risk,Meta Ads,2025-12-28
C07257,Customer 7257,Male,28,Chennai,Tamil Nadu,Loyal,Meta Ads,2024-06-11
C07258,Customer 7258,Female,56,Kozhikode,Kerala,One-Time,Organic Search,2025-02-20
C07259,Customer 7259,Female,42,Jodhpur,Rajasthan,New,Organic Search,2024-06-04
C07260,Customer 7260,Other,47,Warangal,Telangana,New,Marketplace,2025-07-02
C07261,Customer 7261,Female,34,Kanpur,Uttar Pradesh,Loyal,Email,2024-08-14
C07262,Customer 7262,Female,37,Lucknow,Uttar Pradesh,Dormant,Affiliate,2025-08-08
C07263,Customer 7263,Male,45,Ahmedabad,Gujarat,VIP,Organic Search,2025-11-27
C07264,Customer 7264,Male,33,Nizamabad,Telangana,At-Risk,Organic Search,2025-08-09
C07265,Customer 7265,Female,63,Ahmedabad,Gujarat,Loyal,Meta Ads,2024-01-08
C07266,Customer 7266,Male,58,Nizamabad,Telangana,Dormant,Meta Ads,2026-06-07
C07267,Customer 7267,Male,64,Mangaluru,Karnataka,VIP,Organic Search,2025-02-12
C07268,Customer 7268,Male,55,Kolkata,West Bengal,One-Time,Google Ads,2025-07-02
C07269,Customer 7269,Male,22,Thiruvananthapuram,Kerala,Loyal,Google Ads,2025-09-09
C07270,Customer 7270,Female,57,Madurai,Tamil Nadu,One-Time,Google Ads,2025-05-06
C07271,Customer 7271,Male,29,Noida,Uttar Pradesh,New,Marketplace,2026-05-11
C07272,Customer 7272,Male,36,Kochi,Kerala,New,Organic Search,2026-02-19
C07273,Customer 7273,Female,38,Hyderabad,Telangana,One-Time,Influencer,2025-08-14
C07274,Customer 7274,Female,41,Mumbai,Maharashtra,New,Marketplace,2025-07-12
C07275,Customer 7275,Male,56,Jaipur,Rajasthan,New,Organic Search,2024-11-10
C07276,Customer 7276,Female,45,Jaipur,Rajasthan,Dormant,Email,2025-02-16
C07277,Customer 7277,Male,43,Chennai,Tamil Nadu,One-Time,Email,2024-01-06
C07278,Customer 7278,Female,27,Howrah,West Bengal,At-Risk,Organic Search,2025-10-30
C07279,Customer 7279,Male,56,Surat,Gujarat,New,Influencer,2024-04-28
C07280,Customer 7280,Female,35,Jaipur,Rajasthan,Dormant,Affiliate,2024-07-20
C07281,Customer 7281,Male,50,Jaipur,Rajasthan,At-Risk,Email,2025-06-02
C07282,Customer 7282,Male,41,Hyderabad,Telangana,Dormant,Affiliate,2025-08-28
C07283,Customer 7283,Female,49,Mumbai,Maharashtra,Loyal,Email,2024-01-31
C07284,Customer 7284,Male,50,Nagpur,Maharashtra,Loyal,Instagram,2025-11-21
C07285,Customer 7285,Male,44,Kochi,Kerala,One-Time,Meta Ads,2024-05-04
C07286,Customer 7286,Male,39,Thiruvananthapuram,Kerala,Loyal,Google Ads,2025-07-28
C07287,Customer 7287,Female,52,Noida,Uttar Pradesh,VIP,Meta Ads,2025-12-02
C07288,Customer 7288,Male,25,Mumbai,Maharashtra,New,Organic Search,2024-06-17
C07289,Customer 7289,Male,64,Ahmedabad,Gujarat,New,Google Ads,2024-12-25
C07290,Customer 7290,Female,38,Mumbai,Maharashtra,At-Risk,Marketplace,2025-04-08
C07291,Customer 7291,Male,65,Chennai,Tamil Nadu,New,Google Ads,2025-05-10
C07292,Customer 7292,Female,43,Mangaluru,Karnataka,VIP,Google Ads,2025-12-29
C07293,Customer 7293,Male,24,Kanpur,Uttar Pradesh,New,Email,2026-05-09
C07294,Customer 7294,Male,49,Pune,Maharashtra,One-Time,Meta Ads,2024-12-28
C07295,Customer 7295,Female,42,Howrah,West Bengal,One-Time,Google Ads,2025-06-19
C07296,Customer 7296,Male,58,Kozhikode,Kerala,Loyal,Google Ads,2026-04-14
C07297,Customer 7297,Female,58,Howrah,West Bengal,At-Risk,Email,2025-06-29
C07298,Customer 7298,Male,29,Hyderabad,Telangana,At-Risk,Meta Ads,2024-02-13
C07299,Customer 7299,Male,54,Kozhikode,Kerala,New,Email,2024-10-05
C07300,Customer 7300,Male,44,Kolkata,West Bengal,One-Time,Google Ads,2025-08-21
C07301,Customer 7301,Female,39,Delhi,Delhi,At-Risk,Google Ads,2026-06-05
C07302,Customer 7302,Male,38,Howrah,West Bengal,New,Google Ads,2024-07-28
C07303,Customer 7303,Male,50,Noida,Uttar Pradesh,New,Google Ads,2024-07-12
C07304,Customer 7304,Male,50,New Delhi,Delhi,Loyal,Affiliate,2025-08-06
C07305,Customer 7305,Female,60,Ahmedabad,Gujarat,At-Risk,Instagram,2024-04-14
C07306,Customer 7306,Male,59,New Delhi,Delhi,One-Time,Organic Search,2026-05-04
C07307,Customer 7307,Female,29,Hyderabad,Telangana,New,Influencer,2026-03-30
C07308,Customer 7308,Male,40,Noida,Uttar Pradesh,Dormant,Meta Ads,2025-06-01
C07309,Customer 7309,Female,65,Nagpur,Maharashtra,Dormant,Influencer,2024-11-01
C07310,Customer 7310,Female,58,Coimbatore,Tamil Nadu,Loyal,Organic Search,2025-01-28
C07311,Customer 7311,Female,39,Coimbatore,Tamil Nadu,VIP,Organic Search,2025-05-12
C07312,Customer 7312,Female,18,Bengaluru,Karnataka,Dormant,Influencer,2026-02-11
C07313,Customer 7313,Male,29,Coimbatore,Tamil Nadu,Loyal,Google Ads,2025-10-11
C07314,Customer 7314,Male,61,Vadodara,Gujarat,At-Risk,Email,2025-02-21
C07315,Customer 7315,Male,51,Bengaluru,Karnataka,Loyal,Email,2025-07-27
C07316,Customer 7316,Female,55,Pune,Maharashtra,New,Organic Search,2025-05-22
C07317,Customer 7317,Female,55,Kanpur,Uttar Pradesh,At-Risk,Meta Ads,2024-04-16
C07318,Customer 7318,Female,24,Thiruvananthapuram,Kerala,VIP,Google Ads,2024-10-03
C07319,Customer 7319,Male,46,New Delhi,Delhi,One-Time,Marketplace,2024-07-02
C07320,Customer 7320,Male,50,Bengaluru,Karnataka,Loyal,Email,2025-05-09
C07321,Customer 7321,Female,22,Nizamabad,Telangana,At-Risk,Meta Ads,2026-05-23
C07322,Customer 7322,Female,42,Warangal,Telangana,One-Time,Google Ads,2025-10-06
C07323,Customer 7323,Male,30,Chennai,Tamil Nadu,At-Risk,Organic Search,2025-08-18
C07324,Customer 7324,Male,64,Thiruvananthapuram,Kerala,New,Google Ads,2025-04-03
C07325,Customer 7325,Female,30,Udaipur,Rajasthan,Loyal,Meta Ads,2024-11-14
C07326,Customer 7326,Female,32,Mangaluru,Karnataka,Dormant,Marketplace,2024-07-08
C07327,Customer 7327,Female,60,Kochi,Kerala,At-Risk,Google Ads,2026-03-28
C07328,Customer 7328,Female,47,Coimbatore,Tamil Nadu,At-Risk,Meta Ads,2024-01-18
C07329,Customer 7329,Male,63,Mangaluru,Karnataka,VIP,Organic Search,2026-03-30
C07330,Customer 7330,Male,43,Madurai,Tamil Nadu,Loyal,Meta Ads,2024-07-15
C07331,Customer 7331,Female,27,Pune,Maharashtra,Loyal,Meta Ads,2025-12-23
C07332,Customer 7332,Male,28,Lucknow,Uttar Pradesh,One-Time,Email,2026-02-04
C07333,Customer 7333,Female,26,Madurai,Tamil Nadu,Loyal,Organic Search,2026-04-05
C07334,Customer 7334,Female,57,Howrah,West Bengal,Loyal,Instagram,2026-05-13
C07335,Customer 7335,Female,19,Coimbatore,Tamil Nadu,Loyal,Affiliate,2025-03-28
C07336,Customer 7336,Female,53,Kozhikode,Kerala,One-Time,Affiliate,2025-05-21
C07337,Customer 7337,Other,39,Kolkata,West Bengal,One-Time,Organic Search,2024-01-29
C07338,Customer 7338,Female,44,Delhi,Delhi,One-Time,Organic Search,2026-01-16
C07339,Customer 7339,Female,57,Mumbai,Maharashtra,New,Affiliate,2025-06-06
C07340,Customer 7340,Male,63,Kozhikode,Kerala,Loyal,Google Ads,2024-02-12
C07341,Customer 7341,Female,31,Surat,Gujarat,New,Email,2024-11-07
C07342,Customer 7342,Female,62,Mangaluru,Karnataka,Dormant,Google Ads,2026-02-07
C07343,Customer 7343,Female,61,Lucknow,Uttar Pradesh,New,Meta Ads,2024-12-11
C07344,Customer 7344,Female,57,Nizamabad,Telangana,At-Risk,Marketplace,2024-09-15
C07345,Customer 7345,Female,23,Mysuru,Karnataka,New,Google Ads,2024-09-01
C07346,Customer 7346,Male,25,Ahmedabad,Gujarat,At-Risk,Meta Ads,2024-06-06
C07347,Customer 7347,Female,19,Bengaluru,Karnataka,VIP,Google Ads,2025-05-01
C07348,Customer 7348,Female,60,New Delhi,Delhi,Dormant,Organic Search,2024-09-06
C07349,Customer 7349,Male,63,Bengaluru,Karnataka,At-Risk,Influencer,2025-06-09
C07350,Customer 7350,Female,32,Pune,Maharashtra,VIP,Instagram,2025-03-24
C07351,Customer 7351,Female,43,Nizamabad,Telangana,New,Influencer,2025-08-09
C07352,Customer 7352,Female,45,Nagpur,Maharashtra,Loyal,Instagram,2025-06-12
C07353,Customer 7353,Female,36,Kozhikode,Kerala,One-Time,Marketplace,2024-02-23
C07354,Customer 7354,Male,64,Surat,Gujarat,At-Risk,Influencer,2024-01-07
C07355,Customer 7355,Female,63,Delhi,Delhi,At-Risk,Google Ads,2024-09-30
C07356,Customer 7356,Female,29,Chennai,Tamil Nadu,One-Time,Marketplace,2024-11-04
C07357,Customer 7357,Female,44,Jaipur,Rajasthan,Loyal,Meta Ads,2025-02-10
C07358,Customer 7358,Male,27,Pune,Maharashtra,One-Time,Email,2025-09-26
C07359,Customer 7359,Male,22,Mangaluru,Karnataka,Loyal,Meta Ads,2026-05-24
C07360,Customer 7360,Female,58,Kolkata,West Bengal,Loyal,Instagram,2025-11-06
C07361,Customer 7361,Female,59,New Delhi,Delhi,Loyal,Marketplace,2024-11-25
C07362,Customer 7362,Female,18,Lucknow,Uttar Pradesh,At-Risk,Affiliate,2024-07-29
C07363,Customer 7363,Female,44,Kochi,Kerala,New,Email,2024-11-16
C07364,Customer 7364,Female,26,Lucknow,Uttar Pradesh,At-Risk,Marketplace,2024-08-09
C07365,Customer 7365,Male,45,Mumbai,Maharashtra,VIP,Meta Ads,2025-05-19
C07366,Customer 7366,Male,33,Hyderabad,Telangana,One-Time,Google Ads,2025-09-03
C07367,Customer 7367,Male,43,Pune,Maharashtra,One-Time,Affiliate,2024-08-23
C07368,Customer 7368,Female,53,Kanpur,Uttar Pradesh,New,Google Ads,2025-07-02
C07369,Customer 7369,Male,22,Kochi,Kerala,Loyal,Affiliate,2024-11-28
C07370,Customer 7370,Female,41,Kochi,Kerala,At-Risk,Google Ads,2025-03-23
C07371,Customer 7371,Male,34,Mangaluru,Karnataka,New,Meta Ads,2024-08-02
C07372,Customer 7372,Male,36,Lucknow,Uttar Pradesh,New,Meta Ads,2025-05-06
C07373,Customer 7373,Male,62,Vadodara,Gujarat,Loyal,Meta Ads,2024-03-22
C07374,Customer 7374,Female,62,Noida,Uttar Pradesh,One-Time,Meta Ads,2025-03-25
C07375,Customer 7375,Male,49,Vadodara,Gujarat,One-Time,Google Ads,2025-02-05
C07376,Customer 7376,Male,54,Mumbai,Maharashtra,Loyal,Google Ads,2025-01-01
C07377,Customer 7377,Male,36,Hyderabad,Telangana,One-Time,Affiliate,2026-03-22
C07378,Customer 7378,Male,48,Thiruvananthapuram,Kerala,At-Risk,Instagram,2025-12-10
C07379,Customer 7379,Female,40,Chennai,Tamil Nadu,One-Time,Google Ads,2025-05-30
C07380,Customer 7380,Female,34,Chennai,Tamil Nadu,Loyal,Google Ads,2026-03-10
C07381,Customer 7381,Female,55,Madurai,Tamil Nadu,One-Time,Meta Ads,2025-08-15
C07382,Customer 7382,Female,59,Chennai,Tamil Nadu,One-Time,Meta Ads,2025-07-29
C07383,Customer 7383,Female,34,Thiruvananthapuram,Kerala,Loyal,Email,2025-03-08
C07384,Customer 7384,Female,30,Nizamabad,Telangana,VIP,Google Ads,2024-08-30
C07385,Customer 7385,Female,37,Mumbai,Maharashtra,Dormant,Marketplace,2024-09-26
C07386,Customer 7386,Female,63,Lucknow,Uttar Pradesh,New,Meta Ads,2026-05-26
C07387,Customer 7387,Female,55,Surat,Gujarat,Loyal,Instagram,2025-09-02
C07388,Customer 7388,Male,30,Mumbai,Maharashtra,Loyal,Organic Search,2024-03-20
C07389,Customer 7389,Male,47,Nizamabad,Telangana,New,Meta Ads,2024-07-30
C07390,Customer 7390,Male,57,Mumbai,Maharashtra,At-Risk,Google Ads,2026-05-06
C07391,Customer 7391,Female,35,Bengaluru,Karnataka,One-Time,Instagram,2024-07-06
C07392,Customer 7392,Female,61,Hyderabad,Telangana,At-Risk,Email,2025-05-15
C07393,Customer 7393,Female,62,Mumbai,Maharashtra,Loyal,Influencer,2024-11-13
C07394,Customer 7394,Female,28,Jaipur,Rajasthan,New,Instagram,2025-10-01
C07395,Customer 7395,Male,46,Noida,Uttar Pradesh,VIP,Marketplace,2026-02-14
C07396,Customer 7396,Female,29,Thiruvananthapuram,Kerala,New,Email,2025-01-16
C07397,Customer 7397,Female,50,Coimbatore,Tamil Nadu,VIP,Organic Search,2024-01-10
C07398,Customer 7398,Male,21,Bengaluru,Karnataka,At-Risk,Google Ads,2024-11-17
C07399,Customer 7399,Male,48,Kochi,Kerala,Loyal,Marketplace,2024-01-20
C07400,Customer 7400,Male,34,Lucknow,Uttar Pradesh,One-Time,Meta Ads,2024-07-19
C07401,Customer 7401,Female,42,Ahmedabad,Gujarat,Loyal,Meta Ads,2024-12-12
C07402,Customer 7402,Male,42,Mangaluru,Karnataka,Loyal,Email,2024-04-11
C07403,Customer 7403,Female,65,Bengaluru,Karnataka,Loyal,Marketplace,2024-02-02
C07404,Customer 7404,Female,22,New Delhi,Delhi,Loyal,Meta Ads,2024-10-08
C07405,Customer 7405,Male,45,Surat,Gujarat,One-Time,Meta Ads,2024-01-24
C07406,Customer 7406,Male,25,Hyderabad,Telangana,VIP,Marketplace,2024-08-17
C07407,Customer 7407,Male,49,Thiruvananthapuram,Kerala,At-Risk,Affiliate,2024-04-15
C07408,Customer 7408,Male,38,Surat,Gujarat,VIP,Organic Search,2025-04-25
C07409,Customer 7409,Male,25,Vadodara,Gujarat,One-Time,Instagram,2025-12-20
C07410,Customer 7410,Female,26,Mumbai,Maharashtra,Loyal,Instagram,2026-02-10
C07411,Customer 7411,Male,23,Lucknow,Uttar Pradesh,Loyal,Marketplace,2025-07-13
C07412,Customer 7412,Male,55,Udaipur,Rajasthan,At-Risk,Google Ads,2024-03-16
C07413,Customer 7413,Female,61,Warangal,Telangana,At-Risk,Organic Search,2024-03-06
C07414,Customer 7414,Female,33,Ahmedabad,Gujarat,At-Risk,Organic Search,2025-11-03
C07415,Customer 7415,Male,36,Howrah,West Bengal,New,Marketplace,2025-11-03
C07416,Customer 7416,Female,20,Noida,Uttar Pradesh,VIP,Email,2024-08-28
C07417,Customer 7417,Other,26,Nagpur,Maharashtra,At-Risk,Meta Ads,2026-06-11
C07418,Customer 7418,Male,25,Kanpur,Uttar Pradesh,New,Affiliate,2025-07-30
C07419,Customer 7419,Male,63,Delhi,Delhi,New,Marketplace,2025-01-28
C07420,Customer 7420,Female,32,Hyderabad,Telangana,New,Marketplace,2025-07-18
C07421,Customer 7421,Male,55,Nizamabad,Telangana,Loyal,Meta Ads,2024-01-17
C07422,Customer 7422,Male,24,Mumbai,Maharashtra,One-Time,Meta Ads,2025-10-25
C07423,Customer 7423,Female,26,Mangaluru,Karnataka,New,Organic Search,2024-07-17
C07424,Customer 7424,Female,28,Delhi,Delhi,Loyal,Organic Search,2024-01-14
C07425,Customer 7425,Male,27,Jodhpur,Rajasthan,At-Risk,Google Ads,2025-07-16
C07426,Customer 7426,Female,27,Nagpur,Maharashtra,At-Risk,Google Ads,2024-01-02
C07427,Customer 7427,Female,31,Thiruvananthapuram,Kerala,VIP,Google Ads,2024-01-24
C07428,Customer 7428,Female,38,Pune,Maharashtra,At-Risk,Google Ads,2024-05-31
C07429,Customer 7429,Female,26,Ahmedabad,Gujarat,Loyal,Meta Ads,2026-05-09
C07430,Customer 7430,Male,43,Thiruvananthapuram,Kerala,At-Risk,Marketplace,2026-06-01
C07431,Customer 7431,Female,35,Lucknow,Uttar Pradesh,One-Time,Organic Search,2025-01-13
C07432,Customer 7432,Male,47,Kolkata,West Bengal,At-Risk,Google Ads,2024-11-03
C07433,Customer 7433,Male,45,Jaipur,Rajasthan,At-Risk,Organic Search,2025-01-19
C07434,Customer 7434,Male,61,Pune,Maharashtra,VIP,Instagram,2025-07-16
C07435,Customer 7435,Male,47,Nizamabad,Telangana,Loyal,Organic Search,2025-06-01
C07436,Customer 7436,Female,51,Chennai,Tamil Nadu,One-Time,Marketplace,2024-10-04
C07437,Customer 7437,Female,58,Hyderabad,Telangana,One-Time,Google Ads,2024-08-15
C07438,Customer 7438,Male,27,Coimbatore,Tamil Nadu,New,Marketplace,2025-03-15
C07439,Customer 7439,Male,59,Mumbai,Maharashtra,New,Google Ads,2024-09-15
C07440,Customer 7440,Male,39,Kochi,Kerala,One-Time,Organic Search,2025-01-29
C07441,Customer 7441,Female,49,Noida,Uttar Pradesh,New,Marketplace,2024-01-26
C07442,Customer 7442,Female,53,Noida,Uttar Pradesh,At-Risk,Organic Search,2024-06-18
C07443,Customer 7443,Male,28,Jaipur,Rajasthan,Loyal,Google Ads,2026-05-22
C07444,Customer 7444,Male,44,Mumbai,Maharashtra,At-Risk,Meta Ads,2024-11-18
C07445,Customer 7445,Male,31,Hyderabad,Telangana,Loyal,Google Ads,2025-01-25
C07446,Customer 7446,Other,26,Howrah,West Bengal,New,Google Ads,2024-06-20
C07447,Customer 7447,Female,60,Howrah,West Bengal,One-Time,Google Ads,2026-02-25
C07448,Customer 7448,Male,55,Madurai,Tamil Nadu,At-Risk,Google Ads,2024-09-08
C07449,Customer 7449,Female,26,New Delhi,Delhi,New,Organic Search,2024-09-21
C07450,Customer 7450,Female,27,Delhi,Delhi,VIP,Google Ads,2025-01-10
C07451,Customer 7451,Male,22,Mumbai,Maharashtra,New,Instagram,2025-12-28
C07452,Customer 7452,Female,34,Mangaluru,Karnataka,One-Time,Organic Search,2025-12-16
C07453,Customer 7453,Female,29,Madurai,Tamil Nadu,New,Google Ads,2024-06-13
C07454,Customer 7454,Female,53,Surat,Gujarat,Loyal,Organic Search,2024-06-25
C07455,Customer 7455,Female,37,Kozhikode,Kerala,New,Organic Search,2024-08-17
C07456,Customer 7456,Female,64,Vadodara,Gujarat,At-Risk,Email,2024-06-25
C07457,Customer 7457,Male,44,Udaipur,Rajasthan,New,Email,2025-03-26
C07458,Customer 7458,Female,60,Lucknow,Uttar Pradesh,One-Time,Organic Search,2024-08-10
C07459,Customer 7459,Male,22,Mumbai,Maharashtra,New,Email,2024-03-06
C07460,Customer 7460,Male,64,Howrah,West Bengal,Dormant,Email,2025-12-11
C07461,Customer 7461,Female,33,Delhi,Delhi,Loyal,Affiliate,2024-11-04
C07462,Customer 7462,Male,37,Surat,Gujarat,Loyal,Influencer,2024-08-10
C07463,Customer 7463,Female,46,Hyderabad,Telangana,Loyal,Instagram,2024-05-09
C07464,Customer 7464,Male,38,Thiruvananthapuram,Kerala,At-Risk,Instagram,2026-01-07
C07465,Customer 7465,Other,33,Thiruvananthapuram,Kerala,New,Affiliate,2025-06-25
C07466,Customer 7466,Male,25,Warangal,Telangana,At-Risk,Email,2024-10-17
C07467,Customer 7467,Male,38,Pune,Maharashtra,At-Risk,Organic Search,2026-01-15
C07468,Customer 7468,Male,40,Nagpur,Maharashtra,New,Google Ads,2024-09-29
C07469,Customer 7469,Female,24,Noida,Uttar Pradesh,New,Google Ads,2024-08-12
C07470,Customer 7470,Male,55,Vadodara,Gujarat,Loyal,Email,2024-12-06
C07471,Customer 7471,Female,26,Mumbai,Maharashtra,New,Affiliate,2024-02-05
C07472,Customer 7472,Male,21,Kanpur,Uttar Pradesh,One-Time,Meta Ads,2025-02-07
C07473,Customer 7473,Female,33,Madurai,Tamil Nadu,One-Time,Marketplace,2025-11-06
C07474,Customer 7474,Male,33,Delhi,Delhi,New,Affiliate,2025-01-12
C07475,Customer 7475,Male,32,Coimbatore,Tamil Nadu,VIP,Affiliate,2025-06-06
C07476,Customer 7476,Female,62,New Delhi,Delhi,Loyal,Influencer,2024-12-20
C07477,Customer 7477,Female,46,New Delhi,Delhi,Loyal,Meta Ads,2026-01-10
C07478,Customer 7478,Male,26,Mangaluru,Karnataka,Loyal,Meta Ads,2026-06-16
C07479,Customer 7479,Other,42,Chennai,Tamil Nadu,One-Time,Google Ads,2025-05-03
C07480,Customer 7480,Female,32,Thiruvananthapuram,Kerala,Loyal,Instagram,2025-09-15
C07481,Customer 7481,Male,63,Delhi,Delhi,At-Risk,Google Ads,2025-07-02
C07482,Customer 7482,Male,62,Thiruvananthapuram,Kerala,One-Time,Organic Search,2026-03-04
C07483,Customer 7483,Female,46,Surat,Gujarat,Loyal,Affiliate,2026-03-26
C07484,Customer 7484,Female,34,Noida,Uttar Pradesh,At-Risk,Meta Ads,2026-03-15
C07485,Customer 7485,Male,24,Mysuru,Karnataka,Loyal,Email,2024-03-03
C07486,Customer 7486,Female,57,Noida,Uttar Pradesh,New,Organic Search,2025-01-19
C07487,Customer 7487,Male,19,Mangaluru,Karnataka,New,Organic Search,2025-03-26
C07488,Customer 7488,Female,31,Nizamabad,Telangana,Loyal,Marketplace,2025-11-28
C07489,Customer 7489,Male,44,Nagpur,Maharashtra,VIP,Meta Ads,2025-05-23
C07490,Customer 7490,Female,30,Warangal,Telangana,At-Risk,Meta Ads,2025-02-27
C07491,Customer 7491,Male,52,Kozhikode,Kerala,VIP,Influencer,2025-04-24
C07492,Customer 7492,Female,26,Kozhikode,Kerala,New,Google Ads,2025-06-19
C07493,Customer 7493,Female,58,Lucknow,Uttar Pradesh,At-Risk,Affiliate,2025-06-27
C07494,Customer 7494,Male,21,Nizamabad,Telangana,Loyal,Google Ads,2025-10-23
C07495,Customer 7495,Male,34,Kozhikode,Kerala,Dormant,Email,2024-12-26
C07496,Customer 7496,Male,37,Jodhpur,Rajasthan,At-Risk,Organic Search,2025-06-07
C07497,Customer 7497,Female,65,Mangaluru,Karnataka,Loyal,Affiliate,2024-04-18
C07498,Customer 7498,Female,52,New Delhi,Delhi,Loyal,Google Ads,2025-04-01
C07499,Customer 7499,Female,65,Howrah,West Bengal,Loyal,Affiliate,2024-12-02
C07500,Customer 7500,Female,42,Warangal,Telangana,One-Time,Influencer,2024-01-11
C07501,Customer 7501,Female,63,Delhi,Delhi,Loyal,Affiliate,2024-07-05
C07502,Customer 7502,Female,37,Jodhpur,Rajasthan,New,Marketplace,2026-05-22
C07503,Customer 7503,Male,19,Pune,Maharashtra,New,Influencer,2025-05-09
C07504,Customer 7504,Female,27,Coimbatore,Tamil Nadu,VIP,Affiliate,2024-02-04
C07505,Customer 7505,Female,36,Surat,Gujarat,One-Time,Organic Search,2026-03-07
C07506,Customer 7506,Male,50,Udaipur,Rajasthan,VIP,Affiliate,2024-04-18
C07507,Customer 7507,Male,28,Kozhikode,Kerala,Loyal,Marketplace,2025-07-15
C07508,Customer 7508,Male,30,Lucknow,Uttar Pradesh,At-Risk,Organic Search,2024-02-08
C07509,Customer 7509,Female,49,Howrah,West Bengal,VIP,Meta Ads,2026-01-22
C07510,Customer 7510,Male,19,Ahmedabad,Gujarat,At-Risk,Meta Ads,2025-07-17
C07511,Customer 7511,Female,60,Ahmedabad,Gujarat,One-Time,Affiliate,2026-02-09
C07512,Customer 7512,Male,64,Vadodara,Gujarat,Dormant,Marketplace,2024-09-29
C07513,Customer 7513,Male,56,Nizamabad,Telangana,One-Time,Meta Ads,2026-03-14
C07514,Customer 7514,Male,63,Udaipur,Rajasthan,At-Risk,Marketplace,2026-03-15
C07515,Customer 7515,Male,25,Jodhpur,Rajasthan,Loyal,Meta Ads,2025-03-05
C07516,Customer 7516,Female,28,New Delhi,Delhi,New,Instagram,2025-06-17
C07517,Customer 7517,Female,59,Kanpur,Uttar Pradesh,Loyal,Marketplace,2024-12-04
C07518,Customer 7518,Female,29,Kolkata,West Bengal,Loyal,Marketplace,2025-12-04
C07519,Customer 7519,Female,51,Chennai,Tamil Nadu,One-Time,Organic Search,2025-07-31
C07520,Customer 7520,Female,45,Warangal,Telangana,One-Time,Marketplace,2024-05-10
C07521,Customer 7521,Male,32,Warangal,Telangana,New,Influencer,2025-01-04
C07522,Customer 7522,Female,38,Coimbatore,Tamil Nadu,Dormant,Influencer,2025-01-04
C07523,Customer 7523,Male,39,New Delhi,Delhi,Loyal,Influencer,2025-01-26
C07524,Customer 7524,Male,60,Pune,Maharashtra,New,Instagram,2025-07-16
C07525,Customer 7525,Male,43,Nagpur,Maharashtra,At-Risk,Google Ads,2024-09-08
C07526,Customer 7526,Male,38,Mumbai,Maharashtra,Loyal,Google Ads,2024-06-18
C07527,Customer 7527,Female,50,Noida,Uttar Pradesh,VIP,Google Ads,2025-02-15
C07528,Customer 7528,Male,24,Lucknow,Uttar Pradesh,Loyal,Meta Ads,2024-12-09
C07529,Customer 7529,Male,33,Chennai,Tamil Nadu,New,Google Ads,2026-03-27
C07530,Customer 7530,Male,44,Pune,Maharashtra,New,Meta Ads,2025-11-10
C07531,Customer 7531,Male,47,Pune,Maharashtra,At-Risk,Organic Search,2024-08-08
C07532,Customer 7532,Male,23,Warangal,Telangana,VIP,Google Ads,2025-09-05
C07533,Customer 7533,Male,32,Chennai,Tamil Nadu,VIP,Meta Ads,2025-06-28
C07534,Customer 7534,Female,39,Warangal,Telangana,New,Meta Ads,2026-03-22
C07535,Customer 7535,Female,18,Bengaluru,Karnataka,At-Risk,Google Ads,2025-11-01
C07536,Customer 7536,Female,45,Thiruvananthapuram,Kerala,Loyal,Organic Search,2025-05-17
C07537,Customer 7537,Male,58,Delhi,Delhi,VIP,Marketplace,2024-08-13
C07538,Customer 7538,Female,63,Noida,Uttar Pradesh,One-Time,Organic Search,2024-07-05
C07539,Customer 7539,Male,48,Nagpur,Maharashtra,At-Risk,Organic Search,2024-12-02
C07540,Customer 7540,Female,32,Mysuru,Karnataka,Dormant,Marketplace,2026-03-01
C07541,Customer 7541,Male,52,Kozhikode,Kerala,One-Time,Organic Search,2026-03-20
C07542,Customer 7542,Male,49,Madurai,Tamil Nadu,At-Risk,Google Ads,2026-05-15
C07543,Customer 7543,Male,19,Howrah,West Bengal,Loyal,Meta Ads,2026-06-01
C07544,Customer 7544,Female,18,Thiruvananthapuram,Kerala,One-Time,Organic Search,2025-03-13
C07545,Customer 7545,Male,65,Ahmedabad,Gujarat,One-Time,Organic Search,2025-06-25
C07546,Customer 7546,Female,59,Mysuru,Karnataka,VIP,Influencer,2024-03-17
C07547,Customer 7547,Male,37,Vadodara,Gujarat,One-Time,Google Ads,2024-05-23
C07548,Customer 7548,Male,33,Warangal,Telangana,New,Marketplace,2024-08-15
C07549,Customer 7549,Male,22,Nagpur,Maharashtra,At-Risk,Email,2024-06-01
C07550,Customer 7550,Male,29,Nizamabad,Telangana,Loyal,Marketplace,2025-11-07
C07551,Customer 7551,Female,22,Kanpur,Uttar Pradesh,VIP,Email,2026-01-29
C07552,Customer 7552,Male,22,Kolkata,West Bengal,Loyal,Meta Ads,2024-01-01
C07553,Customer 7553,Male,59,Bengaluru,Karnataka,Loyal,Meta Ads,2025-09-07
C07554,Customer 7554,Male,55,Pune,Maharashtra,At-Risk,Meta Ads,2024-09-22
C07555,Customer 7555,Male,55,Howrah,West Bengal,New,Meta Ads,2025-03-21
C07556,Customer 7556,Male,20,Kozhikode,Kerala,One-Time,Marketplace,2024-11-28
C07557,Customer 7557,Female,35,Bengaluru,Karnataka,Loyal,Instagram,2024-05-16
C07558,Customer 7558,Female,47,Bengaluru,Karnataka,Dormant,Meta Ads,2025-12-10
C07559,Customer 7559,Male,44,Lucknow,Uttar Pradesh,One-Time,Instagram,2024-10-04
C07560,Customer 7560,Male,33,Thiruvananthapuram,Kerala,Dormant,Organic Search,2025-01-28
C07561,Customer 7561,Male,37,Kochi,Kerala,VIP,Meta Ads,2025-06-15
C07562,Customer 7562,Female,52,Mysuru,Karnataka,Loyal,Google Ads,2025-04-17
C07563,Customer 7563,Male,58,Mumbai,Maharashtra,One-Time,Influencer,2024-06-15
C07564,Customer 7564,Male,64,Madurai,Tamil Nadu,New,Meta Ads,2025-08-27
C07565,Customer 7565,Female,52,Mysuru,Karnataka,Loyal,Marketplace,2024-05-23
C07566,Customer 7566,Male,31,Kanpur,Uttar Pradesh,New,Google Ads,2025-12-07
C07567,Customer 7567,Other,61,Warangal,Telangana,One-Time,Organic Search,2025-08-06
C07568,Customer 7568,Male,47,Kolkata,West Bengal,New,Organic Search,2024-10-31
C07569,Customer 7569,Female,54,Kochi,Kerala,Dormant,Google Ads,2024-11-14
C07570,Customer 7570,Male,35,Kozhikode,Kerala,One-Time,Organic Search,2024-06-03
C07571,Customer 7571,Female,44,Howrah,West Bengal,Loyal,Instagram,2025-02-03
C07572,Customer 7572,Male,42,Kozhikode,Kerala,One-Time,Instagram,2024-06-12
C07573,Customer 7573,Male,53,Nizamabad,Telangana,New,Influencer,2025-04-01
C07574,Customer 7574,Male,21,Coimbatore,Tamil Nadu,One-Time,Marketplace,2024-05-24
C07575,Customer 7575,Male,43,Warangal,Telangana,At-Risk,Google Ads,2026-03-10
C07576,Customer 7576,Male,27,Kochi,Kerala,Loyal,Organic Search,2024-04-12
C07577,Customer 7577,Female,25,Kochi,Kerala,Loyal,Google Ads,2025-10-09
C07578,Customer 7578,Male,56,Hyderabad,Telangana,At-Risk,Google Ads,2025-01-31
C07579,Customer 7579,Male,43,Hyderabad,Telangana,New,Google Ads,2024-11-01
C07580,Customer 7580,Female,34,Coimbatore,Tamil Nadu,At-Risk,Organic Search,2024-06-13
C07581,Customer 7581,Female,50,Mangaluru,Karnataka,New,Organic Search,2025-07-27
C07582,Customer 7582,Male,18,Noida,Uttar Pradesh,At-Risk,Email,2025-12-05
C07583,Customer 7583,Female,61,Pune,Maharashtra,Dormant,Marketplace,2025-08-05
C07584,Customer 7584,Female,33,Kanpur,Uttar Pradesh,At-Risk,Affiliate,2024-01-01
C07585,Customer 7585,Female,23,Vadodara,Gujarat,New,Google Ads,2026-01-19
C07586,Customer 7586,Other,50,Chennai,Tamil Nadu,Loyal,Meta Ads,2026-05-08
C07587,Customer 7587,Female,58,Mumbai,Maharashtra,At-Risk,Organic Search,2025-09-27
C07588,Customer 7588,Male,64,Thiruvananthapuram,Kerala,Loyal,Meta Ads,2024-01-12
C07589,Customer 7589,Female,54,Ahmedabad,Gujarat,One-Time,Google Ads,2025-03-30
C07590,Customer 7590,Female,58,Chennai,Tamil Nadu,Loyal,Google Ads,2024-10-19
C07591,Customer 7591,Female,33,Coimbatore,Tamil Nadu,New,Instagram,2025-08-10
C07592,Customer 7592,Female,54,Thiruvananthapuram,Kerala,Loyal,Email,2025-11-09
C07593,Customer 7593,Female,18,Lucknow,Uttar Pradesh,New,Organic Search,2026-03-09
C07594,Customer 7594,Female,62,Lucknow,Uttar Pradesh,Loyal,Affiliate,2026-02-23
C07595,Customer 7595,Male,56,Vadodara,Gujarat,One-Time,Marketplace,2026-05-18
C07596,Customer 7596,Female,49,Noida,Uttar Pradesh,New,Influencer,2024-03-19
C07597,Customer 7597,Female,62,Mysuru,Karnataka,New,Meta Ads,2024-04-16
C07598,Customer 7598,Female,42,Jaipur,Rajasthan,Dormant,Email,2025-12-21
C07599,Customer 7599,Male,33,Chennai,Tamil Nadu,Loyal,Meta Ads,2025-10-06
C07600,Customer 7600,Female,43,Surat,Gujarat,Loyal,Marketplace,2025-11-07
C07601,Customer 7601,Male,20,Kochi,Kerala,At-Risk,Email,2024-07-30
C07602,Customer 7602,Male,63,Kochi,Kerala,Loyal,Meta Ads,2025-02-17
C07603,Customer 7603,Female,42,Delhi,Delhi,One-Time,Organic Search,2025-08-01
C07604,Customer 7604,Female,18,Vadodara,Gujarat,Loyal,Email,2025-07-18
C07605,Customer 7605,Male,46,Thiruvananthapuram,Kerala,One-Time,Marketplace,2026-02-11
C07606,Customer 7606,Male,42,Kochi,Kerala,Loyal,Google Ads,2024-11-26
C07607,Customer 7607,Male,65,Lucknow,Uttar Pradesh,New,Meta Ads,2026-01-22
C07608,Customer 7608,Female,54,Warangal,Telangana,Dormant,Marketplace,2024-10-07
C07609,Customer 7609,Female,31,Mangaluru,Karnataka,Loyal,Email,2025-11-15
C07610,Customer 7610,Female,19,Thiruvananthapuram,Kerala,New,Meta Ads,2024-01-30
C07611,Customer 7611,Female,39,Noida,Uttar Pradesh,Loyal,Organic Search,2024-07-03
C07612,Customer 7612,Male,57,Jaipur,Rajasthan,New,Organic Search,2024-01-07
C07613,Customer 7613,Female,52,Kolkata,West Bengal,Loyal,Google Ads,2024-07-13
C07614,Customer 7614,Female,58,Chennai,Tamil Nadu,At-Risk,Meta Ads,2025-04-18
C07615,Customer 7615,Female,57,Coimbatore,Tamil Nadu,At-Risk,Meta Ads,2026-02-22
C07616,Customer 7616,Male,43,Lucknow,Uttar Pradesh,VIP,Meta Ads,2024-01-11
C07617,Customer 7617,Female,56,Bengaluru,Karnataka,Loyal,Instagram,2025-06-10
C07618,Customer 7618,Female,57,Howrah,West Bengal,Loyal,Meta Ads,2024-04-20
C07619,Customer 7619,Female,22,Jodhpur,Rajasthan,New,Organic Search,2024-06-05
C07620,Customer 7620,Female,24,Kanpur,Uttar Pradesh,Loyal,Organic Search,2024-03-27
C07621,Customer 7621,Female,29,Mysuru,Karnataka,Loyal,Instagram,2025-06-13
C07622,Customer 7622,Male,63,Jaipur,Rajasthan,New,Meta Ads,2025-07-23
C07623,Customer 7623,Male,59,Nizamabad,Telangana,New,Instagram,2024-09-05
C07624,Customer 7624,Male,20,Nagpur,Maharashtra,New,Meta Ads,2025-08-25
C07625,Customer 7625,Female,62,Madurai,Tamil Nadu,One-Time,Marketplace,2024-12-26
C07626,Customer 7626,Male,19,Nizamabad,Telangana,New,Google Ads,2025-11-09
C07627,Customer 7627,Male,54,Thiruvananthapuram,Kerala,One-Time,Influencer,2025-04-16
C07628,Customer 7628,Female,43,Kozhikode,Kerala,Loyal,Organic Search,2026-05-25
C07629,Customer 7629,Male,48,Nizamabad,Telangana,Loyal,Affiliate,2025-08-23
C07630,Customer 7630,Male,53,Noida,Uttar Pradesh,New,Marketplace,2026-05-31
C07631,Customer 7631,Female,59,Delhi,Delhi,Loyal,Affiliate,2026-03-30
C07632,Customer 7632,Female,51,Udaipur,Rajasthan,At-Risk,Organic Search,2024-07-05
C07633,Customer 7633,Male,44,Kanpur,Uttar Pradesh,One-Time,Meta Ads,2024-11-07
C07634,Customer 7634,Male,44,Surat,Gujarat,One-Time,Organic Search,2024-11-12
C07635,Customer 7635,Female,64,Pune,Maharashtra,Loyal,Google Ads,2025-07-03
C07636,Customer 7636,Female,55,Nizamabad,Telangana,New,Instagram,2025-05-20
C07637,Customer 7637,Male,47,Delhi,Delhi,One-Time,Influencer,2025-02-28
C07638,Customer 7638,Male,47,Kochi,Kerala,Loyal,Organic Search,2024-02-09
C07639,Customer 7639,Male,32,Ahmedabad,Gujarat,One-Time,Meta Ads,2025-02-06
C07640,Customer 7640,Male,58,Madurai,Tamil Nadu,At-Risk,Marketplace,2024-06-22
C07641,Customer 7641,Male,52,Hyderabad,Telangana,At-Risk,Google Ads,2026-05-04
C07642,Customer 7642,Female,23,Kozhikode,Kerala,One-Time,Marketplace,2026-02-07
C07643,Customer 7643,Female,56,Bengaluru,Karnataka,Loyal,Organic Search,2024-06-12
C07644,Customer 7644,Female,65,Udaipur,Rajasthan,Dormant,Google Ads,2025-01-02
C07645,Customer 7645,Male,52,Udaipur,Rajasthan,Loyal,Google Ads,2025-07-25
C07646,Customer 7646,Male,60,Bengaluru,Karnataka,Dormant,Marketplace,2025-03-12
C07647,Customer 7647,Male,55,Hyderabad,Telangana,At-Risk,Google Ads,2024-06-02
C07648,Customer 7648,Male,60,Madurai,Tamil Nadu,One-Time,Marketplace,2025-10-24
C07649,Customer 7649,Male,45,Bengaluru,Karnataka,New,Instagram,2026-03-27
C07650,Customer 7650,Female,35,Jaipur,Rajasthan,New,Meta Ads,2025-12-28
C07651,Customer 7651,Female,40,Kanpur,Uttar Pradesh,At-Risk,Organic Search,2024-11-15
C07652,Customer 7652,Male,63,Nagpur,Maharashtra,One-Time,Email,2026-02-17
C07653,Customer 7653,Male,51,New Delhi,Delhi,Loyal,Instagram,2026-03-05
C07654,Customer 7654,Other,24,Warangal,Telangana,Loyal,Organic Search,2026-03-16
C07655,Customer 7655,Female,36,Pune,Maharashtra,At-Risk,Meta Ads,2026-01-12
C07656,Customer 7656,Male,21,Noida,Uttar Pradesh,VIP,Google Ads,2024-09-22
C07657,Customer 7657,Male,61,Noida,Uttar Pradesh,New,Affiliate,2025-03-27
C07658,Customer 7658,Female,37,Noida,Uttar Pradesh,One-Time,Email,2025-08-07
C07659,Customer 7659,Male,21,Mumbai,Maharashtra,Loyal,Organic Search,2026-01-02
C07660,Customer 7660,Male,62,Ahmedabad,Gujarat,At-Risk,Organic Search,2024-04-10
C07661,Customer 7661,Female,58,Madurai,Tamil Nadu,VIP,Organic Search,2024-03-01
C07662,Customer 7662,Female,64,Kochi,Kerala,Loyal,Meta Ads,2026-05-22
C07663,Customer 7663,Male,34,Howrah,West Bengal,At-Risk,Marketplace,2025-09-18
C07664,Customer 7664,Male,41,Kochi,Kerala,Loyal,Instagram,2024-08-28
C07665,Customer 7665,Male,42,Nagpur,Maharashtra,New,Marketplace,2026-06-15
C07666,Customer 7666,Female,54,New Delhi,Delhi,At-Risk,Affiliate,2024-12-17
C07667,Customer 7667,Female,57,Kanpur,Uttar Pradesh,Loyal,Organic Search,2025-07-22
C07668,Customer 7668,Female,43,Madurai,Tamil Nadu,At-Risk,Email,2026-04-17
C07669,Customer 7669,Male,44,Kolkata,West Bengal,One-Time,Google Ads,2026-02-08
C07670,Customer 7670,Male,23,Delhi,Delhi,Loyal,Meta Ads,2025-07-21
C07671,Customer 7671,Male,26,Thiruvananthapuram,Kerala,One-Time,Organic Search,2025-05-11
C07672,Customer 7672,Female,49,Nagpur,Maharashtra,One-Time,Meta Ads,2024-09-16
C07673,Customer 7673,Male,39,Kozhikode,Kerala,New,Google Ads,2024-06-08
C07674,Customer 7674,Female,25,Madurai,Tamil Nadu,VIP,Email,2024-03-18
C07675,Customer 7675,Female,23,Delhi,Delhi,One-Time,Google Ads,2024-01-15
C07676,Customer 7676,Female,49,New Delhi,Delhi,One-Time,Meta Ads,2025-03-15
C07677,Customer 7677,Male,60,Bengaluru,Karnataka,One-Time,Email,2024-11-10
C07678,Customer 7678,Female,29,Thiruvananthapuram,Kerala,Loyal,Google Ads,2025-06-15
C07679,Customer 7679,Female,44,Kochi,Kerala,Loyal,Google Ads,2025-04-04
C07680,Customer 7680,Male,30,Thiruvananthapuram,Kerala,VIP,Meta Ads,2025-08-24
C07681,Customer 7681,Male,57,Kozhikode,Kerala,Loyal,Organic Search,2024-06-23
C07682,Customer 7682,Female,50,Kolkata,West Bengal,One-Time,Marketplace,2024-05-28
C07683,Customer 7683,Female,34,Delhi,Delhi,Loyal,Meta Ads,2024-04-24
C07684,Customer 7684,Male,40,Noida,Uttar Pradesh,New,Organic Search,2025-09-27
C07685,Customer 7685,Female,43,Hyderabad,Telangana,Loyal,Meta Ads,2026-03-30
C07686,Customer 7686,Female,57,Kanpur,Uttar Pradesh,At-Risk,Organic Search,2024-11-22
C07687,Customer 7687,Other,41,New Delhi,Delhi,Loyal,Google Ads,2024-05-09
C07688,Customer 7688,Male,50,Howrah,West Bengal,Dormant,Influencer,2026-04-29
C07689,Customer 7689,Female,40,Coimbatore,Tamil Nadu,New,Organic Search,2024-07-25
C07690,Customer 7690,Male,32,Madurai,Tamil Nadu,VIP,Organic Search,2025-08-11
C07691,Customer 7691,Male,47,Warangal,Telangana,VIP,Google Ads,2026-03-04
C07692,Customer 7692,Male,55,Chennai,Tamil Nadu,VIP,Influencer,2026-04-06
C07693,Customer 7693,Male,64,Coimbatore,Tamil Nadu,Loyal,Google Ads,2024-07-20
C07694,Customer 7694,Male,21,Nagpur,Maharashtra,New,Email,2024-01-28
C07695,Customer 7695,Female,64,Mangaluru,Karnataka,VIP,Affiliate,2025-01-14
C07696,Customer 7696,Female,53,Ahmedabad,Gujarat,Loyal,Organic Search,2026-03-24
C07697,Customer 7697,Female,31,Mysuru,Karnataka,Loyal,Affiliate,2025-03-01
C07698,Customer 7698,Male,36,Kanpur,Uttar Pradesh,New,Organic Search,2026-03-01
C07699,Customer 7699,Male,50,Mumbai,Maharashtra,New,Organic Search,2026-01-20
C07700,Customer 7700,Male,32,Ahmedabad,Gujarat,Dormant,Meta Ads,2025-04-04
C07701,Customer 7701,Female,34,Nagpur,Maharashtra,One-Time,Instagram,2026-02-21
C07702,Customer 7702,Male,43,New Delhi,Delhi,One-Time,Email,2026-05-28
C07703,Customer 7703,Male,51,Surat,Gujarat,New,Organic Search,2025-09-03
C07704,Customer 7704,Female,61,Kolkata,West Bengal,Loyal,Organic Search,2025-11-05
C07705,Customer 7705,Other,58,Coimbatore,Tamil Nadu,VIP,Email,2025-02-05
C07706,Customer 7706,Female,30,New Delhi,Delhi,Dormant,Organic Search,2026-06-14
C07707,Customer 7707,Male,27,Nagpur,Maharashtra,Loyal,Google Ads,2024-11-15
C07708,Customer 7708,Male,65,New Delhi,Delhi,One-Time,Instagram,2025-11-11
C07709,Customer 7709,Male,63,Coimbatore,Tamil Nadu,New,Marketplace,2026-04-27
C07710,Customer 7710,Male,46,Kolkata,West Bengal,One-Time,Meta Ads,2026-04-03
C07711,Customer 7711,Female,51,Chennai,Tamil Nadu,Loyal,Google Ads,2026-03-05
C07712,Customer 7712,Male,30,Noida,Uttar Pradesh,Dormant,Organic Search,2024-06-26
C07713,Customer 7713,Female,47,Chennai,Tamil Nadu,New,Meta Ads,2026-06-01
C07714,Customer 7714,Male,51,Nagpur,Maharashtra,One-Time,Instagram,2024-06-26
C07715,Customer 7715,Male,32,Mangaluru,Karnataka,Loyal,Organic Search,2024-07-31
C07716,Customer 7716,Female,53,Hyderabad,Telangana,Loyal,Email,2025-04-01
C07717,Customer 7717,Male,36,Ahmedabad,Gujarat,Loyal,Marketplace,2024-05-09
C07718,Customer 7718,Female,43,Noida,Uttar Pradesh,Loyal,Influencer,2025-10-18
C07719,Customer 7719,Male,20,Lucknow,Uttar Pradesh,One-Time,Email,2026-04-15
C07720,Customer 7720,Female,24,Madurai,Tamil Nadu,Loyal,Marketplace,2024-08-26
C07721,Customer 7721,Male,48,Mumbai,Maharashtra,One-Time,Meta Ads,2024-10-21
C07722,Customer 7722,Female,57,Noida,Uttar Pradesh,VIP,Meta Ads,2025-01-10
C07723,Customer 7723,Female,45,Hyderabad,Telangana,New,Organic Search,2024-03-19
C07724,Customer 7724,Male,56,Madurai,Tamil Nadu,Loyal,Organic Search,2024-06-04
C07725,Customer 7725,Female,56,Lucknow,Uttar Pradesh,Dormant,Meta Ads,2026-05-04
C07726,Customer 7726,Male,54,Coimbatore,Tamil Nadu,Loyal,Instagram,2026-04-12
C07727,Customer 7727,Other,57,Nagpur,Maharashtra,New,Meta Ads,2025-03-28
C07728,Customer 7728,Female,54,Mysuru,Karnataka,Dormant,Meta Ads,2025-10-31
C07729,Customer 7729,Female,57,Ahmedabad,Gujarat,New,Instagram,2024-02-13
C07730,Customer 7730,Male,36,Mumbai,Maharashtra,VIP,Marketplace,2024-02-04
C07731,Customer 7731,Male,36,Howrah,West Bengal,New,Influencer,2026-03-07
C07732,Customer 7732,Female,41,Chennai,Tamil Nadu,At-Risk,Email,2024-01-21
C07733,Customer 7733,Female,43,Mysuru,Karnataka,New,Email,2025-09-28
C07734,Customer 7734,Male,49,Mysuru,Karnataka,One-Time,Google Ads,2026-06-13
C07735,Customer 7735,Male,44,Noida,Uttar Pradesh,Dormant,Email,2025-12-14
C07736,Customer 7736,Male,25,Madurai,Tamil Nadu,Loyal,Organic Search,2024-12-22
C07737,Customer 7737,Female,36,Udaipur,Rajasthan,One-Time,Affiliate,2025-04-27
C07738,Customer 7738,Female,47,Chennai,Tamil Nadu,New,Meta Ads,2025-06-26
C07739,Customer 7739,Male,19,Nizamabad,Telangana,New,Marketplace,2025-02-03
C07740,Customer 7740,Female,23,Madurai,Tamil Nadu,One-Time,Influencer,2026-05-03
C07741,Customer 7741,Male,62,New Delhi,Delhi,Loyal,Google Ads,2024-02-09
C07742,Customer 7742,Female,58,New Delhi,Delhi,Loyal,Marketplace,2026-05-10
C07743,Customer 7743,Male,45,Noida,Uttar Pradesh,Dormant,Meta Ads,2026-02-12
C07744,Customer 7744,Male,23,Thiruvananthapuram,Kerala,At-Risk,Marketplace,2024-03-27
C07745,Customer 7745,Male,30,Noida,Uttar Pradesh,Dormant,Organic Search,2025-05-25
C07746,Customer 7746,Female,55,Vadodara,Gujarat,Loyal,Instagram,2025-07-25
C07747,Customer 7747,Female,53,Surat,Gujarat,Loyal,Instagram,2026-06-05
C07748,Customer 7748,Male,28,Howrah,West Bengal,Loyal,Organic Search,2026-06-12
C07749,Customer 7749,Male,21,Mysuru,Karnataka,One-Time,Influencer,2025-02-27
C07750,Customer 7750,Male,62,Noida,Uttar Pradesh,New,Influencer,2024-06-10
C07751,Customer 7751,Male,52,Lucknow,Uttar Pradesh,At-Risk,Instagram,2025-12-26
C07752,Customer 7752,Female,49,Bengaluru,Karnataka,VIP,Influencer,2025-08-19
C07753,Customer 7753,Female,59,Thiruvananthapuram,Kerala,One-Time,Email,2025-04-07
C07754,Customer 7754,Male,38,Lucknow,Uttar Pradesh,Loyal,Instagram,2025-11-27
C07755,Customer 7755,Male,23,Madurai,Tamil Nadu,New,Meta Ads,2024-03-15
C07756,Customer 7756,Male,20,Kochi,Kerala,Loyal,Affiliate,2024-03-09
C07757,Customer 7757,Male,64,Mumbai,Maharashtra,One-Time,Organic Search,2025-03-08
C07758,Customer 7758,Female,47,Nizamabad,Telangana,At-Risk,Instagram,2024-12-14
C07759,Customer 7759,Male,53,Bengaluru,Karnataka,Loyal,Organic Search,2024-05-21
C07760,Customer 7760,Female,36,Ahmedabad,Gujarat,One-Time,Influencer,2024-07-03
C07761,Customer 7761,Male,23,Chennai,Tamil Nadu,VIP,Meta Ads,2025-03-13
C07762,Customer 7762,Female,56,Kozhikode,Kerala,Dormant,Instagram,2024-02-21
C07763,Customer 7763,Female,56,Mangaluru,Karnataka,At-Risk,Instagram,2025-10-02
C07764,Customer 7764,Male,56,Bengaluru,Karnataka,Loyal,Google Ads,2024-03-30
C07765,Customer 7765,Male,42,Kolkata,West Bengal,One-Time,Meta Ads,2025-08-23
C07766,Customer 7766,Male,50,Warangal,Telangana,Loyal,Affiliate,2024-11-03
C07767,Customer 7767,Male,33,Udaipur,Rajasthan,At-Risk,Meta Ads,2024-05-21
C07768,Customer 7768,Other,30,Coimbatore,Tamil Nadu,Dormant,Affiliate,2025-06-05
C07769,Customer 7769,Male,19,Thiruvananthapuram,Kerala,Loyal,Marketplace,2025-07-22
C07770,Customer 7770,Male,26,Jodhpur,Rajasthan,Loyal,Meta Ads,2026-05-08
C07771,Customer 7771,Female,38,Hyderabad,Telangana,One-Time,Instagram,2025-01-27
C07772,Customer 7772,Female,41,Warangal,Telangana,New,Google Ads,2026-04-22
C07773,Customer 7773,Female,39,Warangal,Telangana,One-Time,Organic Search,2025-03-03
C07774,Customer 7774,Male,39,Kozhikode,Kerala,New,Email,2026-02-24
C07775,Customer 7775,Female,28,Howrah,West Bengal,Loyal,Organic Search,2024-09-10
C07776,Customer 7776,Female,50,Madurai,Tamil Nadu,One-Time,Affiliate,2025-11-25
C07777,Customer 7777,Female,39,Pune,Maharashtra,Loyal,Affiliate,2024-07-16
C07778,Customer 7778,Female,43,Kanpur,Uttar Pradesh,Loyal,Email,2024-02-06
C07779,Customer 7779,Male,46,Nagpur,Maharashtra,New,Marketplace,2024-04-27
C07780,Customer 7780,Female,41,Jaipur,Rajasthan,Loyal,Marketplace,2024-12-31
C07781,Customer 7781,Male,44,Noida,Uttar Pradesh,New,Organic Search,2024-04-27
C07782,Customer 7782,Male,41,Mangaluru,Karnataka,New,Google Ads,2025-12-02
C07783,Customer 7783,Male,36,Delhi,Delhi,Dormant,Affiliate,2024-03-21
C07784,Customer 7784,Female,42,Nagpur,Maharashtra,New,Marketplace,2026-05-20
C07785,Customer 7785,Male,50,Coimbatore,Tamil Nadu,One-Time,Email,2024-11-11
C07786,Customer 7786,Male,59,Kozhikode,Kerala,Loyal,Organic Search,2025-02-20
C07787,Customer 7787,Female,22,Jodhpur,Rajasthan,One-Time,Meta Ads,2025-11-01
C07788,Customer 7788,Female,26,Noida,Uttar Pradesh,One-Time,Email,2025-09-23
C07789,Customer 7789,Female,23,Ahmedabad,Gujarat,VIP,Affiliate,2026-01-23
C07790,Customer 7790,Male,18,Mumbai,Maharashtra,Loyal,Influencer,2026-06-14
C07791,Customer 7791,Female,57,Jaipur,Rajasthan,Loyal,Google Ads,2024-10-01
C07792,Customer 7792,Male,28,Delhi,Delhi,At-Risk,Google Ads,2025-07-14
C07793,Customer 7793,Male,31,Pune,Maharashtra,New,Instagram,2025-08-26
C07794,Customer 7794,Female,32,Coimbatore,Tamil Nadu,Loyal,Instagram,2025-12-01
C07795,Customer 7795,Female,59,Kolkata,West Bengal,New,Affiliate,2024-09-16
C07796,Customer 7796,Male,47,Jodhpur,Rajasthan,New,Google Ads,2026-05-19
C07797,Customer 7797,Female,23,Mangaluru,Karnataka,Dormant,Affiliate,2024-08-03
C07798,Customer 7798,Female,58,Noida,Uttar Pradesh,VIP,Email,2025-10-01
C07799,Customer 7799,Male,65,Coimbatore,Tamil Nadu,New,Organic Search,2026-03-07
C07800,Customer 7800,Female,52,Mysuru,Karnataka,One-Time,Email,2024-04-28
C07801,Customer 7801,Female,41,Pune,Maharashtra,New,Affiliate,2025-04-28
C07802,Customer 7802,Female,65,Noida,Uttar Pradesh,VIP,Instagram,2026-05-31
C07803,Customer 7803,Male,20,Chennai,Tamil Nadu,One-Time,Meta Ads,2024-05-13
C07804,Customer 7804,Female,18,Delhi,Delhi,Dormant,Organic Search,2025-12-24
C07805,Customer 7805,Male,55,Pune,Maharashtra,New,Instagram,2026-01-24
C07806,Customer 7806,Male,27,Howrah,West Bengal,One-Time,Meta Ads,2024-08-26
C07807,Customer 7807,Female,20,Noida,Uttar Pradesh,Dormant,Marketplace,2025-09-28
C07808,Customer 7808,Male,22,Mysuru,Karnataka,At-Risk,Organic Search,2026-06-07
C07809,Customer 7809,Male,39,Kozhikode,Kerala,One-Time,Meta Ads,2024-12-14
C07810,Customer 7810,Male,49,Hyderabad,Telangana,Loyal,Organic Search,2024-03-12
C07811,Customer 7811,Female,39,Mumbai,Maharashtra,At-Risk,Meta Ads,2024-08-21
C07812,Customer 7812,Female,38,Vadodara,Gujarat,Loyal,Instagram,2026-04-25
C07813,Customer 7813,Male,25,Udaipur,Rajasthan,Loyal,Meta Ads,2026-04-07
C07814,Customer 7814,Male,32,Mysuru,Karnataka,Loyal,Google Ads,2026-01-27
C07815,Customer 7815,Male,63,Surat,Gujarat,Dormant,Instagram,2025-06-07
C07816,Customer 7816,Male,33,Mysuru,Karnataka,Loyal,Email,2024-09-04
C07817,Customer 7817,Male,34,Vadodara,Gujarat,New,Meta Ads,2025-07-09
C07818,Customer 7818,Female,60,Kolkata,West Bengal,Loyal,Google Ads,2026-02-13
C07819,Customer 7819,Male,21,Kozhikode,Kerala,VIP,Meta Ads,2026-01-09
C07820,Customer 7820,Male,21,New Delhi,Delhi,Loyal,Meta Ads,2024-02-24
C07821,Customer 7821,Female,61,Kolkata,West Bengal,One-Time,Organic Search,2025-10-02
C07822,Customer 7822,Female,33,Vadodara,Gujarat,Loyal,Meta Ads,2026-05-06
C07823,Customer 7823,Female,29,Mysuru,Karnataka,Loyal,Email,2024-04-22
C07824,Customer 7824,Female,41,Bengaluru,Karnataka,Dormant,Email,2025-06-28
C07825,Customer 7825,Female,19,Kochi,Kerala,One-Time,Meta Ads,2025-07-12
C07826,Customer 7826,Female,37,Nagpur,Maharashtra,VIP,Organic Search,2025-04-13
C07827,Customer 7827,Male,18,Noida,Uttar Pradesh,Loyal,Organic Search,2025-11-07
C07828,Customer 7828,Male,51,Mumbai,Maharashtra,New,Organic Search,2026-06-10
C07829,Customer 7829,Female,58,Kanpur,Uttar Pradesh,Loyal,Instagram,2025-08-08
C07830,Customer 7830,Male,47,Nagpur,Maharashtra,New,Meta Ads,2024-01-24
C07831,Customer 7831,Female,26,Thiruvananthapuram,Kerala,At-Risk,Organic Search,2025-04-11
C07832,Customer 7832,Male,56,Howrah,West Bengal,VIP,Marketplace,2025-04-06
C07833,Customer 7833,Male,49,Nizamabad,Telangana,New,Instagram,2024-09-01
C07834,Customer 7834,Male,58,Jaipur,Rajasthan,Loyal,Organic Search,2025-10-23
C07835,Customer 7835,Male,61,Ahmedabad,Gujarat,Dormant,Instagram,2025-05-29
C07836,Customer 7836,Male,37,Mysuru,Karnataka,One-Time,Marketplace,2024-04-11
C07837,Customer 7837,Female,64,Mysuru,Karnataka,Dormant,Meta Ads,2025-11-30
C07838,Customer 7838,Female,59,Jaipur,Rajasthan,New,Instagram,2024-01-14
C07839,Customer 7839,Female,46,Jaipur,Rajasthan,New,Email,2026-02-20
C07840,Customer 7840,Female,48,Mangaluru,Karnataka,Loyal,Organic Search,2025-07-07
C07841,Customer 7841,Male,39,Noida,Uttar Pradesh,New,Organic Search,2026-06-14
C07842,Customer 7842,Male,59,Mangaluru,Karnataka,At-Risk,Organic Search,2024-10-31
C07843,Customer 7843,Male,20,Warangal,Telangana,Loyal,Organic Search,2024-07-19
C07844,Customer 7844,Male,40,Surat,Gujarat,VIP,Email,2025-03-09
C07845,Customer 7845,Male,22,Warangal,Telangana,Loyal,Google Ads,2025-12-28
C07846,Customer 7846,Female,19,Mysuru,Karnataka,Loyal,Influencer,2025-07-14
C07847,Customer 7847,Male,63,Delhi,Delhi,VIP,Meta Ads,2025-02-04
C07848,Customer 7848,Male,49,Mangaluru,Karnataka,Loyal,Google Ads,2024-12-13
C07849,Customer 7849,Male,40,Nagpur,Maharashtra,At-Risk,Google Ads,2025-12-10
C07850,Customer 7850,Female,64,Udaipur,Rajasthan,Loyal,Email,2024-07-12
C07851,Customer 7851,Male,22,Ahmedabad,Gujarat,One-Time,Instagram,2024-01-31
C07852,Customer 7852,Female,62,Noida,Uttar Pradesh,Loyal,Organic Search,2024-08-02
C07853,Customer 7853,Female,41,Vadodara,Gujarat,Loyal,Organic Search,2024-07-07
C07854,Customer 7854,Male,25,New Delhi,Delhi,One-Time,Google Ads,2024-06-17
C07855,Customer 7855,Male,32,Mysuru,Karnataka,One-Time,Meta Ads,2024-10-05
C07856,Customer 7856,Male,41,Lucknow,Uttar Pradesh,One-Time,Marketplace,2025-10-06
C07857,Customer 7857,Female,56,Mumbai,Maharashtra,New,Affiliate,2024-08-10
C07858,Customer 7858,Female,59,Mangaluru,Karnataka,At-Risk,Influencer,2024-04-30
C07859,Customer 7859,Female,24,Lucknow,Uttar Pradesh,VIP,Google Ads,2024-12-24
C07860,Customer 7860,Female,37,Jodhpur,Rajasthan,One-Time,Marketplace,2026-05-24
C07861,Customer 7861,Female,37,Surat,Gujarat,Dormant,Influencer,2026-04-24
C07862,Customer 7862,Female,42,Nizamabad,Telangana,Dormant,Instagram,2024-01-05
C07863,Customer 7863,Female,44,Nagpur,Maharashtra,At-Risk,Organic Search,2024-01-12
C07864,Customer 7864,Female,65,Delhi,Delhi,New,Meta Ads,2024-09-30
C07865,Customer 7865,Female,30,Jaipur,Rajasthan,One-Time,Organic Search,2024-05-10
C07866,Customer 7866,Male,41,Delhi,Delhi,Loyal,Affiliate,2025-12-23
C07867,Customer 7867,Other,31,Nizamabad,Telangana,VIP,Email,2024-05-14
C07868,Customer 7868,Male,27,Pune,Maharashtra,Loyal,Google Ads,2024-03-22
C07869,Customer 7869,Female,37,Surat,Gujarat,Loyal,Instagram,2024-07-22
C07870,Customer 7870,Female,19,Udaipur,Rajasthan,At-Risk,Organic Search,2025-06-13
C07871,Customer 7871,Male,55,Warangal,Telangana,Dormant,Organic Search,2024-05-29
C07872,Customer 7872,Male,40,Warangal,Telangana,Loyal,Email,2024-09-18
C07873,Customer 7873,Male,39,Mysuru,Karnataka,Dormant,Marketplace,2025-03-28
C07874,Customer 7874,Male,42,Nizamabad,Telangana,At-Risk,Google Ads,2026-05-18
C07875,Customer 7875,Male,42,Surat,Gujarat,One-Time,Google Ads,2026-02-18
C07876,Customer 7876,Other,62,Mumbai,Maharashtra,At-Risk,Meta Ads,2024-07-16
C07877,Customer 7877,Male,46,Howrah,West Bengal,New,Affiliate,2024-09-18
C07878,Customer 7878,Female,56,Kanpur,Uttar Pradesh,New,Affiliate,2024-03-04
C07879,Customer 7879,Female,57,Kozhikode,Kerala,Dormant,Affiliate,2024-09-22
C07880,Customer 7880,Male,21,Kozhikode,Kerala,One-Time,Influencer,2025-07-06
C07881,Customer 7881,Female,56,Mangaluru,Karnataka,Loyal,Instagram,2025-04-11
C07882,Customer 7882,Female,57,Nizamabad,Telangana,Dormant,Meta Ads,2024-12-04
C07883,Customer 7883,Male,48,Mysuru,Karnataka,One-Time,Organic Search,2024-01-18
C07884,Customer 7884,Male,21,Jodhpur,Rajasthan,New,Instagram,2026-03-24
C07885,Customer 7885,Male,18,Warangal,Telangana,New,Email,2024-12-17
C07886,Customer 7886,Female,18,Madurai,Tamil Nadu,Loyal,Google Ads,2026-04-03
C07887,Customer 7887,Male,51,Mysuru,Karnataka,New,Instagram,2025-10-23
C07888,Customer 7888,Female,44,Mumbai,Maharashtra,New,Email,2025-12-16
C07889,Customer 7889,Male,35,Jaipur,Rajasthan,At-Risk,Google Ads,2025-01-14
C07890,Customer 7890,Female,43,Kolkata,West Bengal,One-Time,Marketplace,2024-04-25
C07891,Customer 7891,Male,39,Surat,Gujarat,Loyal,Google Ads,2024-07-21
C07892,Customer 7892,Male,33,Kozhikode,Kerala,New,Marketplace,2025-08-15
C07893,Customer 7893,Female,54,Nizamabad,Telangana,Loyal,Google Ads,2025-06-10
C07894,Customer 7894,Male,40,Nagpur,Maharashtra,Loyal,Influencer,2024-03-23
C07895,Customer 7895,Male,44,Madurai,Tamil Nadu,Loyal,Email,2026-02-14
C07896,Customer 7896,Female,62,Kolkata,West Bengal,One-Time,Meta Ads,2024-01-23
C07897,Customer 7897,Male,61,Vadodara,Gujarat,One-Time,Meta Ads,2025-02-27
C07898,Customer 7898,Female,50,Nizamabad,Telangana,New,Meta Ads,2024-06-26
C07899,Customer 7899,Male,61,Kozhikode,Kerala,New,Affiliate,2024-06-04
C07900,Customer 7900,Female,34,Mysuru,Karnataka,Loyal,Google Ads,2025-03-21
C07901,Customer 7901,Male,35,Chennai,Tamil Nadu,New,Meta Ads,2024-10-21
C07902,Customer 7902,Male,62,Howrah,West Bengal,New,Organic Search,2025-02-09
C07903,Customer 7903,Female,60,Kochi,Kerala,New,Organic Search,2026-04-30
C07904,Customer 7904,Female,25,Howrah,West Bengal,At-Risk,Instagram,2025-11-29
C07905,Customer 7905,Male,18,Kozhikode,Kerala,Loyal,Google Ads,2024-10-19
C07906,Customer 7906,Female,26,Nagpur,Maharashtra,Loyal,Email,2025-04-16
C07907,Customer 7907,Male,54,Surat,Gujarat,Loyal,Meta Ads,2024-12-03
C07908,Customer 7908,Other,29,Kanpur,Uttar Pradesh,One-Time,Organic Search,2024-08-25
C07909,Customer 7909,Female,65,Delhi,Delhi,One-Time,Meta Ads,2025-02-14
C07910,Customer 7910,Female,29,Madurai,Tamil Nadu,One-Time,Marketplace,2024-05-05
C07911,Customer 7911,Male,26,Thiruvananthapuram,Kerala,Loyal,Organic Search,2024-07-30
C07912,Customer 7912,Male,21,Pune,Maharashtra,One-Time,Organic Search,2025-05-27
C07913,Customer 7913,Female,63,Madurai,Tamil Nadu,New,Influencer,2025-10-24
C07914,Customer 7914,Male,32,Lucknow,Uttar Pradesh,Dormant,Marketplace,2025-08-30
C07915,Customer 7915,Female,57,Kochi,Kerala,VIP,Affiliate,2026-06-06
C07916,Customer 7916,Male,44,Thiruvananthapuram,Kerala,New,Organic Search,2024-07-10
C07917,Customer 7917,Female,25,Noida,Uttar Pradesh,Dormant,Influencer,2024-04-18
C07918,Customer 7918,Female,28,Nizamabad,Telangana,New,Meta Ads,2025-07-22
C07919,Customer 7919,Female,22,Kozhikode,Kerala,New,Affiliate,2025-05-25
C07920,Customer 7920,Female,23,Chennai,Tamil Nadu,New,Organic Search,2026-02-13
C07921,Customer 7921,Female,56,Kolkata,West Bengal,Dormant,Organic Search,2024-04-24
C07922,Customer 7922,Female,49,Madurai,Tamil Nadu,New,Influencer,2024-08-05
C07923,Customer 7923,Male,25,Noida,Uttar Pradesh,At-Risk,Organic Search,2025-01-05
C07924,Customer 7924,Male,38,Ahmedabad,Gujarat,Loyal,Organic Search,2026-01-07
C07925,Customer 7925,Male,28,Noida,Uttar Pradesh,Loyal,Marketplace,2024-06-26
C07926,Customer 7926,Female,49,Nagpur,Maharashtra,One-Time,Organic Search,2026-05-05
C07927,Customer 7927,Other,24,Pune,Maharashtra,New,Meta Ads,2024-04-09
C07928,Customer 7928,Male,29,Coimbatore,Tamil Nadu,VIP,Meta Ads,2026-04-22
C07929,Customer 7929,Female,50,Warangal,Telangana,One-Time,Email,2025-08-29
C07930,Customer 7930,Male,54,Udaipur,Rajasthan,Loyal,Meta Ads,2024-05-07
C07931,Customer 7931,Female,64,Mysuru,Karnataka,New,Organic Search,2026-06-09
C07932,Customer 7932,Female,64,Vadodara,Gujarat,At-Risk,Influencer,2024-02-14
C07933,Customer 7933,Female,52,Nizamabad,Telangana,VIP,Meta Ads,2024-12-16
C07934,Customer 7934,Female,30,Pune,Maharashtra,Loyal,Marketplace,2025-10-15
C07935,Customer 7935,Female,57,Kolkata,West Bengal,Loyal,Organic Search,2024-11-05
C07936,Customer 7936,Male,48,Mangaluru,Karnataka,One-Time,Marketplace,2024-12-09
C07937,Customer 7937,Female,64,Mumbai,Maharashtra,One-Time,Meta Ads,2024-09-14
C07938,Customer 7938,Female,54,Mumbai,Maharashtra,New,Email,2024-06-08
C07939,Customer 7939,Female,56,Mumbai,Maharashtra,VIP,Organic Search,2025-06-08
C07940,Customer 7940,Female,44,Howrah,West Bengal,New,Affiliate,2025-02-06
C07941,Customer 7941,Female,56,Nagpur,Maharashtra,New,Marketplace,2025-12-31
C07942,Customer 7942,Female,31,Madurai,Tamil Nadu,New,Marketplace,2025-05-03
C07943,Customer 7943,Female,22,Kolkata,West Bengal,New,Meta Ads,2025-04-07
C07944,Customer 7944,Other,28,New Delhi,Delhi,Loyal,Instagram,2024-05-25
C07945,Customer 7945,Female,45,Ahmedabad,Gujarat,VIP,Organic Search,2024-08-14
C07946,Customer 7946,Female,49,Bengaluru,Karnataka,One-Time,Google Ads,2024-02-04
C07947,Customer 7947,Male,41,Kochi,Kerala,One-Time,Marketplace,2026-05-26
C07948,Customer 7948,Male,41,Coimbatore,Tamil Nadu,Loyal,Organic Search,2025-12-04
C07949,Customer 7949,Female,27,Mangaluru,Karnataka,Loyal,Affiliate,2024-08-31
C07950,Customer 7950,Male,58,Kochi,Kerala,At-Risk,Marketplace,2025-02-14
C07951,Customer 7951,Male,29,Howrah,West Bengal,At-Risk,Google Ads,2025-05-20
C07952,Customer 7952,Male,22,Vadodara,Gujarat,At-Risk,Instagram,2024-08-07
C07953,Customer 7953,Male,25,Lucknow,Uttar Pradesh,At-Risk,Organic Search,2024-04-25
C07954,Customer 7954,Male,19,Hyderabad,Telangana,At-Risk,Affiliate,2026-05-09
C07955,Customer 7955,Female,65,Noida,Uttar Pradesh,Loyal,Organic Search,2024-11-17
C07956,Customer 7956,Male,35,Howrah,West Bengal,Loyal,Google Ads,2025-11-14
C07957,Customer 7957,Female,56,Madurai,Tamil Nadu,VIP,Organic Search,2025-07-23
C07958,Customer 7958,Female,40,Mangaluru,Karnataka,New,Meta Ads,2024-12-28
C07959,Customer 7959,Female,62,Hyderabad,Telangana,One-Time,Instagram,2025-07-08
C07960,Customer 7960,Male,48,Kozhikode,Kerala,Dormant,Marketplace,2024-09-02
C07961,Customer 7961,Male,29,Nagpur,Maharashtra,Loyal,Google Ads,2024-08-15
C07962,Customer 7962,Male,23,Mysuru,Karnataka,New,Google Ads,2025-10-18
C07963,Customer 7963,Female,26,Jaipur,Rajasthan,One-Time,Instagram,2025-11-30
C07964,Customer 7964,Male,46,Jaipur,Rajasthan,New,Influencer,2025-10-13
C07965,Customer 7965,Male,19,Mumbai,Maharashtra,One-Time,Google Ads,2025-09-21
C07966,Customer 7966,Female,57,Kanpur,Uttar Pradesh,Loyal,Google Ads,2026-03-06
C07967,Customer 7967,Female,31,New Delhi,Delhi,Loyal,Instagram,2024-09-30
C07968,Customer 7968,Male,61,Kanpur,Uttar Pradesh,Loyal,Organic Search,2024-01-12
C07969,Customer 7969,Male,23,Hyderabad,Telangana,New,Google Ads,2024-09-06
C07970,Customer 7970,Female,61,Nizamabad,Telangana,Loyal,Affiliate,2025-07-20
C07971,Customer 7971,Female,59,Howrah,West Bengal,New,Influencer,2025-06-21
C07972,Customer 7972,Male,42,Pune,Maharashtra,One-Time,Email,2024-09-10
C07973,Customer 7973,Male,40,New Delhi,Delhi,Loyal,Google Ads,2025-12-01
C07974,Customer 7974,Female,61,Hyderabad,Telangana,New,Email,2026-05-27
C07975,Customer 7975,Male,57,Lucknow,Uttar Pradesh,Dormant,Meta Ads,2024-04-20
C07976,Customer 7976,Male,43,Kozhikode,Kerala,Loyal,Instagram,2024-01-23
C07977,Customer 7977,Female,33,Kanpur,Uttar Pradesh,New,Organic Search,2025-09-17
C07978,Customer 7978,Female,21,Kozhikode,Kerala,One-Time,Google Ads,2025-03-14
C07979,Customer 7979,Female,62,Thiruvananthapuram,Kerala,New,Google Ads,2025-08-25
C07980,Customer 7980,Male,64,Chennai,Tamil Nadu,New,Google Ads,2025-10-01
C07981,Customer 7981,Male,59,Chennai,Tamil Nadu,Dormant,Google Ads,2024-02-06
C07982,Customer 7982,Male,18,Kozhikode,Kerala,Loyal,Meta Ads,2025-11-07
C07983,Customer 7983,Male,38,Kochi,Kerala,At-Risk,Instagram,2024-06-06
C07984,Customer 7984,Female,31,Kochi,Kerala,Loyal,Affiliate,2025-07-23
C07985,Customer 7985,Female,38,Lucknow,Uttar Pradesh,Dormant,Google Ads,2026-06-05
C07986,Customer 7986,Female,20,Pune,Maharashtra,At-Risk,Meta Ads,2025-02-28
C07987,Customer 7987,Male,43,Kozhikode,Kerala,New,Marketplace,2024-11-10
C07988,Customer 7988,Male,44,Thiruvananthapuram,Kerala,New,Organic Search,2026-03-29
C07989,Customer 7989,Female,29,Howrah,West Bengal,One-Time,Affiliate,2025-01-10
C07990,Customer 7990,Male,45,Noida,Uttar Pradesh,One-Time,Email,2025-06-03
C07991,Customer 7991,Female,44,Vadodara,Gujarat,Loyal,Google Ads,2024-06-29
C07992,Customer 7992,Male,48,Kochi,Kerala,One-Time,Meta Ads,2025-04-14
C07993,Customer 7993,Male,29,Warangal,Telangana,At-Risk,Organic Search,2024-03-07
C07994,Customer 7994,Male,24,Lucknow,Uttar Pradesh,New,Influencer,2026-02-10
C07995,Customer 7995,Other,33,Nizamabad,Telangana,At-Risk,Email,2025-07-02
C07996,Customer 7996,Other,18,Mysuru,Karnataka,One-Time,Email,2025-02-02
C07997,Customer 7997,Male,51,Mumbai,Maharashtra,New,Instagram,2025-11-04
C07998,Customer 7998,Male,30,New Delhi,Delhi,At-Risk,Google Ads,2025-07-01
C07999,Customer 7999,Male,33,Pune,Maharashtra,Loyal,Google Ads,2025-01-12
C08000,Customer 8000,Male,20,Thiruvananthapuram,Kerala,VIP,Marketplace,2024-10-23
C08001,Customer 8001,Female,43,Ahmedabad,Gujarat,At-Risk,Google Ads,2024-03-02
C08002,Customer 8002,Other,19,Thiruvananthapuram,Kerala,New,Meta Ads,2024-07-09
C08003,Customer 8003,Male,40,Mangaluru,Karnataka,One-Time,Organic Search,2024-12-28
C08004,Customer 8004,Male,30,Nizamabad,Telangana,New,Instagram,2025-02-18
C08005,Customer 8005,Female,48,Lucknow,Uttar Pradesh,New,Marketplace,2026-06-13
C08006,Customer 8006,Female,65,Udaipur,Rajasthan,Dormant,Google Ads,2024-10-29
C08007,Customer 8007,Female,45,Vadodara,Gujarat,At-Risk,Influencer,2025-03-08
C08008,Customer 8008,Male,56,Lucknow,Uttar Pradesh,One-Time,Google Ads,2024-02-03
C08009,Customer 8009,Female,27,Lucknow,Uttar Pradesh,VIP,Meta Ads,2024-03-22
C08010,Customer 8010,Male,35,Ahmedabad,Gujarat,Dormant,Email,2025-03-14
C08011,Customer 8011,Female,57,Kozhikode,Kerala,New,Influencer,2024-11-09
C08012,Customer 8012,Male,36,Udaipur,Rajasthan,New,Instagram,2025-08-13
C08013,Customer 8013,Male,62,Kolkata,West Bengal,At-Risk,Meta Ads,2026-01-29
C08014,Customer 8014,Male,62,Madurai,Tamil Nadu,VIP,Instagram,2024-02-16
C08015,Customer 8015,Male,53,Warangal,Telangana,New,Google Ads,2024-05-28
C08016,Customer 8016,Female,49,Mangaluru,Karnataka,Loyal,Influencer,2025-05-25
C08017,Customer 8017,Female,34,Kanpur,Uttar Pradesh,New,Marketplace,2024-03-30
C08018,Customer 8018,Male,58,Udaipur,Rajasthan,Loyal,Organic Search,2024-10-06
C08019,Customer 8019,Male,65,Mysuru,Karnataka,Loyal,Instagram,2025-09-28
C08020,Customer 8020,Female,59,Howrah,West Bengal,One-Time,Organic Search,2024-02-06
C08021,Customer 8021,Female,34,Mumbai,Maharashtra,At-Risk,Email,2025-07-10
C08022,Customer 8022,Male,26,Mangaluru,Karnataka,Loyal,Google Ads,2024-03-28
C08023,Customer 8023,Male,61,Kochi,Kerala,VIP,Instagram,2025-11-14
C08024,Customer 8024,Male,18,Coimbatore,Tamil Nadu,Loyal,Organic Search,2025-10-06
C08025,Customer 8025,Female,56,Mysuru,Karnataka,Loyal,Influencer,2024-02-17
C08026,Customer 8026,Other,30,Delhi,Delhi,One-Time,Meta Ads,2025-04-30
C08027,Customer 8027,Male,54,Madurai,Tamil Nadu,New,Affiliate,2025-02-28
C08028,Customer 8028,Male,46,Udaipur,Rajasthan,VIP,Organic Search,2026-05-10
C08029,Customer 8029,Female,23,Kozhikode,Kerala,Loyal,Marketplace,2024-02-05
C08030,Customer 8030,Female,61,Vadodara,Gujarat,One-Time,Marketplace,2025-09-05
C08031,Customer 8031,Female,62,Surat,Gujarat,Dormant,Google Ads,2025-05-04
C08032,Customer 8032,Female,32,Coimbatore,Tamil Nadu,At-Risk,Instagram,2026-05-16
C08033,Customer 8033,Male,25,Vadodara,Gujarat,New,Affiliate,2025-10-23
C08034,Customer 8034,Male,58,Mysuru,Karnataka,New,Affiliate,2024-09-13
C08035,Customer 8035,Other,39,Warangal,Telangana,Loyal,Google Ads,2024-04-08
C08036,Customer 8036,Male,49,Lucknow,Uttar Pradesh,New,Organic Search,2025-06-08
C08037,Customer 8037,Female,57,Coimbatore,Tamil Nadu,Dormant,Marketplace,2026-02-03
C08038,Customer 8038,Male,49,New Delhi,Delhi,Loyal,Meta Ads,2025-05-17
C08039,Customer 8039,Male,40,Hyderabad,Telangana,New,Meta Ads,2025-06-06
C08040,Customer 8040,Male,52,Kanpur,Uttar Pradesh,Loyal,Instagram,2025-04-16
C08041,Customer 8041,Male,21,Nagpur,Maharashtra,New,Instagram,2024-11-30
C08042,Customer 8042,Female,42,Madurai,Tamil Nadu,Loyal,Organic Search,2026-03-18
C08043,Customer 8043,Male,47,Lucknow,Uttar Pradesh,New,Google Ads,2024-05-30
C08044,Customer 8044,Male,50,New Delhi,Delhi,At-Risk,Affiliate,2025-04-19
C08045,Customer 8045,Male,28,Kochi,Kerala,VIP,Google Ads,2026-02-21
C08046,Customer 8046,Female,56,Nagpur,Maharashtra,Dormant,Affiliate,2024-08-25
C08047,Customer 8047,Female,33,Udaipur,Rajasthan,New,Google Ads,2025-01-15
C08048,Customer 8048,Male,46,Thiruvananthapuram,Kerala,One-Time,Affiliate,2025-09-23
C08049,Customer 8049,Female,51,Ahmedabad,Gujarat,At-Risk,Meta Ads,2024-04-24
C08050,Customer 8050,Male,19,Jodhpur,Rajasthan,One-Time,Organic Search,2024-08-26
C08051,Customer 8051,Female,63,Madurai,Tamil Nadu,One-Time,Google Ads,2025-10-13
C08052,Customer 8052,Female,42,Jodhpur,Rajasthan,Dormant,Email,2024-03-16
C08053,Customer 8053,Female,18,Kochi,Kerala,At-Risk,Meta Ads,2024-12-04
C08054,Customer 8054,Female,46,Jodhpur,Rajasthan,At-Risk,Google Ads,2025-06-13
C08055,Customer 8055,Female,30,Kozhikode,Kerala,One-Time,Organic Search,2026-02-04
C08056,Customer 8056,Male,60,Vadodara,Gujarat,Loyal,Google Ads,2024-05-03
C08057,Customer 8057,Female,25,Surat,Gujarat,Loyal,Marketplace,2025-04-25
C08058,Customer 8058,Female,18,Mangaluru,Karnataka,Loyal,Email,2025-10-04
C08059,Customer 8059,Male,52,Jaipur,Rajasthan,New,Google Ads,2024-12-23
C08060,Customer 8060,Male,20,Kanpur,Uttar Pradesh,At-Risk,Marketplace,2025-01-29
C08061,Customer 8061,Female,27,Kolkata,West Bengal,One-Time,Google Ads,2025-02-17
C08062,Customer 8062,Male,35,Pune,Maharashtra,Loyal,Influencer,2026-02-18
C08063,Customer 8063,Female,59,Surat,Gujarat,At-Risk,Meta Ads,2025-07-07
C08064,Customer 8064,Male,56,Udaipur,Rajasthan,At-Risk,Organic Search,2024-12-30
C08065,Customer 8065,Female,46,Kochi,Kerala,New,Influencer,2024-01-09
C08066,Customer 8066,Female,41,Mumbai,Maharashtra,Loyal,Google Ads,2024-12-22
C08067,Customer 8067,Female,50,Nagpur,Maharashtra,Loyal,Organic Search,2026-01-04
C08068,Customer 8068,Male,32,Coimbatore,Tamil Nadu,One-Time,Google Ads,2025-01-20
C08069,Customer 8069,Female,60,Nagpur,Maharashtra,New,Organic Search,2024-12-20
C08070,Customer 8070,Male,51,Thiruvananthapuram,Kerala,Loyal,Google Ads,2025-10-04
C08071,Customer 8071,Male,46,Coimbatore,Tamil Nadu,At-Risk,Google Ads,2026-05-24
C08072,Customer 8072,Female,42,Vadodara,Gujarat,Dormant,Google Ads,2024-05-19
C08073,Customer 8073,Female,48,Nagpur,Maharashtra,One-Time,Organic Search,2026-04-29
C08074,Customer 8074,Female,45,Madurai,Tamil Nadu,One-Time,Marketplace,2024-11-03
C08075,Customer 8075,Female,50,Kozhikode,Kerala,New,Marketplace,2025-06-11
C08076,Customer 8076,Male,38,New Delhi,Delhi,Dormant,Organic Search,2024-08-29
C08077,Customer 8077,Female,32,Hyderabad,Telangana,At-Risk,Affiliate,2024-01-20
C08078,Customer 8078,Female,52,Mangaluru,Karnataka,Dormant,Influencer,2024-12-15
C08079,Customer 8079,Female,32,Thiruvananthapuram,Kerala,Loyal,Email,2026-03-05
C08080,Customer 8080,Male,18,Kochi,Kerala,New,Meta Ads,2026-03-31
C08081,Customer 8081,Female,21,Mumbai,Maharashtra,Loyal,Organic Search,2024-12-04
C08082,Customer 8082,Female,18,Surat,Gujarat,One-Time,Google Ads,2025-07-22
C08083,Customer 8083,Female,43,Warangal,Telangana,One-Time,Influencer,2025-11-25
C08084,Customer 8084,Male,50,Vadodara,Gujarat,New,Instagram,2025-03-28
C08085,Customer 8085,Male,31,Nagpur,Maharashtra,New,Meta Ads,2025-12-31
C08086,Customer 8086,Female,19,Kanpur,Uttar Pradesh,One-Time,Influencer,2024-04-26
C08087,Customer 8087,Male,48,Thiruvananthapuram,Kerala,Dormant,Google Ads,2026-04-19
C08088,Customer 8088,Male,34,Nagpur,Maharashtra,VIP,Marketplace,2025-06-02
C08089,Customer 8089,Female,56,Delhi,Delhi,At-Risk,Marketplace,2024-05-20
C08090,Customer 8090,Other,35,Nizamabad,Telangana,New,Organic Search,2025-12-19
C08091,Customer 8091,Female,49,Mysuru,Karnataka,VIP,Organic Search,2026-04-16
C08092,Customer 8092,Male,47,Hyderabad,Telangana,One-Time,Google Ads,2024-11-20
C08093,Customer 8093,Male,31,Bengaluru,Karnataka,New,Instagram,2025-02-23
C08094,Customer 8094,Male,55,Kozhikode,Kerala,One-Time,Marketplace,2026-03-23
C08095,Customer 8095,Male,57,Nizamabad,Telangana,New,Google Ads,2025-04-30
C08096,Customer 8096,Female,57,Kanpur,Uttar Pradesh,At-Risk,Meta Ads,2024-11-12
C08097,Customer 8097,Female,33,Nizamabad,Telangana,At-Risk,Meta Ads,2025-07-31
C08098,Customer 8098,Female,31,New Delhi,Delhi,One-Time,Organic Search,2024-05-24
C08099,Customer 8099,Male,31,New Delhi,Delhi,Loyal,Organic Search,2024-11-02
C08100,Customer 8100,Female,25,Kochi,Kerala,One-Time,Google Ads,2026-01-14
C08101,Customer 8101,Female,60,Nagpur,Maharashtra,New,Meta Ads,2024-03-25
C08102,Customer 8102,Female,65,Mumbai,Maharashtra,Loyal,Affiliate,2025-05-24
C08103,Customer 8103,Female,57,Jodhpur,Rajasthan,At-Risk,Meta Ads,2025-09-05
C08104,Customer 8104,Female,20,Udaipur,Rajasthan,At-Risk,Meta Ads,2025-04-10
C08105,Customer 8105,Male,63,Jodhpur,Rajasthan,New,Google Ads,2024-12-16
C08106,Customer 8106,Female,57,Nizamabad,Telangana,Loyal,Organic Search,2026-04-13
C08107,Customer 8107,Female,21,Mysuru,Karnataka,New,Google Ads,2025-12-28
C08108,Customer 8108,Female,18,Kanpur,Uttar Pradesh,New,Meta Ads,2026-01-12
C08109,Customer 8109,Male,30,Ahmedabad,Gujarat,New,Email,2024-03-28
C08110,Customer 8110,Male,41,Surat,Gujarat,New,Google Ads,2026-06-12
C08111,Customer 8111,Female,34,Bengaluru,Karnataka,One-Time,Marketplace,2025-03-30
C08112,Customer 8112,Female,48,Bengaluru,Karnataka,One-Time,Influencer,2025-09-14
C08113,Customer 8113,Female,51,Kozhikode,Kerala,VIP,Organic Search,2024-12-05
C08114,Customer 8114,Female,40,Jodhpur,Rajasthan,One-Time,Instagram,2025-06-05
C08115,Customer 8115,Male,36,Pune,Maharashtra,New,Google Ads,2025-10-01
C08116,Customer 8116,Male,45,Thiruvananthapuram,Kerala,Dormant,Email,2025-04-29
C08117,Customer 8117,Female,22,Ahmedabad,Gujarat,At-Risk,Meta Ads,2025-05-28
C08118,Customer 8118,Male,19,Bengaluru,Karnataka,New,Organic Search,2024-11-16
C08119,Customer 8119,Female,56,Madurai,Tamil Nadu,One-Time,Google Ads,2026-06-11
C08120,Customer 8120,Female,25,Jaipur,Rajasthan,New,Organic Search,2024-06-11
C08121,Customer 8121,Male,65,Coimbatore,Tamil Nadu,Dormant,Meta Ads,2024-12-02
C08122,Customer 8122,Male,44,Ahmedabad,Gujarat,One-Time,Email,2026-01-12
C08123,Customer 8123,Female,43,Udaipur,Rajasthan,New,Google Ads,2025-03-03
C08124,Customer 8124,Female,57,Mumbai,Maharashtra,VIP,Meta Ads,2024-01-06
C08125,Customer 8125,Female,27,Thiruvananthapuram,Kerala,VIP,Instagram,2024-04-01
C08126,Customer 8126,Female,44,Madurai,Tamil Nadu,New,Instagram,2026-03-10
C08127,Customer 8127,Female,40,Coimbatore,Tamil Nadu,One-Time,Marketplace,2026-06-11
C08128,Customer 8128,Male,41,Jodhpur,Rajasthan,One-Time,Meta Ads,2024-08-24
C08129,Customer 8129,Female,62,Surat,Gujarat,One-Time,Google Ads,2024-07-08
C08130,Customer 8130,Male,65,Coimbatore,Tamil Nadu,One-Time,Email,2024-08-03
C08131,Customer 8131,Male,37,Kolkata,West Bengal,At-Risk,Meta Ads,2026-04-03
C08132,Customer 8132,Female,36,Thiruvananthapuram,Kerala,VIP,Influencer,2024-01-07
C08133,Customer 8133,Male,30,Noida,Uttar Pradesh,VIP,Meta Ads,2024-03-28
C08134,Customer 8134,Female,36,Kanpur,Uttar Pradesh,VIP,Influencer,2024-11-19
C08135,Customer 8135,Male,38,Mysuru,Karnataka,Loyal,Organic Search,2026-05-30
C08136,Customer 8136,Male,21,Madurai,Tamil Nadu,One-Time,Meta Ads,2024-03-20
C08137,Customer 8137,Male,29,Ahmedabad,Gujarat,VIP,Instagram,2024-10-26
C08138,Customer 8138,Female,55,Warangal,Telangana,New,Email,2024-06-15
C08139,Customer 8139,Male,52,Noida,Uttar Pradesh,New,Email,2024-10-22
C08140,Customer 8140,Male,21,Mangaluru,Karnataka,New,Instagram,2025-09-11
C08141,Customer 8141,Male,60,Mysuru,Karnataka,VIP,Organic Search,2024-06-28
C08142,Customer 8142,Male,24,Mangaluru,Karnataka,Loyal,Organic Search,2025-01-08
C08143,Customer 8143,Male,25,Bengaluru,Karnataka,Loyal,Email,2024-05-25
C08144,Customer 8144,Female,20,Mangaluru,Karnataka,Loyal,Organic Search,2024-01-10
C08145,Customer 8145,Female,25,Vadodara,Gujarat,At-Risk,Influencer,2025-03-25
C08146,Customer 8146,Male,27,Surat,Gujarat,New,Email,2024-10-12
C08147,Customer 8147,Female,60,Bengaluru,Karnataka,One-Time,Instagram,2025-10-31
C08148,Customer 8148,Male,39,Pune,Maharashtra,At-Risk,Meta Ads,2024-01-06
C08149,Customer 8149,Male,27,Kanpur,Uttar Pradesh,Loyal,Google Ads,2024-02-14
C08150,Customer 8150,Male,20,Warangal,Telangana,Loyal,Meta Ads,2026-04-03
C08151,Customer 8151,Male,29,New Delhi,Delhi,New,Instagram,2025-01-24
C08152,Customer 8152,Female,37,New Delhi,Delhi,Dormant,Affiliate,2026-02-13
C08153,Customer 8153,Male,39,Vadodara,Gujarat,One-Time,Meta Ads,2024-04-05
C08154,Customer 8154,Male,41,Lucknow,Uttar Pradesh,At-Risk,Organic Search,2024-11-13
C08155,Customer 8155,Female,27,Howrah,West Bengal,At-Risk,Google Ads,2025-09-18
C08156,Customer 8156,Male,23,Thiruvananthapuram,Kerala,At-Risk,Google Ads,2024-08-04
C08157,Customer 8157,Male,41,Kanpur,Uttar Pradesh,New,Meta Ads,2024-07-18
C08158,Customer 8158,Female,20,Pune,Maharashtra,Loyal,Email,2024-04-06
C08159,Customer 8159,Female,60,Mysuru,Karnataka,One-Time,Meta Ads,2024-11-09
C08160,Customer 8160,Female,33,Mysuru,Karnataka,One-Time,Google Ads,2025-09-26
C08161,Customer 8161,Male,49,Coimbatore,Tamil Nadu,One-Time,Organic Search,2024-09-20
C08162,Customer 8162,Female,49,Surat,Gujarat,One-Time,Instagram,2024-04-18
C08163,Customer 8163,Female,19,Mumbai,Maharashtra,One-Time,Instagram,2025-07-16
C08164,Customer 8164,Male,47,Mumbai,Maharashtra,Loyal,Meta Ads,2025-08-25
C08165,Customer 8165,Female,48,Madurai,Tamil Nadu,One-Time,Instagram,2025-01-02
C08166,Customer 8166,Female,24,Kolkata,West Bengal,One-Time,Meta Ads,2024-08-20
C08167,Customer 8167,Female,45,Howrah,West Bengal,One-Time,Meta Ads,2025-10-20
C08168,Customer 8168,Female,22,Thiruvananthapuram,Kerala,VIP,Email,2025-10-18
C08169,Customer 8169,Female,40,Nagpur,Maharashtra,New,Email,2025-06-23
C08170,Customer 8170,Male,26,Madurai,Tamil Nadu,VIP,Marketplace,2024-12-19
C08171,Customer 8171,Female,33,Thiruvananthapuram,Kerala,One-Time,Influencer,2025-03-30
C08172,Customer 8172,Female,59,Jaipur,Rajasthan,Loyal,Google Ads,2024-05-03
C08173,Customer 8173,Female,61,Vadodara,Gujarat,At-Risk,Meta Ads,2024-01-03
C08174,Customer 8174,Female,62,Ahmedabad,Gujarat,Loyal,Marketplace,2024-09-06
C08175,Customer 8175,Female,64,Hyderabad,Telangana,Loyal,Meta Ads,2025-04-12
C08176,Customer 8176,Female,43,Kochi,Kerala,Dormant,Email,2025-09-13
C08177,Customer 8177,Female,59,Kolkata,West Bengal,New,Organic Search,2024-08-01
C08178,Customer 8178,Male,61,Surat,Gujarat,One-Time,Email,2025-09-08
C08179,Customer 8179,Male,31,Ahmedabad,Gujarat,Dormant,Google Ads,2024-10-03
C08180,Customer 8180,Female,24,Chennai,Tamil Nadu,At-Risk,Meta Ads,2025-06-21
C08181,Customer 8181,Male,37,Bengaluru,Karnataka,Loyal,Google Ads,2024-04-08
C08182,Customer 8182,Female,49,Jodhpur,Rajasthan,New,Google Ads,2024-10-17
C08183,Customer 8183,Female,23,New Delhi,Delhi,One-Time,Google Ads,2024-06-22
C08184,Customer 8184,Female,49,Warangal,Telangana,At-Risk,Organic Search,2025-07-25
C08185,Customer 8185,Female,33,Coimbatore,Tamil Nadu,VIP,Instagram,2025-09-30
C08186,Customer 8186,Male,39,Kozhikode,Kerala,One-Time,Google Ads,2024-02-07
C08187,Customer 8187,Female,36,Madurai,Tamil Nadu,New,Google Ads,2024-12-23
C08188,Customer 8188,Male,53,Coimbatore,Tamil Nadu,At-Risk,Marketplace,2025-06-27
C08189,Customer 8189,Male,33,Howrah,West Bengal,Loyal,Google Ads,2025-10-27
C08190,Customer 8190,Male,40,Lucknow,Uttar Pradesh,Dormant,Meta Ads,2025-12-04
C08191,Customer 8191,Female,48,Howrah,West Bengal,One-Time,Organic Search,2025-11-24
C08192,Customer 8192,Female,59,Noida,Uttar Pradesh,One-Time,Meta Ads,2024-05-04
C08193,Customer 8193,Male,39,Mumbai,Maharashtra,One-Time,Meta Ads,2025-07-24
C08194,Customer 8194,Female,24,Kozhikode,Kerala,Loyal,Google Ads,2026-01-04
C08195,Customer 8195,Male,44,Kochi,Kerala,One-Time,Marketplace,2025-05-16
C08196,Customer 8196,Female,18,New Delhi,Delhi,New,Organic Search,2026-03-25
C08197,Customer 8197,Male,49,Howrah,West Bengal,One-Time,Email,2026-01-07
C08198,Customer 8198,Male,36,Nagpur,Maharashtra,New,Marketplace,2026-05-13
C08199,Customer 8199,Female,49,Coimbatore,Tamil Nadu,At-Risk,Organic Search,2026-05-03
C08200,Customer 8200,Male,24,Pune,Maharashtra,New,Meta Ads,2024-01-28
C08201,Customer 8201,Male,41,Nizamabad,Telangana,Loyal,Email,2024-12-23
C08202,Customer 8202,Female,26,Kochi,Kerala,Loyal,Email,2026-03-17
C08203,Customer 8203,Female,44,Mysuru,Karnataka,New,Instagram,2024-03-13
C08204,Customer 8204,Male,20,Ahmedabad,Gujarat,Loyal,Organic Search,2024-02-27
C08205,Customer 8205,Male,43,Mysuru,Karnataka,At-Risk,Google Ads,2024-09-10
C08206,Customer 8206,Male,38,Madurai,Tamil Nadu,Loyal,Google Ads,2024-12-07
C08207,Customer 8207,Male,24,Coimbatore,Tamil Nadu,Loyal,Instagram,2025-07-12
C08208,Customer 8208,Female,53,Mangaluru,Karnataka,At-Risk,Google Ads,2025-05-08
C08209,Customer 8209,Female,58,Howrah,West Bengal,Dormant,Marketplace,2025-10-22
C08210,Customer 8210,Male,44,Kozhikode,Kerala,At-Risk,Email,2024-07-18
C08211,Customer 8211,Male,42,Chennai,Tamil Nadu,One-Time,Google Ads,2025-03-09
C08212,Customer 8212,Male,35,Kochi,Kerala,Loyal,Organic Search,2024-11-06
C08213,Customer 8213,Male,31,Kolkata,West Bengal,Loyal,Affiliate,2026-03-22
C08214,Customer 8214,Male,18,Vadodara,Gujarat,One-Time,Instagram,2026-03-28
C08215,Customer 8215,Male,41,Pune,Maharashtra,Loyal,Email,2026-01-11
C08216,Customer 8216,Male,42,Hyderabad,Telangana,At-Risk,Organic Search,2024-06-06
C08217,Customer 8217,Male,19,Lucknow,Uttar Pradesh,One-Time,Meta Ads,2024-03-24
C08218,Customer 8218,Male,33,Surat,Gujarat,At-Risk,Organic Search,2025-04-29
C08219,Customer 8219,Male,44,Chennai,Tamil Nadu,Dormant,Organic Search,2025-09-28
C08220,Customer 8220,Male,29,Kanpur,Uttar Pradesh,One-Time,Affiliate,2026-01-14
C08221,Customer 8221,Female,46,Mangaluru,Karnataka,New,Marketplace,2025-12-17
C08222,Customer 8222,Male,39,Kanpur,Uttar Pradesh,Dormant,Marketplace,2024-08-04
C08223,Customer 8223,Male,62,Bengaluru,Karnataka,New,Google Ads,2024-11-05
C08224,Customer 8224,Female,26,Thiruvananthapuram,Kerala,At-Risk,Affiliate,2026-04-21
C08225,Customer 8225,Female,19,Mysuru,Karnataka,New,Organic Search,2025-09-29
C08226,Customer 8226,Female,33,Pune,Maharashtra,New,Instagram,2026-06-01
C08227,Customer 8227,Male,56,Jodhpur,Rajasthan,One-Time,Marketplace,2024-07-15
C08228,Customer 8228,Female,62,Mumbai,Maharashtra,One-Time,Influencer,2024-08-27
C08229,Customer 8229,Female,48,Kochi,Kerala,Dormant,Affiliate,2025-08-13
C08230,Customer 8230,Female,47,Kolkata,West Bengal,New,Google Ads,2025-03-01
C08231,Customer 8231,Female,52,Mumbai,Maharashtra,New,Google Ads,2026-05-30
C08232,Customer 8232,Male,65,Mumbai,Maharashtra,VIP,Marketplace,2024-01-11
C08233,Customer 8233,Male,63,Thiruvananthapuram,Kerala,Dormant,Marketplace,2025-07-14
C08234,Customer 8234,Female,48,Vadodara,Gujarat,One-Time,Meta Ads,2026-05-14
C08235,Customer 8235,Other,34,Thiruvananthapuram,Kerala,At-Risk,Meta Ads,2025-04-24
C08236,Customer 8236,Female,22,Mumbai,Maharashtra,New,Organic Search,2024-05-03
C08237,Customer 8237,Male,25,Kozhikode,Kerala,At-Risk,Google Ads,2024-02-25
C08238,Customer 8238,Male,49,Delhi,Delhi,VIP,Organic Search,2025-01-20
C08239,Customer 8239,Male,21,Kolkata,West Bengal,At-Risk,Marketplace,2025-11-16
C08240,Customer 8240,Male,59,Chennai,Tamil Nadu,Loyal,Meta Ads,2025-08-28
C08241,Customer 8241,Male,40,Nizamabad,Telangana,Dormant,Organic Search,2024-04-03
C08242,Customer 8242,Female,61,Thiruvananthapuram,Kerala,One-Time,Email,2025-08-08
C08243,Customer 8243,Female,59,Kochi,Kerala,VIP,Meta Ads,2026-03-29
C08244,Customer 8244,Female,44,Chennai,Tamil Nadu,VIP,Instagram,2025-08-10
C08245,Customer 8245,Female,38,Kochi,Kerala,One-Time,Email,2024-08-20
C08246,Customer 8246,Female,23,Pune,Maharashtra,Dormant,Affiliate,2024-01-16
C08247,Customer 8247,Male,64,Pune,Maharashtra,At-Risk,Email,2025-05-22
C08248,Customer 8248,Female,48,Warangal,Telangana,At-Risk,Marketplace,2025-10-22
C08249,Customer 8249,Female,37,Chennai,Tamil Nadu,One-Time,Google Ads,2026-02-24
C08250,Customer 8250,Female,24,Warangal,Telangana,At-Risk,Marketplace,2025-11-02
C08251,Customer 8251,Female,59,Coimbatore,Tamil Nadu,One-Time,Email,2025-02-23
C08252,Customer 8252,Male,20,Nagpur,Maharashtra,Dormant,Instagram,2025-05-05
C08253,Customer 8253,Male,50,Udaipur,Rajasthan,New,Google Ads,2024-06-25
C08254,Customer 8254,Male,28,Lucknow,Uttar Pradesh,Loyal,Meta Ads,2025-10-20
C08255,Customer 8255,Male,48,Kolkata,West Bengal,New,Instagram,2025-08-16
C08256,Customer 8256,Male,22,Pune,Maharashtra,VIP,Marketplace,2024-01-01
C08257,Customer 8257,Female,56,Noida,Uttar Pradesh,One-Time,Organic Search,2024-10-02
C08258,Customer 8258,Female,39,Mangaluru,Karnataka,At-Risk,Google Ads,2024-05-29
C08259,Customer 8259,Female,38,Jodhpur,Rajasthan,At-Risk,Meta Ads,2026-05-26
C08260,Customer 8260,Female,63,Ahmedabad,Gujarat,One-Time,Email,2024-03-07
C08261,Customer 8261,Male,26,Coimbatore,Tamil Nadu,At-Risk,Influencer,2025-04-11
C08262,Customer 8262,Male,49,Nizamabad,Telangana,VIP,Affiliate,2024-10-08
C08263,Customer 8263,Female,45,Lucknow,Uttar Pradesh,One-Time,Meta Ads,2026-04-13
C08264,Customer 8264,Female,51,Kozhikode,Kerala,One-Time,Google Ads,2024-07-02
C08265,Customer 8265,Male,49,Kolkata,West Bengal,New,Google Ads,2026-05-02
C08266,Customer 8266,Male,56,Kozhikode,Kerala,New,Email,2024-06-16
C08267,Customer 8267,Male,34,Thiruvananthapuram,Kerala,Loyal,Google Ads,2024-02-06
C08268,Customer 8268,Male,29,Pune,Maharashtra,Loyal,Meta Ads,2025-01-12
C08269,Customer 8269,Male,50,Jaipur,Rajasthan,Loyal,Affiliate,2025-03-23
C08270,Customer 8270,Female,45,Mangaluru,Karnataka,Dormant,Instagram,2025-07-15
C08271,Customer 8271,Female,61,Delhi,Delhi,New,Marketplace,2025-04-16
C08272,Customer 8272,Female,52,Pune,Maharashtra,At-Risk,Organic Search,2025-05-04
C08273,Customer 8273,Male,29,Thiruvananthapuram,Kerala,At-Risk,Meta Ads,2024-10-03
C08274,Customer 8274,Male,32,Jodhpur,Rajasthan,VIP,Google Ads,2026-01-23
C08275,Customer 8275,Male,51,Mysuru,Karnataka,Loyal,Email,2025-05-07
C08276,Customer 8276,Female,36,Madurai,Tamil Nadu,New,Organic Search,2024-12-20
C08277,Customer 8277,Female,62,Chennai,Tamil Nadu,At-Risk,Email,2024-03-11
C08278,Customer 8278,Female,51,Jaipur,Rajasthan,VIP,Marketplace,2025-01-01
C08279,Customer 8279,Male,35,Kozhikode,Kerala,At-Risk,Affiliate,2025-01-31
C08280,Customer 8280,Male,56,Mangaluru,Karnataka,New,Email,2024-01-10
C08281,Customer 8281,Male,51,New Delhi,Delhi,Loyal,Google Ads,2025-12-27
C08282,Customer 8282,Male,35,Surat,Gujarat,One-Time,Meta Ads,2025-11-15
C08283,Customer 8283,Male,38,Chennai,Tamil Nadu,Loyal,Email,2024-07-31
C08284,Customer 8284,Male,48,New Delhi,Delhi,VIP,Meta Ads,2025-06-26
C08285,Customer 8285,Male,29,Nizamabad,Telangana,New,Influencer,2024-05-02
C08286,Customer 8286,Male,49,Pune,Maharashtra,New,Instagram,2024-04-23
C08287,Customer 8287,Female,33,Chennai,Tamil Nadu,New,Meta Ads,2025-08-27
C08288,Customer 8288,Female,62,Kozhikode,Kerala,New,Affiliate,2024-06-21
C08289,Customer 8289,Female,45,Mysuru,Karnataka,New,Organic Search,2026-04-09
C08290,Customer 8290,Female,55,Mysuru,Karnataka,New,Meta Ads,2024-06-03
C08291,Customer 8291,Male,44,Udaipur,Rajasthan,One-Time,Email,2025-08-08
C08292,Customer 8292,Male,27,Kozhikode,Kerala,Loyal,Organic Search,2025-01-01
C08293,Customer 8293,Female,50,New Delhi,Delhi,At-Risk,Instagram,2024-03-08
C08294,Customer 8294,Female,48,Warangal,Telangana,One-Time,Meta Ads,2024-02-04
C08295,Customer 8295,Female,25,Kolkata,West Bengal,New,Organic Search,2024-05-05
C08296,Customer 8296,Male,63,Madurai,Tamil Nadu,VIP,Organic Search,2025-12-01
C08297,Customer 8297,Female,22,Howrah,West Bengal,One-Time,Google Ads,2026-06-11
C08298,Customer 8298,Female,36,Mysuru,Karnataka,One-Time,Meta Ads,2024-10-13
C08299,Customer 8299,Male,23,Hyderabad,Telangana,Loyal,Organic Search,2024-08-29
C08300,Customer 8300,Male,54,Mangaluru,Karnataka,Dormant,Meta Ads,2026-04-06
C08301,Customer 8301,Female,38,Jodhpur,Rajasthan,One-Time,Marketplace,2025-01-02
C08302,Customer 8302,Male,43,Chennai,Tamil Nadu,Dormant,Google Ads,2024-09-01
C08303,Customer 8303,Female,61,Pune,Maharashtra,One-Time,Organic Search,2025-05-13
C08304,Customer 8304,Male,39,New Delhi,Delhi,New,Marketplace,2024-11-25
C08305,Customer 8305,Male,41,Jaipur,Rajasthan,New,Meta Ads,2024-09-27
C08306,Customer 8306,Female,45,Nagpur,Maharashtra,At-Risk,Organic Search,2026-04-08
C08307,Customer 8307,Female,62,Udaipur,Rajasthan,Loyal,Google Ads,2025-10-19
C08308,Customer 8308,Female,38,Kolkata,West Bengal,Loyal,Organic Search,2024-05-31
C08309,Customer 8309,Female,29,Madurai,Tamil Nadu,Dormant,Marketplace,2025-06-16
C08310,Customer 8310,Female,33,Thiruvananthapuram,Kerala,Loyal,Marketplace,2026-01-31
C08311,Customer 8311,Female,44,Kozhikode,Kerala,New,Instagram,2025-03-14
C08312,Customer 8312,Female,54,Mangaluru,Karnataka,VIP,Affiliate,2024-05-16
C08313,Customer 8313,Male,59,Warangal,Telangana,New,Affiliate,2025-03-13
C08314,Customer 8314,Male,43,Mangaluru,Karnataka,Loyal,Meta Ads,2025-03-21
C08315,Customer 8315,Male,40,Nagpur,Maharashtra,At-Risk,Affiliate,2024-06-30
C08316,Customer 8316,Female,62,Vadodara,Gujarat,Loyal,Google Ads,2026-02-25
C08317,Customer 8317,Female,50,Thiruvananthapuram,Kerala,One-Time,Marketplace,2024-02-04
C08318,Customer 8318,Female,18,Kanpur,Uttar Pradesh,Loyal,Influencer,2024-05-23
C08319,Customer 8319,Female,49,Mangaluru,Karnataka,New,Email,2024-04-06
C08320,Customer 8320,Female,54,Madurai,Tamil Nadu,One-Time,Instagram,2024-02-03
C08321,Customer 8321,Female,55,Hyderabad,Telangana,Loyal,Marketplace,2024-09-16
C08322,Customer 8322,Male,25,Surat,Gujarat,One-Time,Google Ads,2024-08-03
C08323,Customer 8323,Female,42,Warangal,Telangana,New,Email,2026-01-01
C08324,Customer 8324,Female,54,Thiruvananthapuram,Kerala,Loyal,Email,2024-08-23
C08325,Customer 8325,Male,62,Noida,Uttar Pradesh,One-Time,Instagram,2024-08-08
C08326,Customer 8326,Female,59,Nagpur,Maharashtra,One-Time,Google Ads,2025-01-01
C08327,Customer 8327,Male,55,Jodhpur,Rajasthan,Dormant,Meta Ads,2024-03-21
C08328,Customer 8328,Male,55,Vadodara,Gujarat,New,Marketplace,2025-10-31
C08329,Customer 8329,Female,34,Kanpur,Uttar Pradesh,New,Affiliate,2026-01-03
C08330,Customer 8330,Female,46,New Delhi,Delhi,At-Risk,Influencer,2024-02-13
C08331,Customer 8331,Other,19,Pune,Maharashtra,New,Email,2025-07-26
C08332,Customer 8332,Male,23,Kolkata,West Bengal,Dormant,Organic Search,2025-05-29
C08333,Customer 8333,Male,30,Nizamabad,Telangana,Loyal,Email,2026-05-28
C08334,Customer 8334,Female,64,Surat,Gujarat,Loyal,Organic Search,2025-10-14
C08335,Customer 8335,Male,29,Pune,Maharashtra,One-Time,Influencer,2026-03-26
C08336,Customer 8336,Female,33,Howrah,West Bengal,One-Time,Meta Ads,2025-12-27
C08337,Customer 8337,Female,56,Lucknow,Uttar Pradesh,At-Risk,Marketplace,2025-07-03
C08338,Customer 8338,Female,19,Warangal,Telangana,New,Marketplace,2026-05-19
C08339,Customer 8339,Male,26,Madurai,Tamil Nadu,At-Risk,Instagram,2025-07-05
C08340,Customer 8340,Male,18,Udaipur,Rajasthan,At-Risk,Marketplace,2026-01-12
C08341,Customer 8341,Male,46,Mumbai,Maharashtra,VIP,Marketplace,2025-02-05
C08342,Customer 8342,Female,53,Vadodara,Gujarat,New,Google Ads,2024-04-02
C08343,Customer 8343,Other,62,Kolkata,West Bengal,VIP,Google Ads,2025-08-18
C08344,Customer 8344,Female,57,Chennai,Tamil Nadu,VIP,Organic Search,2024-06-07
C08345,Customer 8345,Male,52,Kanpur,Uttar Pradesh,New,Affiliate,2025-04-02
C08346,Customer 8346,Male,56,Delhi,Delhi,At-Risk,Meta Ads,2025-10-10
C08347,Customer 8347,Female,62,Howrah,West Bengal,New,Email,2026-02-25
C08348,Customer 8348,Male,44,Pune,Maharashtra,Dormant,Email,2024-07-09
C08349,Customer 8349,Male,24,Nizamabad,Telangana,New,Instagram,2026-03-17
C08350,Customer 8350,Female,48,Hyderabad,Telangana,New,Google Ads,2024-08-10
C08351,Customer 8351,Female,32,Kochi,Kerala,VIP,Meta Ads,2025-12-07
C08352,Customer 8352,Male,61,Noida,Uttar Pradesh,New,Affiliate,2026-02-03
C08353,Customer 8353,Other,43,Kanpur,Uttar Pradesh,New,Google Ads,2025-08-13
C08354,Customer 8354,Male,49,Pune,Maharashtra,New,Organic Search,2025-02-19
C08355,Customer 8355,Female,42,Delhi,Delhi,At-Risk,Organic Search,2025-06-11
C08356,Customer 8356,Female,34,Kanpur,Uttar Pradesh,New,Marketplace,2024-12-23
C08357,Customer 8357,Female,61,Howrah,West Bengal,Loyal,Marketplace,2024-04-06
C08358,Customer 8358,Male,63,Pune,Maharashtra,Loyal,Marketplace,2025-02-26
C08359,Customer 8359,Female,61,Thiruvananthapuram,Kerala,Loyal,Email,2024-01-19
C08360,Customer 8360,Female,64,Mumbai,Maharashtra,One-Time,Google Ads,2024-08-19
C08361,Customer 8361,Male,18,Mumbai,Maharashtra,One-Time,Meta Ads,2026-06-10
C08362,Customer 8362,Male,48,Thiruvananthapuram,Kerala,Dormant,Email,2024-03-19
C08363,Customer 8363,Female,38,Delhi,Delhi,At-Risk,Google Ads,2024-02-20
C08364,Customer 8364,Female,45,Madurai,Tamil Nadu,Dormant,Google Ads,2026-05-29
C08365,Customer 8365,Male,39,Surat,Gujarat,VIP,Meta Ads,2025-10-14
C08366,Customer 8366,Female,62,Thiruvananthapuram,Kerala,At-Risk,Instagram,2024-09-19
C08367,Customer 8367,Female,57,Nagpur,Maharashtra,Dormant,Organic Search,2024-04-10
C08368,Customer 8368,Female,55,Jaipur,Rajasthan,Loyal,Marketplace,2025-04-05
C08369,Customer 8369,Female,49,Bengaluru,Karnataka,Dormant,Instagram,2026-04-29
C08370,Customer 8370,Male,23,Nagpur,Maharashtra,New,Google Ads,2024-02-22
C08371,Customer 8371,Female,26,Coimbatore,Tamil Nadu,New,Email,2026-06-17
C08372,Customer 8372,Male,63,Ahmedabad,Gujarat,Loyal,Meta Ads,2024-05-14
C08373,Customer 8373,Female,20,Mumbai,Maharashtra,Loyal,Marketplace,2026-05-26
C08374,Customer 8374,Male,52,Chennai,Tamil Nadu,Loyal,Instagram,2024-04-01
C08375,Customer 8375,Male,46,Kolkata,West Bengal,Loyal,Meta Ads,2024-08-25
C08376,Customer 8376,Male,53,Surat,Gujarat,Loyal,Organic Search,2024-02-16
C08377,Customer 8377,Female,65,Udaipur,Rajasthan,At-Risk,Email,2025-02-03
C08378,Customer 8378,Male,37,Kanpur,Uttar Pradesh,One-Time,Email,2025-08-08
C08379,Customer 8379,Male,46,Madurai,Tamil Nadu,One-Time,Google Ads,2024-05-04
C08380,Customer 8380,Female,18,Madurai,Tamil Nadu,VIP,Instagram,2024-01-16
C08381,Customer 8381,Female,34,New Delhi,Delhi,Loyal,Google Ads,2024-04-29
C08382,Customer 8382,Female,31,Ahmedabad,Gujarat,At-Risk,Organic Search,2025-02-15
C08383,Customer 8383,Male,57,Hyderabad,Telangana,One-Time,Meta Ads,2025-04-07
C08384,Customer 8384,Female,33,Mangaluru,Karnataka,New,Google Ads,2025-08-21
C08385,Customer 8385,Female,32,Pune,Maharashtra,Dormant,Organic Search,2026-04-30
C08386,Customer 8386,Other,39,Madurai,Tamil Nadu,New,Organic Search,2024-11-22
C08387,Customer 8387,Female,45,Thiruvananthapuram,Kerala,VIP,Meta Ads,2025-06-11
C08388,Customer 8388,Female,51,Vadodara,Gujarat,One-Time,Marketplace,2024-05-15
C08389,Customer 8389,Male,64,Coimbatore,Tamil Nadu,One-Time,Organic Search,2024-11-03
C08390,Customer 8390,Female,39,Vadodara,Gujarat,At-Risk,Marketplace,2024-07-20
C08391,Customer 8391,Female,47,Kolkata,West Bengal,One-Time,Meta Ads,2024-06-18
C08392,Customer 8392,Female,35,Madurai,Tamil Nadu,New,Email,2024-05-18
C08393,Customer 8393,Male,46,Coimbatore,Tamil Nadu,VIP,Instagram,2024-02-09
C08394,Customer 8394,Male,29,Jaipur,Rajasthan,New,Instagram,2024-09-22
C08395,Customer 8395,Female,29,Hyderabad,Telangana,One-Time,Google Ads,2024-02-18
C08396,Customer 8396,Male,54,Ahmedabad,Gujarat,Loyal,Meta Ads,2024-11-16
C08397,Customer 8397,Male,50,Ahmedabad,Gujarat,Loyal,Influencer,2024-02-25
C08398,Customer 8398,Female,55,Udaipur,Rajasthan,Loyal,Influencer,2024-12-22
C08399,Customer 8399,Male,52,Kochi,Kerala,One-Time,Google Ads,2025-12-30
C08400,Customer 8400,Male,35,Noida,Uttar Pradesh,One-Time,Google Ads,2024-07-19
C08401,Customer 8401,Female,55,Delhi,Delhi,One-Time,Google Ads,2024-03-15
C08402,Customer 8402,Male,28,Pune,Maharashtra,At-Risk,Organic Search,2024-07-29
C08403,Customer 8403,Male,18,Surat,Gujarat,New,Meta Ads,2025-01-18
C08404,Customer 8404,Male,28,Kanpur,Uttar Pradesh,Dormant,Affiliate,2025-07-29
C08405,Customer 8405,Male,50,Kozhikode,Kerala,One-Time,Google Ads,2025-07-17
C08406,Customer 8406,Female,49,Kanpur,Uttar Pradesh,One-Time,Organic Search,2024-01-21
C08407,Customer 8407,Male,53,Pune,Maharashtra,VIP,Marketplace,2026-04-14
C08408,Customer 8408,Female,55,Udaipur,Rajasthan,One-Time,Google Ads,2025-02-01
C08409,Customer 8409,Male,28,Lucknow,Uttar Pradesh,Loyal,Influencer,2024-10-11
C08410,Customer 8410,Male,55,Howrah,West Bengal,Dormant,Marketplace,2026-04-16
C08411,Customer 8411,Female,40,Kolkata,West Bengal,At-Risk,Email,2024-06-15
C08412,Customer 8412,Male,59,New Delhi,Delhi,Loyal,Meta Ads,2025-11-16
C08413,Customer 8413,Male,19,Howrah,West Bengal,VIP,Organic Search,2026-06-05
C08414,Customer 8414,Male,54,Mangaluru,Karnataka,One-Time,Meta Ads,2024-10-26
C08415,Customer 8415,Female,51,Hyderabad,Telangana,At-Risk,Marketplace,2025-01-24
C08416,Customer 8416,Male,41,Kanpur,Uttar Pradesh,New,Email,2025-05-08
C08417,Customer 8417,Female,59,Kochi,Kerala,New,Affiliate,2026-01-16
C08418,Customer 8418,Female,30,Lucknow,Uttar Pradesh,Loyal,Organic Search,2026-06-02
C08419,Customer 8419,Female,35,Mangaluru,Karnataka,New,Meta Ads,2025-05-22
C08420,Customer 8420,Female,35,Hyderabad,Telangana,VIP,Email,2025-10-06
C08421,Customer 8421,Male,41,Bengaluru,Karnataka,New,Influencer,2026-02-10
C08422,Customer 8422,Female,31,Kanpur,Uttar Pradesh,New,Instagram,2025-06-14
C08423,Customer 8423,Female,50,Howrah,West Bengal,Loyal,Meta Ads,2025-12-07
C08424,Customer 8424,Female,22,Thiruvananthapuram,Kerala,Loyal,Marketplace,2025-05-18
C08425,Customer 8425,Male,19,Mangaluru,Karnataka,Dormant,Meta Ads,2025-05-08
C08426,Customer 8426,Female,24,Ahmedabad,Gujarat,New,Influencer,2026-03-15
C08427,Customer 8427,Male,39,Kanpur,Uttar Pradesh,New,Google Ads,2024-11-27
C08428,Customer 8428,Male,18,Mumbai,Maharashtra,New,Affiliate,2024-06-24
C08429,Customer 8429,Male,48,Thiruvananthapuram,Kerala,Loyal,Organic Search,2025-10-13
C08430,Customer 8430,Male,27,Ahmedabad,Gujarat,New,Google Ads,2025-06-04
C08431,Customer 8431,Female,54,Hyderabad,Telangana,At-Risk,Google Ads,2025-05-19
C08432,Customer 8432,Female,58,Hyderabad,Telangana,New,Meta Ads,2024-11-11
C08433,Customer 8433,Female,58,Noida,Uttar Pradesh,Dormant,Organic Search,2025-10-05
C08434,Customer 8434,Male,43,Howrah,West Bengal,Loyal,Instagram,2025-02-25
C08435,Customer 8435,Female,43,Lucknow,Uttar Pradesh,VIP,Meta Ads,2025-08-13
C08436,Customer 8436,Female,36,Noida,Uttar Pradesh,New,Organic Search,2024-02-05
C08437,Customer 8437,Female,24,Madurai,Tamil Nadu,New,Marketplace,2026-04-18
C08438,Customer 8438,Female,29,Kanpur,Uttar Pradesh,One-Time,Google Ads,2025-12-14
C08439,Customer 8439,Female,29,Kozhikode,Kerala,Loyal,Organic Search,2025-03-23
C08440,Customer 8440,Female,46,Mumbai,Maharashtra,Loyal,Marketplace,2024-06-14
C08441,Customer 8441,Female,18,Noida,Uttar Pradesh,One-Time,Email,2026-06-04
C08442,Customer 8442,Female,64,Mysuru,Karnataka,One-Time,Marketplace,2025-05-21
C08443,Customer 8443,Female,23,Mysuru,Karnataka,Dormant,Organic Search,2025-02-20
C08444,Customer 8444,Male,34,Chennai,Tamil Nadu,One-Time,Organic Search,2026-04-10
C08445,Customer 8445,Male,33,Lucknow,Uttar Pradesh,New,Affiliate,2026-03-26
C08446,Customer 8446,Male,58,Nizamabad,Telangana,One-Time,Meta Ads,2024-08-19
C08447,Customer 8447,Female,48,Chennai,Tamil Nadu,One-Time,Organic Search,2025-08-28
C08448,Customer 8448,Male,63,Howrah,West Bengal,One-Time,Organic Search,2024-10-21
C08449,Customer 8449,Female,61,Mumbai,Maharashtra,Loyal,Google Ads,2024-02-04
C08450,Customer 8450,Female,55,Noida,Uttar Pradesh,Loyal,Instagram,2024-12-31
C08451,Customer 8451,Female,25,Thiruvananthapuram,Kerala,VIP,Affiliate,2024-08-04
C08452,Customer 8452,Other,46,Nizamabad,Telangana,New,Google Ads,2025-05-04
C08453,Customer 8453,Female,46,Nagpur,Maharashtra,New,Instagram,2025-02-03
C08454,Customer 8454,Female,32,Kochi,Kerala,At-Risk,Google Ads,2024-07-26
C08455,Customer 8455,Female,19,Nagpur,Maharashtra,New,Google Ads,2025-02-13
C08456,Customer 8456,Male,19,Hyderabad,Telangana,One-Time,Email,2025-10-26
C08457,Customer 8457,Female,36,Kozhikode,Kerala,Loyal,Google Ads,2025-07-11
C08458,Customer 8458,Male,53,Kozhikode,Kerala,VIP,Instagram,2025-07-20
C08459,Customer 8459,Female,26,Kolkata,West Bengal,New,Google Ads,2024-04-24
C08460,Customer 8460,Female,63,Surat,Gujarat,Dormant,Marketplace,2024-03-24
C08461,Customer 8461,Male,31,Kozhikode,Kerala,One-Time,Marketplace,2025-07-25
C08462,Customer 8462,Female,51,Howrah,West Bengal,Dormant,Meta Ads,2025-04-03
C08463,Customer 8463,Female,20,Howrah,West Bengal,One-Time,Google Ads,2025-07-20
C08464,Customer 8464,Male,19,Lucknow,Uttar Pradesh,VIP,Meta Ads,2024-11-19
C08465,Customer 8465,Male,42,Kolkata,West Bengal,One-Time,Google Ads,2024-04-06
C08466,Customer 8466,Female,24,Delhi,Delhi,At-Risk,Organic Search,2024-11-11
C08467,Customer 8467,Male,48,Coimbatore,Tamil Nadu,Loyal,Organic Search,2025-08-03
C08468,Customer 8468,Female,36,New Delhi,Delhi,At-Risk,Email,2026-06-03
C08469,Customer 8469,Male,29,New Delhi,Delhi,VIP,Influencer,2025-05-28
C08470,Customer 8470,Male,65,Chennai,Tamil Nadu,Loyal,Affiliate,2024-12-30
C08471,Customer 8471,Male,37,Coimbatore,Tamil Nadu,New,Instagram,2024-11-23
C08472,Customer 8472,Female,22,Noida,Uttar Pradesh,One-Time,Organic Search,2024-01-22
C08473,Customer 8473,Female,24,Coimbatore,Tamil Nadu,Dormant,Instagram,2024-06-25
C08474,Customer 8474,Male,33,Nizamabad,Telangana,Dormant,Organic Search,2024-11-15
C08475,Customer 8475,Male,41,Mysuru,Karnataka,New,Google Ads,2025-07-06
C08476,Customer 8476,Male,44,Pune,Maharashtra,New,Meta Ads,2025-06-23
C08477,Customer 8477,Female,39,Noida,Uttar Pradesh,New,Meta Ads,2024-10-25
C08478,Customer 8478,Female,23,Coimbatore,Tamil Nadu,New,Google Ads,2025-04-20
C08479,Customer 8479,Male,30,Mangaluru,Karnataka,One-Time,Instagram,2024-07-25
C08480,Customer 8480,Female,23,Lucknow,Uttar Pradesh,At-Risk,Organic Search,2024-03-10
C08481,Customer 8481,Male,42,Warangal,Telangana,New,Instagram,2024-09-19
C08482,Customer 8482,Female,21,Mumbai,Maharashtra,At-Risk,Marketplace,2024-05-31
C08483,Customer 8483,Male,55,Lucknow,Uttar Pradesh,Dormant,Meta Ads,2025-04-26
C08484,Customer 8484,Female,42,Ahmedabad,Gujarat,One-Time,Marketplace,2025-11-23
C08485,Customer 8485,Female,31,Noida,Uttar Pradesh,Loyal,Meta Ads,2024-05-31
C08486,Customer 8486,Male,31,Kanpur,Uttar Pradesh,Loyal,Meta Ads,2024-01-07
C08487,Customer 8487,Male,19,Kozhikode,Kerala,New,Google Ads,2024-02-19
C08488,Customer 8488,Female,19,Hyderabad,Telangana,VIP,Meta Ads,2024-07-26
C08489,Customer 8489,Male,49,Kanpur,Uttar Pradesh,Loyal,Google Ads,2024-05-28
C08490,Customer 8490,Female,42,Jaipur,Rajasthan,New,Organic Search,2026-06-01
C08491,Customer 8491,Male,24,Mumbai,Maharashtra,At-Risk,Meta Ads,2024-08-01
C08492,Customer 8492,Female,53,Thiruvananthapuram,Kerala,One-Time,Google Ads,2025-08-13
C08493,Customer 8493,Male,64,Madurai,Tamil Nadu,New,Meta Ads,2025-09-18
C08494,Customer 8494,Male,50,Noida,Uttar Pradesh,Dormant,Organic Search,2024-08-08
C08495,Customer 8495,Female,60,Ahmedabad,Gujarat,New,Instagram,2024-05-11
C08496,Customer 8496,Female,50,New Delhi,Delhi,New,Google Ads,2024-06-23
C08497,Customer 8497,Male,62,Mumbai,Maharashtra,New,Google Ads,2026-03-02
C08498,Customer 8498,Female,44,Kochi,Kerala,One-Time,Organic Search,2025-01-09
C08499,Customer 8499,Female,57,Ahmedabad,Gujarat,Loyal,Organic Search,2024-01-07
C08500,Customer 8500,Male,55,Warangal,Telangana,VIP,Email,2025-08-04
C08501,Customer 8501,Female,33,Hyderabad,Telangana,One-Time,Email,2025-01-21
C08502,Customer 8502,Male,20,Kanpur,Uttar Pradesh,Loyal,Meta Ads,2024-06-02
C08503,Customer 8503,Male,38,Mumbai,Maharashtra,New,Email,2024-05-26
C08504,Customer 8504,Female,27,Ahmedabad,Gujarat,One-Time,Organic Search,2025-11-04
C08505,Customer 8505,Female,59,Howrah,West Bengal,Dormant,Affiliate,2024-10-09
C08506,Customer 8506,Male,51,Mangaluru,Karnataka,At-Risk,Meta Ads,2024-02-07
C08507,Customer 8507,Female,60,Surat,Gujarat,VIP,Organic Search,2025-11-20
C08508,Customer 8508,Other,34,Bengaluru,Karnataka,One-Time,Email,2024-06-23
C08509,Customer 8509,Female,44,Kochi,Kerala,Loyal,Organic Search,2026-06-16
C08510,Customer 8510,Female,29,Kanpur,Uttar Pradesh,At-Risk,Organic Search,2025-06-15
C08511,Customer 8511,Male,40,Mangaluru,Karnataka,At-Risk,Organic Search,2025-05-09
C08512,Customer 8512,Female,19,Delhi,Delhi,VIP,Google Ads,2025-09-27
C08513,Customer 8513,Female,34,Delhi,Delhi,Loyal,Meta Ads,2024-07-18
C08514,Customer 8514,Male,59,Kochi,Kerala,New,Meta Ads,2025-08-27
C08515,Customer 8515,Female,47,Madurai,Tamil Nadu,New,Instagram,2024-06-08
C08516,Customer 8516,Female,58,Surat,Gujarat,New,Email,2024-08-23
C08517,Customer 8517,Female,54,Kozhikode,Kerala,One-Time,Organic Search,2025-05-30
C08518,Customer 8518,Female,20,Pune,Maharashtra,New,Organic Search,2024-12-12
C08519,Customer 8519,Female,41,Vadodara,Gujarat,Loyal,Organic Search,2026-03-22
C08520,Customer 8520,Female,32,Nizamabad,Telangana,Loyal,Organic Search,2024-02-03
C08521,Customer 8521,Male,23,Vadodara,Gujarat,Loyal,Meta Ads,2024-03-30
C08522,Customer 8522,Female,28,Coimbatore,Tamil Nadu,Loyal,Meta Ads,2024-01-01
C08523,Customer 8523,Female,18,Kochi,Kerala,New,Meta Ads,2026-03-26
C08524,Customer 8524,Male,27,Coimbatore,Tamil Nadu,Loyal,Affiliate,2025-01-09
C08525,Customer 8525,Male,50,Pune,Maharashtra,Dormant,Google Ads,2026-03-02
C08526,Customer 8526,Female,30,Lucknow,Uttar Pradesh,Loyal,Meta Ads,2025-05-04
C08527,Customer 8527,Male,52,Kanpur,Uttar Pradesh,At-Risk,Meta Ads,2026-02-13
C08528,Customer 8528,Male,32,Jaipur,Rajasthan,One-Time,Organic Search,2026-01-09
C08529,Customer 8529,Male,20,Jodhpur,Rajasthan,Loyal,Marketplace,2024-03-28
C08530,Customer 8530,Male,51,Mangaluru,Karnataka,Loyal,Influencer,2026-05-16
C08531,Customer 8531,Male,25,Howrah,West Bengal,VIP,Google Ads,2025-04-05
C08532,Customer 8532,Male,64,Warangal,Telangana,At-Risk,Email,2025-06-23
C08533,Customer 8533,Female,38,Nagpur,Maharashtra,Loyal,Google Ads,2024-08-06
C08534,Customer 8534,Male,20,Kozhikode,Kerala,VIP,Affiliate,2026-01-04
C08535,Customer 8535,Female,29,Jaipur,Rajasthan,At-Risk,Instagram,2024-03-15
C08536,Customer 8536,Male,33,Nagpur,Maharashtra,At-Risk,Meta Ads,2024-04-27
C08537,Customer 8537,Other,41,Pune,Maharashtra,New,Email,2024-07-24
C08538,Customer 8538,Female,50,Thiruvananthapuram,Kerala,New,Instagram,2026-01-04
C08539,Customer 8539,Female,33,Mumbai,Maharashtra,At-Risk,Marketplace,2026-01-04
C08540,Customer 8540,Male,32,Mysuru,Karnataka,VIP,Google Ads,2024-08-16
C08541,Customer 8541,Male,62,Nagpur,Maharashtra,Dormant,Marketplace,2025-05-08
C08542,Customer 8542,Male,27,Nizamabad,Telangana,One-Time,Meta Ads,2025-01-03
C08543,Customer 8543,Other,53,Mangaluru,Karnataka,At-Risk,Google Ads,2025-05-09
C08544,Customer 8544,Female,26,Kozhikode,Kerala,At-Risk,Organic Search,2024-01-20
C08545,Customer 8545,Male,30,Mysuru,Karnataka,At-Risk,Email,2025-01-26
C08546,Customer 8546,Male,46,Delhi,Delhi,VIP,Marketplace,2025-02-25
C08547,Customer 8547,Female,22,Jaipur,Rajasthan,New,Email,2024-01-13
C08548,Customer 8548,Female,25,Vadodara,Gujarat,VIP,Email,2025-08-09
C08549,Customer 8549,Male,58,Jaipur,Rajasthan,Loyal,Meta Ads,2024-12-11
C08550,Customer 8550,Male,22,Kolkata,West Bengal,One-Time,Marketplace,2024-08-14
C08551,Customer 8551,Male,24,Vadodara,Gujarat,New,Organic Search,2025-12-08
C08552,Customer 8552,Female,53,Howrah,West Bengal,At-Risk,Organic Search,2025-12-28
C08553,Customer 8553,Male,40,Kanpur,Uttar Pradesh,New,Affiliate,2024-08-16
C08554,Customer 8554,Female,34,Udaipur,Rajasthan,One-Time,Google Ads,2026-04-13
C08555,Customer 8555,Female,57,Noida,Uttar Pradesh,Loyal,Influencer,2024-01-15
C08556,Customer 8556,Male,60,Mumbai,Maharashtra,Dormant,Email,2025-05-28
C08557,Customer 8557,Male,23,Howrah,West Bengal,Loyal,Affiliate,2025-10-01
C08558,Customer 8558,Male,41,Jodhpur,Rajasthan,One-Time,Organic Search,2024-08-07
C08559,Customer 8559,Female,62,Mangaluru,Karnataka,New,Instagram,2024-11-25
C08560,Customer 8560,Male,24,Noida,Uttar Pradesh,One-Time,Affiliate,2025-09-26
C08561,Customer 8561,Male,37,Mangaluru,Karnataka,One-Time,Organic Search,2024-11-22
C08562,Customer 8562,Female,27,Mysuru,Karnataka,At-Risk,Google Ads,2024-09-22
C08563,Customer 8563,Male,25,Lucknow,Uttar Pradesh,One-Time,Organic Search,2025-08-06
C08564,Customer 8564,Male,60,Bengaluru,Karnataka,New,Email,2024-05-26
C08565,Customer 8565,Female,49,Madurai,Tamil Nadu,At-Risk,Influencer,2025-05-18
C08566,Customer 8566,Male,24,Madurai,Tamil Nadu,New,Affiliate,2024-09-13
C08567,Customer 8567,Male,34,Kochi,Kerala,New,Google Ads,2024-10-13
C08568,Customer 8568,Female,33,Delhi,Delhi,Loyal,Google Ads,2025-01-30
C08569,Customer 8569,Male,62,Udaipur,Rajasthan,New,Meta Ads,2025-10-21
C08570,Customer 8570,Female,32,Noida,Uttar Pradesh,New,Organic Search,2024-07-22
C08571,Customer 8571,Female,23,Howrah,West Bengal,Dormant,Influencer,2025-08-27
C08572,Customer 8572,Female,65,Kochi,Kerala,At-Risk,Organic Search,2024-10-30
C08573,Customer 8573,Male,21,Noida,Uttar Pradesh,At-Risk,Affiliate,2026-03-12
C08574,Customer 8574,Female,64,Coimbatore,Tamil Nadu,Loyal,Organic Search,2024-12-22
C08575,Customer 8575,Male,33,Thiruvananthapuram,Kerala,New,Email,2025-01-12
C08576,Customer 8576,Female,51,New Delhi,Delhi,At-Risk,Marketplace,2025-11-09
C08577,Customer 8577,Male,44,Warangal,Telangana,Loyal,Google Ads,2024-02-09
C08578,Customer 8578,Male,29,Mysuru,Karnataka,New,Instagram,2026-02-10
C08579,Customer 8579,Female,44,Kolkata,West Bengal,One-Time,Meta Ads,2024-10-26
C08580,Customer 8580,Female,26,Pune,Maharashtra,Loyal,Google Ads,2026-01-12
C08581,Customer 8581,Female,42,Surat,Gujarat,New,Organic Search,2024-11-28
C08582,Customer 8582,Female,20,Madurai,Tamil Nadu,One-Time,Meta Ads,2024-06-22
C08583,Customer 8583,Female,29,Surat,Gujarat,One-Time,Email,2024-04-06
C08584,Customer 8584,Male,20,Warangal,Telangana,Loyal,Google Ads,2025-12-29
C08585,Customer 8585,Female,48,Noida,Uttar Pradesh,New,Instagram,2024-01-23
C08586,Customer 8586,Female,63,Coimbatore,Tamil Nadu,Loyal,Meta Ads,2025-07-30
C08587,Customer 8587,Female,20,Mumbai,Maharashtra,New,Marketplace,2025-06-28
C08588,Customer 8588,Male,46,Madurai,Tamil Nadu,Loyal,Email,2024-08-02
C08589,Customer 8589,Male,42,New Delhi,Delhi,New,Affiliate,2025-11-11
C08590,Customer 8590,Male,27,Kolkata,West Bengal,One-Time,Email,2024-12-04
C08591,Customer 8591,Male,51,New Delhi,Delhi,Loyal,Google Ads,2025-12-17
C08592,Customer 8592,Male,55,Nizamabad,Telangana,Loyal,Organic Search,2024-11-06
C08593,Customer 8593,Female,62,Noida,Uttar Pradesh,New,Google Ads,2025-12-02
C08594,Customer 8594,Male,21,New Delhi,Delhi,Loyal,Instagram,2025-01-26
C08595,Customer 8595,Female,26,Hyderabad,Telangana,At-Risk,Email,2025-02-17
C08596,Customer 8596,Male,43,Noida,Uttar Pradesh,New,Affiliate,2026-01-30
C08597,Customer 8597,Male,54,Howrah,West Bengal,Loyal,Marketplace,2024-03-29
C08598,Customer 8598,Male,27,Kolkata,West Bengal,Loyal,Meta Ads,2025-01-05
C08599,Customer 8599,Female,35,Chennai,Tamil Nadu,At-Risk,Organic Search,2024-02-09
C08600,Customer 8600,Male,39,Coimbatore,Tamil Nadu,Loyal,Email,2024-02-19
C08601,Customer 8601,Male,49,Surat,Gujarat,Dormant,Affiliate,2024-05-02
C08602,Customer 8602,Female,28,Nizamabad,Telangana,Loyal,Marketplace,2025-10-25
C08603,Customer 8603,Female,32,Mangaluru,Karnataka,Loyal,Email,2025-12-07
C08604,Customer 8604,Male,24,Thiruvananthapuram,Kerala,One-Time,Meta Ads,2025-12-09
C08605,Customer 8605,Female,28,Kolkata,West Bengal,Loyal,Affiliate,2026-06-12
C08606,Customer 8606,Female,62,Coimbatore,Tamil Nadu,New,Email,2025-05-30
C08607,Customer 8607,Male,53,Pune,Maharashtra,One-Time,Marketplace,2024-06-27
C08608,Customer 8608,Male,62,Jaipur,Rajasthan,One-Time,Organic Search,2025-03-03
C08609,Customer 8609,Female,63,Mysuru,Karnataka,Loyal,Marketplace,2025-05-13
C08610,Customer 8610,Other,41,Nagpur,Maharashtra,At-Risk,Google Ads,2025-11-25
C08611,Customer 8611,Male,26,Pune,Maharashtra,Dormant,Organic Search,2025-03-04
C08612,Customer 8612,Male,55,Jodhpur,Rajasthan,New,Meta Ads,2024-01-20
C08613,Customer 8613,Male,65,Howrah,West Bengal,At-Risk,Organic Search,2026-01-23
C08614,Customer 8614,Male,27,Hyderabad,Telangana,At-Risk,Marketplace,2025-06-09
C08615,Customer 8615,Male,54,Mumbai,Maharashtra,At-Risk,Organic Search,2024-04-07
C08616,Customer 8616,Female,37,Howrah,West Bengal,VIP,Organic Search,2026-05-06
C08617,Customer 8617,Female,62,Vadodara,Gujarat,One-Time,Google Ads,2025-02-09
C08618,Customer 8618,Female,28,Kolkata,West Bengal,At-Risk,Google Ads,2025-12-15
C08619,Customer 8619,Female,49,Nagpur,Maharashtra,Loyal,Organic Search,2025-10-17
C08620,Customer 8620,Female,22,Jodhpur,Rajasthan,VIP,Instagram,2024-09-04
C08621,Customer 8621,Female,62,Kozhikode,Kerala,New,Google Ads,2026-03-17
C08622,Customer 8622,Female,38,Ahmedabad,Gujarat,New,Organic Search,2026-04-05
C08623,Customer 8623,Female,41,Nagpur,Maharashtra,One-Time,Organic Search,2026-04-26
C08624,Customer 8624,Male,53,Kolkata,West Bengal,Loyal,Google Ads,2024-07-01
C08625,Customer 8625,Female,29,Bengaluru,Karnataka,One-Time,Google Ads,2024-05-04
C08626,Customer 8626,Male,53,Nizamabad,Telangana,At-Risk,Instagram,2025-05-07
C08627,Customer 8627,Male,23,Bengaluru,Karnataka,New,Organic Search,2024-08-09
C08628,Customer 8628,Other,39,Thiruvananthapuram,Kerala,New,Marketplace,2025-07-16
C08629,Customer 8629,Female,34,Madurai,Tamil Nadu,One-Time,Instagram,2025-08-29
C08630,Customer 8630,Female,39,Kanpur,Uttar Pradesh,New,Google Ads,2024-01-31
C08631,Customer 8631,Male,45,New Delhi,Delhi,One-Time,Influencer,2025-11-17
C08632,Customer 8632,Male,46,New Delhi,Delhi,VIP,Google Ads,2024-04-24
C08633,Customer 8633,Male,27,Hyderabad,Telangana,Dormant,Organic Search,2025-05-29
C08634,Customer 8634,Female,62,Howrah,West Bengal,New,Instagram,2025-05-04
C08635,Customer 8635,Female,49,Warangal,Telangana,One-Time,Marketplace,2024-01-18
C08636,Customer 8636,Female,25,Delhi,Delhi,At-Risk,Organic Search,2024-06-11
C08637,Customer 8637,Male,25,Mangaluru,Karnataka,One-Time,Google Ads,2025-04-30
C08638,Customer 8638,Female,37,Coimbatore,Tamil Nadu,VIP,Instagram,2025-01-12
C08639,Customer 8639,Female,64,Surat,Gujarat,Loyal,Meta Ads,2025-03-03
C08640,Customer 8640,Male,61,Warangal,Telangana,At-Risk,Meta Ads,2025-09-27
C08641,Customer 8641,Female,29,Bengaluru,Karnataka,New,Instagram,2025-09-12
C08642,Customer 8642,Female,44,Thiruvananthapuram,Kerala,Dormant,Email,2025-07-16
C08643,Customer 8643,Female,33,Nizamabad,Telangana,Dormant,Affiliate,2025-10-24
C08644,Customer 8644,Male,56,Mangaluru,Karnataka,New,Google Ads,2026-02-25
C08645,Customer 8645,Male,53,Mangaluru,Karnataka,Loyal,Instagram,2024-07-09
C08646,Customer 8646,Female,40,Madurai,Tamil Nadu,One-Time,Influencer,2026-04-09
C08647,Customer 8647,Male,34,Kolkata,West Bengal,One-Time,Instagram,2025-02-26
C08648,Customer 8648,Other,62,Mysuru,Karnataka,Dormant,Email,2026-04-13
C08649,Customer 8649,Female,38,Delhi,Delhi,New,Affiliate,2025-07-28
C08650,Customer 8650,Female,60,Kolkata,West Bengal,One-Time,Organic Search,2024-12-19
C08651,Customer 8651,Male,19,Mangaluru,Karnataka,New,Email,2024-02-09
C08652,Customer 8652,Male,39,Thiruvananthapuram,Kerala,Loyal,Marketplace,2024-04-19
C08653,Customer 8653,Other,44,Kochi,Kerala,At-Risk,Google Ads,2025-07-13
C08654,Customer 8654,Male,18,Mumbai,Maharashtra,Loyal,Google Ads,2025-08-23
C08655,Customer 8655,Male,21,Bengaluru,Karnataka,Loyal,Instagram,2024-05-03
C08656,Customer 8656,Male,45,Mumbai,Maharashtra,New,Google Ads,2026-04-07
C08657,Customer 8657,Female,53,Nagpur,Maharashtra,VIP,Meta Ads,2024-10-22
C08658,Customer 8658,Male,27,Delhi,Delhi,One-Time,Google Ads,2025-11-23
C08659,Customer 8659,Male,61,Vadodara,Gujarat,Loyal,Organic Search,2025-11-26
C08660,Customer 8660,Female,29,Chennai,Tamil Nadu,Loyal,Instagram,2025-09-19
C08661,Customer 8661,Female,20,Mysuru,Karnataka,Dormant,Influencer,2026-04-03
C08662,Customer 8662,Female,38,Bengaluru,Karnataka,VIP,Meta Ads,2025-12-23
C08663,Customer 8663,Female,23,Kochi,Kerala,VIP,Organic Search,2024-05-27
C08664,Customer 8664,Female,39,Thiruvananthapuram,Kerala,Loyal,Meta Ads,2025-01-03
C08665,Customer 8665,Female,19,Nizamabad,Telangana,New,Google Ads,2025-05-28
C08666,Customer 8666,Male,59,Kolkata,West Bengal,Loyal,Organic Search,2025-03-27
C08667,Customer 8667,Male,48,Delhi,Delhi,Loyal,Google Ads,2025-04-16
C08668,Customer 8668,Female,19,Kolkata,West Bengal,VIP,Organic Search,2024-06-28
C08669,Customer 8669,Female,62,Vadodara,Gujarat,Loyal,Organic Search,2026-05-24
C08670,Customer 8670,Male,32,Lucknow,Uttar Pradesh,One-Time,Organic Search,2025-08-27
C08671,Customer 8671,Male,42,Warangal,Telangana,New,Organic Search,2025-12-25
C08672,Customer 8672,Female,48,Bengaluru,Karnataka,New,Marketplace,2024-11-09
C08673,Customer 8673,Other,37,Thiruvananthapuram,Kerala,VIP,Google Ads,2025-08-20
C08674,Customer 8674,Female,47,Pune,Maharashtra,Dormant,Marketplace,2024-08-28
C08675,Customer 8675,Female,25,Pune,Maharashtra,Loyal,Google Ads,2025-06-16
C08676,Customer 8676,Female,33,Udaipur,Rajasthan,Loyal,Email,2024-08-13
C08677,Customer 8677,Male,50,Kanpur,Uttar Pradesh,VIP,Marketplace,2026-04-19
C08678,Customer 8678,Male,26,Kolkata,West Bengal,New,Meta Ads,2025-04-04
C08679,Customer 8679,Male,33,Kanpur,Uttar Pradesh,New,Influencer,2025-03-18
C08680,Customer 8680,Male,31,Jodhpur,Rajasthan,New,Organic Search,2025-04-30
C08681,Customer 8681,Female,24,Mumbai,Maharashtra,Dormant,Influencer,2024-07-23
C08682,Customer 8682,Female,60,Surat,Gujarat,New,Google Ads,2026-01-13
C08683,Customer 8683,Female,65,Kanpur,Uttar Pradesh,Loyal,Email,2024-09-13
C08684,Customer 8684,Male,30,Lucknow,Uttar Pradesh,One-Time,Meta Ads,2026-04-04
C08685,Customer 8685,Male,58,Mysuru,Karnataka,Loyal,Google Ads,2026-01-21
C08686,Customer 8686,Female,41,Pune,Maharashtra,New,Organic Search,2024-10-05
C08687,Customer 8687,Other,29,Lucknow,Uttar Pradesh,Dormant,Organic Search,2025-05-14
C08688,Customer 8688,Female,63,Mysuru,Karnataka,One-Time,Organic Search,2024-10-25
C08689,Customer 8689,Female,24,Warangal,Telangana,Dormant,Organic Search,2024-05-03
C08690,Customer 8690,Female,23,Noida,Uttar Pradesh,Loyal,Affiliate,2024-09-10
C08691,Customer 8691,Other,37,Delhi,Delhi,One-Time,Email,2026-02-21
C08692,Customer 8692,Female,59,Mysuru,Karnataka,VIP,Meta Ads,2024-09-28
C08693,Customer 8693,Female,32,Warangal,Telangana,Loyal,Affiliate,2026-04-15
C08694,Customer 8694,Female,53,Hyderabad,Telangana,New,Organic Search,2025-10-17
C08695,Customer 8695,Other,59,Lucknow,Uttar Pradesh,VIP,Meta Ads,2025-02-06
C08696,Customer 8696,Female,41,Delhi,Delhi,Loyal,Instagram,2025-07-20
C08697,Customer 8697,Male,24,Nagpur,Maharashtra,Loyal,Meta Ads,2026-03-05
C08698,Customer 8698,Male,63,Madurai,Tamil Nadu,VIP,Affiliate,2024-03-11
C08699,Customer 8699,Male,56,Mumbai,Maharashtra,Loyal,Meta Ads,2025-12-22
C08700,Customer 8700,Female,21,Nagpur,Maharashtra,One-Time,Organic Search,2025-05-30
C08701,Customer 8701,Female,45,Bengaluru,Karnataka,One-Time,Organic Search,2026-05-31
C08702,Customer 8702,Female,59,Ahmedabad,Gujarat,One-Time,Marketplace,2026-02-01
C08703,Customer 8703,Male,45,Mumbai,Maharashtra,Loyal,Instagram,2026-03-16
C08704,Customer 8704,Male,27,Mangaluru,Karnataka,One-Time,Influencer,2024-02-24
C08705,Customer 8705,Female,62,Delhi,Delhi,New,Organic Search,2025-02-12
C08706,Customer 8706,Female,35,Coimbatore,Tamil Nadu,At-Risk,Google Ads,2026-03-25
C08707,Customer 8707,Female,18,Nagpur,Maharashtra,New,Instagram,2024-08-31
C08708,Customer 8708,Female,23,Hyderabad,Telangana,New,Instagram,2024-08-19
C08709,Customer 8709,Female,40,Hyderabad,Telangana,At-Risk,Google Ads,2025-08-23
C08710,Customer 8710,Other,41,Madurai,Tamil Nadu,VIP,Instagram,2024-10-21
C08711,Customer 8711,Female,47,Jodhpur,Rajasthan,At-Risk,Google Ads,2025-06-13
C08712,Customer 8712,Female,26,Nagpur,Maharashtra,One-Time,Influencer,2024-12-25
C08713,Customer 8713,Male,22,Noida,Uttar Pradesh,Loyal,Instagram,2025-02-09
C08714,Customer 8714,Male,30,Jaipur,Rajasthan,Dormant,Meta Ads,2024-05-08
C08715,Customer 8715,Female,20,Warangal,Telangana,One-Time,Organic Search,2026-01-20
C08716,Customer 8716,Male,20,Nizamabad,Telangana,New,Influencer,2024-03-29
C08717,Customer 8717,Female,48,Mumbai,Maharashtra,New,Marketplace,2024-06-01
C08718,Customer 8718,Male,32,Hyderabad,Telangana,At-Risk,Marketplace,2024-08-04
C08719,Customer 8719,Male,25,Surat,Gujarat,One-Time,Marketplace,2024-09-04
C08720,Customer 8720,Male,25,Warangal,Telangana,Loyal,Meta Ads,2024-01-05
C08721,Customer 8721,Male,56,Noida,Uttar Pradesh,Loyal,Email,2026-05-12
C08722,Customer 8722,Female,50,New Delhi,Delhi,Dormant,Instagram,2025-06-03
C08723,Customer 8723,Male,20,Udaipur,Rajasthan,One-Time,Marketplace,2025-03-16
C08724,Customer 8724,Female,48,Jaipur,Rajasthan,Loyal,Google Ads,2024-05-01
C08725,Customer 8725,Female,47,New Delhi,Delhi,Dormant,Email,2025-07-24
C08726,Customer 8726,Female,49,Kozhikode,Kerala,New,Meta Ads,2024-03-25
C08727,Customer 8727,Male,55,Thiruvananthapuram,Kerala,Loyal,Influencer,2024-09-02
C08728,Customer 8728,Male,50,Coimbatore,Tamil Nadu,New,Meta Ads,2025-05-21
C08729,Customer 8729,Male,52,Pune,Maharashtra,One-Time,Influencer,2026-06-03
C08730,Customer 8730,Female,22,Chennai,Tamil Nadu,New,Marketplace,2025-06-17
C08731,Customer 8731,Female,62,Pune,Maharashtra,One-Time,Google Ads,2025-03-06
C08732,Customer 8732,Other,28,Vadodara,Gujarat,New,Organic Search,2025-08-16
C08733,Customer 8733,Female,54,Chennai,Tamil Nadu,At-Risk,Meta Ads,2025-10-21
C08734,Customer 8734,Female,53,Delhi,Delhi,Loyal,Instagram,2025-03-29
C08735,Customer 8735,Male,41,Lucknow,Uttar Pradesh,One-Time,Meta Ads,2024-11-01
C08736,Customer 8736,Male,41,Mangaluru,Karnataka,VIP,Organic Search,2026-03-06
C08737,Customer 8737,Female,61,Vadodara,Gujarat,Dormant,Meta Ads,2024-10-01
C08738,Customer 8738,Male,48,Mangaluru,Karnataka,One-Time,Organic Search,2024-04-22
C08739,Customer 8739,Male,30,Noida,Uttar Pradesh,New,Affiliate,2024-09-20
C08740,Customer 8740,Female,20,Howrah,West Bengal,New,Instagram,2025-12-08
C08741,Customer 8741,Other,24,Nizamabad,Telangana,At-Risk,Google Ads,2024-03-09
C08742,Customer 8742,Female,36,Howrah,West Bengal,At-Risk,Google Ads,2025-01-05
C08743,Customer 8743,Female,49,Nagpur,Maharashtra,Loyal,Meta Ads,2024-02-06
C08744,Customer 8744,Female,39,Jodhpur,Rajasthan,New,Marketplace,2026-03-24
C08745,Customer 8745,Female,54,Vadodara,Gujarat,Loyal,Instagram,2024-10-25
C08746,Customer 8746,Female,51,Madurai,Tamil Nadu,Loyal,Organic Search,2024-07-30
C08747,Customer 8747,Female,52,Jodhpur,Rajasthan,One-Time,Marketplace,2025-09-15
C08748,Customer 8748,Male,61,Lucknow,Uttar Pradesh,New,Meta Ads,2026-05-02
C08749,Customer 8749,Male,21,Lucknow,Uttar Pradesh,One-Time,Organic Search,2024-02-17
C08750,Customer 8750,Female,45,Ahmedabad,Gujarat,VIP,Influencer,2026-02-19
C08751,Customer 8751,Female,34,Jodhpur,Rajasthan,Dormant,Organic Search,2024-12-19
C08752,Customer 8752,Female,54,Coimbatore,Tamil Nadu,New,Google Ads,2024-06-04
C08753,Customer 8753,Male,56,Kanpur,Uttar Pradesh,Dormant,Affiliate,2024-03-06
C08754,Customer 8754,Male,48,Lucknow,Uttar Pradesh,Loyal,Marketplace,2025-01-26
C08755,Customer 8755,Female,53,Mumbai,Maharashtra,Loyal,Affiliate,2024-08-05
C08756,Customer 8756,Male,61,Pune,Maharashtra,At-Risk,Organic Search,2024-08-06
C08757,Customer 8757,Female,44,Bengaluru,Karnataka,Loyal,Organic Search,2024-06-17
C08758,Customer 8758,Male,56,Nagpur,Maharashtra,New,Organic Search,2024-05-07
C08759,Customer 8759,Male,23,Chennai,Tamil Nadu,One-Time,Meta Ads,2025-12-08
C08760,Customer 8760,Female,29,Pune,Maharashtra,At-Risk,Marketplace,2024-12-15
C08761,Customer 8761,Female,61,Vadodara,Gujarat,Loyal,Google Ads,2025-12-22
C08762,Customer 8762,Female,28,Warangal,Telangana,One-Time,Affiliate,2025-04-26
C08763,Customer 8763,Male,18,Mangaluru,Karnataka,Loyal,Meta Ads,2024-03-11
C08764,Customer 8764,Male,61,Kolkata,West Bengal,One-Time,Organic Search,2024-12-27
C08765,Customer 8765,Other,35,Madurai,Tamil Nadu,New,Affiliate,2024-03-19
C08766,Customer 8766,Male,46,Madurai,Tamil Nadu,At-Risk,Affiliate,2024-10-25
C08767,Customer 8767,Male,54,Noida,Uttar Pradesh,One-Time,Google Ads,2026-01-10
C08768,Customer 8768,Female,39,Kochi,Kerala,One-Time,Organic Search,2024-10-22
C08769,Customer 8769,Male,18,Vadodara,Gujarat,One-Time,Meta Ads,2024-08-02
C08770,Customer 8770,Female,51,Hyderabad,Telangana,Dormant,Google Ads,2024-05-24
C08771,Customer 8771,Male,49,Warangal,Telangana,New,Email,2024-04-29
C08772,Customer 8772,Other,31,Thiruvananthapuram,Kerala,New,Marketplace,2024-07-19
C08773,Customer 8773,Male,49,Howrah,West Bengal,One-Time,Marketplace,2026-03-29
C08774,Customer 8774,Male,56,Jodhpur,Rajasthan,New,Organic Search,2025-04-21
C08775,Customer 8775,Male,65,Kolkata,West Bengal,New,Affiliate,2025-12-05
C08776,Customer 8776,Female,43,Pune,Maharashtra,New,Meta Ads,2024-05-23
C08777,Customer 8777,Male,21,Madurai,Tamil Nadu,New,Meta Ads,2025-07-01
C08778,Customer 8778,Male,59,Noida,Uttar Pradesh,Loyal,Organic Search,2026-01-16
C08779,Customer 8779,Male,38,Kanpur,Uttar Pradesh,New,Affiliate,2025-11-29
C08780,Customer 8780,Male,48,Mumbai,Maharashtra,One-Time,Organic Search,2025-10-24
C08781,Customer 8781,Female,60,Surat,Gujarat,VIP,Google Ads,2025-11-07
C08782,Customer 8782,Female,30,Nagpur,Maharashtra,New,Meta Ads,2026-06-08
C08783,Customer 8783,Male,18,Kozhikode,Kerala,New,Google Ads,2024-12-14
C08784,Customer 8784,Male,64,Mysuru,Karnataka,Dormant,Affiliate,2024-10-12
C08785,Customer 8785,Male,25,Udaipur,Rajasthan,Loyal,Meta Ads,2024-03-25
C08786,Customer 8786,Female,37,Pune,Maharashtra,Loyal,Instagram,2024-06-13
C08787,Customer 8787,Female,55,Surat,Gujarat,Loyal,Organic Search,2024-12-29
C08788,Customer 8788,Female,54,Howrah,West Bengal,Dormant,Google Ads,2024-03-08
C08789,Customer 8789,Female,25,Mangaluru,Karnataka,New,Meta Ads,2025-11-12
C08790,Customer 8790,Female,30,Kanpur,Uttar Pradesh,New,Organic Search,2024-11-10
C08791,Customer 8791,Female,51,Kanpur,Uttar Pradesh,At-Risk,Meta Ads,2024-10-18
C08792,Customer 8792,Female,38,Lucknow,Uttar Pradesh,New,Organic Search,2026-04-08
C08793,Customer 8793,Female,42,Mysuru,Karnataka,Loyal,Marketplace,2024-02-23
C08794,Customer 8794,Male,53,Jodhpur,Rajasthan,New,Google Ads,2025-06-16
C08795,Customer 8795,Male,59,Vadodara,Gujarat,One-Time,Meta Ads,2025-06-23
C08796,Customer 8796,Male,51,Ahmedabad,Gujarat,Loyal,Organic Search,2026-05-12
C08797,Customer 8797,Other,26,Delhi,Delhi,Loyal,Organic Search,2025-01-03
C08798,Customer 8798,Male,63,Ahmedabad,Gujarat,Loyal,Marketplace,2026-04-02
C08799,Customer 8799,Male,45,Pune,Maharashtra,New,Google Ads,2025-08-31
C08800,Customer 8800,Female,56,Madurai,Tamil Nadu,One-Time,Influencer,2024-12-07
C08801,Customer 8801,Female,47,Mumbai,Maharashtra,VIP,Email,2025-04-21
C08802,Customer 8802,Female,33,Bengaluru,Karnataka,New,Meta Ads,2025-01-29
C08803,Customer 8803,Other,49,Nagpur,Maharashtra,Loyal,Email,2025-06-26
C08804,Customer 8804,Male,59,Mumbai,Maharashtra,Loyal,Instagram,2024-09-26
C08805,Customer 8805,Female,57,Kanpur,Uttar Pradesh,One-Time,Google Ads,2024-10-23
C08806,Customer 8806,Male,62,Vadodara,Gujarat,One-Time,Meta Ads,2025-10-29
C08807,Customer 8807,Female,20,Warangal,Telangana,At-Risk,Meta Ads,2026-06-02
C08808,Customer 8808,Male,63,Kanpur,Uttar Pradesh,One-Time,Email,2025-05-27
C08809,Customer 8809,Female,33,Kochi,Kerala,New,Google Ads,2024-10-23
C08810,Customer 8810,Male,61,Kanpur,Uttar Pradesh,Dormant,Google Ads,2024-02-27
C08811,Customer 8811,Female,43,Lucknow,Uttar Pradesh,New,Meta Ads,2026-04-24
C08812,Customer 8812,Male,51,Kozhikode,Kerala,At-Risk,Organic Search,2026-04-06
C08813,Customer 8813,Female,55,Vadodara,Gujarat,New,Marketplace,2024-07-05
C08814,Customer 8814,Male,56,Kochi,Kerala,One-Time,Google Ads,2025-12-07
C08815,Customer 8815,Female,33,Kozhikode,Kerala,Loyal,Marketplace,2025-09-01
C08816,Customer 8816,Male,49,Mysuru,Karnataka,New,Organic Search,2026-04-19
C08817,Customer 8817,Female,45,Kanpur,Uttar Pradesh,VIP,Marketplace,2025-03-29
C08818,Customer 8818,Female,33,Noida,Uttar Pradesh,One-Time,Email,2024-08-12
C08819,Customer 8819,Male,19,Lucknow,Uttar Pradesh,Loyal,Email,2024-11-03
C08820,Customer 8820,Female,57,Kozhikode,Kerala,At-Risk,Affiliate,2025-11-08
C08821,Customer 8821,Female,38,Chennai,Tamil Nadu,Loyal,Email,2024-06-30
C08822,Customer 8822,Female,28,Coimbatore,Tamil Nadu,Loyal,Marketplace,2025-07-24
C08823,Customer 8823,Male,34,Kolkata,West Bengal,One-Time,Marketplace,2026-01-14
C08824,Customer 8824,Male,38,Jaipur,Rajasthan,New,Email,2024-04-20
C08825,Customer 8825,Female,65,Lucknow,Uttar Pradesh,Dormant,Organic Search,2025-04-20
C08826,Customer 8826,Female,34,Lucknow,Uttar Pradesh,Loyal,Instagram,2024-08-21
C08827,Customer 8827,Male,24,Udaipur,Rajasthan,Loyal,Organic Search,2025-03-24
C08828,Customer 8828,Male,26,Kozhikode,Kerala,Loyal,Organic Search,2024-06-21
C08829,Customer 8829,Female,62,Nagpur,Maharashtra,One-Time,Organic Search,2024-10-14
C08830,Customer 8830,Female,56,Kochi,Kerala,New,Google Ads,2024-05-18
C08831,Customer 8831,Male,18,Nizamabad,Telangana,New,Marketplace,2024-12-21
C08832,Customer 8832,Female,40,Surat,Gujarat,One-Time,Meta Ads,2025-08-07
C08833,Customer 8833,Female,30,Nizamabad,Telangana,New,Meta Ads,2024-10-01
C08834,Customer 8834,Female,43,Vadodara,Gujarat,New,Meta Ads,2026-02-18
C08835,Customer 8835,Other,46,Chennai,Tamil Nadu,Loyal,Google Ads,2025-06-29
C08836,Customer 8836,Male,42,Nizamabad,Telangana,Loyal,Instagram,2026-06-08
C08837,Customer 8837,Female,41,Howrah,West Bengal,One-Time,Google Ads,2025-08-31
C08838,Customer 8838,Female,51,Jodhpur,Rajasthan,At-Risk,Google Ads,2024-07-12
C08839,Customer 8839,Female,52,Pune,Maharashtra,Loyal,Google Ads,2025-05-25
C08840,Customer 8840,Female,26,Jaipur,Rajasthan,New,Google Ads,2025-08-29
C08841,Customer 8841,Other,50,Mumbai,Maharashtra,At-Risk,Marketplace,2025-03-03
C08842,Customer 8842,Female,42,Nagpur,Maharashtra,Loyal,Email,2024-03-11
C08843,Customer 8843,Male,37,Nagpur,Maharashtra,Loyal,Google Ads,2024-06-11
C08844,Customer 8844,Male,30,Surat,Gujarat,At-Risk,Organic Search,2024-08-03
C08845,Customer 8845,Female,44,Kanpur,Uttar Pradesh,New,Organic Search,2025-01-06
C08846,Customer 8846,Female,64,Surat,Gujarat,Loyal,Email,2026-02-01
C08847,Customer 8847,Female,40,Lucknow,Uttar Pradesh,One-Time,Meta Ads,2024-01-23
C08848,Customer 8848,Male,20,Vadodara,Gujarat,New,Organic Search,2026-04-27
C08849,Customer 8849,Female,29,Kanpur,Uttar Pradesh,Loyal,Google Ads,2025-04-21
C08850,Customer 8850,Male,62,Kochi,Kerala,One-Time,Meta Ads,2026-05-23
C08851,Customer 8851,Female,56,Madurai,Tamil Nadu,New,Marketplace,2025-09-05
C08852,Customer 8852,Female,20,Pune,Maharashtra,Loyal,Instagram,2025-02-22
C08853,Customer 8853,Female,56,Nagpur,Maharashtra,One-Time,Google Ads,2024-04-14
C08854,Customer 8854,Female,23,Ahmedabad,Gujarat,Loyal,Meta Ads,2025-10-24
C08855,Customer 8855,Male,32,Surat,Gujarat,New,Organic Search,2025-07-01
C08856,Customer 8856,Male,61,Mumbai,Maharashtra,One-Time,Google Ads,2024-11-28
C08857,Customer 8857,Male,49,Kanpur,Uttar Pradesh,Loyal,Meta Ads,2026-01-04
C08858,Customer 8858,Female,49,Thiruvananthapuram,Kerala,Loyal,Meta Ads,2025-09-22
C08859,Customer 8859,Female,28,Bengaluru,Karnataka,VIP,Meta Ads,2024-09-16
C08860,Customer 8860,Male,33,Nagpur,Maharashtra,Dormant,Email,2024-05-16
C08861,Customer 8861,Female,22,Nagpur,Maharashtra,New,Google Ads,2025-08-15
C08862,Customer 8862,Male,46,Coimbatore,Tamil Nadu,One-Time,Instagram,2024-04-19
C08863,Customer 8863,Male,41,Kanpur,Uttar Pradesh,At-Risk,Google Ads,2025-04-17
C08864,Customer 8864,Female,25,Vadodara,Gujarat,Loyal,Marketplace,2026-06-04
C08865,Customer 8865,Male,32,Warangal,Telangana,Dormant,Organic Search,2025-10-30
C08866,Customer 8866,Female,21,Delhi,Delhi,VIP,Google Ads,2024-10-07
C08867,Customer 8867,Male,21,Hyderabad,Telangana,VIP,Meta Ads,2026-05-14
C08868,Customer 8868,Female,20,Madurai,Tamil Nadu,New,Organic Search,2026-03-18
C08869,Customer 8869,Male,33,Coimbatore,Tamil Nadu,One-Time,Organic Search,2025-03-18
C08870,Customer 8870,Other,30,Kolkata,West Bengal,Loyal,Instagram,2024-01-21
C08871,Customer 8871,Female,27,Vadodara,Gujarat,Loyal,Google Ads,2026-03-12
C08872,Customer 8872,Male,26,Kanpur,Uttar Pradesh,At-Risk,Email,2026-01-18
C08873,Customer 8873,Female,63,Nizamabad,Telangana,Dormant,Meta Ads,2026-05-28
C08874,Customer 8874,Male,37,Lucknow,Uttar Pradesh,New,Google Ads,2026-04-23
C08875,Customer 8875,Male,42,Nizamabad,Telangana,One-Time,Meta Ads,2025-03-18
C08876,Customer 8876,Other,60,Mangaluru,Karnataka,At-Risk,Organic Search,2024-01-14
C08877,Customer 8877,Male,65,Kanpur,Uttar Pradesh,At-Risk,Meta Ads,2024-12-21
C08878,Customer 8878,Female,36,Jodhpur,Rajasthan,At-Risk,Google Ads,2024-12-16
C08879,Customer 8879,Female,54,Nagpur,Maharashtra,Loyal,Google Ads,2024-09-27
C08880,Customer 8880,Male,37,Delhi,Delhi,Dormant,Organic Search,2025-12-28
C08881,Customer 8881,Female,30,Jaipur,Rajasthan,One-Time,Email,2025-12-29
C08882,Customer 8882,Female,23,Kochi,Kerala,New,Organic Search,2024-01-05
C08883,Customer 8883,Male,34,Howrah,West Bengal,New,Organic Search,2026-04-02
C08884,Customer 8884,Male,65,Warangal,Telangana,Loyal,Email,2024-10-01
C08885,Customer 8885,Male,26,New Delhi,Delhi,At-Risk,Email,2024-06-07
C08886,Customer 8886,Female,24,Mumbai,Maharashtra,Loyal,Marketplace,2024-08-20
C08887,Customer 8887,Female,30,Nizamabad,Telangana,Loyal,Influencer,2024-02-26
C08888,Customer 8888,Female,34,Ahmedabad,Gujarat,One-Time,Instagram,2024-04-30
C08889,Customer 8889,Male,36,Lucknow,Uttar Pradesh,VIP,Organic Search,2024-09-21
C08890,Customer 8890,Female,63,Warangal,Telangana,New,Google Ads,2024-03-20
C08891,Customer 8891,Female,62,Kanpur,Uttar Pradesh,Loyal,Google Ads,2024-06-04
C08892,Customer 8892,Other,39,Jodhpur,Rajasthan,New,Meta Ads,2024-08-12
C08893,Customer 8893,Male,60,Jodhpur,Rajasthan,Loyal,Organic Search,2025-11-21
C08894,Customer 8894,Female,34,Mangaluru,Karnataka,Loyal,Marketplace,2024-06-28
C08895,Customer 8895,Male,36,Coimbatore,Tamil Nadu,Loyal,Organic Search,2026-04-06
C08896,Customer 8896,Female,52,Nagpur,Maharashtra,Loyal,Organic Search,2026-05-26
C08897,Customer 8897,Male,59,Mumbai,Maharashtra,Dormant,Google Ads,2024-10-30
C08898,Customer 8898,Female,19,Mysuru,Karnataka,Dormant,Marketplace,2024-01-20
C08899,Customer 8899,Female,46,Bengaluru,Karnataka,One-Time,Google Ads,2024-09-17
C08900,Customer 8900,Male,33,Nagpur,Maharashtra,New,Marketplace,2024-04-26
C08901,Customer 8901,Male,36,Nagpur,Maharashtra,New,Google Ads,2024-01-29
C08902,Customer 8902,Female,45,Kozhikode,Kerala,New,Google Ads,2025-12-27
C08903,Customer 8903,Male,42,Lucknow,Uttar Pradesh,New,Organic Search,2024-04-08
C08904,Customer 8904,Female,65,Mangaluru,Karnataka,At-Risk,Google Ads,2025-11-17
C08905,Customer 8905,Female,39,Thiruvananthapuram,Kerala,Dormant,Google Ads,2025-08-23
C08906,Customer 8906,Female,64,Mumbai,Maharashtra,New,Organic Search,2025-02-25
C08907,Customer 8907,Male,50,Coimbatore,Tamil Nadu,VIP,Organic Search,2024-10-14
C08908,Customer 8908,Male,48,Noida,Uttar Pradesh,At-Risk,Meta Ads,2024-12-12
C08909,Customer 8909,Female,43,Coimbatore,Tamil Nadu,One-Time,Email,2024-10-06
C08910,Customer 8910,Male,34,Nagpur,Maharashtra,At-Risk,Organic Search,2024-11-07
C08911,Customer 8911,Male,46,Coimbatore,Tamil Nadu,Dormant,Google Ads,2024-08-29
C08912,Customer 8912,Female,44,New Delhi,Delhi,Dormant,Instagram,2026-05-26
C08913,Customer 8913,Female,23,Howrah,West Bengal,VIP,Organic Search,2026-04-06
C08914,Customer 8914,Female,62,Chennai,Tamil Nadu,One-Time,Marketplace,2026-02-19
C08915,Customer 8915,Male,60,Chennai,Tamil Nadu,New,Instagram,2026-01-25
C08916,Customer 8916,Male,50,Bengaluru,Karnataka,Dormant,Organic Search,2024-08-23
C08917,Customer 8917,Female,50,Vadodara,Gujarat,One-Time,Email,2026-02-19
C08918,Customer 8918,Female,25,Pune,Maharashtra,Loyal,Organic Search,2025-02-19
C08919,Customer 8919,Male,46,Lucknow,Uttar Pradesh,One-Time,Affiliate,2024-05-27
C08920,Customer 8920,Female,64,Jodhpur,Rajasthan,Loyal,Email,2025-11-02
C08921,Customer 8921,Male,23,Madurai,Tamil Nadu,New,Google Ads,2026-05-17
C08922,Customer 8922,Female,61,Jodhpur,Rajasthan,At-Risk,Influencer,2026-01-12
C08923,Customer 8923,Female,34,Nizamabad,Telangana,Loyal,Organic Search,2024-01-17
C08924,Customer 8924,Female,28,Mysuru,Karnataka,One-Time,Organic Search,2024-04-19
C08925,Customer 8925,Male,61,Madurai,Tamil Nadu,One-Time,Email,2024-04-28
C08926,Customer 8926,Female,49,Delhi,Delhi,Loyal,Google Ads,2026-05-10
C08927,Customer 8927,Female,56,Jodhpur,Rajasthan,At-Risk,Email,2025-04-22
C08928,Customer 8928,Female,60,Kochi,Kerala,Dormant,Email,2026-01-07
C08929,Customer 8929,Male,18,Chennai,Tamil Nadu,At-Risk,Instagram,2024-05-02
C08930,Customer 8930,Male,28,Madurai,Tamil Nadu,Loyal,Google Ads,2025-03-29
C08931,Customer 8931,Male,29,Vadodara,Gujarat,At-Risk,Affiliate,2024-12-01
C08932,Customer 8932,Male,62,Mysuru,Karnataka,Loyal,Instagram,2025-03-26
C08933,Customer 8933,Female,43,Pune,Maharashtra,Loyal,Organic Search,2025-08-25
C08934,Customer 8934,Female,26,Kochi,Kerala,Loyal,Google Ads,2025-04-01
C08935,Customer 8935,Female,51,Noida,Uttar Pradesh,One-Time,Email,2024-03-07
C08936,Customer 8936,Female,35,Kochi,Kerala,Loyal,Google Ads,2026-01-04
C08937,Customer 8937,Male,45,Pune,Maharashtra,VIP,Organic Search,2026-03-28
C08938,Customer 8938,Male,63,Hyderabad,Telangana,One-Time,Organic Search,2025-05-06
C08939,Customer 8939,Other,30,Madurai,Tamil Nadu,VIP,Instagram,2024-06-13
C08940,Customer 8940,Male,63,Kozhikode,Kerala,One-Time,Marketplace,2026-01-01
C08941,Customer 8941,Male,53,Mumbai,Maharashtra,Loyal,Meta Ads,2025-06-23
C08942,Customer 8942,Male,19,Mumbai,Maharashtra,At-Risk,Instagram,2026-02-16
C08943,Customer 8943,Female,36,Nizamabad,Telangana,New,Organic Search,2025-07-08
C08944,Customer 8944,Female,59,Lucknow,Uttar Pradesh,New,Email,2025-09-24
C08945,Customer 8945,Male,59,Noida,Uttar Pradesh,Loyal,Organic Search,2025-12-07
C08946,Customer 8946,Male,51,Jaipur,Rajasthan,New,Marketplace,2024-02-12
C08947,Customer 8947,Male,51,Warangal,Telangana,New,Organic Search,2024-08-07
C08948,Customer 8948,Male,59,Jaipur,Rajasthan,VIP,Google Ads,2025-02-07
C08949,Customer 8949,Male,24,Chennai,Tamil Nadu,New,Meta Ads,2025-09-28
C08950,Customer 8950,Female,40,Pune,Maharashtra,Loyal,Influencer,2024-08-18
C08951,Customer 8951,Male,34,Bengaluru,Karnataka,New,Google Ads,2025-02-08
C08952,Customer 8952,Female,65,Delhi,Delhi,New,Email,2024-02-09
C08953,Customer 8953,Female,54,Mysuru,Karnataka,One-Time,Marketplace,2025-07-23
C08954,Customer 8954,Female,53,Thiruvananthapuram,Kerala,Dormant,Affiliate,2025-08-06
C08955,Customer 8955,Male,22,New Delhi,Delhi,Loyal,Google Ads,2025-05-07
C08956,Customer 8956,Female,54,Madurai,Tamil Nadu,One-Time,Organic Search,2025-04-06
C08957,Customer 8957,Female,58,Howrah,West Bengal,One-Time,Instagram,2026-06-17
C08958,Customer 8958,Male,38,Kolkata,West Bengal,Loyal,Marketplace,2024-02-24
C08959,Customer 8959,Male,59,Nizamabad,Telangana,Loyal,Organic Search,2025-09-30
C08960,Customer 8960,Female,36,Surat,Gujarat,One-Time,Email,2025-07-13
C08961,Customer 8961,Male,49,Mangaluru,Karnataka,New,Google Ads,2025-02-09
C08962,Customer 8962,Male,27,Madurai,Tamil Nadu,Loyal,Meta Ads,2024-06-20
C08963,Customer 8963,Male,42,Udaipur,Rajasthan,Loyal,Instagram,2026-04-21
C08964,Customer 8964,Male,20,Vadodara,Gujarat,At-Risk,Organic Search,2026-04-23
C08965,Customer 8965,Male,23,Chennai,Tamil Nadu,Loyal,Email,2024-11-02
C08966,Customer 8966,Male,61,Nagpur,Maharashtra,VIP,Influencer,2025-09-19
C08967,Customer 8967,Female,51,Delhi,Delhi,Loyal,Google Ads,2024-04-07
C08968,Customer 8968,Female,46,Bengaluru,Karnataka,Loyal,Meta Ads,2024-01-04
C08969,Customer 8969,Female,37,Kochi,Kerala,Loyal,Organic Search,2026-05-19
C08970,Customer 8970,Male,44,Surat,Gujarat,New,Organic Search,2026-02-23
C08971,Customer 8971,Male,51,Noida,Uttar Pradesh,Dormant,Email,2024-01-08
C08972,Customer 8972,Female,34,Madurai,Tamil Nadu,One-Time,Instagram,2024-02-28
C08973,Customer 8973,Male,33,Noida,Uttar Pradesh,Loyal,Google Ads,2024-05-16
C08974,Customer 8974,Female,53,Hyderabad,Telangana,Loyal,Organic Search,2024-01-11
C08975,Customer 8975,Male,43,Mysuru,Karnataka,At-Risk,Marketplace,2024-12-01
C08976,Customer 8976,Male,37,Nizamabad,Telangana,New,Affiliate,2024-12-21
C08977,Customer 8977,Male,39,Nizamabad,Telangana,At-Risk,Organic Search,2025-08-19
C08978,Customer 8978,Other,56,Kochi,Kerala,New,Organic Search,2024-05-20
C08979,Customer 8979,Male,42,Udaipur,Rajasthan,New,Affiliate,2026-03-01
C08980,Customer 8980,Male,21,Kolkata,West Bengal,At-Risk,Affiliate,2026-01-06
C08981,Customer 8981,Male,57,Vadodara,Gujarat,One-Time,Google Ads,2025-09-22
C08982,Customer 8982,Male,29,Vadodara,Gujarat,Loyal,Meta Ads,2026-04-30
C08983,Customer 8983,Male,21,Kolkata,West Bengal,Loyal,Influencer,2024-06-21
C08984,Customer 8984,Female,31,Kanpur,Uttar Pradesh,Dormant,Influencer,2025-12-06
C08985,Customer 8985,Female,23,Surat,Gujarat,At-Risk,Organic Search,2025-01-27
C08986,Customer 8986,Female,19,Udaipur,Rajasthan,One-Time,Meta Ads,2024-11-27
C08987,Customer 8987,Male,51,Bengaluru,Karnataka,At-Risk,Affiliate,2025-09-04
C08988,Customer 8988,Female,49,Kozhikode,Kerala,New,Meta Ads,2024-09-19
C08989,Customer 8989,Male,32,Nizamabad,Telangana,Loyal,Meta Ads,2024-01-17
C08990,Customer 8990,Female,51,Chennai,Tamil Nadu,VIP,Email,2024-11-04
C08991,Customer 8991,Male,19,Noida,Uttar Pradesh,VIP,Organic Search,2025-12-02
C08992,Customer 8992,Male,37,Pune,Maharashtra,Loyal,Meta Ads,2024-03-18
C08993,Customer 8993,Female,45,Mumbai,Maharashtra,At-Risk,Organic Search,2026-02-07
C08994,Customer 8994,Female,56,Madurai,Tamil Nadu,Loyal,Organic Search,2026-03-24
C08995,Customer 8995,Male,31,Chennai,Tamil Nadu,Dormant,Meta Ads,2025-03-01
C08996,Customer 8996,Male,63,Kochi,Kerala,New,Meta Ads,2024-08-07
C08997,Customer 8997,Female,35,Noida,Uttar Pradesh,One-Time,Organic Search,2026-01-01
C08998,Customer 8998,Female,53,New Delhi,Delhi,At-Risk,Marketplace,2024-08-13
C08999,Customer 8999,Male,26,Kochi,Kerala,One-Time,Marketplace,2024-07-06
C09000,Customer 9000,Female,50,Howrah,West Bengal,Loyal,Google Ads,2025-10-06
C09001,Customer 9001,Female,44,Lucknow,Uttar Pradesh,At-Risk,Organic Search,2024-10-13
C09002,Customer 9002,Male,39,Bengaluru,Karnataka,Loyal,Affiliate,2025-07-09
C09003,Customer 9003,Male,30,Delhi,Delhi,New,Meta Ads,2024-07-24
C09004,Customer 9004,Female,44,Nizamabad,Telangana,New,Organic Search,2026-05-12
C09005,Customer 9005,Male,37,Hyderabad,Telangana,One-Time,Instagram,2024-07-18
C09006,Customer 9006,Male,31,Jodhpur,Rajasthan,One-Time,Organic Search,2026-06-02
C09007,Customer 9007,Female,43,Nagpur,Maharashtra,New,Google Ads,2025-11-13
C09008,Customer 9008,Female,29,Vadodara,Gujarat,At-Risk,Meta Ads,2025-01-10
C09009,Customer 9009,Male,49,Jaipur,Rajasthan,One-Time,Meta Ads,2025-09-07
C09010,Customer 9010,Male,19,Warangal,Telangana,At-Risk,Instagram,2026-04-08
C09011,Customer 9011,Male,29,Madurai,Tamil Nadu,Dormant,Google Ads,2025-07-17
C09012,Customer 9012,Female,41,Howrah,West Bengal,One-Time,Instagram,2026-05-09
C09013,Customer 9013,Female,24,Noida,Uttar Pradesh,Dormant,Email,2026-04-06
C09014,Customer 9014,Male,28,Mangaluru,Karnataka,New,Google Ads,2026-02-09
C09015,Customer 9015,Female,38,Thiruvananthapuram,Kerala,Loyal,Meta Ads,2026-04-06
C09016,Customer 9016,Male,40,Lucknow,Uttar Pradesh,Dormant,Google Ads,2026-04-19
C09017,Customer 9017,Female,34,Howrah,West Bengal,At-Risk,Marketplace,2024-01-22
C09018,Customer 9018,Female,56,Coimbatore,Tamil Nadu,New,Google Ads,2025-06-23
C09019,Customer 9019,Female,42,Udaipur,Rajasthan,One-Time,Organic Search,2025-08-23
C09020,Customer 9020,Male,35,Kanpur,Uttar Pradesh,One-Time,Instagram,2024-04-12
C09021,Customer 9021,Female,42,Mysuru,Karnataka,Dormant,Meta Ads,2025-08-20
C09022,Customer 9022,Female,33,Kozhikode,Kerala,New,Influencer,2026-02-12
C09023,Customer 9023,Male,20,Kochi,Kerala,Loyal,Organic Search,2025-10-28
C09024,Customer 9024,Male,39,Delhi,Delhi,One-Time,Organic Search,2024-10-03
C09025,Customer 9025,Male,35,Jaipur,Rajasthan,One-Time,Google Ads,2025-03-17
C09026,Customer 9026,Female,41,Delhi,Delhi,One-Time,Meta Ads,2026-04-12
C09027,Customer 9027,Female,42,Kanpur,Uttar Pradesh,One-Time,Meta Ads,2024-08-31
C09028,Customer 9028,Male,31,Noida,Uttar Pradesh,Loyal,Instagram,2025-04-12
C09029,Customer 9029,Male,39,Nizamabad,Telangana,One-Time,Marketplace,2026-01-24
C09030,Customer 9030,Male,46,Warangal,Telangana,Loyal,Instagram,2025-03-16
C09031,Customer 9031,Female,29,Bengaluru,Karnataka,Loyal,Meta Ads,2024-04-07
C09032,Customer 9032,Male,19,Thiruvananthapuram,Kerala,One-Time,Google Ads,2026-01-18
C09033,Customer 9033,Male,26,Chennai,Tamil Nadu,VIP,Instagram,2024-11-03
C09034,Customer 9034,Female,41,Noida,Uttar Pradesh,Loyal,Google Ads,2024-12-15
C09035,Customer 9035,Female,51,New Delhi,Delhi,Loyal,Instagram,2026-01-28
C09036,Customer 9036,Female,49,Bengaluru,Karnataka,New,Marketplace,2024-04-05
C09037,Customer 9037,Female,55,Thiruvananthapuram,Kerala,New,Email,2025-11-02
C09038,Customer 9038,Male,40,Ahmedabad,Gujarat,At-Risk,Meta Ads,2025-12-06
C09039,Customer 9039,Female,60,Chennai,Tamil Nadu,At-Risk,Meta Ads,2026-03-15
C09040,Customer 9040,Male,64,Warangal,Telangana,New,Organic Search,2024-09-18
C09041,Customer 9041,Female,18,Nagpur,Maharashtra,One-Time,Google Ads,2024-01-22
C09042,Customer 9042,Female,25,Mumbai,Maharashtra,One-Time,Marketplace,2026-01-31
C09043,Customer 9043,Other,37,Chennai,Tamil Nadu,VIP,Organic Search,2024-05-19
C09044,Customer 9044,Female,39,Ahmedabad,Gujarat,New,Email,2026-04-04
C09045,Customer 9045,Male,27,Mysuru,Karnataka,Dormant,Organic Search,2025-10-02
C09046,Customer 9046,Male,32,Hyderabad,Telangana,New,Meta Ads,2024-12-18
C09047,Customer 9047,Female,20,Mysuru,Karnataka,Dormant,Google Ads,2024-11-30
C09048,Customer 9048,Male,61,Madurai,Tamil Nadu,New,Organic Search,2025-08-26
C09049,Customer 9049,Other,55,Kochi,Kerala,One-Time,Google Ads,2026-02-06
C09050,Customer 9050,Male,26,Madurai,Tamil Nadu,One-Time,Google Ads,2024-01-16
C09051,Customer 9051,Female,37,Warangal,Telangana,One-Time,Marketplace,2024-01-19
C09052,Customer 9052,Female,43,Surat,Gujarat,Dormant,Affiliate,2025-12-15
C09053,Customer 9053,Female,39,Thiruvananthapuram,Kerala,Loyal,Google Ads,2025-01-03
C09054,Customer 9054,Female,38,Kanpur,Uttar Pradesh,New,Marketplace,2025-02-17
C09055,Customer 9055,Female,44,Noida,Uttar Pradesh,Dormant,Google Ads,2024-01-09
C09056,Customer 9056,Male,62,Kozhikode,Kerala,New,Affiliate,2024-08-25
C09057,Customer 9057,Male,43,Kolkata,West Bengal,New,Instagram,2025-06-25
C09058,Customer 9058,Male,44,Kochi,Kerala,New,Email,2026-02-26
C09059,Customer 9059,Male,30,Warangal,Telangana,Loyal,Organic Search,2024-04-24
C09060,Customer 9060,Female,40,Lucknow,Uttar Pradesh,Dormant,Google Ads,2025-01-03
C09061,Customer 9061,Female,50,Lucknow,Uttar Pradesh,New,Marketplace,2025-10-25
C09062,Customer 9062,Male,46,Kochi,Kerala,VIP,Google Ads,2026-01-11
C09063,Customer 9063,Female,41,New Delhi,Delhi,One-Time,Marketplace,2025-03-16
C09064,Customer 9064,Male,52,Lucknow,Uttar Pradesh,New,Google Ads,2025-01-13
C09065,Customer 9065,Female,28,Nagpur,Maharashtra,VIP,Google Ads,2026-01-20
C09066,Customer 9066,Female,19,Surat,Gujarat,VIP,Google Ads,2026-05-04
C09067,Customer 9067,Female,32,Chennai,Tamil Nadu,Loyal,Instagram,2025-11-22
C09068,Customer 9068,Female,29,Ahmedabad,Gujarat,New,Organic Search,2025-08-26
C09069,Customer 9069,Male,61,Howrah,West Bengal,New,Organic Search,2025-09-14
C09070,Customer 9070,Male,29,Mangaluru,Karnataka,VIP,Affiliate,2025-08-23
C09071,Customer 9071,Male,61,Mumbai,Maharashtra,Loyal,Email,2025-04-10
C09072,Customer 9072,Male,37,Mysuru,Karnataka,One-Time,Email,2024-04-21
C09073,Customer 9073,Male,52,Kolkata,West Bengal,New,Meta Ads,2026-03-16
C09074,Customer 9074,Female,45,Kolkata,West Bengal,At-Risk,Organic Search,2025-11-03
C09075,Customer 9075,Male,18,Jodhpur,Rajasthan,New,Marketplace,2024-11-07
C09076,Customer 9076,Female,61,Nagpur,Maharashtra,Loyal,Meta Ads,2025-04-13
C09077,Customer 9077,Male,40,Noida,Uttar Pradesh,VIP,Meta Ads,2024-03-08
C09078,Customer 9078,Male,45,Howrah,West Bengal,New,Meta Ads,2025-10-08
C09079,Customer 9079,Male,30,Nizamabad,Telangana,Loyal,Meta Ads,2025-01-05
C09080,Customer 9080,Female,26,Mangaluru,Karnataka,Loyal,Organic Search,2026-02-19
C09081,Customer 9081,Female,19,Delhi,Delhi,Loyal,Google Ads,2024-07-20
C09082,Customer 9082,Female,43,Madurai,Tamil Nadu,Dormant,Influencer,2025-09-24
C09083,Customer 9083,Female,33,Mumbai,Maharashtra,Loyal,Google Ads,2024-10-31
C09084,Customer 9084,Male,38,Nagpur,Maharashtra,New,Google Ads,2025-03-25
C09085,Customer 9085,Female,65,Nizamabad,Telangana,One-Time,Google Ads,2024-10-15
C09086,Customer 9086,Male,48,Warangal,Telangana,Loyal,Instagram,2026-02-05
C09087,Customer 9087,Male,53,Mangaluru,Karnataka,One-Time,Organic Search,2024-07-05
C09088,Customer 9088,Female,48,Kanpur,Uttar Pradesh,At-Risk,Marketplace,2025-10-26
C09089,Customer 9089,Female,26,New Delhi,Delhi,New,Instagram,2024-01-24
C09090,Customer 9090,Female,49,Chennai,Tamil Nadu,New,Meta Ads,2025-11-19
C09091,Customer 9091,Male,60,Howrah,West Bengal,New,Organic Search,2025-03-01
C09092,Customer 9092,Male,65,Surat,Gujarat,At-Risk,Organic Search,2026-03-31
C09093,Customer 9093,Female,20,Nagpur,Maharashtra,VIP,Organic Search,2025-01-03
C09094,Customer 9094,Female,19,Pune,Maharashtra,Loyal,Instagram,2024-05-04
C09095,Customer 9095,Female,64,Pune,Maharashtra,One-Time,Organic Search,2025-09-02
C09096,Customer 9096,Female,54,Ahmedabad,Gujarat,Dormant,Google Ads,2025-03-25
C09097,Customer 9097,Male,18,New Delhi,Delhi,At-Risk,Meta Ads,2024-02-08
C09098,Customer 9098,Male,59,Chennai,Tamil Nadu,One-Time,Marketplace,2024-04-21
C09099,Customer 9099,Female,63,Surat,Gujarat,VIP,Google Ads,2025-03-18
C09100,Customer 9100,Male,29,Kochi,Kerala,Dormant,Meta Ads,2025-11-05
C09101,Customer 9101,Female,28,Mangaluru,Karnataka,One-Time,Meta Ads,2026-06-04
C09102,Customer 9102,Male,54,New Delhi,Delhi,One-Time,Google Ads,2025-01-23
C09103,Customer 9103,Male,32,Delhi,Delhi,Loyal,Marketplace,2026-05-05
C09104,Customer 9104,Male,23,Jaipur,Rajasthan,One-Time,Google Ads,2025-10-10
C09105,Customer 9105,Female,51,Jaipur,Rajasthan,At-Risk,Email,2025-04-30
C09106,Customer 9106,Male,44,Jodhpur,Rajasthan,Loyal,Influencer,2024-04-19
C09107,Customer 9107,Male,31,Nagpur,Maharashtra,New,Google Ads,2026-01-28
C09108,Customer 9108,Female,33,Madurai,Tamil Nadu,One-Time,Google Ads,2025-07-12
C09109,Customer 9109,Female,40,Noida,Uttar Pradesh,Loyal,Meta Ads,2025-12-10
C09110,Customer 9110,Male,28,Coimbatore,Tamil Nadu,New,Google Ads,2024-04-11
C09111,Customer 9111,Female,20,Kozhikode,Kerala,One-Time,Meta Ads,2026-04-27
C09112,Customer 9112,Male,49,Madurai,Tamil Nadu,New,Organic Search,2024-11-13
C09113,Customer 9113,Female,32,Delhi,Delhi,At-Risk,Google Ads,2024-12-31
C09114,Customer 9114,Female,37,New Delhi,Delhi,New,Organic Search,2025-04-27
C09115,Customer 9115,Male,32,Coimbatore,Tamil Nadu,New,Marketplace,2024-01-29
C09116,Customer 9116,Female,25,Kanpur,Uttar Pradesh,At-Risk,Meta Ads,2025-09-14
C09117,Customer 9117,Female,44,Pune,Maharashtra,New,Meta Ads,2024-08-24
C09118,Customer 9118,Female,47,Ahmedabad,Gujarat,VIP,Google Ads,2025-03-26
C09119,Customer 9119,Male,42,Surat,Gujarat,One-Time,Google Ads,2025-04-14
C09120,Customer 9120,Female,42,Lucknow,Uttar Pradesh,At-Risk,Instagram,2025-10-19
C09121,Customer 9121,Male,52,Surat,Gujarat,New,Email,2025-12-22
C09122,Customer 9122,Male,20,Thiruvananthapuram,Kerala,New,Meta Ads,2024-06-05
C09123,Customer 9123,Female,55,Kanpur,Uttar Pradesh,New,Meta Ads,2025-12-27
C09124,Customer 9124,Female,57,Mangaluru,Karnataka,Dormant,Google Ads,2025-07-31
C09125,Customer 9125,Female,25,Kanpur,Uttar Pradesh,At-Risk,Organic Search,2026-04-02
C09126,Customer 9126,Female,65,Kozhikode,Kerala,One-Time,Instagram,2024-12-13
C09127,Customer 9127,Male,39,Bengaluru,Karnataka,New,Organic Search,2025-05-16
C09128,Customer 9128,Male,34,Vadodara,Gujarat,New,Email,2024-05-18
C09129,Customer 9129,Male,32,Mysuru,Karnataka,New,Instagram,2024-11-12
C09130,Customer 9130,Male,65,Howrah,West Bengal,New,Organic Search,2026-02-07
C09131,Customer 9131,Female,44,Hyderabad,Telangana,At-Risk,Google Ads,2025-12-04
C09132,Customer 9132,Male,65,Jodhpur,Rajasthan,New,Organic Search,2026-05-28
C09133,Customer 9133,Male,52,Chennai,Tamil Nadu,At-Risk,Instagram,2026-02-11
C09134,Customer 9134,Male,40,Surat,Gujarat,New,Email,2024-08-03
C09135,Customer 9135,Male,19,Hyderabad,Telangana,At-Risk,Email,2024-10-18
C09136,Customer 9136,Female,62,Jaipur,Rajasthan,One-Time,Email,2024-05-21
C09137,Customer 9137,Male,28,New Delhi,Delhi,New,Organic Search,2025-03-30
C09138,Customer 9138,Female,55,Kolkata,West Bengal,At-Risk,Google Ads,2025-11-19
C09139,Customer 9139,Male,24,Mangaluru,Karnataka,One-Time,Email,2026-01-12
C09140,Customer 9140,Female,58,Nagpur,Maharashtra,At-Risk,Google Ads,2026-06-10
C09141,Customer 9141,Female,19,Chennai,Tamil Nadu,VIP,Meta Ads,2024-11-04
C09142,Customer 9142,Male,23,Kozhikode,Kerala,Dormant,Meta Ads,2025-01-11
C09143,Customer 9143,Female,32,Pune,Maharashtra,At-Risk,Organic Search,2025-06-02
C09144,Customer 9144,Male,55,Kolkata,West Bengal,New,Organic Search,2025-12-12
C09145,Customer 9145,Male,65,Nizamabad,Telangana,One-Time,Influencer,2026-05-14
C09146,Customer 9146,Male,29,Jaipur,Rajasthan,VIP,Email,2024-05-12
C09147,Customer 9147,Female,45,Mumbai,Maharashtra,One-Time,Organic Search,2024-11-03
C09148,Customer 9148,Female,53,New Delhi,Delhi,Loyal,Marketplace,2024-07-24
C09149,Customer 9149,Female,60,Chennai,Tamil Nadu,New,Google Ads,2024-08-12
C09150,Customer 9150,Female,29,Pune,Maharashtra,Loyal,Organic Search,2024-05-06
C09151,Customer 9151,Male,23,Bengaluru,Karnataka,One-Time,Meta Ads,2025-06-18
C09152,Customer 9152,Male,55,Chennai,Tamil Nadu,New,Meta Ads,2025-08-22
C09153,Customer 9153,Male,19,New Delhi,Delhi,Dormant,Marketplace,2025-01-26
C09154,Customer 9154,Female,60,Thiruvananthapuram,Kerala,At-Risk,Meta Ads,2025-06-12
C09155,Customer 9155,Male,37,Delhi,Delhi,One-Time,Marketplace,2025-09-15
C09156,Customer 9156,Female,42,Kochi,Kerala,New,Affiliate,2025-08-18
C09157,Customer 9157,Male,41,Delhi,Delhi,VIP,Influencer,2026-04-29
C09158,Customer 9158,Male,38,Hyderabad,Telangana,New,Organic Search,2024-06-01
C09159,Customer 9159,Other,18,Nagpur,Maharashtra,Loyal,Organic Search,2026-05-09
C09160,Customer 9160,Female,24,Chennai,Tamil Nadu,At-Risk,Instagram,2024-03-14
C09161,Customer 9161,Female,34,Mangaluru,Karnataka,One-Time,Instagram,2024-01-27
C09162,Customer 9162,Male,29,Kanpur,Uttar Pradesh,One-Time,Influencer,2025-04-25
C09163,Customer 9163,Female,57,Kolkata,West Bengal,New,Instagram,2025-03-10
C09164,Customer 9164,Female,65,Ahmedabad,Gujarat,One-Time,Email,2025-04-21
C09165,Customer 9165,Male,27,New Delhi,Delhi,Loyal,Marketplace,2026-06-13
C09166,Customer 9166,Male,53,Coimbatore,Tamil Nadu,New,Meta Ads,2025-01-14
C09167,Customer 9167,Female,42,Surat,Gujarat,Dormant,Affiliate,2026-02-01
C09168,Customer 9168,Female,54,Pune,Maharashtra,VIP,Meta Ads,2025-09-06
C09169,Customer 9169,Male,54,Pune,Maharashtra,New,Google Ads,2024-02-26
C09170,Customer 9170,Female,57,Mangaluru,Karnataka,Loyal,Organic Search,2025-01-11
C09171,Customer 9171,Male,64,Pune,Maharashtra,One-Time,Email,2024-04-28
C09172,Customer 9172,Male,46,Kolkata,West Bengal,One-Time,Affiliate,2026-02-09
C09173,Customer 9173,Male,62,Hyderabad,Telangana,Loyal,Google Ads,2024-11-25
C09174,Customer 9174,Male,39,Nagpur,Maharashtra,New,Google Ads,2025-11-30
C09175,Customer 9175,Male,20,Kochi,Kerala,New,Influencer,2024-03-07
C09176,Customer 9176,Male,34,Kochi,Kerala,New,Email,2024-10-29
C09177,Customer 9177,Male,51,New Delhi,Delhi,New,Email,2025-12-22
C09178,Customer 9178,Male,19,Delhi,Delhi,Loyal,Meta Ads,2026-03-15
C09179,Customer 9179,Female,57,Lucknow,Uttar Pradesh,Dormant,Marketplace,2024-01-24
C09180,Customer 9180,Male,56,Warangal,Telangana,Loyal,Marketplace,2025-03-18
C09181,Customer 9181,Female,29,Madurai,Tamil Nadu,Dormant,Email,2026-02-27
C09182,Customer 9182,Female,59,Nizamabad,Telangana,Loyal,Meta Ads,2025-02-21
C09183,Customer 9183,Male,55,Coimbatore,Tamil Nadu,One-Time,Marketplace,2024-09-26
C09184,Customer 9184,Female,34,Kozhikode,Kerala,At-Risk,Marketplace,2025-10-10
C09185,Customer 9185,Female,62,Jodhpur,Rajasthan,New,Email,2025-12-13
C09186,Customer 9186,Male,42,Kozhikode,Kerala,New,Organic Search,2026-05-10
C09187,Customer 9187,Male,39,Jaipur,Rajasthan,Dormant,Instagram,2026-03-31
C09188,Customer 9188,Male,45,Vadodara,Gujarat,Loyal,Meta Ads,2024-01-30
C09189,Customer 9189,Male,65,Jaipur,Rajasthan,Dormant,Organic Search,2025-12-31
C09190,Customer 9190,Male,49,Kolkata,West Bengal,New,Organic Search,2024-06-06
C09191,Customer 9191,Other,42,New Delhi,Delhi,At-Risk,Email,2026-01-23
C09192,Customer 9192,Female,49,Mysuru,Karnataka,New,Affiliate,2025-12-25
C09193,Customer 9193,Female,53,Delhi,Delhi,One-Time,Instagram,2024-07-26
C09194,Customer 9194,Female,27,Bengaluru,Karnataka,At-Risk,Influencer,2025-02-01
C09195,Customer 9195,Male,43,Delhi,Delhi,One-Time,Meta Ads,2025-11-24
C09196,Customer 9196,Female,50,Mumbai,Maharashtra,Loyal,Marketplace,2026-02-11
C09197,Customer 9197,Female,27,Surat,Gujarat,At-Risk,Meta Ads,2026-02-23
C09198,Customer 9198,Male,54,Mysuru,Karnataka,At-Risk,Google Ads,2024-11-12
C09199,Customer 9199,Male,18,Mysuru,Karnataka,New,Organic Search,2024-03-12
C09200,Customer 9200,Male,18,Delhi,Delhi,New,Google Ads,2026-05-27
C09201,Customer 9201,Female,36,Nagpur,Maharashtra,Dormant,Google Ads,2026-02-17
C09202,Customer 9202,Female,47,Kozhikode,Kerala,Loyal,Organic Search,2024-07-13
C09203,Customer 9203,Male,23,Madurai,Tamil Nadu,Loyal,Meta Ads,2025-06-08
C09204,Customer 9204,Male,38,Madurai,Tamil Nadu,New,Affiliate,2026-05-04
C09205,Customer 9205,Female,26,Warangal,Telangana,New,Google Ads,2024-10-19
C09206,Customer 9206,Male,60,Noida,Uttar Pradesh,Dormant,Instagram,2025-12-11
C09207,Customer 9207,Female,53,Kolkata,West Bengal,Loyal,Instagram,2025-03-14
C09208,Customer 9208,Female,63,Madurai,Tamil Nadu,At-Risk,Email,2026-05-26
C09209,Customer 9209,Female,35,Mangaluru,Karnataka,New,Instagram,2025-01-02
C09210,Customer 9210,Male,46,Udaipur,Rajasthan,New,Instagram,2024-05-25
C09211,Customer 9211,Male,35,Kozhikode,Kerala,Loyal,Meta Ads,2026-05-06
C09212,Customer 9212,Female,37,Madurai,Tamil Nadu,At-Risk,Google Ads,2024-11-13
C09213,Customer 9213,Male,44,Nagpur,Maharashtra,One-Time,Organic Search,2024-09-05
C09214,Customer 9214,Female,63,Hyderabad,Telangana,One-Time,Email,2024-06-26
C09215,Customer 9215,Female,59,Hyderabad,Telangana,Loyal,Instagram,2025-01-04
C09216,Customer 9216,Male,30,Jodhpur,Rajasthan,New,Meta Ads,2026-01-16
C09217,Customer 9217,Female,32,Thiruvananthapuram,Kerala,One-Time,Marketplace,2024-11-05
C09218,Customer 9218,Male,41,Kozhikode,Kerala,Loyal,Meta Ads,2024-08-29
C09219,Customer 9219,Male,54,Kanpur,Uttar Pradesh,New,Marketplace,2025-02-02
C09220,Customer 9220,Male,34,Nagpur,Maharashtra,Loyal,Meta Ads,2025-04-18
C09221,Customer 9221,Male,21,Kozhikode,Kerala,New,Marketplace,2026-01-14
C09222,Customer 9222,Male,25,Bengaluru,Karnataka,VIP,Instagram,2024-06-22
C09223,Customer 9223,Female,37,Mysuru,Karnataka,At-Risk,Email,2024-10-17
C09224,Customer 9224,Male,60,Kolkata,West Bengal,At-Risk,Meta Ads,2025-09-28
C09225,Customer 9225,Female,51,Warangal,Telangana,Loyal,Marketplace,2025-01-21
C09226,Customer 9226,Male,30,Noida,Uttar Pradesh,Loyal,Meta Ads,2025-10-30
C09227,Customer 9227,Male,46,Kozhikode,Kerala,One-Time,Organic Search,2025-02-01
C09228,Customer 9228,Female,56,Lucknow,Uttar Pradesh,One-Time,Google Ads,2024-04-13
C09229,Customer 9229,Female,31,Noida,Uttar Pradesh,New,Email,2026-02-14
C09230,Customer 9230,Male,54,Madurai,Tamil Nadu,VIP,Organic Search,2025-09-09
C09231,Customer 9231,Male,48,Warangal,Telangana,New,Email,2024-05-01
C09232,Customer 9232,Male,50,Lucknow,Uttar Pradesh,One-Time,Organic Search,2024-05-28
C09233,Customer 9233,Male,24,Ahmedabad,Gujarat,Loyal,Affiliate,2024-11-01
C09234,Customer 9234,Male,23,Thiruvananthapuram,Kerala,Loyal,Email,2026-05-08
C09235,Customer 9235,Male,39,Pune,Maharashtra,One-Time,Meta Ads,2024-09-26
C09236,Customer 9236,Male,37,Mangaluru,Karnataka,Loyal,Instagram,2026-03-02
C09237,Customer 9237,Female,32,Coimbatore,Tamil Nadu,Loyal,Organic Search,2025-03-15
C09238,Customer 9238,Male,62,Kolkata,West Bengal,Dormant,Meta Ads,2024-06-30
C09239,Customer 9239,Female,29,Noida,Uttar Pradesh,Loyal,Organic Search,2024-04-13
C09240,Customer 9240,Male,35,Kochi,Kerala,One-Time,Google Ads,2024-11-02
C09241,Customer 9241,Female,20,Bengaluru,Karnataka,At-Risk,Marketplace,2024-07-19
C09242,Customer 9242,Male,18,Delhi,Delhi,New,Organic Search,2025-06-20
C09243,Customer 9243,Male,33,Nizamabad,Telangana,One-Time,Email,2026-05-31
C09244,Customer 9244,Male,52,Mysuru,Karnataka,New,Affiliate,2025-12-27
C09245,Customer 9245,Female,46,Chennai,Tamil Nadu,Loyal,Affiliate,2024-10-06
C09246,Customer 9246,Female,51,Vadodara,Gujarat,Loyal,Google Ads,2026-04-28
C09247,Customer 9247,Male,54,New Delhi,Delhi,Loyal,Meta Ads,2026-05-20
C09248,Customer 9248,Female,45,Madurai,Tamil Nadu,At-Risk,Instagram,2025-01-12
C09249,Customer 9249,Female,39,Howrah,West Bengal,Loyal,Meta Ads,2025-03-14
C09250,Customer 9250,Female,35,Kanpur,Uttar Pradesh,New,Meta Ads,2025-03-15
C09251,Customer 9251,Male,19,Bengaluru,Karnataka,Loyal,Meta Ads,2025-01-05
C09252,Customer 9252,Male,33,Bengaluru,Karnataka,VIP,Google Ads,2024-05-20
C09253,Customer 9253,Female,41,Jodhpur,Rajasthan,Loyal,Google Ads,2026-03-16
C09254,Customer 9254,Male,29,Kanpur,Uttar Pradesh,Loyal,Meta Ads,2024-11-10
C09255,Customer 9255,Female,24,Kanpur,Uttar Pradesh,Loyal,Google Ads,2024-03-16
C09256,Customer 9256,Female,46,Pune,Maharashtra,Loyal,Email,2026-06-11
C09257,Customer 9257,Male,41,Ahmedabad,Gujarat,One-Time,Google Ads,2024-04-22
C09258,Customer 9258,Female,65,Kozhikode,Kerala,At-Risk,Google Ads,2026-04-23
C09259,Customer 9259,Male,57,Madurai,Tamil Nadu,New,Influencer,2024-05-01
C09260,Customer 9260,Female,55,Coimbatore,Tamil Nadu,New,Organic Search,2025-01-07
C09261,Customer 9261,Female,41,Thiruvananthapuram,Kerala,VIP,Marketplace,2025-04-13
C09262,Customer 9262,Male,49,Mumbai,Maharashtra,At-Risk,Marketplace,2024-07-19
C09263,Customer 9263,Male,60,Udaipur,Rajasthan,Loyal,Organic Search,2025-06-02
C09264,Customer 9264,Male,45,Lucknow,Uttar Pradesh,Loyal,Affiliate,2025-05-30
C09265,Customer 9265,Male,30,Nagpur,Maharashtra,Dormant,Google Ads,2026-02-17
C09266,Customer 9266,Male,51,Udaipur,Rajasthan,One-Time,Organic Search,2025-01-15
C09267,Customer 9267,Female,23,Delhi,Delhi,One-Time,Email,2026-02-27
C09268,Customer 9268,Male,42,Kanpur,Uttar Pradesh,Loyal,Organic Search,2025-11-08
C09269,Customer 9269,Male,59,Kozhikode,Kerala,Loyal,Google Ads,2025-12-28
C09270,Customer 9270,Male,58,Lucknow,Uttar Pradesh,Loyal,Marketplace,2025-07-20
C09271,Customer 9271,Female,55,Warangal,Telangana,Dormant,Instagram,2024-06-11
C09272,Customer 9272,Male,45,Jodhpur,Rajasthan,New,Affiliate,2025-08-17
C09273,Customer 9273,Female,34,Kozhikode,Kerala,New,Marketplace,2025-10-06
C09274,Customer 9274,Male,29,Howrah,West Bengal,One-Time,Influencer,2024-12-02
C09275,Customer 9275,Male,41,Surat,Gujarat,Loyal,Meta Ads,2025-07-27
C09276,Customer 9276,Male,45,Warangal,Telangana,VIP,Instagram,2025-07-09
C09277,Customer 9277,Female,33,Lucknow,Uttar Pradesh,Dormant,Organic Search,2025-07-31
C09278,Customer 9278,Female,29,Hyderabad,Telangana,VIP,Email,2025-09-12
C09279,Customer 9279,Male,54,Mysuru,Karnataka,Dormant,Instagram,2025-08-27
C09280,Customer 9280,Male,43,Kozhikode,Kerala,New,Organic Search,2025-08-06
C09281,Customer 9281,Female,41,Kozhikode,Kerala,New,Marketplace,2024-10-14
C09282,Customer 9282,Male,56,Thiruvananthapuram,Kerala,One-Time,Meta Ads,2025-09-17
C09283,Customer 9283,Male,64,New Delhi,Delhi,At-Risk,Google Ads,2024-05-14
C09284,Customer 9284,Male,52,Nagpur,Maharashtra,New,Organic Search,2026-03-12
C09285,Customer 9285,Female,55,New Delhi,Delhi,New,Organic Search,2025-12-15
C09286,Customer 9286,Female,30,Warangal,Telangana,One-Time,Marketplace,2024-08-29
C09287,Customer 9287,Male,59,Noida,Uttar Pradesh,One-Time,Organic Search,2024-03-06
C09288,Customer 9288,Other,53,Vadodara,Gujarat,Loyal,Instagram,2024-05-20
C09289,Customer 9289,Female,44,Chennai,Tamil Nadu,At-Risk,Organic Search,2025-09-07
C09290,Customer 9290,Female,23,Hyderabad,Telangana,New,Influencer,2024-02-01
C09291,Customer 9291,Female,43,Chennai,Tamil Nadu,Loyal,Meta Ads,2024-03-30
C09292,Customer 9292,Female,48,Kanpur,Uttar Pradesh,New,Google Ads,2025-09-22
C09293,Customer 9293,Male,27,Jaipur,Rajasthan,New,Organic Search,2025-03-17
C09294,Customer 9294,Female,33,Hyderabad,Telangana,One-Time,Google Ads,2024-10-28
C09295,Customer 9295,Male,55,Pune,Maharashtra,Loyal,Marketplace,2024-09-05
C09296,Customer 9296,Female,47,Madurai,Tamil Nadu,Loyal,Google Ads,2025-03-31
C09297,Customer 9297,Female,29,Warangal,Telangana,Loyal,Instagram,2024-09-26
C09298,Customer 9298,Male,59,Kozhikode,Kerala,At-Risk,Marketplace,2024-03-06
C09299,Customer 9299,Male,58,Howrah,West Bengal,New,Google Ads,2025-02-12
C09300,Customer 9300,Female,24,Warangal,Telangana,VIP,Google Ads,2026-04-14
C09301,Customer 9301,Female,21,Noida,Uttar Pradesh,Loyal,Google Ads,2025-04-06
C09302,Customer 9302,Female,51,Coimbatore,Tamil Nadu,New,Marketplace,2025-06-13
C09303,Customer 9303,Male,21,Mangaluru,Karnataka,One-Time,Marketplace,2024-10-25
C09304,Customer 9304,Male,50,Ahmedabad,Gujarat,New,Instagram,2024-04-22
C09305,Customer 9305,Male,43,Nizamabad,Telangana,New,Organic Search,2025-11-01
C09306,Customer 9306,Male,54,New Delhi,Delhi,One-Time,Organic Search,2024-12-31
C09307,Customer 9307,Male,19,Kanpur,Uttar Pradesh,New,Google Ads,2024-03-11
C09308,Customer 9308,Female,64,Thiruvananthapuram,Kerala,Dormant,Meta Ads,2024-10-08
C09309,Customer 9309,Male,22,Mangaluru,Karnataka,At-Risk,Marketplace,2024-02-01
C09310,Customer 9310,Male,41,Kolkata,West Bengal,Loyal,Google Ads,2026-02-19
C09311,Customer 9311,Male,56,Mumbai,Maharashtra,VIP,Email,2026-06-09
C09312,Customer 9312,Male,24,Ahmedabad,Gujarat,Dormant,Meta Ads,2026-02-27
C09313,Customer 9313,Male,53,Mangaluru,Karnataka,One-Time,Email,2026-01-01
C09314,Customer 9314,Male,51,Vadodara,Gujarat,Loyal,Meta Ads,2025-12-12
C09315,Customer 9315,Male,60,Nagpur,Maharashtra,Loyal,Meta Ads,2025-02-28
C09316,Customer 9316,Male,44,Kochi,Kerala,Dormant,Google Ads,2024-12-15
C09317,Customer 9317,Other,32,Lucknow,Uttar Pradesh,At-Risk,Marketplace,2024-03-12
C09318,Customer 9318,Female,56,Mysuru,Karnataka,New,Google Ads,2026-04-28
C09319,Customer 9319,Male,25,Kanpur,Uttar Pradesh,VIP,Instagram,2024-01-15
C09320,Customer 9320,Female,56,Hyderabad,Telangana,One-Time,Instagram,2024-09-04
C09321,Customer 9321,Male,25,Jodhpur,Rajasthan,One-Time,Meta Ads,2025-01-22
C09322,Customer 9322,Male,53,Mysuru,Karnataka,Loyal,Affiliate,2025-08-18
C09323,Customer 9323,Female,19,Pune,Maharashtra,VIP,Meta Ads,2026-06-17
C09324,Customer 9324,Female,37,Kolkata,West Bengal,New,Organic Search,2025-04-16
C09325,Customer 9325,Female,60,Delhi,Delhi,One-Time,Email,2026-01-04
C09326,Customer 9326,Female,40,Vadodara,Gujarat,VIP,Influencer,2025-01-28
C09327,Customer 9327,Female,19,New Delhi,Delhi,New,Affiliate,2026-06-09
C09328,Customer 9328,Male,61,Warangal,Telangana,At-Risk,Meta Ads,2024-06-18
C09329,Customer 9329,Male,46,Hyderabad,Telangana,Loyal,Organic Search,2025-01-01
C09330,Customer 9330,Other,38,Ahmedabad,Gujarat,Loyal,Affiliate,2024-08-03
C09331,Customer 9331,Female,60,Howrah,West Bengal,New,Marketplace,2024-08-28
C09332,Customer 9332,Female,46,Warangal,Telangana,Dormant,Marketplace,2026-01-09
C09333,Customer 9333,Male,46,Chennai,Tamil Nadu,Dormant,Organic Search,2025-10-02
C09334,Customer 9334,Male,50,Ahmedabad,Gujarat,New,Instagram,2025-08-24
C09335,Customer 9335,Female,26,Howrah,West Bengal,Loyal,Meta Ads,2024-03-19
C09336,Customer 9336,Male,23,Kanpur,Uttar Pradesh,At-Risk,Influencer,2026-04-18
C09337,Customer 9337,Female,47,Madurai,Tamil Nadu,New,Marketplace,2026-04-30
C09338,Customer 9338,Female,54,Ahmedabad,Gujarat,Loyal,Google Ads,2025-09-05
C09339,Customer 9339,Male,64,Ahmedabad,Gujarat,At-Risk,Email,2025-01-01
C09340,Customer 9340,Male,18,Bengaluru,Karnataka,Loyal,Google Ads,2024-02-24
C09341,Customer 9341,Male,21,Hyderabad,Telangana,Dormant,Meta Ads,2025-02-06
C09342,Customer 9342,Female,65,Warangal,Telangana,New,Instagram,2024-04-14
C09343,Customer 9343,Female,26,Noida,Uttar Pradesh,Dormant,Meta Ads,2025-08-09
C09344,Customer 9344,Female,45,Mumbai,Maharashtra,Dormant,Organic Search,2025-10-13
C09345,Customer 9345,Female,40,Kolkata,West Bengal,New,Google Ads,2024-03-06
C09346,Customer 9346,Female,26,Surat,Gujarat,Loyal,Organic Search,2024-08-13
C09347,Customer 9347,Male,54,Chennai,Tamil Nadu,Loyal,Organic Search,2025-08-06
C09348,Customer 9348,Male,55,Noida,Uttar Pradesh,At-Risk,Affiliate,2024-08-11
C09349,Customer 9349,Other,31,Jodhpur,Rajasthan,New,Google Ads,2026-02-07
C09350,Customer 9350,Male,58,Nizamabad,Telangana,One-Time,Meta Ads,2024-12-31
C09351,Customer 9351,Female,47,Lucknow,Uttar Pradesh,At-Risk,Organic Search,2025-08-28
C09352,Customer 9352,Male,27,New Delhi,Delhi,One-Time,Organic Search,2025-11-01
C09353,Customer 9353,Male,30,Mangaluru,Karnataka,Loyal,Instagram,2025-06-27
C09354,Customer 9354,Female,19,Jodhpur,Rajasthan,Loyal,Email,2025-07-28
C09355,Customer 9355,Female,45,Kolkata,West Bengal,Dormant,Marketplace,2025-05-31
C09356,Customer 9356,Female,43,Mangaluru,Karnataka,New,Meta Ads,2024-06-23
C09357,Customer 9357,Male,26,Kozhikode,Kerala,Dormant,Google Ads,2024-09-21
C09358,Customer 9358,Male,48,Kolkata,West Bengal,Loyal,Marketplace,2026-03-17
C09359,Customer 9359,Male,32,Vadodara,Gujarat,Dormant,Affiliate,2024-11-12
C09360,Customer 9360,Male,26,Warangal,Telangana,New,Meta Ads,2026-05-25
C09361,Customer 9361,Male,26,Mysuru,Karnataka,Loyal,Influencer,2025-06-02
C09362,Customer 9362,Male,44,Madurai,Tamil Nadu,At-Risk,Meta Ads,2025-12-13
C09363,Customer 9363,Female,62,Kolkata,West Bengal,At-Risk,Affiliate,2024-07-26
C09364,Customer 9364,Male,43,Delhi,Delhi,New,Organic Search,2024-06-22
C09365,Customer 9365,Male,47,Noida,Uttar Pradesh,Loyal,Email,2024-12-09
C09366,Customer 9366,Male,59,Mangaluru,Karnataka,New,Marketplace,2025-12-15
C09367,Customer 9367,Female,49,Jodhpur,Rajasthan,New,Affiliate,2025-09-09
C09368,Customer 9368,Female,57,Kanpur,Uttar Pradesh,VIP,Google Ads,2025-04-14
C09369,Customer 9369,Male,43,Noida,Uttar Pradesh,Dormant,Organic Search,2024-06-11
C09370,Customer 9370,Male,24,Noida,Uttar Pradesh,Loyal,Affiliate,2024-01-26
C09371,Customer 9371,Female,49,Noida,Uttar Pradesh,New,Email,2024-04-25
C09372,Customer 9372,Female,51,Nizamabad,Telangana,New,Meta Ads,2025-08-23
C09373,Customer 9373,Female,39,Udaipur,Rajasthan,One-Time,Meta Ads,2026-05-10
C09374,Customer 9374,Male,42,Kochi,Kerala,New,Marketplace,2026-05-29
C09375,Customer 9375,Female,22,Vadodara,Gujarat,At-Risk,Instagram,2025-11-19
C09376,Customer 9376,Female,40,Pune,Maharashtra,New,Email,2025-01-23
C09377,Customer 9377,Male,62,Kochi,Kerala,New,Organic Search,2025-10-08
C09378,Customer 9378,Female,25,Nagpur,Maharashtra,VIP,Google Ads,2024-02-26
C09379,Customer 9379,Male,48,Bengaluru,Karnataka,New,Google Ads,2024-11-13
C09380,Customer 9380,Female,53,Nagpur,Maharashtra,One-Time,Meta Ads,2024-07-26
C09381,Customer 9381,Female,52,New Delhi,Delhi,Loyal,Google Ads,2026-05-26
C09382,Customer 9382,Male,59,Madurai,Tamil Nadu,New,Marketplace,2025-05-17
C09383,Customer 9383,Female,27,New Delhi,Delhi,Loyal,Google Ads,2026-04-25
C09384,Customer 9384,Female,27,Kochi,Kerala,Loyal,Meta Ads,2025-12-12
C09385,Customer 9385,Female,34,Delhi,Delhi,Loyal,Email,2025-10-21
C09386,Customer 9386,Male,19,Delhi,Delhi,New,Marketplace,2024-06-15
C09387,Customer 9387,Male,18,Lucknow,Uttar Pradesh,One-Time,Google Ads,2024-03-10
C09388,Customer 9388,Male,47,Lucknow,Uttar Pradesh,Loyal,Meta Ads,2024-07-16
C09389,Customer 9389,Other,32,Nagpur,Maharashtra,New,Organic Search,2026-01-12
C09390,Customer 9390,Female,65,Nizamabad,Telangana,New,Email,2026-04-10
C09391,Customer 9391,Female,59,Kolkata,West Bengal,One-Time,Organic Search,2025-09-21
C09392,Customer 9392,Male,50,Kanpur,Uttar Pradesh,New,Google Ads,2026-03-04
C09393,Customer 9393,Male,57,Ahmedabad,Gujarat,New,Influencer,2024-03-07
C09394,Customer 9394,Female,30,Mumbai,Maharashtra,Dormant,Organic Search,2026-04-04
C09395,Customer 9395,Female,51,Jodhpur,Rajasthan,Loyal,Influencer,2024-04-06
C09396,Customer 9396,Female,59,Howrah,West Bengal,Loyal,Marketplace,2024-06-07
C09397,Customer 9397,Male,25,Vadodara,Gujarat,One-Time,Organic Search,2026-01-16
C09398,Customer 9398,Female,43,Noida,Uttar Pradesh,New,Google Ads,2026-04-19
C09399,Customer 9399,Male,65,Lucknow,Uttar Pradesh,VIP,Organic Search,2024-05-22
C09400,Customer 9400,Female,42,Howrah,West Bengal,VIP,Organic Search,2024-11-01
C09401,Customer 9401,Male,57,Howrah,West Bengal,Dormant,Google Ads,2026-01-13
C09402,Customer 9402,Female,20,Howrah,West Bengal,New,Meta Ads,2025-04-10
C09403,Customer 9403,Male,34,New Delhi,Delhi,New,Google Ads,2024-12-30
C09404,Customer 9404,Female,20,Delhi,Delhi,VIP,Marketplace,2025-02-14
C09405,Customer 9405,Female,52,Jodhpur,Rajasthan,One-Time,Affiliate,2024-09-21
C09406,Customer 9406,Female,45,Surat,Gujarat,New,Organic Search,2026-05-30
C09407,Customer 9407,Male,27,New Delhi,Delhi,One-Time,Affiliate,2025-04-18
C09408,Customer 9408,Male,56,Mumbai,Maharashtra,New,Organic Search,2024-08-24
C09409,Customer 9409,Female,43,Jodhpur,Rajasthan,At-Risk,Influencer,2026-03-16
C09410,Customer 9410,Female,54,Kolkata,West Bengal,At-Risk,Meta Ads,2026-05-12
C09411,Customer 9411,Female,52,Mysuru,Karnataka,Loyal,Meta Ads,2024-02-27
C09412,Customer 9412,Female,63,Chennai,Tamil Nadu,One-Time,Organic Search,2026-05-13
C09413,Customer 9413,Male,29,Mangaluru,Karnataka,At-Risk,Affiliate,2026-05-21
C09414,Customer 9414,Female,42,Kochi,Kerala,Loyal,Influencer,2026-04-05
C09415,Customer 9415,Male,25,Noida,Uttar Pradesh,At-Risk,Marketplace,2024-05-08
C09416,Customer 9416,Male,47,Surat,Gujarat,Loyal,Affiliate,2024-11-17
C09417,Customer 9417,Male,35,Coimbatore,Tamil Nadu,Dormant,Meta Ads,2026-02-19
C09418,Customer 9418,Male,48,Jodhpur,Rajasthan,One-Time,Meta Ads,2024-12-03
C09419,Customer 9419,Female,21,Delhi,Delhi,Loyal,Instagram,2025-01-27
C09420,Customer 9420,Female,36,Kozhikode,Kerala,At-Risk,Organic Search,2024-07-02
C09421,Customer 9421,Female,40,Nizamabad,Telangana,At-Risk,Email,2025-01-12
C09422,Customer 9422,Female,18,Hyderabad,Telangana,Dormant,Google Ads,2025-03-03
C09423,Customer 9423,Female,24,Vadodara,Gujarat,One-Time,Email,2025-01-02
C09424,Customer 9424,Other,58,Pune,Maharashtra,VIP,Affiliate,2024-08-11
C09425,Customer 9425,Female,41,Ahmedabad,Gujarat,One-Time,Meta Ads,2024-03-20
C09426,Customer 9426,Male,21,Kanpur,Uttar Pradesh,Loyal,Organic Search,2025-07-18
C09427,Customer 9427,Female,24,Nagpur,Maharashtra,New,Meta Ads,2024-02-26
C09428,Customer 9428,Female,64,Chennai,Tamil Nadu,One-Time,Email,2026-02-19
C09429,Customer 9429,Female,26,Kolkata,West Bengal,Dormant,Organic Search,2024-03-06
C09430,Customer 9430,Female,58,Noida,Uttar Pradesh,At-Risk,Meta Ads,2026-05-04
C09431,Customer 9431,Female,29,Delhi,Delhi,Loyal,Organic Search,2025-05-14
C09432,Customer 9432,Male,22,Mumbai,Maharashtra,New,Organic Search,2025-01-28
C09433,Customer 9433,Male,58,Surat,Gujarat,One-Time,Meta Ads,2026-01-31
C09434,Customer 9434,Female,23,Delhi,Delhi,New,Marketplace,2025-01-23
C09435,Customer 9435,Female,57,Kanpur,Uttar Pradesh,New,Affiliate,2024-05-04
C09436,Customer 9436,Other,53,Vadodara,Gujarat,Dormant,Email,2025-04-08
C09437,Customer 9437,Female,65,Mangaluru,Karnataka,Loyal,Google Ads,2025-03-15
C09438,Customer 9438,Female,44,Jaipur,Rajasthan,New,Instagram,2026-03-31
C09439,Customer 9439,Male,62,Delhi,Delhi,VIP,Meta Ads,2025-04-10
C09440,Customer 9440,Male,49,Pune,Maharashtra,New,Meta Ads,2024-03-11
C09441,Customer 9441,Female,18,Surat,Gujarat,One-Time,Organic Search,2024-10-31
C09442,Customer 9442,Male,31,Kozhikode,Kerala,New,Marketplace,2024-10-02
C09443,Customer 9443,Female,18,Udaipur,Rajasthan,New,Google Ads,2024-07-20
C09444,Customer 9444,Male,60,Bengaluru,Karnataka,Loyal,Organic Search,2024-06-26
C09445,Customer 9445,Female,37,Jaipur,Rajasthan,VIP,Organic Search,2024-03-11
C09446,Customer 9446,Male,44,Mangaluru,Karnataka,Loyal,Organic Search,2025-11-28
C09447,Customer 9447,Male,56,Vadodara,Gujarat,At-Risk,Influencer,2024-12-22
C09448,Customer 9448,Female,45,Delhi,Delhi,Dormant,Instagram,2024-12-06
C09449,Customer 9449,Male,62,Bengaluru,Karnataka,At-Risk,Organic Search,2025-01-25
C09450,Customer 9450,Female,65,Bengaluru,Karnataka,Dormant,Meta Ads,2026-05-17
C09451,Customer 9451,Male,27,Kozhikode,Kerala,Dormant,Meta Ads,2025-09-22
C09452,Customer 9452,Female,55,Mangaluru,Karnataka,At-Risk,Email,2026-05-31
C09453,Customer 9453,Female,27,Kanpur,Uttar Pradesh,One-Time,Google Ads,2025-06-23
C09454,Customer 9454,Male,51,Howrah,West Bengal,New,Meta Ads,2026-03-03
C09455,Customer 9455,Female,43,Surat,Gujarat,VIP,Google Ads,2026-04-13
C09456,Customer 9456,Female,59,Mumbai,Maharashtra,At-Risk,Google Ads,2025-04-03
C09457,Customer 9457,Male,26,Nagpur,Maharashtra,At-Risk,Instagram,2025-03-18
C09458,Customer 9458,Male,65,Nagpur,Maharashtra,Loyal,Google Ads,2026-04-17
C09459,Customer 9459,Female,42,Ahmedabad,Gujarat,At-Risk,Google Ads,2025-10-11
C09460,Customer 9460,Female,57,Thiruvananthapuram,Kerala,VIP,Organic Search,2024-12-05
C09461,Customer 9461,Male,56,Noida,Uttar Pradesh,Loyal,Organic Search,2024-10-14
C09462,Customer 9462,Male,56,Nizamabad,Telangana,New,Marketplace,2024-12-19
C09463,Customer 9463,Male,29,Mangaluru,Karnataka,Loyal,Marketplace,2024-08-18
C09464,Customer 9464,Male,27,Mumbai,Maharashtra,New,Influencer,2025-03-01
C09465,Customer 9465,Male,22,Kozhikode,Kerala,New,Organic Search,2025-08-29
C09466,Customer 9466,Female,59,Mumbai,Maharashtra,Loyal,Meta Ads,2025-09-19
C09467,Customer 9467,Female,47,Nagpur,Maharashtra,New,Google Ads,2024-02-07
C09468,Customer 9468,Male,60,Howrah,West Bengal,Dormant,Marketplace,2024-02-27
C09469,Customer 9469,Female,34,Ahmedabad,Gujarat,Loyal,Marketplace,2025-07-19
C09470,Customer 9470,Female,46,Nagpur,Maharashtra,VIP,Email,2025-04-27
C09471,Customer 9471,Female,20,Kolkata,West Bengal,New,Email,2024-02-21
C09472,Customer 9472,Male,49,Hyderabad,Telangana,At-Risk,Google Ads,2026-05-19
C09473,Customer 9473,Male,61,Hyderabad,Telangana,Loyal,Google Ads,2026-05-30
C09474,Customer 9474,Male,47,Nizamabad,Telangana,Loyal,Email,2024-03-01
C09475,Customer 9475,Female,58,Madurai,Tamil Nadu,Loyal,Meta Ads,2024-01-06
C09476,Customer 9476,Male,44,Thiruvananthapuram,Kerala,Loyal,Email,2024-03-18
C09477,Customer 9477,Female,38,Vadodara,Gujarat,Loyal,Affiliate,2025-08-09
C09478,Customer 9478,Male,26,Jodhpur,Rajasthan,VIP,Affiliate,2026-04-29
C09479,Customer 9479,Male,29,Mysuru,Karnataka,At-Risk,Influencer,2024-12-30
C09480,Customer 9480,Female,49,Udaipur,Rajasthan,One-Time,Meta Ads,2026-01-18
C09481,Customer 9481,Male,37,Thiruvananthapuram,Kerala,Dormant,Instagram,2024-07-08
C09482,Customer 9482,Female,36,Coimbatore,Tamil Nadu,One-Time,Organic Search,2024-01-01
C09483,Customer 9483,Female,44,Kochi,Kerala,One-Time,Organic Search,2025-03-10
C09484,Customer 9484,Male,43,Howrah,West Bengal,One-Time,Marketplace,2025-02-10
C09485,Customer 9485,Male,56,Udaipur,Rajasthan,One-Time,Meta Ads,2026-06-15
C09486,Customer 9486,Male,61,Mangaluru,Karnataka,One-Time,Google Ads,2024-10-05
C09487,Customer 9487,Female,24,Kolkata,West Bengal,At-Risk,Instagram,2025-01-24
C09488,Customer 9488,Female,23,Delhi,Delhi,Loyal,Email,2024-05-30
C09489,Customer 9489,Female,57,Thiruvananthapuram,Kerala,Dormant,Instagram,2024-12-26
C09490,Customer 9490,Male,63,Kozhikode,Kerala,New,Meta Ads,2024-02-17
C09491,Customer 9491,Male,43,Madurai,Tamil Nadu,Loyal,Meta Ads,2024-11-04
C09492,Customer 9492,Male,45,Kozhikode,Kerala,New,Instagram,2024-08-12
C09493,Customer 9493,Female,52,Kanpur,Uttar Pradesh,Loyal,Organic Search,2024-12-06
C09494,Customer 9494,Male,63,Surat,Gujarat,One-Time,Google Ads,2025-08-10
C09495,Customer 9495,Other,35,Warangal,Telangana,VIP,Influencer,2025-12-07
C09496,Customer 9496,Female,27,Pune,Maharashtra,VIP,Organic Search,2024-09-30
C09497,Customer 9497,Female,57,Warangal,Telangana,New,Google Ads,2026-02-25
C09498,Customer 9498,Other,20,Nizamabad,Telangana,New,Google Ads,2024-10-03
C09499,Customer 9499,Female,22,Kozhikode,Kerala,One-Time,Google Ads,2024-03-11
C09500,Customer 9500,Male,47,Nagpur,Maharashtra,New,Google Ads,2024-08-24
C09501,Customer 9501,Female,33,Jodhpur,Rajasthan,Loyal,Organic Search,2024-08-04
C09502,Customer 9502,Female,43,Kolkata,West Bengal,Loyal,Marketplace,2024-03-28
C09503,Customer 9503,Male,41,Kolkata,West Bengal,At-Risk,Google Ads,2025-08-16
C09504,Customer 9504,Female,53,Mumbai,Maharashtra,Dormant,Meta Ads,2025-06-17
C09505,Customer 9505,Male,26,Surat,Gujarat,One-Time,Influencer,2024-10-01
C09506,Customer 9506,Female,46,Kolkata,West Bengal,Dormant,Email,2025-10-20
C09507,Customer 9507,Female,53,Surat,Gujarat,At-Risk,Instagram,2024-07-17
C09508,Customer 9508,Female,42,Nagpur,Maharashtra,New,Email,2026-06-01
C09509,Customer 9509,Male,32,Jodhpur,Rajasthan,At-Risk,Google Ads,2024-11-10
C09510,Customer 9510,Female,61,Nizamabad,Telangana,Loyal,Meta Ads,2024-07-22
C09511,Customer 9511,Female,24,Surat,Gujarat,VIP,Marketplace,2025-11-03
C09512,Customer 9512,Female,33,Madurai,Tamil Nadu,VIP,Organic Search,2024-05-26
C09513,Customer 9513,Male,44,Bengaluru,Karnataka,At-Risk,Meta Ads,2026-05-13
C09514,Customer 9514,Female,31,Lucknow,Uttar Pradesh,At-Risk,Marketplace,2025-09-28
C09515,Customer 9515,Male,49,Nagpur,Maharashtra,At-Risk,Instagram,2024-07-03
C09516,Customer 9516,Female,56,Kozhikode,Kerala,One-Time,Google Ads,2024-10-17
C09517,Customer 9517,Female,43,Noida,Uttar Pradesh,Dormant,Marketplace,2026-05-20
C09518,Customer 9518,Female,34,Chennai,Tamil Nadu,Loyal,Organic Search,2025-04-02
C09519,Customer 9519,Female,46,Bengaluru,Karnataka,At-Risk,Organic Search,2025-05-08
C09520,Customer 9520,Male,45,Pune,Maharashtra,At-Risk,Google Ads,2025-09-29
C09521,Customer 9521,Male,56,Kozhikode,Kerala,New,Meta Ads,2024-08-18
C09522,Customer 9522,Male,47,Kolkata,West Bengal,One-Time,Marketplace,2025-01-12
C09523,Customer 9523,Male,18,Nizamabad,Telangana,At-Risk,Google Ads,2025-01-12
C09524,Customer 9524,Male,32,Delhi,Delhi,Dormant,Influencer,2024-11-30
C09525,Customer 9525,Female,35,Hyderabad,Telangana,VIP,Affiliate,2024-10-09
C09526,Customer 9526,Female,35,Surat,Gujarat,Loyal,Instagram,2025-01-30
C09527,Customer 9527,Male,59,New Delhi,Delhi,One-Time,Marketplace,2025-12-09
C09528,Customer 9528,Other,19,Hyderabad,Telangana,Loyal,Marketplace,2025-02-15
C09529,Customer 9529,Male,53,Kanpur,Uttar Pradesh,One-Time,Influencer,2024-03-20
C09530,Customer 9530,Male,31,Bengaluru,Karnataka,At-Risk,Instagram,2024-01-01
C09531,Customer 9531,Female,44,Vadodara,Gujarat,Loyal,Organic Search,2024-01-19
C09532,Customer 9532,Male,33,Howrah,West Bengal,One-Time,Meta Ads,2024-06-18
C09533,Customer 9533,Male,21,Kozhikode,Kerala,Loyal,Google Ads,2025-11-16
C09534,Customer 9534,Male,18,New Delhi,Delhi,Dormant,Marketplace,2025-07-02
C09535,Customer 9535,Male,36,Kozhikode,Kerala,Loyal,Marketplace,2024-11-10
C09536,Customer 9536,Female,57,Coimbatore,Tamil Nadu,New,Google Ads,2024-01-16
C09537,Customer 9537,Male,34,Kanpur,Uttar Pradesh,Loyal,Organic Search,2024-10-22
C09538,Customer 9538,Female,60,Mumbai,Maharashtra,Loyal,Marketplace,2024-09-05
C09539,Customer 9539,Female,61,Udaipur,Rajasthan,One-Time,Organic Search,2025-03-23
C09540,Customer 9540,Male,26,Hyderabad,Telangana,VIP,Google Ads,2025-01-31
C09541,Customer 9541,Male,58,Kozhikode,Kerala,One-Time,Google Ads,2024-06-03
C09542,Customer 9542,Male,47,Kochi,Kerala,Loyal,Email,2025-02-01
C09543,Customer 9543,Female,44,Madurai,Tamil Nadu,Loyal,Marketplace,2024-04-18
C09544,Customer 9544,Female,39,Delhi,Delhi,Loyal,Meta Ads,2024-02-13
C09545,Customer 9545,Female,63,Surat,Gujarat,Loyal,Meta Ads,2026-04-11
C09546,Customer 9546,Male,24,Mysuru,Karnataka,VIP,Affiliate,2026-02-26
C09547,Customer 9547,Male,18,Kolkata,West Bengal,New,Affiliate,2026-06-14
C09548,Customer 9548,Male,19,Jaipur,Rajasthan,One-Time,Marketplace,2024-03-22
C09549,Customer 9549,Female,60,Delhi,Delhi,At-Risk,Influencer,2025-09-01
C09550,Customer 9550,Male,49,Nagpur,Maharashtra,Dormant,Organic Search,2026-02-27
C09551,Customer 9551,Female,42,Kozhikode,Kerala,New,Marketplace,2024-12-27
C09552,Customer 9552,Male,21,Mumbai,Maharashtra,New,Organic Search,2026-06-10
C09553,Customer 9553,Male,24,Kolkata,West Bengal,Dormant,Organic Search,2026-05-19
C09554,Customer 9554,Female,60,Nizamabad,Telangana,New,Google Ads,2024-06-09
C09555,Customer 9555,Female,59,Pune,Maharashtra,Dormant,Instagram,2026-02-18
C09556,Customer 9556,Male,55,Hyderabad,Telangana,At-Risk,Google Ads,2024-03-04
C09557,Customer 9557,Female,60,Chennai,Tamil Nadu,New,Marketplace,2024-05-19
C09558,Customer 9558,Male,52,Howrah,West Bengal,New,Google Ads,2024-04-18
C09559,Customer 9559,Male,54,Delhi,Delhi,Dormant,Meta Ads,2026-06-02
C09560,Customer 9560,Female,58,Kolkata,West Bengal,One-Time,Marketplace,2026-02-06
C09561,Customer 9561,Male,39,Howrah,West Bengal,Loyal,Affiliate,2024-09-08
C09562,Customer 9562,Female,23,Pune,Maharashtra,New,Organic Search,2026-05-25
C09563,Customer 9563,Male,23,Nizamabad,Telangana,Loyal,Organic Search,2024-04-25
C09564,Customer 9564,Female,48,Howrah,West Bengal,At-Risk,Google Ads,2025-06-16
C09565,Customer 9565,Male,27,Howrah,West Bengal,Loyal,Meta Ads,2026-02-16
C09566,Customer 9566,Other,27,Surat,Gujarat,New,Affiliate,2026-05-02
C09567,Customer 9567,Female,60,Mangaluru,Karnataka,Loyal,Marketplace,2024-07-17
C09568,Customer 9568,Male,42,Kanpur,Uttar Pradesh,Loyal,Meta Ads,2025-11-23
C09569,Customer 9569,Male,40,Warangal,Telangana,New,Meta Ads,2025-09-09
C09570,Customer 9570,Male,35,Kolkata,West Bengal,At-Risk,Meta Ads,2025-05-26
C09571,Customer 9571,Male,30,Mumbai,Maharashtra,Loyal,Email,2025-12-25
C09572,Customer 9572,Male,23,Kolkata,West Bengal,New,Meta Ads,2026-04-02
C09573,Customer 9573,Male,63,Coimbatore,Tamil Nadu,Dormant,Google Ads,2024-05-12
C09574,Customer 9574,Male,53,Udaipur,Rajasthan,Loyal,Instagram,2025-02-25
C09575,Customer 9575,Male,59,Hyderabad,Telangana,New,Email,2024-07-08
C09576,Customer 9576,Female,32,Vadodara,Gujarat,New,Organic Search,2025-01-05
C09577,Customer 9577,Female,23,Mumbai,Maharashtra,One-Time,Meta Ads,2024-12-06
C09578,Customer 9578,Male,23,Kolkata,West Bengal,One-Time,Meta Ads,2025-10-09
C09579,Customer 9579,Female,64,Pune,Maharashtra,One-Time,Meta Ads,2025-07-08
C09580,Customer 9580,Female,60,Warangal,Telangana,At-Risk,Organic Search,2025-11-04
C09581,Customer 9581,Male,62,Jaipur,Rajasthan,Loyal,Meta Ads,2025-09-27
C09582,Customer 9582,Male,24,Nizamabad,Telangana,New,Marketplace,2024-11-15
C09583,Customer 9583,Male,38,Mumbai,Maharashtra,VIP,Meta Ads,2025-08-02
C09584,Customer 9584,Female,27,Kanpur,Uttar Pradesh,VIP,Affiliate,2025-03-04
C09585,Customer 9585,Female,46,Noida,Uttar Pradesh,Loyal,Meta Ads,2025-04-28
C09586,Customer 9586,Female,19,Kanpur,Uttar Pradesh,Dormant,Organic Search,2024-07-13
C09587,Customer 9587,Other,36,Mangaluru,Karnataka,One-Time,Organic Search,2024-09-05
C09588,Customer 9588,Female,42,Delhi,Delhi,New,Google Ads,2024-04-17
C09589,Customer 9589,Male,31,Noida,Uttar Pradesh,New,Instagram,2024-05-23
C09590,Customer 9590,Female,57,Pune,Maharashtra,One-Time,Google Ads,2024-11-12
C09591,Customer 9591,Female,21,Jodhpur,Rajasthan,Loyal,Email,2024-06-15
C09592,Customer 9592,Male,58,Warangal,Telangana,New,Marketplace,2025-03-19
C09593,Customer 9593,Male,18,Kozhikode,Kerala,Loyal,Organic Search,2025-10-07
C09594,Customer 9594,Male,53,Kolkata,West Bengal,Dormant,Organic Search,2024-05-21
C09595,Customer 9595,Female,49,New Delhi,Delhi,At-Risk,Meta Ads,2024-07-07
C09596,Customer 9596,Female,40,New Delhi,Delhi,Loyal,Email,2024-05-26
C09597,Customer 9597,Male,20,Mumbai,Maharashtra,Loyal,Organic Search,2025-12-31
C09598,Customer 9598,Female,60,Mangaluru,Karnataka,VIP,Google Ads,2024-04-21
C09599,Customer 9599,Female,61,Udaipur,Rajasthan,Loyal,Google Ads,2026-04-10
C09600,Customer 9600,Female,54,Surat,Gujarat,One-Time,Meta Ads,2026-02-27
C09601,Customer 9601,Male,63,New Delhi,Delhi,One-Time,Meta Ads,2024-12-13
C09602,Customer 9602,Male,60,Mumbai,Maharashtra,New,Marketplace,2025-09-16
C09603,Customer 9603,Male,57,Jaipur,Rajasthan,Loyal,Google Ads,2024-06-12
C09604,Customer 9604,Other,29,Madurai,Tamil Nadu,Loyal,Google Ads,2024-05-10
C09605,Customer 9605,Male,57,Pune,Maharashtra,New,Google Ads,2025-08-18
C09606,Customer 9606,Male,46,Kochi,Kerala,One-Time,Meta Ads,2025-08-18
C09607,Customer 9607,Male,21,New Delhi,Delhi,At-Risk,Instagram,2024-09-29
C09608,Customer 9608,Male,19,New Delhi,Delhi,One-Time,Meta Ads,2025-03-13
C09609,Customer 9609,Female,30,Kozhikode,Kerala,One-Time,Google Ads,2025-04-17
C09610,Customer 9610,Female,43,Coimbatore,Tamil Nadu,New,Google Ads,2025-05-23
C09611,Customer 9611,Female,64,Kochi,Kerala,New,Affiliate,2024-09-12
C09612,Customer 9612,Male,60,Udaipur,Rajasthan,VIP,Email,2026-01-15
C09613,Customer 9613,Female,64,Howrah,West Bengal,New,Organic Search,2025-06-27
C09614,Customer 9614,Female,53,Pune,Maharashtra,One-Time,Google Ads,2025-03-04
C09615,Customer 9615,Male,24,Hyderabad,Telangana,Dormant,Meta Ads,2025-04-12
C09616,Customer 9616,Male,55,Chennai,Tamil Nadu,Loyal,Marketplace,2024-09-16
C09617,Customer 9617,Female,36,Nizamabad,Telangana,Loyal,Google Ads,2024-11-03
C09618,Customer 9618,Male,33,Warangal,Telangana,Loyal,Instagram,2025-12-03
C09619,Customer 9619,Male,43,Surat,Gujarat,New,Meta Ads,2024-04-27
C09620,Customer 9620,Female,37,Jaipur,Rajasthan,One-Time,Google Ads,2024-05-23
C09621,Customer 9621,Female,48,Nagpur,Maharashtra,One-Time,Email,2024-05-31
C09622,Customer 9622,Female,65,Udaipur,Rajasthan,New,Email,2026-04-12
C09623,Customer 9623,Male,33,Thiruvananthapuram,Kerala,New,Meta Ads,2025-12-29
C09624,Customer 9624,Female,30,Jaipur,Rajasthan,Loyal,Email,2026-04-27
C09625,Customer 9625,Male,64,Noida,Uttar Pradesh,New,Instagram,2024-10-09
C09626,Customer 9626,Female,22,Udaipur,Rajasthan,New,Email,2024-11-06
C09627,Customer 9627,Female,58,Pune,Maharashtra,Loyal,Influencer,2024-09-10
C09628,Customer 9628,Male,36,Chennai,Tamil Nadu,Loyal,Organic Search,2025-11-26
C09629,Customer 9629,Female,64,Kochi,Kerala,Loyal,Meta Ads,2025-11-12
C09630,Customer 9630,Female,54,Kolkata,West Bengal,New,Meta Ads,2026-04-09
C09631,Customer 9631,Male,24,Noida,Uttar Pradesh,VIP,Organic Search,2024-09-13
C09632,Customer 9632,Male,43,Thiruvananthapuram,Kerala,At-Risk,Meta Ads,2026-04-07
C09633,Customer 9633,Male,30,Pune,Maharashtra,Loyal,Marketplace,2026-05-05
C09634,Customer 9634,Male,20,Mangaluru,Karnataka,At-Risk,Influencer,2024-04-12
C09635,Customer 9635,Male,47,Kolkata,West Bengal,One-Time,Meta Ads,2024-11-08
C09636,Customer 9636,Female,49,Nizamabad,Telangana,New,Affiliate,2024-05-30
C09637,Customer 9637,Female,57,Ahmedabad,Gujarat,One-Time,Meta Ads,2026-05-31
C09638,Customer 9638,Male,53,Noida,Uttar Pradesh,Loyal,Google Ads,2025-03-17
C09639,Customer 9639,Male,47,Ahmedabad,Gujarat,At-Risk,Marketplace,2024-01-12
C09640,Customer 9640,Male,46,Mysuru,Karnataka,One-Time,Affiliate,2025-05-11
C09641,Customer 9641,Male,47,Udaipur,Rajasthan,One-Time,Email,2024-06-10
C09642,Customer 9642,Female,26,Mumbai,Maharashtra,At-Risk,Influencer,2024-11-05
C09643,Customer 9643,Female,48,Thiruvananthapuram,Kerala,One-Time,Google Ads,2025-06-01
C09644,Customer 9644,Female,27,Warangal,Telangana,Loyal,Organic Search,2024-03-09
C09645,Customer 9645,Male,45,Noida,Uttar Pradesh,One-Time,Marketplace,2026-04-01
C09646,Customer 9646,Female,37,New Delhi,Delhi,Dormant,Affiliate,2025-01-21
C09647,Customer 9647,Female,58,Coimbatore,Tamil Nadu,New,Instagram,2025-08-04
C09648,Customer 9648,Male,35,Delhi,Delhi,VIP,Meta Ads,2024-09-10
C09649,Customer 9649,Male,18,Mumbai,Maharashtra,Loyal,Marketplace,2025-11-22
C09650,Customer 9650,Female,22,New Delhi,Delhi,Dormant,Meta Ads,2025-02-06
C09651,Customer 9651,Male,27,Noida,Uttar Pradesh,Dormant,Marketplace,2025-04-09
C09652,Customer 9652,Male,59,Kanpur,Uttar Pradesh,At-Risk,Meta Ads,2024-09-02
C09653,Customer 9653,Male,54,Nagpur,Maharashtra,New,Google Ads,2024-06-17
C09654,Customer 9654,Male,62,Howrah,West Bengal,Loyal,Meta Ads,2025-01-27
C09655,Customer 9655,Female,53,Lucknow,Uttar Pradesh,At-Risk,Email,2024-10-14
C09656,Customer 9656,Female,24,Lucknow,Uttar Pradesh,Loyal,Google Ads,2025-06-13
C09657,Customer 9657,Female,20,Coimbatore,Tamil Nadu,At-Risk,Instagram,2025-06-14
C09658,Customer 9658,Other,44,Warangal,Telangana,At-Risk,Marketplace,2024-11-20
C09659,Customer 9659,Female,43,Kochi,Kerala,One-Time,Google Ads,2024-05-01
C09660,Customer 9660,Male,38,Madurai,Tamil Nadu,New,Organic Search,2024-07-08
C09661,Customer 9661,Female,46,Madurai,Tamil Nadu,One-Time,Instagram,2024-08-31
C09662,Customer 9662,Male,37,Jodhpur,Rajasthan,VIP,Organic Search,2024-12-22
C09663,Customer 9663,Male,29,Mangaluru,Karnataka,Loyal,Email,2025-11-08
C09664,Customer 9664,Female,45,Noida,Uttar Pradesh,New,Influencer,2024-08-22
C09665,Customer 9665,Female,36,Warangal,Telangana,VIP,Instagram,2025-10-26
C09666,Customer 9666,Female,39,Udaipur,Rajasthan,New,Email,2024-02-27
C09667,Customer 9667,Male,57,Kochi,Kerala,One-Time,Google Ads,2025-08-10
C09668,Customer 9668,Male,39,Kochi,Kerala,Loyal,Email,2025-07-24
C09669,Customer 9669,Other,63,Thiruvananthapuram,Kerala,Loyal,Google Ads,2025-12-15
C09670,Customer 9670,Female,24,Kanpur,Uttar Pradesh,New,Organic Search,2025-07-24
C09671,Customer 9671,Male,49,Mysuru,Karnataka,VIP,Instagram,2024-10-11
C09672,Customer 9672,Female,52,Thiruvananthapuram,Kerala,At-Risk,Affiliate,2024-10-13
C09673,Customer 9673,Male,22,Kochi,Kerala,VIP,Instagram,2025-12-29
C09674,Customer 9674,Female,45,Surat,Gujarat,Dormant,Organic Search,2026-05-13
C09675,Customer 9675,Male,52,Chennai,Tamil Nadu,One-Time,Google Ads,2025-04-03
C09676,Customer 9676,Male,20,Hyderabad,Telangana,New,Organic Search,2025-12-11
C09677,Customer 9677,Female,57,Vadodara,Gujarat,New,Marketplace,2026-06-05
C09678,Customer 9678,Female,36,Jodhpur,Rajasthan,VIP,Instagram,2026-03-23
C09679,Customer 9679,Female,48,Chennai,Tamil Nadu,New,Google Ads,2024-01-31
C09680,Customer 9680,Female,28,Chennai,Tamil Nadu,Dormant,Organic Search,2025-02-26
C09681,Customer 9681,Male,24,Surat,Gujarat,Loyal,Google Ads,2025-06-25
C09682,Customer 9682,Male,36,Hyderabad,Telangana,At-Risk,Email,2025-04-16
C09683,Customer 9683,Female,25,Thiruvananthapuram,Kerala,Loyal,Google Ads,2025-06-12
C09684,Customer 9684,Female,23,Mysuru,Karnataka,VIP,Instagram,2025-09-14
C09685,Customer 9685,Female,45,Nagpur,Maharashtra,Loyal,Influencer,2024-07-24
C09686,Customer 9686,Female,47,Warangal,Telangana,Loyal,Google Ads,2025-06-13
C09687,Customer 9687,Female,62,Lucknow,Uttar Pradesh,At-Risk,Email,2025-08-23
C09688,Customer 9688,Female,45,Noida,Uttar Pradesh,New,Meta Ads,2025-08-24
C09689,Customer 9689,Female,44,Warangal,Telangana,At-Risk,Meta Ads,2025-06-10
C09690,Customer 9690,Female,46,Mumbai,Maharashtra,VIP,Organic Search,2025-01-24
C09691,Customer 9691,Male,65,Chennai,Tamil Nadu,VIP,Organic Search,2024-11-17
C09692,Customer 9692,Male,35,Mumbai,Maharashtra,New,Influencer,2024-04-29
C09693,Customer 9693,Female,50,Udaipur,Rajasthan,New,Meta Ads,2025-11-14
C09694,Customer 9694,Female,52,Hyderabad,Telangana,New,Google Ads,2025-12-31
C09695,Customer 9695,Male,26,Vadodara,Gujarat,Loyal,Instagram,2026-06-06
C09696,Customer 9696,Female,58,Coimbatore,Tamil Nadu,New,Organic Search,2024-12-14
C09697,Customer 9697,Other,38,Delhi,Delhi,Dormant,Organic Search,2024-07-09
C09698,Customer 9698,Male,37,Chennai,Tamil Nadu,Dormant,Organic Search,2025-07-01
C09699,Customer 9699,Male,28,Pune,Maharashtra,New,Influencer,2025-06-24
C09700,Customer 9700,Male,38,Mumbai,Maharashtra,VIP,Google Ads,2024-11-28
C09701,Customer 9701,Male,45,Nizamabad,Telangana,One-Time,Marketplace,2024-11-04
C09702,Customer 9702,Female,61,Pune,Maharashtra,One-Time,Marketplace,2025-03-09
C09703,Customer 9703,Female,33,Kochi,Kerala,New,Google Ads,2025-01-16
C09704,Customer 9704,Male,47,Mangaluru,Karnataka,At-Risk,Meta Ads,2025-07-29
C09705,Customer 9705,Male,59,Mangaluru,Karnataka,At-Risk,Affiliate,2025-10-13
C09706,Customer 9706,Other,42,Nagpur,Maharashtra,New,Email,2025-06-04
C09707,Customer 9707,Female,27,Udaipur,Rajasthan,One-Time,Google Ads,2025-09-08
C09708,Customer 9708,Male,53,Kochi,Kerala,Loyal,Meta Ads,2024-05-06
C09709,Customer 9709,Male,45,Noida,Uttar Pradesh,Loyal,Organic Search,2024-10-08
C09710,Customer 9710,Female,32,Vadodara,Gujarat,New,Influencer,2024-07-30
C09711,Customer 9711,Male,59,Noida,Uttar Pradesh,At-Risk,Affiliate,2025-12-19
C09712,Customer 9712,Male,19,Coimbatore,Tamil Nadu,Dormant,Marketplace,2024-06-05
C09713,Customer 9713,Male,64,Kanpur,Uttar Pradesh,One-Time,Email,2026-02-19
C09714,Customer 9714,Male,51,Noida,Uttar Pradesh,At-Risk,Affiliate,2025-06-02
C09715,Customer 9715,Male,50,Hyderabad,Telangana,Loyal,Google Ads,2024-06-06
C09716,Customer 9716,Male,49,New Delhi,Delhi,Loyal,Email,2024-12-21
C09717,Customer 9717,Female,65,Mangaluru,Karnataka,At-Risk,Marketplace,2024-02-19
C09718,Customer 9718,Female,38,Hyderabad,Telangana,Loyal,Influencer,2024-08-09
C09719,Customer 9719,Other,65,Noida,Uttar Pradesh,Loyal,Organic Search,2025-06-25
C09720,Customer 9720,Female,20,Warangal,Telangana,One-Time,Google Ads,2024-02-09
C09721,Customer 9721,Female,62,Jodhpur,Rajasthan,VIP,Meta Ads,2025-04-15
C09722,Customer 9722,Female,63,Kochi,Kerala,New,Organic Search,2025-11-21
C09723,Customer 9723,Female,31,New Delhi,Delhi,New,Meta Ads,2024-08-06
C09724,Customer 9724,Female,53,Madurai,Tamil Nadu,Loyal,Meta Ads,2024-02-18
C09725,Customer 9725,Female,36,Ahmedabad,Gujarat,One-Time,Influencer,2025-07-14
C09726,Customer 9726,Male,36,Lucknow,Uttar Pradesh,New,Google Ads,2024-12-08
C09727,Customer 9727,Male,43,Mangaluru,Karnataka,New,Instagram,2025-01-03
C09728,Customer 9728,Male,27,Bengaluru,Karnataka,At-Risk,Meta Ads,2025-02-14
C09729,Customer 9729,Male,29,Surat,Gujarat,Loyal,Google Ads,2025-06-13
C09730,Customer 9730,Male,44,Kochi,Kerala,One-Time,Meta Ads,2025-02-11
C09731,Customer 9731,Female,65,Mangaluru,Karnataka,At-Risk,Meta Ads,2024-09-30
C09732,Customer 9732,Female,19,Chennai,Tamil Nadu,At-Risk,Email,2024-05-04
C09733,Customer 9733,Other,40,Thiruvananthapuram,Kerala,New,Instagram,2026-06-04
C09734,Customer 9734,Male,39,Pune,Maharashtra,Loyal,Email,2025-09-30
C09735,Customer 9735,Male,53,Nizamabad,Telangana,One-Time,Influencer,2025-08-19
C09736,Customer 9736,Other,65,Ahmedabad,Gujarat,Loyal,Email,2024-07-23
C09737,Customer 9737,Female,44,Warangal,Telangana,VIP,Organic Search,2024-01-18
C09738,Customer 9738,Male,53,Pune,Maharashtra,New,Organic Search,2025-07-20
C09739,Customer 9739,Male,24,Kolkata,West Bengal,Loyal,Email,2026-03-23
C09740,Customer 9740,Female,65,Kolkata,West Bengal,One-Time,Meta Ads,2024-12-06
C09741,Customer 9741,Male,63,Delhi,Delhi,Loyal,Marketplace,2024-04-16
C09742,Customer 9742,Male,37,Coimbatore,Tamil Nadu,New,Instagram,2025-04-14
C09743,Customer 9743,Female,52,Surat,Gujarat,At-Risk,Organic Search,2026-06-06
C09744,Customer 9744,Female,22,Howrah,West Bengal,Loyal,Email,2025-02-10
C09745,Customer 9745,Male,45,Noida,Uttar Pradesh,New,Affiliate,2024-10-31
C09746,Customer 9746,Male,64,Kanpur,Uttar Pradesh,At-Risk,Email,2026-05-09
C09747,Customer 9747,Female,25,Howrah,West Bengal,New,Instagram,2024-08-03
C09748,Customer 9748,Female,59,Thiruvananthapuram,Kerala,Loyal,Email,2024-11-07
C09749,Customer 9749,Female,64,Lucknow,Uttar Pradesh,Loyal,Affiliate,2024-08-06
C09750,Customer 9750,Male,45,Pune,Maharashtra,New,Meta Ads,2024-05-17
C09751,Customer 9751,Male,55,Kochi,Kerala,New,Marketplace,2026-03-08
C09752,Customer 9752,Male,29,Kozhikode,Kerala,New,Influencer,2024-11-20
C09753,Customer 9753,Female,39,Bengaluru,Karnataka,VIP,Google Ads,2025-12-20
C09754,Customer 9754,Female,53,Nizamabad,Telangana,VIP,Meta Ads,2025-03-25
C09755,Customer 9755,Female,38,Surat,Gujarat,New,Marketplace,2025-10-17
C09756,Customer 9756,Male,18,Coimbatore,Tamil Nadu,New,Meta Ads,2024-02-29
C09757,Customer 9757,Male,57,Jaipur,Rajasthan,At-Risk,Meta Ads,2025-05-27
C09758,Customer 9758,Female,61,New Delhi,Delhi,New,Meta Ads,2026-04-06
C09759,Customer 9759,Female,46,Nizamabad,Telangana,One-Time,Google Ads,2026-06-07
C09760,Customer 9760,Female,51,Mangaluru,Karnataka,VIP,Email,2024-06-27
C09761,Customer 9761,Male,25,Lucknow,Uttar Pradesh,New,Organic Search,2025-11-20
C09762,Customer 9762,Male,26,Hyderabad,Telangana,Dormant,Organic Search,2026-04-17
C09763,Customer 9763,Male,62,Jaipur,Rajasthan,New,Google Ads,2025-10-22
C09764,Customer 9764,Female,25,Mangaluru,Karnataka,At-Risk,Email,2024-12-29
C09765,Customer 9765,Female,63,Delhi,Delhi,One-Time,Meta Ads,2024-04-29
C09766,Customer 9766,Male,20,Ahmedabad,Gujarat,New,Organic Search,2025-05-14
C09767,Customer 9767,Female,40,Bengaluru,Karnataka,One-Time,Instagram,2024-01-24
C09768,Customer 9768,Female,54,Kolkata,West Bengal,Dormant,Marketplace,2025-09-06
C09769,Customer 9769,Female,22,Udaipur,Rajasthan,Loyal,Affiliate,2025-01-04
C09770,Customer 9770,Male,24,Nizamabad,Telangana,New,Organic Search,2024-02-28
C09771,Customer 9771,Male,53,Coimbatore,Tamil Nadu,Dormant,Email,2025-09-25
C09772,Customer 9772,Female,42,Udaipur,Rajasthan,New,Organic Search,2025-01-07
C09773,Customer 9773,Male,56,Jaipur,Rajasthan,New,Instagram,2025-03-29
C09774,Customer 9774,Female,35,Surat,Gujarat,New,Affiliate,2024-09-10
C09775,Customer 9775,Male,53,Lucknow,Uttar Pradesh,At-Risk,Marketplace,2025-01-25
C09776,Customer 9776,Male,44,Nizamabad,Telangana,New,Marketplace,2024-05-31
C09777,Customer 9777,Female,21,Pune,Maharashtra,New,Organic Search,2024-06-18
C09778,Customer 9778,Male,51,Howrah,West Bengal,Dormant,Organic Search,2025-08-25
C09779,Customer 9779,Female,62,Jodhpur,Rajasthan,Loyal,Instagram,2026-01-18
C09780,Customer 9780,Female,28,Noida,Uttar Pradesh,One-Time,Google Ads,2024-05-29
C09781,Customer 9781,Male,56,Nagpur,Maharashtra,Loyal,Organic Search,2024-05-25
C09782,Customer 9782,Male,27,Delhi,Delhi,New,Marketplace,2025-06-08
C09783,Customer 9783,Female,62,Kolkata,West Bengal,Loyal,Influencer,2025-05-17
C09784,Customer 9784,Female,34,Pune,Maharashtra,One-Time,Influencer,2024-12-17
C09785,Customer 9785,Male,49,Delhi,Delhi,Loyal,Instagram,2026-06-09
C09786,Customer 9786,Male,62,Kolkata,West Bengal,VIP,Organic Search,2026-05-28
C09787,Customer 9787,Male,44,Pune,Maharashtra,One-Time,Organic Search,2025-07-29
C09788,Customer 9788,Female,39,Madurai,Tamil Nadu,New,Email,2026-03-26
C09789,Customer 9789,Male,41,Nagpur,Maharashtra,One-Time,Google Ads,2025-02-14
C09790,Customer 9790,Female,30,Thiruvananthapuram,Kerala,VIP,Organic Search,2024-01-07
C09791,Customer 9791,Female,20,Pune,Maharashtra,At-Risk,Meta Ads,2024-04-05
C09792,Customer 9792,Female,42,Nagpur,Maharashtra,At-Risk,Organic Search,2025-12-30
C09793,Customer 9793,Male,55,Hyderabad,Telangana,Dormant,Marketplace,2024-04-22
C09794,Customer 9794,Female,26,Hyderabad,Telangana,At-Risk,Organic Search,2024-05-31
C09795,Customer 9795,Female,62,Mumbai,Maharashtra,Dormant,Meta Ads,2025-09-05
C09796,Customer 9796,Female,54,Ahmedabad,Gujarat,Loyal,Email,2025-02-27
C09797,Customer 9797,Male,49,Nizamabad,Telangana,New,Organic Search,2024-08-04
C09798,Customer 9798,Male,33,Bengaluru,Karnataka,Loyal,Organic Search,2025-12-31
C09799,Customer 9799,Female,52,Hyderabad,Telangana,New,Google Ads,2025-10-09
C09800,Customer 9800,Male,65,Coimbatore,Tamil Nadu,New,Email,2024-09-15
C09801,Customer 9801,Female,31,Warangal,Telangana,One-Time,Influencer,2024-07-04
C09802,Customer 9802,Female,48,Vadodara,Gujarat,One-Time,Google Ads,2025-10-22
C09803,Customer 9803,Female,38,Howrah,West Bengal,VIP,Organic Search,2024-07-31
C09804,Customer 9804,Female,47,Jodhpur,Rajasthan,One-Time,Marketplace,2024-08-04
C09805,Customer 9805,Other,30,Mumbai,Maharashtra,New,Affiliate,2026-03-03
C09806,Customer 9806,Male,31,Lucknow,Uttar Pradesh,Dormant,Marketplace,2026-02-24
C09807,Customer 9807,Female,60,Udaipur,Rajasthan,Loyal,Affiliate,2026-05-29
C09808,Customer 9808,Male,26,Warangal,Telangana,New,Email,2025-01-30
C09809,Customer 9809,Male,58,Madurai,Tamil Nadu,One-Time,Email,2025-10-18
C09810,Customer 9810,Female,21,Noida,Uttar Pradesh,New,Google Ads,2024-06-28
C09811,Customer 9811,Male,61,Mangaluru,Karnataka,Dormant,Google Ads,2026-06-10
C09812,Customer 9812,Male,59,Coimbatore,Tamil Nadu,New,Organic Search,2024-02-18
C09813,Customer 9813,Male,62,Howrah,West Bengal,Dormant,Meta Ads,2026-02-10
C09814,Customer 9814,Female,65,Warangal,Telangana,One-Time,Meta Ads,2025-06-29
C09815,Customer 9815,Female,63,Kochi,Kerala,At-Risk,Affiliate,2026-04-24
C09816,Customer 9816,Male,28,Mumbai,Maharashtra,New,Google Ads,2025-09-06
C09817,Customer 9817,Male,60,Hyderabad,Telangana,Loyal,Meta Ads,2024-06-22
C09818,Customer 9818,Male,65,Warangal,Telangana,One-Time,Organic Search,2025-09-04
C09819,Customer 9819,Male,44,Madurai,Tamil Nadu,One-Time,Google Ads,2025-10-30
C09820,Customer 9820,Male,47,Noida,Uttar Pradesh,Dormant,Email,2025-03-23
C09821,Customer 9821,Female,60,Kanpur,Uttar Pradesh,VIP,Google Ads,2025-06-13
C09822,Customer 9822,Female,55,Kochi,Kerala,One-Time,Affiliate,2024-12-28
C09823,Customer 9823,Female,56,Surat,Gujarat,VIP,Organic Search,2024-08-29
C09824,Customer 9824,Female,65,Coimbatore,Tamil Nadu,New,Organic Search,2025-07-11
C09825,Customer 9825,Male,58,Chennai,Tamil Nadu,Dormant,Meta Ads,2025-03-30
C09826,Customer 9826,Male,64,Warangal,Telangana,One-Time,Organic Search,2024-01-30
C09827,Customer 9827,Female,62,Thiruvananthapuram,Kerala,New,Meta Ads,2025-11-13
C09828,Customer 9828,Male,45,New Delhi,Delhi,One-Time,Organic Search,2024-08-03
C09829,Customer 9829,Female,46,Delhi,Delhi,New,Google Ads,2024-02-11
C09830,Customer 9830,Female,43,New Delhi,Delhi,Dormant,Google Ads,2024-08-17
C09831,Customer 9831,Male,33,Kanpur,Uttar Pradesh,One-Time,Meta Ads,2026-03-14
C09832,Customer 9832,Female,50,Mumbai,Maharashtra,New,Meta Ads,2025-12-01
C09833,Customer 9833,Male,46,Udaipur,Rajasthan,At-Risk,Google Ads,2025-01-15
C09834,Customer 9834,Male,28,Udaipur,Rajasthan,New,Google Ads,2025-02-01
C09835,Customer 9835,Female,59,Lucknow,Uttar Pradesh,New,Influencer,2025-01-21
C09836,Customer 9836,Female,36,Hyderabad,Telangana,Loyal,Email,2024-02-11
C09837,Customer 9837,Female,40,Pune,Maharashtra,New,Organic Search,2024-11-19
C09838,Customer 9838,Male,57,Delhi,Delhi,At-Risk,Meta Ads,2026-03-16
C09839,Customer 9839,Male,47,Noida,Uttar Pradesh,Loyal,Google Ads,2025-07-20
C09840,Customer 9840,Female,23,Thiruvananthapuram,Kerala,New,Marketplace,2024-12-12
C09841,Customer 9841,Female,33,Vadodara,Gujarat,Loyal,Google Ads,2026-06-07
C09842,Customer 9842,Male,40,Pune,Maharashtra,One-Time,Affiliate,2024-03-10
C09843,Customer 9843,Male,53,Nagpur,Maharashtra,Loyal,Organic Search,2026-02-16
C09844,Customer 9844,Female,33,Howrah,West Bengal,Loyal,Instagram,2025-01-11
C09845,Customer 9845,Male,40,Mumbai,Maharashtra,At-Risk,Organic Search,2025-03-29
C09846,Customer 9846,Male,45,Surat,Gujarat,Loyal,Affiliate,2026-05-04
C09847,Customer 9847,Female,43,Lucknow,Uttar Pradesh,At-Risk,Influencer,2026-04-18
C09848,Customer 9848,Male,27,Chennai,Tamil Nadu,New,Email,2025-12-22
C09849,Customer 9849,Male,42,Chennai,Tamil Nadu,Dormant,Meta Ads,2025-04-21
C09850,Customer 9850,Female,62,Hyderabad,Telangana,New,Organic Search,2025-06-18
C09851,Customer 9851,Male,49,Bengaluru,Karnataka,At-Risk,Google Ads,2026-03-24
C09852,Customer 9852,Male,56,Udaipur,Rajasthan,Loyal,Instagram,2025-11-14
C09853,Customer 9853,Male,52,Coimbatore,Tamil Nadu,New,Organic Search,2024-09-28
C09854,Customer 9854,Male,21,Pune,Maharashtra,One-Time,Meta Ads,2025-04-09
C09855,Customer 9855,Male,40,Nizamabad,Telangana,Dormant,Influencer,2026-01-06
C09856,Customer 9856,Male,33,Nizamabad,Telangana,At-Risk,Marketplace,2025-12-24
C09857,Customer 9857,Female,42,Howrah,West Bengal,VIP,Google Ads,2024-09-26
C09858,Customer 9858,Female,20,Surat,Gujarat,One-Time,Meta Ads,2026-01-26
C09859,Customer 9859,Female,28,Delhi,Delhi,Loyal,Email,2025-05-24
C09860,Customer 9860,Female,23,New Delhi,Delhi,New,Google Ads,2024-10-30
C09861,Customer 9861,Male,20,Pune,Maharashtra,Loyal,Google Ads,2025-03-19
C09862,Customer 9862,Male,38,New Delhi,Delhi,One-Time,Marketplace,2025-02-04
C09863,Customer 9863,Female,55,Hyderabad,Telangana,At-Risk,Google Ads,2024-03-08
C09864,Customer 9864,Male,33,Kochi,Kerala,VIP,Meta Ads,2024-07-22
C09865,Customer 9865,Male,55,Warangal,Telangana,One-Time,Instagram,2024-05-03
C09866,Customer 9866,Female,42,Madurai,Tamil Nadu,Loyal,Google Ads,2025-09-08
C09867,Customer 9867,Male,50,Warangal,Telangana,One-Time,Affiliate,2025-01-10
C09868,Customer 9868,Female,31,Lucknow,Uttar Pradesh,New,Influencer,2024-05-03
C09869,Customer 9869,Female,38,Pune,Maharashtra,New,Instagram,2025-06-20
C09870,Customer 9870,Female,33,Kozhikode,Kerala,One-Time,Meta Ads,2025-02-28
C09871,Customer 9871,Male,38,Warangal,Telangana,New,Marketplace,2025-08-31
C09872,Customer 9872,Male,63,Lucknow,Uttar Pradesh,Loyal,Organic Search,2026-05-19
C09873,Customer 9873,Male,23,Kolkata,West Bengal,VIP,Email,2026-06-05
C09874,Customer 9874,Male,59,Mysuru,Karnataka,Loyal,Instagram,2025-02-23
C09875,Customer 9875,Male,62,Nagpur,Maharashtra,Dormant,Email,2024-01-29
C09876,Customer 9876,Female,18,Chennai,Tamil Nadu,At-Risk,Meta Ads,2024-03-02
C09877,Customer 9877,Female,37,Kanpur,Uttar Pradesh,New,Instagram,2024-05-04
C09878,Customer 9878,Female,46,Kanpur,Uttar Pradesh,Loyal,Organic Search,2024-01-17
C09879,Customer 9879,Female,32,Mumbai,Maharashtra,Dormant,Instagram,2025-08-02
C09880,Customer 9880,Other,24,Chennai,Tamil Nadu,New,Organic Search,2026-05-05
C09881,Customer 9881,Male,36,Mumbai,Maharashtra,One-Time,Organic Search,2025-11-09
C09882,Customer 9882,Male,55,Pune,Maharashtra,Dormant,Organic Search,2025-09-28
C09883,Customer 9883,Male,41,Kolkata,West Bengal,At-Risk,Organic Search,2024-10-14
C09884,Customer 9884,Male,58,Mangaluru,Karnataka,At-Risk,Meta Ads,2025-09-30
C09885,Customer 9885,Male,35,Mumbai,Maharashtra,At-Risk,Organic Search,2025-04-09
C09886,Customer 9886,Male,49,Noida,Uttar Pradesh,New,Affiliate,2024-11-28
C09887,Customer 9887,Female,55,Udaipur,Rajasthan,VIP,Google Ads,2024-02-19
C09888,Customer 9888,Female,50,Lucknow,Uttar Pradesh,At-Risk,Marketplace,2025-03-27
C09889,Customer 9889,Male,39,Hyderabad,Telangana,New,Marketplace,2025-01-14
C09890,Customer 9890,Female,58,Kozhikode,Kerala,New,Organic Search,2025-05-17
C09891,Customer 9891,Male,26,Ahmedabad,Gujarat,New,Google Ads,2025-02-24
C09892,Customer 9892,Male,22,New Delhi,Delhi,VIP,Organic Search,2025-11-21
C09893,Customer 9893,Male,19,Hyderabad,Telangana,VIP,Meta Ads,2026-03-23
C09894,Customer 9894,Female,51,Kochi,Kerala,At-Risk,Meta Ads,2025-04-03
C09895,Customer 9895,Female,34,Surat,Gujarat,One-Time,Google Ads,2024-11-02
C09896,Customer 9896,Male,23,Noida,Uttar Pradesh,Loyal,Organic Search,2024-10-03
C09897,Customer 9897,Male,27,Kolkata,West Bengal,New,Organic Search,2026-03-04
C09898,Customer 9898,Female,20,Kanpur,Uttar Pradesh,Dormant,Instagram,2025-04-24
C09899,Customer 9899,Male,37,Jaipur,Rajasthan,Loyal,Instagram,2026-05-24
C09900,Customer 9900,Male,48,Thiruvananthapuram,Kerala,VIP,Instagram,2025-09-05
C09901,Customer 9901,Female,30,Mumbai,Maharashtra,One-Time,Instagram,2025-06-08
C09902,Customer 9902,Female,31,Nagpur,Maharashtra,New,Email,2024-02-22
C09903,Customer 9903,Male,64,Jodhpur,Rajasthan,New,Google Ads,2025-10-22
C09904,Customer 9904,Male,20,Delhi,Delhi,At-Risk,Instagram,2025-03-02
C09905,Customer 9905,Male,58,Ahmedabad,Gujarat,New,Google Ads,2024-04-05
C09906,Customer 9906,Male,21,Jodhpur,Rajasthan,At-Risk,Affiliate,2024-11-06
C09907,Customer 9907,Male,55,Ahmedabad,Gujarat,One-Time,Email,2025-02-12
C09908,Customer 9908,Female,65,Lucknow,Uttar Pradesh,Loyal,Affiliate,2026-03-17
C09909,Customer 9909,Male,32,Mangaluru,Karnataka,One-Time,Instagram,2025-07-27
C09910,Customer 9910,Male,28,Kanpur,Uttar Pradesh,New,Google Ads,2024-12-15
C09911,Customer 9911,Female,29,Hyderabad,Telangana,Loyal,Meta Ads,2026-06-01
C09912,Customer 9912,Female,37,Kolkata,West Bengal,One-Time,Meta Ads,2025-07-20
C09913,Customer 9913,Male,30,Kozhikode,Kerala,Loyal,Instagram,2026-05-24
C09914,Customer 9914,Male,30,Bengaluru,Karnataka,Loyal,Affiliate,2025-02-13
C09915,Customer 9915,Female,26,Mangaluru,Karnataka,One-Time,Google Ads,2026-02-04
C09916,Customer 9916,Female,62,Bengaluru,Karnataka,Loyal,Instagram,2026-01-01
C09917,Customer 9917,Male,32,Surat,Gujarat,Loyal,Google Ads,2025-10-06
C09918,Customer 9918,Female,21,Madurai,Tamil Nadu,New,Instagram,2026-04-16
C09919,Customer 9919,Female,33,Nizamabad,Telangana,One-Time,Organic Search,2025-05-12
C09920,Customer 9920,Male,44,Kochi,Kerala,New,Google Ads,2024-03-16
C09921,Customer 9921,Male,23,Mumbai,Maharashtra,New,Google Ads,2024-12-05
C09922,Customer 9922,Female,40,Ahmedabad,Gujarat,New,Organic Search,2024-01-18
C09923,Customer 9923,Male,65,Surat,Gujarat,Loyal,Instagram,2024-08-25
C09924,Customer 9924,Female,51,Hyderabad,Telangana,New,Meta Ads,2025-09-26
C09925,Customer 9925,Female,34,Nizamabad,Telangana,At-Risk,Organic Search,2024-04-24
C09926,Customer 9926,Other,61,Kochi,Kerala,VIP,Google Ads,2025-07-22
C09927,Customer 9927,Male,33,Howrah,West Bengal,New,Influencer,2025-07-26
C09928,Customer 9928,Male,18,Nizamabad,Telangana,Loyal,Affiliate,2025-05-13
C09929,Customer 9929,Female,29,Noida,Uttar Pradesh,New,Instagram,2025-09-13
C09930,Customer 9930,Male,18,Delhi,Delhi,New,Email,2025-01-22
C09931,Customer 9931,Female,41,Hyderabad,Telangana,Dormant,Instagram,2025-08-16
C09932,Customer 9932,Female,36,Howrah,West Bengal,Loyal,Affiliate,2025-11-05
C09933,Customer 9933,Male,21,Delhi,Delhi,New,Google Ads,2025-06-09
C09934,Customer 9934,Male,37,Nagpur,Maharashtra,At-Risk,Organic Search,2025-09-25
C09935,Customer 9935,Male,27,Lucknow,Uttar Pradesh,Dormant,Meta Ads,2025-11-19
C09936,Customer 9936,Female,60,Mysuru,Karnataka,Loyal,Affiliate,2025-01-09
C09937,Customer 9937,Male,46,Mangaluru,Karnataka,VIP,Marketplace,2026-04-03
C09938,Customer 9938,Female,31,Mangaluru,Karnataka,At-Risk,Meta Ads,2024-10-19
C09939,Customer 9939,Male,54,Noida,Uttar Pradesh,VIP,Instagram,2024-02-21
C09940,Customer 9940,Male,58,Udaipur,Rajasthan,Loyal,Email,2026-05-15
C09941,Customer 9941,Male,54,Kochi,Kerala,At-Risk,Email,2026-01-28
C09942,Customer 9942,Female,22,Nagpur,Maharashtra,Loyal,Google Ads,2024-12-31
C09943,Customer 9943,Male,42,Noida,Uttar Pradesh,One-Time,Organic Search,2024-07-11
C09944,Customer 9944,Female,21,Vadodara,Gujarat,New,Organic Search,2024-07-07
C09945,Customer 9945,Female,48,Mysuru,Karnataka,One-Time,Marketplace,2025-05-29
C09946,Customer 9946,Female,53,Warangal,Telangana,New,Organic Search,2026-05-14
C09947,Customer 9947,Female,19,Kanpur,Uttar Pradesh,New,Organic Search,2024-10-10
C09948,Customer 9948,Male,54,Mangaluru,Karnataka,Loyal,Meta Ads,2025-09-27
C09949,Customer 9949,Female,29,Howrah,West Bengal,Dormant,Google Ads,2024-11-22
C09950,Customer 9950,Male,22,Ahmedabad,Gujarat,New,Organic Search,2025-05-17
C09951,Customer 9951,Female,31,Warangal,Telangana,One-Time,Organic Search,2025-07-28
C09952,Customer 9952,Male,65,Kozhikode,Kerala,At-Risk,Influencer,2025-11-21
C09953,Customer 9953,Female,31,Kanpur,Uttar Pradesh,One-Time,Instagram,2025-10-21
C09954,Customer 9954,Female,21,New Delhi,Delhi,VIP,Google Ads,2024-07-18
C09955,Customer 9955,Male,21,Howrah,West Bengal,Loyal,Meta Ads,2024-04-10
C09956,Customer 9956,Female,60,Delhi,Delhi,Loyal,Email,2025-05-17
C09957,Customer 9957,Female,49,Jaipur,Rajasthan,New,Meta Ads,2024-12-30
C09958,Customer 9958,Male,27,Nagpur,Maharashtra,One-Time,Meta Ads,2024-09-03
C09959,Customer 9959,Female,48,Coimbatore,Tamil Nadu,Loyal,Google Ads,2024-06-26
C09960,Customer 9960,Male,19,Mysuru,Karnataka,New,Instagram,2026-02-15
C09961,Customer 9961,Female,50,New Delhi,Delhi,New,Meta Ads,2024-03-16
C09962,Customer 9962,Male,59,New Delhi,Delhi,One-Time,Marketplace,2024-05-03
C09963,Customer 9963,Female,55,Pune,Maharashtra,Loyal,Influencer,2024-11-05
C09964,Customer 9964,Male,26,Kozhikode,Kerala,Loyal,Meta Ads,2024-07-14
C09965,Customer 9965,Female,34,Hyderabad,Telangana,VIP,Organic Search,2024-03-02
C09966,Customer 9966,Other,43,Nizamabad,Telangana,VIP,Email,2024-08-07
C09967,Customer 9967,Female,21,Madurai,Tamil Nadu,New,Marketplace,2024-11-23
C09968,Customer 9968,Male,57,Howrah,West Bengal,Dormant,Organic Search,2025-01-28
C09969,Customer 9969,Female,47,Nagpur,Maharashtra,At-Risk,Meta Ads,2025-04-19
C09970,Customer 9970,Female,25,Vadodara,Gujarat,One-Time,Meta Ads,2024-04-29
C09971,Customer 9971,Female,54,Udaipur,Rajasthan,Loyal,Marketplace,2026-05-30
C09972,Customer 9972,Female,53,Nizamabad,Telangana,One-Time,Marketplace,2025-05-04
C09973,Customer 9973,Female,25,Kozhikode,Kerala,Dormant,Email,2024-12-27
C09974,Customer 9974,Male,43,Mangaluru,Karnataka,One-Time,Organic Search,2025-10-21
C09975,Customer 9975,Female,33,Kolkata,West Bengal,One-Time,Email,2026-04-21
C09976,Customer 9976,Male,30,Pune,Maharashtra,Dormant,Affiliate,2024-01-08
C09977,Customer 9977,Female,56,Udaipur,Rajasthan,Loyal,Email,2025-03-26
C09978,Customer 9978,Male,19,Noida,Uttar Pradesh,New,Google Ads,2026-03-09
C09979,Customer 9979,Male,38,Hyderabad,Telangana,Loyal,Meta Ads,2024-07-31
C09980,Customer 9980,Female,30,Nagpur,Maharashtra,At-Risk,Organic Search,2026-02-06
C09981,Customer 9981,Male,33,Mysuru,Karnataka,One-Time,Meta Ads,2025-06-16
C09982,Customer 9982,Female,38,Nizamabad,Telangana,Loyal,Affiliate,2024-02-15
C09983,Customer 9983,Female,45,Kochi,Kerala,Loyal,Marketplace,2026-02-24
C09984,Customer 9984,Male,35,Ahmedabad,Gujarat,Loyal,Meta Ads,2024-03-02
C09985,Customer 9985,Male,44,Surat,Gujarat,Dormant,Marketplace,2025-10-02
C09986,Customer 9986,Male,52,Kochi,Kerala,Loyal,Organic Search,2025-05-31
C09987,Customer 9987,Female,26,Noida,Uttar Pradesh,Loyal,Organic Search,2025-12-14
C09988,Customer 9988,Male,37,Noida,Uttar Pradesh,At-Risk,Google Ads,2024-10-09
C09989,Customer 9989,Male,43,Bengaluru,Karnataka,New,Instagram,2024-04-15
C09990,Customer 9990,Other,36,Mangaluru,Karnataka,New,Marketplace,2025-03-17
C09991,Customer 9991,Male,44,Bengaluru,Karnataka,Dormant,Organic Search,2025-11-02
C09992,Customer 9992,Female,56,Mangaluru,Karnataka,VIP,Organic Search,2025-05-25
C09993,Customer 9993,Female,47,Chennai,Tamil Nadu,One-Time,Google Ads,2024-03-17
C09994,Customer 9994,Male,40,Pune,Maharashtra,New,Meta Ads,2025-07-27
C09995,Customer 9995,Male,49,Madurai,Tamil Nadu,New,Email,2024-12-26
C09996,Customer 9996,Female,65,Chennai,Tamil Nadu,New,Organic Search,2025-10-20
C09997,Customer 9997,Male,18,Mangaluru,Karnataka,One-Time,Influencer,2026-04-18
C09998,Customer 9998,Male,45,Mumbai,Maharashtra,Loyal,Instagram,2026-02-10
C09999,Customer 9999,Female,18,Madurai,Tamil Nadu,New,Meta Ads,2026-06-18
C10000,Customer 10000,Female,62,Delhi,Delhi,Loyal,Meta Ads,2025-06-29
