inventory_id,product_id,date,opening_stock,units_received,units_sold,closing_stock,reorder_level
INV0000001,P0001,2026-01-01,314,389,116,587,52
INV0000002,P0002,2026-01-01,288,82,81,289,50
INV0000003,P0003,2026-01-01,203,192,23,372,50
INV0000004,P0004,2026-01-01,514,82,38,558,50
INV0000005,P0005,2026-01-01,465,250,88,627,50
INV0000006,P0006,2026-01-01,55,378,59,374,50
INV0000007,P0007,2026-01-01,648,206,27,827,50
INV0000008,P0008,2026-01-01,340,45,41,344,50
INV0000009,P0009,2026-01-01,638,359,131,866,58
INV0000010,P0010,2026-01-01,69,60,114,15,51
INV0000011,P0011,2026-01-01,622,263,86,799,50
INV0000012,P0012,2026-01-01,472,311,91,692,50
INV0000013,P0013,2026-01-01,136,175,61,250,50
INV0000014,P0014,2026-01-01,655,290,12,933,50
INV0000015,P0015,2026-01-01,130,14,85,59,50
INV0000016,P0016,2026-01-01,159,382,134,407,60
INV0000017,P0017,2026-01-01,168,157,125,200,56
INV0000018,P0018,2026-01-01,440,278,158,560,71
INV0000019,P0019,2026-01-01,423,160,147,436,66
INV0000020,P0020,2026-01-01,497,172,142,527,63
INV0000021,P0021,2026-01-01,120,30,148,2,66
INV0000022,P0022,2026-01-01,569,0,56,513,50
INV0000023,P0023,2026-01-01,391,207,111,487,50
INV0000024,P0024,2026-01-01,51,269,89,231,50
INV0000025,P0025,2026-01-01,471,17,76,412,50
INV0000026,P0026,2026-01-01,84,226,26,284,50
INV0000027,P0027,2026-01-01,686,271,77,880,50
INV0000028,P0028,2026-01-01,288,371,123,536,55
INV0000029,P0029,2026-01-01,331,169,53,447,50
INV0000030,P0030,2026-01-01,430,170,83,517,50
INV0000031,P0031,2026-01-01,572,47,176,443,79
INV0000032,P0032,2026-01-01,293,366,104,555,50
INV0000033,P0033,2026-01-01,342,194,116,420,52
INV0000034,P0034,2026-01-01,623,110,90,643,50
INV0000035,P0035,2026-01-01,507,347,45,809,50
INV0000036,P0036,2026-01-01,603,329,113,819,50
INV0000037,P0037,2026-01-01,121,367,43,445,50
INV0000038,P0038,2026-01-01,106,214,37,283,50
INV0000039,P0039,2026-01-01,71,147,92,126,50
INV0000040,P0040,2026-01-01,590,235,10,815,50
INV0000041,P0041,2026-01-01,231,58,92,197,50
INV0000042,P0042,2026-01-01,237,308,27,518,50
INV0000043,P0043,2026-01-01,248,254,46,456,50
INV0000044,P0044,2026-01-01,214,163,34,343,50
INV0000045,P0045,2026-01-01,409,360,166,603,74
INV0000046,P0046,2026-01-01,683,263,157,789,70
INV0000047,P0047,2026-01-01,151,328,131,348,58
INV0000048,P0048,2026-01-01,474,180,48,606,50
INV0000049,P0049,2026-01-01,196,1,169,28,76
INV0000050,P0050,2026-01-01,633,73,52,654,50
INV0000051,P0051,2026-01-01,411,324,17,718,50
INV0000052,P0052,2026-01-01,444,253,156,541,70
INV0000053,P0053,2026-01-01,97,261,135,223,60
INV0000054,P0054,2026-01-01,454,95,53,496,50
INV0000055,P0055,2026-01-01,614,228,157,685,70
INV0000056,P0056,2026-01-01,323,104,66,361,50
INV0000057,P0057,2026-01-01,399,154,28,525,50
INV0000058,P0058,2026-01-01,156,199,129,226,58
INV0000059,P0059,2026-01-01,498,273,136,635,61
INV0000060,P0060,2026-01-01,661,346,20,987,50
INV0000061,P0061,2026-01-01,341,73,29,385,50
INV0000062,P0062,2026-01-01,543,199,129,613,58
INV0000063,P0063,2026-01-01,218,109,125,202,56
INV0000064,P0064,2026-01-01,466,128,23,571,50
INV0000065,P0065,2026-01-01,348,195,103,440,50
INV0000066,P0066,2026-01-01,399,76,162,313,72
INV0000067,P0067,2026-01-01,86,349,72,363,50
INV0000068,P0068,2026-01-01,598,296,73,821,50
INV0000069,P0069,2026-01-01,238,97,30,305,50
INV0000070,P0070,2026-01-01,168,205,145,228,65
INV0000071,P0071,2026-01-01,349,318,178,489,80
INV0000072,P0072,2026-01-01,606,96,152,550,68
INV0000073,P0073,2026-01-01,230,278,17,491,50
INV0000074,P0074,2026-01-01,390,236,70,556,50
INV0000075,P0075,2026-01-01,223,332,141,414,63
INV0000076,P0076,2026-01-01,583,12,103,492,50
INV0000077,P0077,2026-01-01,686,117,176,627,79
INV0000078,P0078,2026-01-01,318,263,77,504,50
INV0000079,P0079,2026-01-01,350,293,126,517,56
INV0000080,P0080,2026-01-01,126,275,119,282,53
INV0000081,P0081,2026-01-01,82,169,20,231,50
INV0000082,P0082,2026-01-01,87,301,53,335,50
INV0000083,P0083,2026-01-01,582,97,98,581,50
INV0000084,P0084,2026-01-01,361,162,147,376,66
INV0000085,P0085,2026-01-01,143,22,25,140,50
INV0000086,P0086,2026-01-01,421,167,79,509,50
INV0000087,P0087,2026-01-01,55,397,118,334,53
INV0000088,P0088,2026-01-01,596,349,174,771,78
INV0000089,P0089,2026-01-01,548,289,97,740,50
INV0000090,P0090,2026-01-01,427,345,6,766,50
INV0000091,P0091,2026-01-01,82,267,118,231,53
INV0000092,P0092,2026-01-01,489,321,129,681,58
INV0000093,P0093,2026-01-01,235,346,59,522,50
INV0000094,P0094,2026-01-01,95,352,20,427,50
INV0000095,P0095,2026-01-01,600,161,71,690,50
INV0000096,P0096,2026-01-01,426,244,127,543,57
INV0000097,P0097,2026-01-01,598,65,134,529,60
INV0000098,P0098,2026-01-01,250,24,88,186,50
INV0000099,P0099,2026-01-01,687,337,16,1008,50
INV0000100,P0100,2026-01-01,553,222,101,674,50
INV0000101,P0101,2026-01-01,618,23,136,505,61
INV0000102,P0102,2026-01-01,138,268,86,320,50
INV0000103,P0103,2026-01-01,648,85,94,639,50
INV0000104,P0104,2026-01-01,304,279,110,473,50
INV0000105,P0105,2026-01-01,135,314,49,400,50
INV0000106,P0106,2026-01-01,483,155,157,481,70
INV0000107,P0107,2026-01-01,665,397,68,994,50
INV0000108,P0108,2026-01-01,205,34,44,195,50
INV0000109,P0109,2026-01-01,639,201,79,761,50
INV0000110,P0110,2026-01-01,475,4,85,394,50
INV0000111,P0111,2026-01-01,374,91,48,417,50
INV0000112,P0112,2026-01-01,264,386,75,575,50
INV0000113,P0113,2026-01-01,50,338,101,287,50
INV0000114,P0114,2026-01-01,559,204,82,681,50
INV0000115,P0115,2026-01-01,58,356,24,390,50
INV0000116,P0116,2026-01-01,180,177,150,207,67
INV0000117,P0117,2026-01-01,520,291,139,672,62
INV0000118,P0118,2026-01-01,122,276,72,326,50
INV0000119,P0119,2026-01-01,453,228,39,642,50
INV0000120,P0120,2026-01-01,257,121,15,363,50
INV0000121,P0121,2026-01-01,165,139,132,172,59
INV0000122,P0122,2026-01-01,551,180,158,573,71
INV0000123,P0123,2026-01-01,80,109,119,70,53
INV0000124,P0124,2026-01-01,132,47,20,159,50
INV0000125,P0125,2026-01-01,637,372,100,909,50
INV0000126,P0126,2026-01-01,265,326,101,490,50
INV0000127,P0127,2026-01-01,440,383,72,751,50
INV0000128,P0128,2026-01-01,133,255,105,283,50
INV0000129,P0129,2026-01-01,216,243,60,399,50
INV0000130,P0130,2026-01-01,526,148,149,525,67
INV0000131,P0131,2026-01-01,148,100,155,93,69
INV0000132,P0132,2026-01-01,151,40,30,161,50
INV0000133,P0133,2026-01-01,698,347,7,1038,50
INV0000134,P0134,2026-01-01,189,69,40,218,50
INV0000135,P0135,2026-01-01,648,285,167,766,75
INV0000136,P0136,2026-01-01,543,131,24,650,50
INV0000137,P0137,2026-01-01,290,277,25,542,50
INV0000138,P0138,2026-01-01,287,75,64,298,50
INV0000139,P0139,2026-01-01,249,197,121,325,54
INV0000140,P0140,2026-01-01,331,165,135,361,60
INV0000141,P0141,2026-01-01,681,168,118,731,53
INV0000142,P0142,2026-01-01,52,122,108,66,50
INV0000143,P0143,2026-01-01,533,162,104,591,50
INV0000144,P0144,2026-01-01,283,104,41,346,50
INV0000145,P0145,2026-01-01,602,129,75,656,50
INV0000146,P0146,2026-01-01,563,339,10,892,50
INV0000147,P0147,2026-01-01,610,345,176,779,79
INV0000148,P0148,2026-01-01,677,381,85,973,50
INV0000149,P0149,2026-01-01,553,99,80,572,50
INV0000150,P0150,2026-01-01,53,296,25,324,50
INV0000151,P0151,2026-01-01,546,167,72,641,50
INV0000152,P0152,2026-01-01,358,139,167,330,75
INV0000153,P0153,2026-01-01,116,305,80,341,50
INV0000154,P0154,2026-01-01,563,79,120,522,54
INV0000155,P0155,2026-01-01,520,142,170,492,76
INV0000156,P0156,2026-01-01,241,96,102,235,50
INV0000157,P0157,2026-01-01,695,230,72,853,50
INV0000158,P0158,2026-01-01,415,152,93,474,50
INV0000159,P0159,2026-01-01,441,75,108,408,50
INV0000160,P0160,2026-01-01,323,398,84,637,50
INV0000161,P0161,2026-01-01,697,196,135,758,60
INV0000162,P0162,2026-01-01,298,86,33,351,50
INV0000163,P0163,2026-01-01,630,387,25,992,50
INV0000164,P0164,2026-01-01,121,323,56,388,50
INV0000165,P0165,2026-01-01,362,28,116,274,52
INV0000166,P0166,2026-01-01,346,137,32,451,50
INV0000167,P0167,2026-01-01,474,96,68,502,50
INV0000168,P0168,2026-01-01,680,164,41,803,50
INV0000169,P0169,2026-01-01,184,71,119,136,53
INV0000170,P0170,2026-01-01,667,333,37,963,50
INV0000171,P0171,2026-01-01,382,332,96,618,50
INV0000172,P0172,2026-01-01,80,78,170,0,76
INV0000173,P0173,2026-01-01,689,384,177,896,79
INV0000174,P0174,2026-01-01,669,210,31,848,50
INV0000175,P0175,2026-01-01,295,398,167,526,75
INV0000176,P0176,2026-01-01,654,221,103,772,50
INV0000177,P0177,2026-01-01,377,353,100,630,50
INV0000178,P0178,2026-01-01,469,372,177,664,79
INV0000179,P0179,2026-01-01,157,90,164,83,73
INV0000180,P0180,2026-01-01,620,144,9,755,50
INV0000181,P0181,2026-01-01,457,73,12,518,50
INV0000182,P0182,2026-01-01,310,343,113,540,50
INV0000183,P0183,2026-01-01,578,175,32,721,50
INV0000184,P0184,2026-01-01,472,152,163,461,73
INV0000185,P0185,2026-01-01,618,193,121,690,54
INV0000186,P0186,2026-01-01,695,96,70,721,50
INV0000187,P0187,2026-01-01,699,174,179,694,80
INV0000188,P0188,2026-01-01,498,234,112,620,50
INV0000189,P0189,2026-01-01,114,282,132,264,59
INV0000190,P0190,2026-01-01,391,342,107,626,50
INV0000191,P0191,2026-01-01,583,359,136,806,61
INV0000192,P0192,2026-01-01,686,141,126,701,56
INV0000193,P0193,2026-01-01,436,89,177,348,79
INV0000194,P0194,2026-01-01,232,324,80,476,50
INV0000195,P0195,2026-01-01,314,60,86,288,50
INV0000196,P0196,2026-01-01,469,258,50,677,50
INV0000197,P0197,2026-01-01,325,236,153,408,68
INV0000198,P0198,2026-01-01,597,90,60,627,50
INV0000199,P0199,2026-01-01,82,128,23,187,50
INV0000200,P0200,2026-01-01,205,188,40,353,50
INV0000201,P0201,2026-01-01,270,327,164,433,73
INV0000202,P0202,2026-01-01,145,273,105,313,50
INV0000203,P0203,2026-01-01,277,353,178,452,80
INV0000204,P0204,2026-01-01,53,213,125,141,56
INV0000205,P0205,2026-01-01,590,71,118,543,53
INV0000206,P0206,2026-01-01,112,325,102,335,50
INV0000207,P0207,2026-01-01,293,61,31,323,50
INV0000208,P0208,2026-01-01,230,28,117,141,52
INV0000209,P0209,2026-01-01,525,189,48,666,50
INV0000210,P0210,2026-01-01,636,301,34,903,50
INV0000211,P0211,2026-01-01,182,372,91,463,50
INV0000212,P0212,2026-01-01,294,1,105,190,50
INV0000213,P0213,2026-01-01,544,296,64,776,50
INV0000214,P0214,2026-01-01,226,9,33,202,50
INV0000215,P0215,2026-01-01,366,340,149,557,67
INV0000216,P0216,2026-01-01,510,249,6,753,50
INV0000217,P0217,2026-01-01,648,273,166,755,74
INV0000218,P0218,2026-01-01,236,41,93,184,50
INV0000219,P0219,2026-01-01,670,387,112,945,50
INV0000220,P0220,2026-01-01,621,21,164,478,73
INV0000221,P0221,2026-01-01,530,214,105,639,50
INV0000222,P0222,2026-01-01,555,41,64,532,50
INV0000223,P0223,2026-01-01,633,365,37,961,50
INV0000224,P0224,2026-01-01,660,53,149,564,67
INV0000225,P0225,2026-01-01,348,165,89,424,50
INV0000226,P0226,2026-01-01,51,262,56,257,50
INV0000227,P0227,2026-01-01,465,247,122,590,54
INV0000228,P0228,2026-01-01,602,39,66,575,50
INV0000229,P0229,2026-01-01,146,22,88,80,50
INV0000230,P0230,2026-01-01,355,296,95,556,50
INV0000231,P0231,2026-01-01,324,248,65,507,50
INV0000232,P0232,2026-01-01,608,70,143,535,64
INV0000233,P0233,2026-01-01,324,97,72,349,50
INV0000234,P0234,2026-01-01,617,100,8,709,50
INV0000235,P0235,2026-01-01,201,129,164,166,73
INV0000236,P0236,2026-01-01,434,343,14,763,50
INV0000237,P0237,2026-01-01,438,304,171,571,76
INV0000238,P0238,2026-01-01,651,359,12,998,50
INV0000239,P0239,2026-01-01,336,225,38,523,50
INV0000240,P0240,2026-01-01,201,80,64,217,50
INV0000241,P0241,2026-01-01,454,268,124,598,55
INV0000242,P0242,2026-01-01,595,163,111,647,50
INV0000243,P0243,2026-01-01,98,231,10,319,50
INV0000244,P0244,2026-01-01,276,92,67,301,50
INV0000245,P0245,2026-01-01,411,307,101,617,50
INV0000246,P0246,2026-01-01,126,359,68,417,50
INV0000247,P0247,2026-01-01,281,371,73,579,50
INV0000248,P0248,2026-01-01,613,115,105,623,50
INV0000249,P0249,2026-01-01,355,309,52,612,50
INV0000250,P0250,2026-01-01,255,131,26,360,50
INV0000251,P0251,2026-01-01,279,64,77,266,50
INV0000252,P0252,2026-01-01,595,158,146,607,65
INV0000253,P0253,2026-01-01,531,96,137,490,61
INV0000254,P0254,2026-01-01,537,254,13,778,50
INV0000255,P0255,2026-01-01,657,108,42,723,50
INV0000256,P0256,2026-01-01,450,309,48,711,50
INV0000257,P0257,2026-01-01,547,123,147,523,66
INV0000258,P0258,2026-01-01,457,192,71,578,50
INV0000259,P0259,2026-01-01,208,88,28,268,50
INV0000260,P0260,2026-01-01,468,237,75,630,50
INV0000261,P0261,2026-01-01,133,140,160,113,72
INV0000262,P0262,2026-01-01,104,87,21,170,50
INV0000263,P0263,2026-01-01,64,237,121,180,54
INV0000264,P0264,2026-01-01,578,176,157,597,70
INV0000265,P0265,2026-01-01,52,40,138,0,62
INV0000266,P0266,2026-01-01,160,143,23,280,50
INV0000267,P0267,2026-01-01,552,27,12,567,50
INV0000268,P0268,2026-01-01,221,128,148,201,66
INV0000269,P0269,2026-01-01,62,185,125,122,56
INV0000270,P0270,2026-01-01,513,338,30,821,50
INV0000271,P0271,2026-01-01,233,330,46,517,50
INV0000272,P0272,2026-01-01,284,222,130,376,58
INV0000273,P0273,2026-01-01,72,142,170,44,76
INV0000274,P0274,2026-01-01,472,105,86,491,50
INV0000275,P0275,2026-01-01,180,372,18,534,50
INV0000276,P0276,2026-01-01,238,174,81,331,50
INV0000277,P0277,2026-01-01,280,351,83,548,50
INV0000278,P0278,2026-01-01,319,19,78,260,50
INV0000279,P0279,2026-01-01,64,129,96,97,50
INV0000280,P0280,2026-01-01,422,5,162,265,72
INV0000281,P0281,2026-01-01,302,95,81,316,50
INV0000282,P0282,2026-01-01,336,17,136,217,61
INV0000283,P0283,2026-01-01,253,65,85,233,50
INV0000284,P0284,2026-01-01,522,2,51,473,50
INV0000285,P0285,2026-01-01,423,29,54,398,50
INV0000286,P0286,2026-01-01,653,387,96,944,50
INV0000287,P0287,2026-01-01,61,158,147,72,66
INV0000288,P0288,2026-01-01,636,171,108,699,50
INV0000289,P0289,2026-01-01,344,257,8,593,50
INV0000290,P0290,2026-01-01,112,226,137,201,61
INV0000291,P0291,2026-01-01,328,270,125,473,56
INV0000292,P0292,2026-01-01,516,157,50,623,50
INV0000293,P0293,2026-01-01,452,258,41,669,50
INV0000294,P0294,2026-01-01,411,4,83,332,50
INV0000295,P0295,2026-01-01,516,340,29,827,50
INV0000296,P0296,2026-01-01,198,256,83,371,50
INV0000297,P0297,2026-01-01,625,86,106,605,50
INV0000298,P0298,2026-01-01,370,80,73,377,50
INV0000299,P0299,2026-01-01,635,39,152,522,68
INV0000300,P0300,2026-01-01,451,24,173,302,77
INV0000301,P0301,2026-01-01,389,278,82,585,50
INV0000302,P0302,2026-01-01,507,144,9,642,50
INV0000303,P0303,2026-01-01,524,32,125,431,56
INV0000304,P0304,2026-01-01,94,125,62,157,50
INV0000305,P0305,2026-01-01,351,141,30,462,50
INV0000306,P0306,2026-01-01,542,38,94,486,50
INV0000307,P0307,2026-01-01,554,270,8,816,50
INV0000308,P0308,2026-01-01,444,209,39,614,50
INV0000309,P0309,2026-01-01,189,144,49,284,50
INV0000310,P0310,2026-01-01,508,89,78,519,50
INV0000311,P0311,2026-01-01,69,41,153,0,68
INV0000312,P0312,2026-01-01,624,212,145,691,65
INV0000313,P0313,2026-01-01,312,384,7,689,50
INV0000314,P0314,2026-01-01,115,49,125,39,56
INV0000315,P0315,2026-01-01,604,268,84,788,50
INV0000316,P0316,2026-01-01,466,333,94,705,50
INV0000317,P0317,2026-01-01,538,298,115,721,51
INV0000318,P0318,2026-01-01,75,4,108,0,50
INV0000319,P0319,2026-01-01,234,137,100,271,50
INV0000320,P0320,2026-01-01,173,266,20,419,50
INV0000321,P0321,2026-01-01,253,316,148,421,66
INV0000322,P0322,2026-01-01,317,147,58,406,50
INV0000323,P0323,2026-01-01,261,141,149,253,67
INV0000324,P0324,2026-01-01,62,296,101,257,50
INV0000325,P0325,2026-01-01,139,111,136,114,61
INV0000326,P0326,2026-01-01,291,229,113,407,50
INV0000327,P0327,2026-01-01,617,358,52,923,50
INV0000328,P0328,2026-01-01,553,389,80,862,50
INV0000329,P0329,2026-01-01,104,246,42,308,50
INV0000330,P0330,2026-01-01,90,176,140,126,63
INV0000331,P0331,2026-01-01,230,12,64,178,50
INV0000332,P0332,2026-01-01,479,208,95,592,50
INV0000333,P0333,2026-01-01,355,203,100,458,50
INV0000334,P0334,2026-01-01,91,184,135,140,60
INV0000335,P0335,2026-01-01,628,102,106,624,50
INV0000336,P0336,2026-01-01,113,165,36,242,50
INV0000337,P0337,2026-01-01,497,307,96,708,50
INV0000338,P0338,2026-01-01,459,290,17,732,50
INV0000339,P0339,2026-01-01,139,361,30,470,50
INV0000340,P0340,2026-01-01,594,321,138,777,62
INV0000341,P0341,2026-01-01,135,161,42,254,50
INV0000342,P0342,2026-01-01,109,352,112,349,50
INV0000343,P0343,2026-01-01,567,52,164,455,73
INV0000344,P0344,2026-01-01,667,216,122,761,54
INV0000345,P0345,2026-01-01,167,86,62,191,50
INV0000346,P0346,2026-01-01,620,399,143,876,64
INV0000347,P0347,2026-01-01,437,7,105,339,50
INV0000348,P0348,2026-01-01,341,86,32,395,50
INV0000349,P0349,2026-01-01,460,330,112,678,50
INV0000350,P0350,2026-01-01,680,379,53,1006,50
INV0000351,P0351,2026-01-01,192,349,144,397,64
INV0000352,P0352,2026-01-01,299,28,113,214,50
INV0000353,P0353,2026-01-01,393,329,163,559,73
INV0000354,P0354,2026-01-01,285,233,154,364,69
INV0000355,P0355,2026-01-01,557,380,148,789,66
INV0000356,P0356,2026-01-01,247,393,32,608,50
INV0000357,P0357,2026-01-01,472,24,44,452,50
INV0000358,P0358,2026-01-01,410,306,98,618,50
INV0000359,P0359,2026-01-01,505,122,154,473,69
INV0000360,P0360,2026-01-01,243,337,129,451,58
INV0000361,P0361,2026-01-01,187,266,46,407,50
INV0000362,P0362,2026-01-01,411,287,169,529,76
INV0000363,P0363,2026-01-01,386,165,114,437,51
INV0000364,P0364,2026-01-01,231,165,136,260,61
INV0000365,P0365,2026-01-01,567,90,52,605,50
INV0000366,P0366,2026-01-01,569,107,178,498,80
INV0000367,P0367,2026-01-01,668,184,16,836,50
INV0000368,P0368,2026-01-01,577,183,60,700,50
INV0000369,P0369,2026-01-01,387,291,81,597,50
INV0000370,P0370,2026-01-01,513,89,5,597,50
INV0000371,P0371,2026-01-01,520,255,119,656,53
INV0000372,P0372,2026-01-01,207,195,149,253,67
INV0000373,P0373,2026-01-01,492,25,56,461,50
INV0000374,P0374,2026-01-01,454,327,21,760,50
INV0000375,P0375,2026-01-01,548,158,176,530,79
INV0000376,P0376,2026-01-01,227,130,94,263,50
INV0000377,P0377,2026-01-01,277,95,168,204,75
INV0000378,P0378,2026-01-01,689,313,127,875,57
INV0000379,P0379,2026-01-01,227,234,58,403,50
INV0000380,P0380,2026-01-01,78,393,162,309,72
INV0000381,P0381,2026-01-01,62,141,163,40,73
INV0000382,P0382,2026-01-01,679,379,46,1012,50
INV0000383,P0383,2026-01-01,50,398,77,371,50
INV0000384,P0384,2026-01-01,246,309,102,453,50
INV0000385,P0385,2026-01-01,108,185,156,137,70
INV0000386,P0386,2026-01-01,59,232,142,149,63
INV0000387,P0387,2026-01-01,423,398,89,732,50
INV0000388,P0388,2026-01-01,108,2,179,0,80
INV0000389,P0389,2026-01-01,494,117,93,518,50
INV0000390,P0390,2026-01-01,114,291,10,395,50
INV0000391,P0391,2026-01-01,470,310,151,629,67
INV0000392,P0392,2026-01-01,429,314,96,647,50
INV0000393,P0393,2026-01-01,323,368,148,543,66
INV0000394,P0394,2026-01-01,472,363,122,713,54
INV0000395,P0395,2026-01-01,387,15,68,334,50
INV0000396,P0396,2026-01-01,631,339,53,917,50
INV0000397,P0397,2026-01-01,652,329,18,963,50
INV0000398,P0398,2026-01-01,585,188,49,724,50
INV0000399,P0399,2026-01-01,400,263,73,590,50
INV0000400,P0400,2026-01-01,257,30,72,215,50
INV0000401,P0401,2026-01-01,299,27,46,280,50
INV0000402,P0402,2026-01-01,140,187,86,241,50
INV0000403,P0403,2026-01-01,245,266,167,344,75
INV0000404,P0404,2026-01-01,143,250,162,231,72
INV0000405,P0405,2026-01-01,617,73,110,580,50
INV0000406,P0406,2026-01-01,345,31,178,198,80
INV0000407,P0407,2026-01-01,193,237,45,385,50
INV0000408,P0408,2026-01-01,194,272,162,304,72
INV0000409,P0409,2026-01-01,242,46,108,180,50
INV0000410,P0410,2026-01-01,86,263,103,246,50
INV0000411,P0411,2026-01-01,389,52,113,328,50
INV0000412,P0412,2026-01-01,422,24,169,277,76
INV0000413,P0413,2026-01-01,140,90,126,104,56
INV0000414,P0414,2026-01-01,267,204,147,324,66
INV0000415,P0415,2026-01-01,65,42,31,76,50
INV0000416,P0416,2026-01-01,64,334,156,242,70
INV0000417,P0417,2026-01-01,519,26,64,481,50
INV0000418,P0418,2026-01-01,504,27,60,471,50
INV0000419,P0419,2026-01-01,642,220,12,850,50
INV0000420,P0420,2026-01-01,70,60,133,0,59
INV0000421,P0421,2026-01-01,61,275,88,248,50
INV0000422,P0422,2026-01-01,433,143,138,438,62
INV0000423,P0423,2026-01-01,338,168,17,489,50
INV0000424,P0424,2026-01-01,224,223,7,440,50
INV0000425,P0425,2026-01-01,693,389,24,1058,50
INV0000426,P0426,2026-01-01,486,187,82,591,50
INV0000427,P0427,2026-01-01,119,361,23,457,50
INV0000428,P0428,2026-01-01,577,0,101,476,50
INV0000429,P0429,2026-01-01,276,47,13,310,50
INV0000430,P0430,2026-01-01,315,352,132,535,59
INV0000431,P0431,2026-01-01,276,206,22,460,50
INV0000432,P0432,2026-01-01,454,362,75,741,50
INV0000433,P0433,2026-01-01,557,182,179,560,80
INV0000434,P0434,2026-01-01,391,361,12,740,50
INV0000435,P0435,2026-01-01,281,358,150,489,67
INV0000436,P0436,2026-01-01,480,398,168,710,75
INV0000437,P0437,2026-01-01,376,242,130,488,58
INV0000438,P0438,2026-01-01,535,119,45,609,50
INV0000439,P0439,2026-01-01,106,369,105,370,50
INV0000440,P0440,2026-01-01,627,363,24,966,50
INV0000441,P0441,2026-01-01,317,191,155,353,69
INV0000442,P0442,2026-01-01,192,182,37,337,50
INV0000443,P0443,2026-01-01,333,395,168,560,75
INV0000444,P0444,2026-01-01,231,116,62,285,50
INV0000445,P0445,2026-01-01,497,355,176,676,79
INV0000446,P0446,2026-01-01,91,92,153,30,68
INV0000447,P0447,2026-01-01,135,365,28,472,50
INV0000448,P0448,2026-01-01,632,351,56,927,50
INV0000449,P0449,2026-01-01,543,397,128,812,57
INV0000450,P0450,2026-01-01,118,179,117,180,52
INV0000451,P0451,2026-01-01,258,61,171,148,76
INV0000452,P0452,2026-01-01,378,86,38,426,50
INV0000453,P0453,2026-01-01,126,99,96,129,50
INV0000454,P0454,2026-01-01,73,28,73,28,50
INV0000455,P0455,2026-01-01,90,57,179,0,80
INV0000456,P0456,2026-01-01,164,44,48,160,50
INV0000457,P0457,2026-01-01,464,246,166,544,74
INV0000458,P0458,2026-01-01,411,104,62,453,50
INV0000459,P0459,2026-01-01,618,57,107,568,50
INV0000460,P0460,2026-01-01,347,378,6,719,50
INV0000461,P0461,2026-01-01,297,11,52,256,50
INV0000462,P0462,2026-01-01,67,399,76,390,50
INV0000463,P0463,2026-01-01,539,106,124,521,55
INV0000464,P0464,2026-01-01,424,72,153,343,68
INV0000465,P0465,2026-01-01,574,82,69,587,50
INV0000466,P0466,2026-01-01,342,380,61,661,50
INV0000467,P0467,2026-01-01,624,302,104,822,50
INV0000468,P0468,2026-01-01,561,336,43,854,50
INV0000469,P0469,2026-01-01,543,127,11,659,50
INV0000470,P0470,2026-01-01,511,246,126,631,56
INV0000471,P0471,2026-01-01,373,157,52,478,50
INV0000472,P0472,2026-01-01,265,217,121,361,54
INV0000473,P0473,2026-01-01,89,90,120,59,54
INV0000474,P0474,2026-01-01,684,92,93,683,50
INV0000475,P0475,2026-01-01,277,111,28,360,50
INV0000476,P0476,2026-01-01,451,236,155,532,69
INV0000477,P0477,2026-01-01,605,144,33,716,50
INV0000478,P0478,2026-01-01,388,188,123,453,55
INV0000479,P0479,2026-01-01,106,144,34,216,50
INV0000480,P0480,2026-01-01,624,38,164,498,73
INV0000481,P0481,2026-01-01,192,243,113,322,50
INV0000482,P0482,2026-01-01,322,366,119,569,53
INV0000483,P0483,2026-01-01,441,351,71,721,50
INV0000484,P0484,2026-01-01,607,93,84,616,50
INV0000485,P0485,2026-01-01,438,113,48,503,50
INV0000486,P0486,2026-01-01,210,357,48,519,50
INV0000487,P0487,2026-01-01,691,197,57,831,50
INV0000488,P0488,2026-01-01,300,251,97,454,50
INV0000489,P0489,2026-01-01,681,340,23,998,50
INV0000490,P0490,2026-01-01,365,371,123,613,55
INV0000491,P0491,2026-01-01,543,389,169,763,76
INV0000492,P0492,2026-01-01,213,96,58,251,50
INV0000493,P0493,2026-01-01,559,200,80,679,50
INV0000494,P0494,2026-01-01,390,87,10,467,50
INV0000495,P0495,2026-01-01,342,243,102,483,50
INV0000496,P0496,2026-01-01,453,25,81,397,50
INV0000497,P0497,2026-01-01,647,211,168,690,75
INV0000498,P0498,2026-01-01,154,70,94,130,50
INV0000499,P0499,2026-01-01,76,16,36,56,50
INV0000500,P0500,2026-01-01,579,285,86,778,50
INV0000501,P0001,2026-02-01,288,260,146,402,65
INV0000502,P0002,2026-02-01,585,118,129,574,58
INV0000503,P0003,2026-02-01,55,305,95,265,50
INV0000504,P0004,2026-02-01,594,363,60,897,50
INV0000505,P0005,2026-02-01,301,14,122,193,54
INV0000506,P0006,2026-02-01,258,384,72,570,50
INV0000507,P0007,2026-02-01,624,179,68,735,50
INV0000508,P0008,2026-02-01,81,227,75,233,50
INV0000509,P0009,2026-02-01,248,399,52,595,50
INV0000510,P0010,2026-02-01,470,163,148,485,66
INV0000511,P0011,2026-02-01,145,253,13,385,50
INV0000512,P0012,2026-02-01,139,287,170,256,76
INV0000513,P0013,2026-02-01,339,134,115,358,51
INV0000514,P0014,2026-02-01,670,183,58,795,50
INV0000515,P0015,2026-02-01,661,36,166,531,74
INV0000516,P0016,2026-02-01,256,91,38,309,50
INV0000517,P0017,2026-02-01,591,224,173,642,77
INV0000518,P0018,2026-02-01,73,187,124,136,55
INV0000519,P0019,2026-02-01,425,298,96,627,50
INV0000520,P0020,2026-02-01,113,158,39,232,50
INV0000521,P0021,2026-02-01,226,396,87,535,50
INV0000522,P0022,2026-02-01,85,173,82,176,50
INV0000523,P0023,2026-02-01,505,178,75,608,50
INV0000524,P0024,2026-02-01,365,360,135,590,60
INV0000525,P0025,2026-02-01,601,359,77,883,50
INV0000526,P0026,2026-02-01,257,134,153,238,68
INV0000527,P0027,2026-02-01,74,226,59,241,50
INV0000528,P0028,2026-02-01,531,123,25,629,50
INV0000529,P0029,2026-02-01,428,83,168,343,75
INV0000530,P0030,2026-02-01,183,324,37,470,50
INV0000531,P0031,2026-02-01,362,331,47,646,50
INV0000532,P0032,2026-02-01,219,57,169,107,76
INV0000533,P0033,2026-02-01,101,247,16,332,50
INV0000534,P0034,2026-02-01,630,224,89,765,50
INV0000535,P0035,2026-02-01,150,206,91,265,50
INV0000536,P0036,2026-02-01,271,37,8,300,50
INV0000537,P0037,2026-02-01,181,243,167,257,75
INV0000538,P0038,2026-02-01,93,292,84,301,50
INV0000539,P0039,2026-02-01,208,318,122,404,54
INV0000540,P0040,2026-02-01,663,392,125,930,56
INV0000541,P0041,2026-02-01,475,70,143,402,64
INV0000542,P0042,2026-02-01,95,84,67,112,50
INV0000543,P0043,2026-02-01,132,218,172,178,77
INV0000544,P0044,2026-02-01,94,67,112,49,50
INV0000545,P0045,2026-02-01,614,24,122,516,54
INV0000546,P0046,2026-02-01,166,305,123,348,55
INV0000547,P0047,2026-02-01,363,133,147,349,66
INV0000548,P0048,2026-02-01,356,343,17,682,50
INV0000549,P0049,2026-02-01,320,42,167,195,75
INV0000550,P0050,2026-02-01,442,216,82,576,50
INV0000551,P0051,2026-02-01,472,49,138,383,62
INV0000552,P0052,2026-02-01,412,57,172,297,77
INV0000553,P0053,2026-02-01,477,97,165,409,74
INV0000554,P0054,2026-02-01,513,207,129,591,58
INV0000555,P0055,2026-02-01,54,176,134,96,60
INV0000556,P0056,2026-02-01,155,64,36,183,50
INV0000557,P0057,2026-02-01,442,214,154,502,69
INV0000558,P0058,2026-02-01,449,8,42,415,50
INV0000559,P0059,2026-02-01,63,248,153,158,68
INV0000560,P0060,2026-02-01,299,100,90,309,50
INV0000561,P0061,2026-02-01,531,375,173,733,77
INV0000562,P0062,2026-02-01,493,164,112,545,50
INV0000563,P0063,2026-02-01,503,351,80,774,50
INV0000564,P0064,2026-02-01,257,301,173,385,77
INV0000565,P0065,2026-02-01,67,243,43,267,50
INV0000566,P0066,2026-02-01,399,151,99,451,50
INV0000567,P0067,2026-02-01,566,8,53,521,50
INV0000568,P0068,2026-02-01,96,54,12,138,50
INV0000569,P0069,2026-02-01,204,113,172,145,77
INV0000570,P0070,2026-02-01,440,250,31,659,50
INV0000571,P0071,2026-02-01,558,184,79,663,50
INV0000572,P0072,2026-02-01,659,114,23,750,50
INV0000573,P0073,2026-02-01,199,247,144,302,64
INV0000574,P0074,2026-02-01,548,12,103,457,50
INV0000575,P0075,2026-02-01,302,114,122,294,54
INV0000576,P0076,2026-02-01,625,376,45,956,50
INV0000577,P0077,2026-02-01,52,83,100,35,50
INV0000578,P0078,2026-02-01,262,302,112,452,50
INV0000579,P0079,2026-02-01,257,232,63,426,50
INV0000580,P0080,2026-02-01,568,245,138,675,62
INV0000581,P0081,2026-02-01,297,128,79,346,50
INV0000582,P0082,2026-02-01,602,393,17,978,50
INV0000583,P0083,2026-02-01,274,329,98,505,50
INV0000584,P0084,2026-02-01,683,261,135,809,60
INV0000585,P0085,2026-02-01,565,19,133,451,59
INV0000586,P0086,2026-02-01,262,146,171,237,76
INV0000587,P0087,2026-02-01,697,363,140,920,63
INV0000588,P0088,2026-02-01,374,23,146,251,65
INV0000589,P0089,2026-02-01,601,239,26,814,50
INV0000590,P0090,2026-02-01,435,349,165,619,74
INV0000591,P0091,2026-02-01,413,177,120,470,54
INV0000592,P0092,2026-02-01,456,13,160,309,72
INV0000593,P0093,2026-02-01,68,251,143,176,64
INV0000594,P0094,2026-02-01,432,308,98,642,50
INV0000595,P0095,2026-02-01,454,356,39,771,50
INV0000596,P0096,2026-02-01,99,110,117,92,52
INV0000597,P0097,2026-02-01,690,56,35,711,50
INV0000598,P0098,2026-02-01,185,7,7,185,50
INV0000599,P0099,2026-02-01,627,162,122,667,54
INV0000600,P0100,2026-02-01,124,291,174,241,78
INV0000601,P0101,2026-02-01,248,352,59,541,50
INV0000602,P0102,2026-02-01,247,384,146,485,65
INV0000603,P0103,2026-02-01,409,65,111,363,50
INV0000604,P0104,2026-02-01,600,241,95,746,50
INV0000605,P0105,2026-02-01,471,161,62,570,50
INV0000606,P0106,2026-02-01,214,193,29,378,50
INV0000607,P0107,2026-02-01,495,164,139,520,62
INV0000608,P0108,2026-02-01,577,246,139,684,62
INV0000609,P0109,2026-02-01,444,98,171,371,76
INV0000610,P0110,2026-02-01,71,390,149,312,67
INV0000611,P0111,2026-02-01,678,352,132,898,59
INV0000612,P0112,2026-02-01,150,85,158,77,71
INV0000613,P0113,2026-02-01,197,246,9,434,50
INV0000614,P0114,2026-02-01,501,367,141,727,63
INV0000615,P0115,2026-02-01,304,209,18,495,50
INV0000616,P0116,2026-02-01,241,94,13,322,50
INV0000617,P0117,2026-02-01,174,142,139,177,62
INV0000618,P0118,2026-02-01,343,118,138,323,62
INV0000619,P0119,2026-02-01,450,162,52,560,50
INV0000620,P0120,2026-02-01,383,357,15,725,50
INV0000621,P0121,2026-02-01,275,336,105,506,50
INV0000622,P0122,2026-02-01,562,168,24,706,50
INV0000623,P0123,2026-02-01,128,328,174,282,78
INV0000624,P0124,2026-02-01,609,355,110,854,50
INV0000625,P0125,2026-02-01,516,364,161,719,72
INV0000626,P0126,2026-02-01,622,0,17,605,50
INV0000627,P0127,2026-02-01,143,130,178,95,80
INV0000628,P0128,2026-02-01,357,103,143,317,64
INV0000629,P0129,2026-02-01,256,87,174,169,78
INV0000630,P0130,2026-02-01,542,6,17,531,50
INV0000631,P0131,2026-02-01,185,232,65,352,50
INV0000632,P0132,2026-02-01,610,211,137,684,61
INV0000633,P0133,2026-02-01,630,241,86,785,50
INV0000634,P0134,2026-02-01,394,191,147,438,66
INV0000635,P0135,2026-02-01,459,381,51,789,50
INV0000636,P0136,2026-02-01,662,4,14,652,50
INV0000637,P0137,2026-02-01,424,58,57,425,50
INV0000638,P0138,2026-02-01,120,376,160,336,72
INV0000639,P0139,2026-02-01,113,325,20,418,50
INV0000640,P0140,2026-02-01,698,278,160,816,72
INV0000641,P0141,2026-02-01,611,346,108,849,50
INV0000642,P0142,2026-02-01,135,217,88,264,50
INV0000643,P0143,2026-02-01,76,293,75,294,50
INV0000644,P0144,2026-02-01,124,276,115,285,51
INV0000645,P0145,2026-02-01,138,120,176,82,79
INV0000646,P0146,2026-02-01,300,366,42,624,50
INV0000647,P0147,2026-02-01,337,268,6,599,50
INV0000648,P0148,2026-02-01,332,310,41,601,50
INV0000649,P0149,2026-02-01,561,292,52,801,50
INV0000650,P0150,2026-02-01,659,149,178,630,80
INV0000651,P0151,2026-02-01,681,268,46,903,50
INV0000652,P0152,2026-02-01,444,251,173,522,77
INV0000653,P0153,2026-02-01,192,204,69,327,50
INV0000654,P0154,2026-02-01,331,94,130,295,58
INV0000655,P0155,2026-02-01,383,314,23,674,50
INV0000656,P0156,2026-02-01,85,105,82,108,50
INV0000657,P0157,2026-02-01,625,325,153,797,68
INV0000658,P0158,2026-02-01,676,4,118,562,53
INV0000659,P0159,2026-02-01,97,73,28,142,50
INV0000660,P0160,2026-02-01,331,44,31,344,50
INV0000661,P0161,2026-02-01,360,145,27,478,50
INV0000662,P0162,2026-02-01,414,313,55,672,50
INV0000663,P0163,2026-02-01,407,322,175,554,78
INV0000664,P0164,2026-02-01,239,116,28,327,50
INV0000665,P0165,2026-02-01,304,379,122,561,54
INV0000666,P0166,2026-02-01,699,123,115,707,51
INV0000667,P0167,2026-02-01,645,393,155,883,69
INV0000668,P0168,2026-02-01,409,205,122,492,54
INV0000669,P0169,2026-02-01,577,318,164,731,73
INV0000670,P0170,2026-02-01,107,386,170,323,76
INV0000671,P0171,2026-02-01,431,104,177,358,79
INV0000672,P0172,2026-02-01,85,303,40,348,50
INV0000673,P0173,2026-02-01,283,31,8,306,50
INV0000674,P0174,2026-02-01,521,0,17,504,50
INV0000675,P0175,2026-02-01,378,115,165,328,74
INV0000676,P0176,2026-02-01,521,164,37,648,50
INV0000677,P0177,2026-02-01,692,307,112,887,50
INV0000678,P0178,2026-02-01,683,373,34,1022,50
INV0000679,P0179,2026-02-01,315,141,8,448,50
INV0000680,P0180,2026-02-01,406,5,72,339,50
INV0000681,P0181,2026-02-01,116,273,155,234,69
INV0000682,P0182,2026-02-01,465,304,136,633,61
INV0000683,P0183,2026-02-01,581,320,144,757,64
INV0000684,P0184,2026-02-01,507,274,68,713,50
INV0000685,P0185,2026-02-01,569,121,92,598,50
INV0000686,P0186,2026-02-01,656,0,148,508,66
INV0000687,P0187,2026-02-01,444,306,11,739,50
INV0000688,P0188,2026-02-01,244,203,116,331,52
INV0000689,P0189,2026-02-01,554,114,75,593,50
INV0000690,P0190,2026-02-01,506,160,5,661,50
INV0000691,P0191,2026-02-01,340,12,133,219,59
INV0000692,P0192,2026-02-01,498,267,169,596,76
INV0000693,P0193,2026-02-01,354,81,173,262,77
INV0000694,P0194,2026-02-01,249,306,120,435,54
INV0000695,P0195,2026-02-01,494,278,149,623,67
INV0000696,P0196,2026-02-01,103,321,69,355,50
INV0000697,P0197,2026-02-01,208,325,135,398,60
INV0000698,P0198,2026-02-01,153,211,36,328,50
INV0000699,P0199,2026-02-01,616,152,107,661,50
INV0000700,P0200,2026-02-01,532,174,64,642,50
INV0000701,P0201,2026-02-01,643,385,113,915,50
INV0000702,P0202,2026-02-01,77,44,58,63,50
INV0000703,P0203,2026-02-01,482,17,172,327,77
INV0000704,P0204,2026-02-01,603,194,157,640,70
INV0000705,P0205,2026-02-01,67,92,82,77,50
INV0000706,P0206,2026-02-01,493,244,90,647,50
INV0000707,P0207,2026-02-01,618,102,74,646,50
INV0000708,P0208,2026-02-01,434,116,79,471,50
INV0000709,P0209,2026-02-01,170,242,106,306,50
INV0000710,P0210,2026-02-01,169,10,116,63,52
INV0000711,P0211,2026-02-01,240,13,85,168,50
INV0000712,P0212,2026-02-01,535,285,128,692,57
INV0000713,P0213,2026-02-01,367,322,8,681,50
INV0000714,P0214,2026-02-01,509,12,176,345,79
INV0000715,P0215,2026-02-01,81,88,14,155,50
INV0000716,P0216,2026-02-01,237,321,119,439,53
INV0000717,P0217,2026-02-01,194,330,122,402,54
INV0000718,P0218,2026-02-01,194,357,116,435,52
INV0000719,P0219,2026-02-01,549,249,167,631,75
INV0000720,P0220,2026-02-01,276,245,158,363,71
INV0000721,P0221,2026-02-01,150,114,49,215,50
INV0000722,P0222,2026-02-01,157,12,173,0,77
INV0000723,P0223,2026-02-01,454,173,34,593,50
INV0000724,P0224,2026-02-01,463,372,101,734,50
INV0000725,P0225,2026-02-01,300,372,40,632,50
INV0000726,P0226,2026-02-01,299,262,166,395,74
INV0000727,P0227,2026-02-01,380,367,19,728,50
INV0000728,P0228,2026-02-01,571,51,111,511,50
INV0000729,P0229,2026-02-01,220,80,125,175,56
INV0000730,P0230,2026-02-01,592,302,40,854,50
INV0000731,P0231,2026-02-01,643,0,48,595,50
INV0000732,P0232,2026-02-01,140,82,6,216,50
INV0000733,P0233,2026-02-01,604,76,34,646,50
INV0000734,P0234,2026-02-01,215,175,156,234,70
INV0000735,P0235,2026-02-01,80,167,93,154,50
INV0000736,P0236,2026-02-01,214,314,38,490,50
INV0000737,P0237,2026-02-01,378,162,7,533,50
INV0000738,P0238,2026-02-01,193,100,70,223,50
INV0000739,P0239,2026-02-01,295,322,83,534,50
INV0000740,P0240,2026-02-01,254,378,43,589,50
INV0000741,P0241,2026-02-01,574,117,42,649,50
INV0000742,P0242,2026-02-01,667,0,151,516,67
INV0000743,P0243,2026-02-01,435,125,28,532,50
INV0000744,P0244,2026-02-01,628,101,95,634,50
INV0000745,P0245,2026-02-01,566,235,137,664,61
INV0000746,P0246,2026-02-01,211,186,5,392,50
INV0000747,P0247,2026-02-01,417,33,111,339,50
INV0000748,P0248,2026-02-01,298,52,77,273,50
INV0000749,P0249,2026-02-01,475,360,83,752,50
INV0000750,P0250,2026-02-01,232,174,94,312,50
INV0000751,P0251,2026-02-01,426,149,22,553,50
INV0000752,P0252,2026-02-01,167,144,106,205,50
INV0000753,P0253,2026-02-01,62,382,176,268,79
INV0000754,P0254,2026-02-01,378,322,178,522,80
INV0000755,P0255,2026-02-01,154,364,48,470,50
INV0000756,P0256,2026-02-01,298,57,133,222,59
INV0000757,P0257,2026-02-01,638,248,112,774,50
INV0000758,P0258,2026-02-01,368,18,148,238,66
INV0000759,P0259,2026-02-01,695,316,18,993,50
INV0000760,P0260,2026-02-01,675,353,98,930,50
INV0000761,P0261,2026-02-01,420,193,61,552,50
INV0000762,P0262,2026-02-01,461,68,168,361,75
INV0000763,P0263,2026-02-01,302,151,27,426,50
INV0000764,P0264,2026-02-01,250,264,31,483,50
INV0000765,P0265,2026-02-01,601,308,115,794,51
INV0000766,P0266,2026-02-01,371,272,55,588,50
INV0000767,P0267,2026-02-01,482,79,131,430,58
INV0000768,P0268,2026-02-01,108,17,179,0,80
INV0000769,P0269,2026-02-01,413,225,162,476,72
INV0000770,P0270,2026-02-01,437,317,134,620,60
INV0000771,P0271,2026-02-01,678,192,19,851,50
INV0000772,P0272,2026-02-01,331,378,107,602,50
INV0000773,P0273,2026-02-01,606,38,162,482,72
INV0000774,P0274,2026-02-01,268,360,140,488,63
INV0000775,P0275,2026-02-01,87,191,51,227,50
INV0000776,P0276,2026-02-01,475,211,63,623,50
INV0000777,P0277,2026-02-01,58,39,28,69,50
INV0000778,P0278,2026-02-01,397,299,161,535,72
INV0000779,P0279,2026-02-01,534,394,34,894,50
INV0000780,P0280,2026-02-01,612,164,103,673,50
INV0000781,P0281,2026-02-01,581,255,108,728,50
INV0000782,P0282,2026-02-01,62,24,23,63,50
INV0000783,P0283,2026-02-01,120,284,84,320,50
INV0000784,P0284,2026-02-01,527,203,171,559,76
INV0000785,P0285,2026-02-01,278,396,24,650,50
INV0000786,P0286,2026-02-01,252,86,24,314,50
INV0000787,P0287,2026-02-01,565,107,123,549,55
INV0000788,P0288,2026-02-01,340,40,113,267,50
INV0000789,P0289,2026-02-01,193,137,63,267,50
INV0000790,P0290,2026-02-01,198,389,97,490,50
INV0000791,P0291,2026-02-01,490,357,103,744,50
INV0000792,P0292,2026-02-01,176,346,150,372,67
INV0000793,P0293,2026-02-01,102,158,76,184,50
INV0000794,P0294,2026-02-01,300,165,50,415,50
INV0000795,P0295,2026-02-01,647,365,138,874,62
INV0000796,P0296,2026-02-01,512,341,152,701,68
INV0000797,P0297,2026-02-01,694,379,34,1039,50
INV0000798,P0298,2026-02-01,65,243,136,172,61
INV0000799,P0299,2026-02-01,100,276,135,241,60
INV0000800,P0300,2026-02-01,683,292,151,824,67
INV0000801,P0301,2026-02-01,283,213,44,452,50
INV0000802,P0302,2026-02-01,210,348,158,400,71
INV0000803,P0303,2026-02-01,102,96,161,37,72
INV0000804,P0304,2026-02-01,687,215,94,808,50
INV0000805,P0305,2026-02-01,200,359,69,490,50
INV0000806,P0306,2026-02-01,259,303,112,450,50
INV0000807,P0307,2026-02-01,454,209,142,521,63
INV0000808,P0308,2026-02-01,511,210,37,684,50
INV0000809,P0309,2026-02-01,58,66,141,0,63
INV0000810,P0310,2026-02-01,551,263,68,746,50
INV0000811,P0311,2026-02-01,646,40,168,518,75
INV0000812,P0312,2026-02-01,333,398,21,710,50
INV0000813,P0313,2026-02-01,249,190,22,417,50
INV0000814,P0314,2026-02-01,215,167,139,243,62
INV0000815,P0315,2026-02-01,235,207,8,434,50
INV0000816,P0316,2026-02-01,81,74,155,0,69
INV0000817,P0317,2026-02-01,402,163,69,496,50
INV0000818,P0318,2026-02-01,557,21,67,511,50
INV0000819,P0319,2026-02-01,340,238,23,555,50
INV0000820,P0320,2026-02-01,469,366,89,746,50
INV0000821,P0321,2026-02-01,654,40,26,668,50
INV0000822,P0322,2026-02-01,174,351,17,508,50
INV0000823,P0323,2026-02-01,111,21,90,42,50
INV0000824,P0324,2026-02-01,313,136,74,375,50
INV0000825,P0325,2026-02-01,512,205,124,593,55
INV0000826,P0326,2026-02-01,451,301,145,607,65
INV0000827,P0327,2026-02-01,77,147,149,75,67
INV0000828,P0328,2026-02-01,445,191,106,530,50
INV0000829,P0329,2026-02-01,273,67,42,298,50
INV0000830,P0330,2026-02-01,640,96,122,614,54
INV0000831,P0331,2026-02-01,611,195,169,637,76
INV0000832,P0332,2026-02-01,182,364,178,368,80
INV0000833,P0333,2026-02-01,682,43,154,571,69
INV0000834,P0334,2026-02-01,376,97,118,355,53
INV0000835,P0335,2026-02-01,579,178,58,699,50
INV0000836,P0336,2026-02-01,198,396,9,585,50
INV0000837,P0337,2026-02-01,99,310,19,390,50
INV0000838,P0338,2026-02-01,109,87,136,60,61
INV0000839,P0339,2026-02-01,102,361,55,408,50
INV0000840,P0340,2026-02-01,580,274,101,753,50
INV0000841,P0341,2026-02-01,537,215,71,681,50
INV0000842,P0342,2026-02-01,498,146,27,617,50
INV0000843,P0343,2026-02-01,299,365,107,557,50
INV0000844,P0344,2026-02-01,464,354,45,773,50
INV0000845,P0345,2026-02-01,578,175,137,616,61
INV0000846,P0346,2026-02-01,673,202,122,753,54
INV0000847,P0347,2026-02-01,275,192,168,299,75
INV0000848,P0348,2026-02-01,86,100,138,48,62
INV0000849,P0349,2026-02-01,87,19,88,18,50
INV0000850,P0350,2026-02-01,318,259,51,526,50
INV0000851,P0351,2026-02-01,665,287,31,921,50
INV0000852,P0352,2026-02-01,179,241,79,341,50
INV0000853,P0353,2026-02-01,232,249,8,473,50
INV0000854,P0354,2026-02-01,390,170,72,488,50
INV0000855,P0355,2026-02-01,616,148,178,586,80
INV0000856,P0356,2026-02-01,118,81,107,92,50
INV0000857,P0357,2026-02-01,136,346,146,336,65
INV0000858,P0358,2026-02-01,184,397,75,506,50
INV0000859,P0359,2026-02-01,494,107,8,593,50
INV0000860,P0360,2026-02-01,335,304,76,563,50
INV0000861,P0361,2026-02-01,418,327,129,616,58
INV0000862,P0362,2026-02-01,317,365,25,657,50
INV0000863,P0363,2026-02-01,72,1,140,0,63
INV0000864,P0364,2026-02-01,125,10,143,0,64
INV0000865,P0365,2026-02-01,614,21,74,561,50
INV0000866,P0366,2026-02-01,469,364,19,814,50
INV0000867,P0367,2026-02-01,608,15,77,546,50
INV0000868,P0368,2026-02-01,318,138,45,411,50
INV0000869,P0369,2026-02-01,452,360,117,695,52
INV0000870,P0370,2026-02-01,266,95,49,312,50
INV0000871,P0371,2026-02-01,400,32,15,417,50
INV0000872,P0372,2026-02-01,260,392,81,571,50
INV0000873,P0373,2026-02-01,545,207,176,576,79
INV0000874,P0374,2026-02-01,564,182,31,715,50
INV0000875,P0375,2026-02-01,573,382,96,859,50
INV0000876,P0376,2026-02-01,570,321,50,841,50
INV0000877,P0377,2026-02-01,549,180,141,588,63
INV0000878,P0378,2026-02-01,458,56,71,443,50
INV0000879,P0379,2026-02-01,206,116,141,181,63
INV0000880,P0380,2026-02-01,579,164,31,712,50
INV0000881,P0381,2026-02-01,372,336,128,580,57
INV0000882,P0382,2026-02-01,187,228,161,254,72
INV0000883,P0383,2026-02-01,681,244,84,841,50
INV0000884,P0384,2026-02-01,276,290,134,432,60
INV0000885,P0385,2026-02-01,386,183,137,432,61
INV0000886,P0386,2026-02-01,534,253,77,710,50
INV0000887,P0387,2026-02-01,153,293,136,310,61
INV0000888,P0388,2026-02-01,166,388,165,389,74
INV0000889,P0389,2026-02-01,375,255,26,604,50
INV0000890,P0390,2026-02-01,125,395,43,477,50
INV0000891,P0391,2026-02-01,111,319,120,310,54
INV0000892,P0392,2026-02-01,625,308,85,848,50
INV0000893,P0393,2026-02-01,339,61,131,269,58
INV0000894,P0394,2026-02-01,132,204,41,295,50
INV0000895,P0395,2026-02-01,251,312,159,404,71
INV0000896,P0396,2026-02-01,331,399,170,560,76
INV0000897,P0397,2026-02-01,632,264,19,877,50
INV0000898,P0398,2026-02-01,268,196,17,447,50
INV0000899,P0399,2026-02-01,555,103,25,633,50
INV0000900,P0400,2026-02-01,145,43,49,139,50
INV0000901,P0401,2026-02-01,439,134,27,546,50
INV0000902,P0402,2026-02-01,378,37,75,340,50
INV0000903,P0403,2026-02-01,126,33,144,15,64
INV0000904,P0404,2026-02-01,375,233,145,463,65
INV0000905,P0405,2026-02-01,487,256,173,570,77
INV0000906,P0406,2026-02-01,321,26,115,232,51
INV0000907,P0407,2026-02-01,152,299,145,306,65
INV0000908,P0408,2026-02-01,128,186,100,214,50
INV0000909,P0409,2026-02-01,318,225,82,461,50
INV0000910,P0410,2026-02-01,489,395,76,808,50
INV0000911,P0411,2026-02-01,662,97,9,750,50
INV0000912,P0412,2026-02-01,634,95,131,598,58
INV0000913,P0413,2026-02-01,97,188,97,188,50
INV0000914,P0414,2026-02-01,648,55,110,593,50
INV0000915,P0415,2026-02-01,662,31,7,686,50
INV0000916,P0416,2026-02-01,80,265,101,244,50
INV0000917,P0417,2026-02-01,327,52,16,363,50
INV0000918,P0418,2026-02-01,155,240,144,251,64
INV0000919,P0419,2026-02-01,362,34,179,217,80
INV0000920,P0420,2026-02-01,448,286,162,572,72
INV0000921,P0421,2026-02-01,164,77,66,175,50
INV0000922,P0422,2026-02-01,218,336,79,475,50
INV0000923,P0423,2026-02-01,305,24,120,209,54
INV0000924,P0424,2026-02-01,142,250,137,255,61
INV0000925,P0425,2026-02-01,539,342,116,765,52
INV0000926,P0426,2026-02-01,663,155,124,694,55
INV0000927,P0427,2026-02-01,457,104,98,463,50
INV0000928,P0428,2026-02-01,531,398,42,887,50
INV0000929,P0429,2026-02-01,159,96,141,114,63
INV0000930,P0430,2026-02-01,395,282,116,561,52
INV0000931,P0431,2026-02-01,595,332,179,748,80
INV0000932,P0432,2026-02-01,78,72,26,124,50
INV0000933,P0433,2026-02-01,81,254,35,300,50
INV0000934,P0434,2026-02-01,300,251,88,463,50
INV0000935,P0435,2026-02-01,316,21,134,203,60
INV0000936,P0436,2026-02-01,419,357,90,686,50
INV0000937,P0437,2026-02-01,307,389,117,579,52
INV0000938,P0438,2026-02-01,482,177,112,547,50
INV0000939,P0439,2026-02-01,602,31,103,530,50
INV0000940,P0440,2026-02-01,354,150,53,451,50
INV0000941,P0441,2026-02-01,359,325,169,515,76
INV0000942,P0442,2026-02-01,288,266,88,466,50
INV0000943,P0443,2026-02-01,189,133,140,182,63
INV0000944,P0444,2026-02-01,464,138,35,567,50
INV0000945,P0445,2026-02-01,185,312,147,350,66
INV0000946,P0446,2026-02-01,168,191,113,246,50
INV0000947,P0447,2026-02-01,306,270,55,521,50
INV0000948,P0448,2026-02-01,149,124,81,192,50
INV0000949,P0449,2026-02-01,228,253,166,315,74
INV0000950,P0450,2026-02-01,666,206,18,854,50
INV0000951,P0451,2026-02-01,614,349,30,933,50
INV0000952,P0452,2026-02-01,200,91,151,140,67
INV0000953,P0453,2026-02-01,592,120,63,649,50
INV0000954,P0454,2026-02-01,384,223,6,601,50
INV0000955,P0455,2026-02-01,545,245,23,767,50
INV0000956,P0456,2026-02-01,618,60,89,589,50
INV0000957,P0457,2026-02-01,246,198,158,286,71
INV0000958,P0458,2026-02-01,366,195,13,548,50
INV0000959,P0459,2026-02-01,679,390,6,1063,50
INV0000960,P0460,2026-02-01,69,217,47,239,50
INV0000961,P0461,2026-02-01,79,80,91,68,50
INV0000962,P0462,2026-02-01,147,153,41,259,50
INV0000963,P0463,2026-02-01,251,221,62,410,50
INV0000964,P0464,2026-02-01,399,355,55,699,50
INV0000965,P0465,2026-02-01,300,353,160,493,72
INV0000966,P0466,2026-02-01,323,101,74,350,50
INV0000967,P0467,2026-02-01,668,67,174,561,78
INV0000968,P0468,2026-02-01,229,189,153,265,68
INV0000969,P0469,2026-02-01,139,311,159,291,71
INV0000970,P0470,2026-02-01,89,49,86,52,50
INV0000971,P0471,2026-02-01,496,123,137,482,61
INV0000972,P0472,2026-02-01,105,113,10,208,50
INV0000973,P0473,2026-02-01,405,199,90,514,50
INV0000974,P0474,2026-02-01,597,250,96,751,50
INV0000975,P0475,2026-02-01,509,116,24,601,50
INV0000976,P0476,2026-02-01,622,318,25,915,50
INV0000977,P0477,2026-02-01,236,218,39,415,50
INV0000978,P0478,2026-02-01,690,98,149,639,67
INV0000979,P0479,2026-02-01,682,154,114,722,51
INV0000980,P0480,2026-02-01,201,189,18,372,50
INV0000981,P0481,2026-02-01,300,53,142,211,63
INV0000982,P0482,2026-02-01,454,325,135,644,60
INV0000983,P0483,2026-02-01,502,364,11,855,50
INV0000984,P0484,2026-02-01,256,298,92,462,50
INV0000985,P0485,2026-02-01,296,302,110,488,50
INV0000986,P0486,2026-02-01,247,397,10,634,50
INV0000987,P0487,2026-02-01,116,33,82,67,50
INV0000988,P0488,2026-02-01,186,56,6,236,50
INV0000989,P0489,2026-02-01,430,309,91,648,50
INV0000990,P0490,2026-02-01,476,77,36,517,50
INV0000991,P0491,2026-02-01,195,101,124,172,55
INV0000992,P0492,2026-02-01,199,141,46,294,50
INV0000993,P0493,2026-02-01,627,230,178,679,80
INV0000994,P0494,2026-02-01,600,245,140,705,63
INV0000995,P0495,2026-02-01,122,124,178,68,80
INV0000996,P0496,2026-02-01,300,245,125,420,56
INV0000997,P0497,2026-02-01,480,243,146,577,65
INV0000998,P0498,2026-02-01,480,315,150,645,67
INV0000999,P0499,2026-02-01,186,120,173,133,77
INV0001000,P0500,2026-02-01,423,105,95,433,50
INV0001001,P0001,2026-03-01,175,124,102,197,50
INV0001002,P0002,2026-03-01,149,194,152,191,68
INV0001003,P0003,2026-03-01,309,235,5,539,50
INV0001004,P0004,2026-03-01,626,43,44,625,50
INV0001005,P0005,2026-03-01,376,75,152,299,68
INV0001006,P0006,2026-03-01,175,396,80,491,50
INV0001007,P0007,2026-03-01,505,375,148,732,66
INV0001008,P0008,2026-03-01,130,100,31,199,50
INV0001009,P0009,2026-03-01,296,226,102,420,50
INV0001010,P0010,2026-03-01,494,22,33,483,50
INV0001011,P0011,2026-03-01,439,121,131,429,58
INV0001012,P0012,2026-03-01,166,360,177,349,79
INV0001013,P0013,2026-03-01,463,280,82,661,50
INV0001014,P0014,2026-03-01,607,92,35,664,50
INV0001015,P0015,2026-03-01,406,244,126,524,56
INV0001016,P0016,2026-03-01,230,38,132,136,59
INV0001017,P0017,2026-03-01,638,10,21,627,50
INV0001018,P0018,2026-03-01,682,305,148,839,66
INV0001019,P0019,2026-03-01,273,75,153,195,68
INV0001020,P0020,2026-03-01,125,372,62,435,50
INV0001021,P0021,2026-03-01,699,11,175,535,78
INV0001022,P0022,2026-03-01,654,295,55,894,50
INV0001023,P0023,2026-03-01,496,302,77,721,50
INV0001024,P0024,2026-03-01,483,287,152,618,68
INV0001025,P0025,2026-03-01,231,89,169,151,76
INV0001026,P0026,2026-03-01,631,175,162,644,72
INV0001027,P0027,2026-03-01,614,268,83,799,50
INV0001028,P0028,2026-03-01,582,20,172,430,77
INV0001029,P0029,2026-03-01,411,206,30,587,50
INV0001030,P0030,2026-03-01,212,158,50,320,50
INV0001031,P0031,2026-03-01,506,222,159,569,71
INV0001032,P0032,2026-03-01,625,89,54,660,50
INV0001033,P0033,2026-03-01,582,72,62,592,50
INV0001034,P0034,2026-03-01,620,13,8,625,50
INV0001035,P0035,2026-03-01,223,352,19,556,50
INV0001036,P0036,2026-03-01,198,78,98,178,50
INV0001037,P0037,2026-03-01,373,157,67,463,50
INV0001038,P0038,2026-03-01,525,216,52,689,50
INV0001039,P0039,2026-03-01,467,244,77,634,50
INV0001040,P0040,2026-03-01,130,290,160,260,72
INV0001041,P0041,2026-03-01,511,353,164,700,73
INV0001042,P0042,2026-03-01,188,96,24,260,50
INV0001043,P0043,2026-03-01,444,42,118,368,53
INV0001044,P0044,2026-03-01,577,382,84,875,50
INV0001045,P0045,2026-03-01,290,383,90,583,50
INV0001046,P0046,2026-03-01,438,385,65,758,50
INV0001047,P0047,2026-03-01,282,64,85,261,50
INV0001048,P0048,2026-03-01,360,25,168,217,75
INV0001049,P0049,2026-03-01,52,78,11,119,50
INV0001050,P0050,2026-03-01,446,51,69,428,50
INV0001051,P0051,2026-03-01,679,240,151,768,67
INV0001052,P0052,2026-03-01,327,254,111,470,50
INV0001053,P0053,2026-03-01,193,211,111,293,50
INV0001054,P0054,2026-03-01,66,113,36,143,50
INV0001055,P0055,2026-03-01,542,25,113,454,50
INV0001056,P0056,2026-03-01,590,136,58,668,50
INV0001057,P0057,2026-03-01,628,204,89,743,50
INV0001058,P0058,2026-03-01,484,302,35,751,50
INV0001059,P0059,2026-03-01,110,208,106,212,50
INV0001060,P0060,2026-03-01,563,280,56,787,50
INV0001061,P0061,2026-03-01,119,242,136,225,61
INV0001062,P0062,2026-03-01,83,330,86,327,50
INV0001063,P0063,2026-03-01,510,383,133,760,59
INV0001064,P0064,2026-03-01,229,344,134,439,60
INV0001065,P0065,2026-03-01,296,139,149,286,67
INV0001066,P0066,2026-03-01,205,135,175,165,78
INV0001067,P0067,2026-03-01,685,153,70,768,50
INV0001068,P0068,2026-03-01,249,308,124,433,55
INV0001069,P0069,2026-03-01,596,110,119,587,53
INV0001070,P0070,2026-03-01,269,328,89,508,50
INV0001071,P0071,2026-03-01,334,30,172,192,77
INV0001072,P0072,2026-03-01,210,179,175,214,78
INV0001073,P0073,2026-03-01,440,73,116,397,52
INV0001074,P0074,2026-03-01,302,169,150,321,67
INV0001075,P0075,2026-03-01,666,383,62,987,50
INV0001076,P0076,2026-03-01,380,371,93,658,50
INV0001077,P0077,2026-03-01,272,321,133,460,59
INV0001078,P0078,2026-03-01,385,354,64,675,50
INV0001079,P0079,2026-03-01,458,149,110,497,50
INV0001080,P0080,2026-03-01,683,392,31,1044,50
INV0001081,P0081,2026-03-01,564,77,58,583,50
INV0001082,P0082,2026-03-01,636,39,99,576,50
INV0001083,P0083,2026-03-01,542,372,135,779,60
INV0001084,P0084,2026-03-01,188,284,136,336,61
INV0001085,P0085,2026-03-01,323,247,17,553,50
INV0001086,P0086,2026-03-01,476,168,72,572,50
INV0001087,P0087,2026-03-01,596,196,8,784,50
INV0001088,P0088,2026-03-01,435,59,61,433,50
INV0001089,P0089,2026-03-01,570,69,152,487,68
INV0001090,P0090,2026-03-01,438,322,120,640,54
INV0001091,P0091,2026-03-01,219,124,116,227,52
INV0001092,P0092,2026-03-01,172,117,7,282,50
INV0001093,P0093,2026-03-01,422,118,111,429,50
INV0001094,P0094,2026-03-01,597,160,139,618,62
INV0001095,P0095,2026-03-01,410,244,154,500,69
INV0001096,P0096,2026-03-01,624,274,140,758,63
INV0001097,P0097,2026-03-01,222,317,83,456,50
INV0001098,P0098,2026-03-01,467,273,108,632,50
INV0001099,P0099,2026-03-01,262,387,104,545,50
INV0001100,P0100,2026-03-01,351,243,12,582,50
INV0001101,P0101,2026-03-01,79,399,160,318,72
INV0001102,P0102,2026-03-01,678,105,58,725,50
INV0001103,P0103,2026-03-01,638,261,75,824,50
INV0001104,P0104,2026-03-01,242,194,35,401,50
INV0001105,P0105,2026-03-01,384,314,56,642,50
INV0001106,P0106,2026-03-01,289,232,6,515,50
INV0001107,P0107,2026-03-01,398,276,176,498,79
INV0001108,P0108,2026-03-01,558,2,96,464,50
INV0001109,P0109,2026-03-01,529,262,159,632,71
INV0001110,P0110,2026-03-01,484,264,143,605,64
INV0001111,P0111,2026-03-01,282,211,64,429,50
INV0001112,P0112,2026-03-01,120,122,158,84,71
INV0001113,P0113,2026-03-01,298,231,26,503,50
INV0001114,P0114,2026-03-01,439,314,47,706,50
INV0001115,P0115,2026-03-01,367,248,22,593,50
INV0001116,P0116,2026-03-01,61,78,137,2,61
INV0001117,P0117,2026-03-01,321,31,150,202,67
INV0001118,P0118,2026-03-01,247,6,12,241,50
INV0001119,P0119,2026-03-01,474,50,30,494,50
INV0001120,P0120,2026-03-01,563,289,107,745,50
INV0001121,P0121,2026-03-01,162,19,119,62,53
INV0001122,P0122,2026-03-01,217,15,145,87,65
INV0001123,P0123,2026-03-01,416,357,61,712,50
INV0001124,P0124,2026-03-01,391,199,82,508,50
INV0001125,P0125,2026-03-01,79,5,27,57,50
INV0001126,P0126,2026-03-01,561,114,129,546,58
INV0001127,P0127,2026-03-01,87,90,125,52,56
INV0001128,P0128,2026-03-01,226,117,145,198,65
INV0001129,P0129,2026-03-01,105,173,67,211,50
INV0001130,P0130,2026-03-01,689,249,23,915,50
INV0001131,P0131,2026-03-01,641,338,93,886,50
INV0001132,P0132,2026-03-01,333,13,54,292,50
INV0001133,P0133,2026-03-01,350,10,36,324,50
INV0001134,P0134,2026-03-01,130,124,97,157,50
INV0001135,P0135,2026-03-01,583,263,64,782,50
INV0001136,P0136,2026-03-01,399,392,153,638,68
INV0001137,P0137,2026-03-01,424,154,32,546,50
INV0001138,P0138,2026-03-01,303,382,158,527,71
INV0001139,P0139,2026-03-01,425,78,179,324,80
INV0001140,P0140,2026-03-01,97,136,73,160,50
INV0001141,P0141,2026-03-01,330,176,142,364,63
INV0001142,P0142,2026-03-01,62,101,144,19,64
INV0001143,P0143,2026-03-01,335,344,156,523,70
INV0001144,P0144,2026-03-01,374,335,17,692,50
INV0001145,P0145,2026-03-01,332,176,93,415,50
INV0001146,P0146,2026-03-01,641,342,66,917,50
INV0001147,P0147,2026-03-01,178,370,149,399,67
INV0001148,P0148,2026-03-01,436,329,139,626,62
INV0001149,P0149,2026-03-01,596,20,68,548,50
INV0001150,P0150,2026-03-01,608,81,92,597,50
INV0001151,P0151,2026-03-01,67,95,117,45,52
INV0001152,P0152,2026-03-01,178,21,174,25,78
INV0001153,P0153,2026-03-01,250,147,47,350,50
INV0001154,P0154,2026-03-01,577,105,79,603,50
INV0001155,P0155,2026-03-01,511,231,71,671,50
INV0001156,P0156,2026-03-01,402,398,160,640,72
INV0001157,P0157,2026-03-01,574,132,9,697,50
INV0001158,P0158,2026-03-01,267,137,120,284,54
INV0001159,P0159,2026-03-01,436,167,16,587,50
INV0001160,P0160,2026-03-01,62,231,141,152,63
INV0001161,P0161,2026-03-01,117,215,46,286,50
INV0001162,P0162,2026-03-01,124,199,11,312,50
INV0001163,P0163,2026-03-01,166,322,37,451,50
INV0001164,P0164,2026-03-01,110,285,109,286,50
INV0001165,P0165,2026-03-01,455,57,21,491,50
INV0001166,P0166,2026-03-01,313,148,133,328,59
INV0001167,P0167,2026-03-01,674,25,169,530,76
INV0001168,P0168,2026-03-01,572,172,61,683,50
INV0001169,P0169,2026-03-01,524,22,147,399,66
INV0001170,P0170,2026-03-01,570,223,167,626,75
INV0001171,P0171,2026-03-01,136,193,176,153,79
INV0001172,P0172,2026-03-01,589,353,113,829,50
INV0001173,P0173,2026-03-01,282,102,22,362,50
INV0001174,P0174,2026-03-01,234,147,169,212,76
INV0001175,P0175,2026-03-01,500,131,12,619,50
INV0001176,P0176,2026-03-01,257,10,112,155,50
INV0001177,P0177,2026-03-01,520,156,63,613,50
INV0001178,P0178,2026-03-01,686,64,60,690,50
INV0001179,P0179,2026-03-01,681,344,22,1003,50
INV0001180,P0180,2026-03-01,567,9,146,430,65
INV0001181,P0181,2026-03-01,467,139,15,591,50
INV0001182,P0182,2026-03-01,612,235,152,695,68
INV0001183,P0183,2026-03-01,476,347,102,721,50
INV0001184,P0184,2026-03-01,472,159,116,515,52
INV0001185,P0185,2026-03-01,292,373,118,547,53
INV0001186,P0186,2026-03-01,415,78,38,455,50
INV0001187,P0187,2026-03-01,298,371,19,650,50
INV0001188,P0188,2026-03-01,107,141,170,78,76
INV0001189,P0189,2026-03-01,198,234,66,366,50
INV0001190,P0190,2026-03-01,251,275,29,497,50
INV0001191,P0191,2026-03-01,277,280,140,417,63
INV0001192,P0192,2026-03-01,542,303,46,799,50
INV0001193,P0193,2026-03-01,142,326,149,319,67
INV0001194,P0194,2026-03-01,193,235,120,308,54
INV0001195,P0195,2026-03-01,546,147,6,687,50
INV0001196,P0196,2026-03-01,367,352,141,578,63
INV0001197,P0197,2026-03-01,548,277,41,784,50
INV0001198,P0198,2026-03-01,210,219,41,388,50
INV0001199,P0199,2026-03-01,226,237,141,322,63
INV0001200,P0200,2026-03-01,566,341,125,782,56
INV0001201,P0201,2026-03-01,216,189,67,338,50
INV0001202,P0202,2026-03-01,478,56,46,488,50
INV0001203,P0203,2026-03-01,184,317,128,373,57
INV0001204,P0204,2026-03-01,456,258,138,576,62
INV0001205,P0205,2026-03-01,385,2,12,375,50
INV0001206,P0206,2026-03-01,634,215,24,825,50
INV0001207,P0207,2026-03-01,604,320,52,872,50
INV0001208,P0208,2026-03-01,589,388,142,835,63
INV0001209,P0209,2026-03-01,463,119,56,526,50
INV0001210,P0210,2026-03-01,688,368,12,1044,50
INV0001211,P0211,2026-03-01,151,35,173,13,77
INV0001212,P0212,2026-03-01,639,99,166,572,74
INV0001213,P0213,2026-03-01,257,9,96,170,50
INV0001214,P0214,2026-03-01,555,23,147,431,66
INV0001215,P0215,2026-03-01,412,319,95,636,50
INV0001216,P0216,2026-03-01,675,53,104,624,50
INV0001217,P0217,2026-03-01,259,321,123,457,55
INV0001218,P0218,2026-03-01,497,392,128,761,57
INV0001219,P0219,2026-03-01,525,9,20,514,50
INV0001220,P0220,2026-03-01,558,174,97,635,50
INV0001221,P0221,2026-03-01,531,314,176,669,79
INV0001222,P0222,2026-03-01,377,206,77,506,50
INV0001223,P0223,2026-03-01,414,104,179,339,80
INV0001224,P0224,2026-03-01,357,121,124,354,55
INV0001225,P0225,2026-03-01,133,176,130,179,58
INV0001226,P0226,2026-03-01,325,33,80,278,50
INV0001227,P0227,2026-03-01,379,293,136,536,61
INV0001228,P0228,2026-03-01,87,284,50,321,50
INV0001229,P0229,2026-03-01,100,85,9,176,50
INV0001230,P0230,2026-03-01,657,370,128,899,57
INV0001231,P0231,2026-03-01,453,157,69,541,50
INV0001232,P0232,2026-03-01,101,65,125,41,56
INV0001233,P0233,2026-03-01,272,309,142,439,63
INV0001234,P0234,2026-03-01,243,243,100,386,50
INV0001235,P0235,2026-03-01,647,20,121,546,54
INV0001236,P0236,2026-03-01,669,240,146,763,65
INV0001237,P0237,2026-03-01,253,336,25,564,50
INV0001238,P0238,2026-03-01,666,119,94,691,50
INV0001239,P0239,2026-03-01,412,174,47,539,50
INV0001240,P0240,2026-03-01,695,48,18,725,50
INV0001241,P0241,2026-03-01,50,223,89,184,50
INV0001242,P0242,2026-03-01,553,40,140,453,63
INV0001243,P0243,2026-03-01,688,271,82,877,50
INV0001244,P0244,2026-03-01,364,312,137,539,61
INV0001245,P0245,2026-03-01,476,295,119,652,53
INV0001246,P0246,2026-03-01,647,44,118,573,53
INV0001247,P0247,2026-03-01,487,221,34,674,50
INV0001248,P0248,2026-03-01,338,123,70,391,50
INV0001249,P0249,2026-03-01,197,107,152,152,68
INV0001250,P0250,2026-03-01,307,277,10,574,50
INV0001251,P0251,2026-03-01,360,156,123,393,55
INV0001252,P0252,2026-03-01,610,269,21,858,50
INV0001253,P0253,2026-03-01,132,253,89,296,50
INV0001254,P0254,2026-03-01,109,199,172,136,77
INV0001255,P0255,2026-03-01,252,184,67,369,50
INV0001256,P0256,2026-03-01,367,368,157,578,70
INV0001257,P0257,2026-03-01,226,279,149,356,67
INV0001258,P0258,2026-03-01,193,154,77,270,50
INV0001259,P0259,2026-03-01,101,339,118,322,53
INV0001260,P0260,2026-03-01,125,54,85,94,50
INV0001261,P0261,2026-03-01,536,20,122,434,54
INV0001262,P0262,2026-03-01,353,92,97,348,50
INV0001263,P0263,2026-03-01,536,114,118,532,53
INV0001264,P0264,2026-03-01,384,347,126,605,56
INV0001265,P0265,2026-03-01,659,138,33,764,50
INV0001266,P0266,2026-03-01,461,132,15,578,50
INV0001267,P0267,2026-03-01,546,360,17,889,50
INV0001268,P0268,2026-03-01,671,359,6,1024,50
INV0001269,P0269,2026-03-01,492,222,40,674,50
INV0001270,P0270,2026-03-01,227,311,52,486,50
INV0001271,P0271,2026-03-01,274,9,32,251,50
INV0001272,P0272,2026-03-01,121,152,85,188,50
INV0001273,P0273,2026-03-01,327,145,66,406,50
INV0001274,P0274,2026-03-01,444,93,47,490,50
INV0001275,P0275,2026-03-01,576,304,106,774,50
INV0001276,P0276,2026-03-01,682,368,71,979,50
INV0001277,P0277,2026-03-01,430,124,107,447,50
INV0001278,P0278,2026-03-01,396,90,89,397,50
INV0001279,P0279,2026-03-01,228,73,84,217,50
INV0001280,P0280,2026-03-01,673,143,6,810,50
INV0001281,P0281,2026-03-01,125,288,116,297,52
INV0001282,P0282,2026-03-01,574,344,155,763,69
INV0001283,P0283,2026-03-01,663,280,124,819,55
INV0001284,P0284,2026-03-01,254,112,13,353,50
INV0001285,P0285,2026-03-01,307,377,106,578,50
INV0001286,P0286,2026-03-01,491,360,88,763,50
INV0001287,P0287,2026-03-01,474,22,141,355,63
INV0001288,P0288,2026-03-01,499,262,95,666,50
INV0001289,P0289,2026-03-01,582,52,139,495,62
INV0001290,P0290,2026-03-01,435,130,177,388,79
INV0001291,P0291,2026-03-01,334,248,121,461,54
INV0001292,P0292,2026-03-01,616,129,16,729,50
INV0001293,P0293,2026-03-01,383,382,29,736,50
INV0001294,P0294,2026-03-01,411,110,50,471,50
INV0001295,P0295,2026-03-01,565,198,14,749,50
INV0001296,P0296,2026-03-01,508,226,40,694,50
INV0001297,P0297,2026-03-01,298,69,36,331,50
INV0001298,P0298,2026-03-01,362,319,94,587,50
INV0001299,P0299,2026-03-01,355,362,178,539,80
INV0001300,P0300,2026-03-01,667,121,101,687,50
INV0001301,P0301,2026-03-01,263,354,71,546,50
INV0001302,P0302,2026-03-01,577,18,148,447,66
INV0001303,P0303,2026-03-01,481,226,149,558,67
INV0001304,P0304,2026-03-01,431,277,55,653,50
INV0001305,P0305,2026-03-01,166,245,179,232,80
INV0001306,P0306,2026-03-01,562,146,163,545,73
INV0001307,P0307,2026-03-01,399,101,94,406,50
INV0001308,P0308,2026-03-01,678,146,157,667,70
INV0001309,P0309,2026-03-01,605,116,160,561,72
INV0001310,P0310,2026-03-01,552,249,22,779,50
INV0001311,P0311,2026-03-01,313,172,21,464,50
INV0001312,P0312,2026-03-01,445,313,62,696,50
INV0001313,P0313,2026-03-01,329,377,179,527,80
INV0001314,P0314,2026-03-01,226,9,122,113,54
INV0001315,P0315,2026-03-01,577,223,12,788,50
INV0001316,P0316,2026-03-01,490,111,44,557,50
INV0001317,P0317,2026-03-01,427,1,99,329,50
INV0001318,P0318,2026-03-01,491,206,105,592,50
INV0001319,P0319,2026-03-01,375,99,57,417,50
INV0001320,P0320,2026-03-01,253,60,164,149,73
INV0001321,P0321,2026-03-01,388,237,37,588,50
INV0001322,P0322,2026-03-01,638,269,168,739,75
INV0001323,P0323,2026-03-01,238,125,54,309,50
INV0001324,P0324,2026-03-01,143,212,106,249,50
INV0001325,P0325,2026-03-01,393,293,168,518,75
INV0001326,P0326,2026-03-01,113,252,85,280,50
INV0001327,P0327,2026-03-01,78,212,52,238,50
INV0001328,P0328,2026-03-01,671,144,7,808,50
INV0001329,P0329,2026-03-01,664,370,174,860,78
INV0001330,P0330,2026-03-01,367,306,114,559,51
INV0001331,P0331,2026-03-01,482,308,45,745,50
INV0001332,P0332,2026-03-01,472,351,47,776,50
INV0001333,P0333,2026-03-01,499,223,116,606,52
INV0001334,P0334,2026-03-01,190,177,68,299,50
INV0001335,P0335,2026-03-01,304,102,14,392,50
INV0001336,P0336,2026-03-01,63,306,36,333,50
INV0001337,P0337,2026-03-01,256,334,29,561,50
INV0001338,P0338,2026-03-01,414,199,166,447,74
INV0001339,P0339,2026-03-01,169,314,10,473,50
INV0001340,P0340,2026-03-01,272,347,86,533,50
INV0001341,P0341,2026-03-01,483,398,166,715,74
INV0001342,P0342,2026-03-01,256,278,108,426,50
INV0001343,P0343,2026-03-01,280,281,151,410,67
INV0001344,P0344,2026-03-01,542,181,30,693,50
INV0001345,P0345,2026-03-01,131,219,162,188,72
INV0001346,P0346,2026-03-01,429,10,66,373,50
INV0001347,P0347,2026-03-01,327,218,65,480,50
INV0001348,P0348,2026-03-01,607,19,105,521,50
INV0001349,P0349,2026-03-01,635,163,8,790,50
INV0001350,P0350,2026-03-01,595,110,48,657,50
INV0001351,P0351,2026-03-01,477,343,140,680,63
INV0001352,P0352,2026-03-01,281,28,46,263,50
INV0001353,P0353,2026-03-01,411,373,175,609,78
INV0001354,P0354,2026-03-01,437,17,50,404,50
INV0001355,P0355,2026-03-01,95,28,14,109,50
INV0001356,P0356,2026-03-01,326,72,142,256,63
INV0001357,P0357,2026-03-01,490,68,157,401,70
INV0001358,P0358,2026-03-01,578,150,75,653,50
INV0001359,P0359,2026-03-01,581,160,13,728,50
INV0001360,P0360,2026-03-01,146,70,21,195,50
INV0001361,P0361,2026-03-01,585,181,148,618,66
INV0001362,P0362,2026-03-01,660,186,32,814,50
INV0001363,P0363,2026-03-01,539,355,135,759,60
INV0001364,P0364,2026-03-01,616,53,73,596,50
INV0001365,P0365,2026-03-01,352,366,61,657,50
INV0001366,P0366,2026-03-01,190,180,68,302,50
INV0001367,P0367,2026-03-01,637,341,89,889,50
INV0001368,P0368,2026-03-01,576,84,117,543,52
INV0001369,P0369,2026-03-01,404,94,21,477,50
INV0001370,P0370,2026-03-01,633,67,131,569,58
INV0001371,P0371,2026-03-01,158,70,151,77,67
INV0001372,P0372,2026-03-01,367,394,86,675,50
INV0001373,P0373,2026-03-01,548,25,19,554,50
INV0001374,P0374,2026-03-01,577,93,88,582,50
INV0001375,P0375,2026-03-01,304,80,53,331,50
INV0001376,P0376,2026-03-01,182,108,153,137,68
INV0001377,P0377,2026-03-01,234,124,177,181,79
INV0001378,P0378,2026-03-01,335,247,99,483,50
INV0001379,P0379,2026-03-01,245,334,140,439,63
INV0001380,P0380,2026-03-01,616,335,118,833,53
INV0001381,P0381,2026-03-01,575,0,31,544,50
INV0001382,P0382,2026-03-01,341,223,141,423,63
INV0001383,P0383,2026-03-01,244,215,98,361,50
INV0001384,P0384,2026-03-01,652,159,126,685,56
INV0001385,P0385,2026-03-01,61,353,59,355,50
INV0001386,P0386,2026-03-01,420,383,69,734,50
INV0001387,P0387,2026-03-01,599,303,151,751,67
INV0001388,P0388,2026-03-01,502,393,61,834,50
INV0001389,P0389,2026-03-01,479,8,147,340,66
INV0001390,P0390,2026-03-01,530,190,72,648,50
INV0001391,P0391,2026-03-01,502,190,128,564,57
INV0001392,P0392,2026-03-01,183,139,47,275,50
INV0001393,P0393,2026-03-01,339,207,15,531,50
INV0001394,P0394,2026-03-01,163,121,115,169,51
INV0001395,P0395,2026-03-01,261,25,11,275,50
INV0001396,P0396,2026-03-01,550,173,72,651,50
INV0001397,P0397,2026-03-01,432,159,66,525,50
INV0001398,P0398,2026-03-01,174,276,7,443,50
INV0001399,P0399,2026-03-01,209,55,171,93,76
INV0001400,P0400,2026-03-01,126,349,138,337,62
INV0001401,P0401,2026-03-01,349,201,105,445,50
INV0001402,P0402,2026-03-01,536,47,141,442,63
INV0001403,P0403,2026-03-01,516,219,134,601,60
INV0001404,P0404,2026-03-01,577,104,59,622,50
INV0001405,P0405,2026-03-01,688,33,151,570,67
INV0001406,P0406,2026-03-01,218,359,14,563,50
INV0001407,P0407,2026-03-01,430,91,84,437,50
INV0001408,P0408,2026-03-01,480,229,90,619,50
INV0001409,P0409,2026-03-01,572,240,57,755,50
INV0001410,P0410,2026-03-01,240,359,178,421,80
INV0001411,P0411,2026-03-01,264,280,102,442,50
INV0001412,P0412,2026-03-01,660,363,142,881,63
INV0001413,P0413,2026-03-01,429,203,157,475,70
INV0001414,P0414,2026-03-01,495,45,52,488,50
INV0001415,P0415,2026-03-01,298,229,42,485,50
INV0001416,P0416,2026-03-01,496,178,125,549,56
INV0001417,P0417,2026-03-01,384,197,82,499,50
INV0001418,P0418,2026-03-01,147,339,5,481,50
INV0001419,P0419,2026-03-01,331,364,103,592,50
INV0001420,P0420,2026-03-01,607,312,141,778,63
INV0001421,P0421,2026-03-01,233,5,8,230,50
INV0001422,P0422,2026-03-01,382,104,171,315,76
INV0001423,P0423,2026-03-01,558,244,110,692,50
INV0001424,P0424,2026-03-01,673,358,47,984,50
INV0001425,P0425,2026-03-01,161,195,179,177,80
INV0001426,P0426,2026-03-01,591,174,121,644,54
INV0001427,P0427,2026-03-01,393,217,149,461,67
INV0001428,P0428,2026-03-01,109,355,121,343,54
INV0001429,P0429,2026-03-01,678,229,113,794,50
INV0001430,P0430,2026-03-01,443,156,115,484,51
INV0001431,P0431,2026-03-01,561,180,88,653,50
INV0001432,P0432,2026-03-01,149,368,99,418,50
INV0001433,P0433,2026-03-01,367,133,71,429,50
INV0001434,P0434,2026-03-01,137,32,147,22,66
INV0001435,P0435,2026-03-01,353,175,58,470,50
INV0001436,P0436,2026-03-01,98,296,89,305,50
INV0001437,P0437,2026-03-01,231,328,121,438,54
INV0001438,P0438,2026-03-01,405,16,162,259,72
INV0001439,P0439,2026-03-01,479,337,149,667,67
INV0001440,P0440,2026-03-01,174,384,23,535,50
INV0001441,P0441,2026-03-01,335,62,80,317,50
INV0001442,P0442,2026-03-01,106,123,143,86,64
INV0001443,P0443,2026-03-01,686,132,174,644,78
INV0001444,P0444,2026-03-01,452,183,136,499,61
INV0001445,P0445,2026-03-01,435,67,66,436,50
INV0001446,P0446,2026-03-01,664,99,141,622,63
INV0001447,P0447,2026-03-01,143,95,21,217,50
INV0001448,P0448,2026-03-01,333,300,71,562,50
INV0001449,P0449,2026-03-01,71,23,164,0,73
INV0001450,P0450,2026-03-01,625,302,133,794,59
INV0001451,P0451,2026-03-01,612,370,64,918,50
INV0001452,P0452,2026-03-01,598,63,130,531,58
INV0001453,P0453,2026-03-01,67,308,107,268,50
INV0001454,P0454,2026-03-01,619,44,40,623,50
INV0001455,P0455,2026-03-01,267,324,37,554,50
INV0001456,P0456,2026-03-01,400,93,22,471,50
INV0001457,P0457,2026-03-01,308,179,6,481,50
INV0001458,P0458,2026-03-01,681,331,171,841,76
INV0001459,P0459,2026-03-01,207,8,29,186,50
INV0001460,P0460,2026-03-01,70,148,144,74,64
INV0001461,P0461,2026-03-01,503,27,35,495,50
INV0001462,P0462,2026-03-01,431,46,130,347,58
INV0001463,P0463,2026-03-01,336,8,145,199,65
INV0001464,P0464,2026-03-01,271,130,166,235,74
INV0001465,P0465,2026-03-01,147,59,44,162,50
INV0001466,P0466,2026-03-01,218,208,129,297,58
INV0001467,P0467,2026-03-01,279,119,169,229,76
INV0001468,P0468,2026-03-01,115,23,34,104,50
INV0001469,P0469,2026-03-01,476,88,88,476,50
INV0001470,P0470,2026-03-01,101,296,136,261,61
INV0001471,P0471,2026-03-01,439,244,152,531,68
INV0001472,P0472,2026-03-01,315,87,6,396,50
INV0001473,P0473,2026-03-01,337,187,162,362,72
INV0001474,P0474,2026-03-01,302,22,167,157,75
INV0001475,P0475,2026-03-01,405,214,104,515,50
INV0001476,P0476,2026-03-01,583,133,73,643,50
INV0001477,P0477,2026-03-01,453,68,155,366,69
INV0001478,P0478,2026-03-01,579,281,99,761,50
INV0001479,P0479,2026-03-01,315,273,177,411,79
INV0001480,P0480,2026-03-01,194,49,10,233,50
INV0001481,P0481,2026-03-01,76,341,61,356,50
INV0001482,P0482,2026-03-01,152,307,41,418,50
INV0001483,P0483,2026-03-01,353,263,127,489,57
INV0001484,P0484,2026-03-01,160,20,105,75,50
INV0001485,P0485,2026-03-01,368,48,74,342,50
INV0001486,P0486,2026-03-01,698,205,85,818,50
INV0001487,P0487,2026-03-01,471,319,156,634,70
INV0001488,P0488,2026-03-01,84,292,64,312,50
INV0001489,P0489,2026-03-01,297,304,56,545,50
INV0001490,P0490,2026-03-01,361,354,80,635,50
INV0001491,P0491,2026-03-01,495,239,54,680,50
INV0001492,P0492,2026-03-01,166,24,109,81,50
INV0001493,P0493,2026-03-01,684,296,76,904,50
INV0001494,P0494,2026-03-01,478,264,143,599,64
INV0001495,P0495,2026-03-01,508,305,82,731,50
INV0001496,P0496,2026-03-01,685,197,179,703,80
INV0001497,P0497,2026-03-01,332,119,126,325,56
INV0001498,P0498,2026-03-01,290,155,70,375,50
INV0001499,P0499,2026-03-01,537,273,171,639,76
INV0001500,P0500,2026-03-01,313,346,62,597,50
INV0001501,P0001,2026-04-01,384,53,124,313,55
INV0001502,P0002,2026-04-01,670,217,108,779,50
INV0001503,P0003,2026-04-01,462,267,175,554,78
INV0001504,P0004,2026-04-01,488,65,138,415,62
INV0001505,P0005,2026-04-01,188,23,151,60,67
INV0001506,P0006,2026-04-01,527,143,91,579,50
INV0001507,P0007,2026-04-01,581,21,55,547,50
INV0001508,P0008,2026-04-01,302,175,136,341,61
INV0001509,P0009,2026-04-01,270,93,58,305,50
INV0001510,P0010,2026-04-01,513,127,103,537,50
INV0001511,P0011,2026-04-01,692,325,22,995,50
INV0001512,P0012,2026-04-01,599,78,82,595,50
INV0001513,P0013,2026-04-01,448,289,31,706,50
INV0001514,P0014,2026-04-01,420,141,125,436,56
INV0001515,P0015,2026-04-01,148,251,151,248,67
INV0001516,P0016,2026-04-01,59,90,27,122,50
INV0001517,P0017,2026-04-01,79,194,60,213,50
INV0001518,P0018,2026-04-01,406,398,175,629,78
INV0001519,P0019,2026-04-01,201,179,133,247,59
INV0001520,P0020,2026-04-01,305,124,162,267,72
INV0001521,P0021,2026-04-01,513,127,122,518,54
INV0001522,P0022,2026-04-01,628,305,120,813,54
INV0001523,P0023,2026-04-01,169,257,22,404,50
INV0001524,P0024,2026-04-01,127,168,157,138,70
INV0001525,P0025,2026-04-01,469,232,101,600,50
INV0001526,P0026,2026-04-01,694,109,122,681,54
INV0001527,P0027,2026-04-01,310,138,66,382,50
INV0001528,P0028,2026-04-01,313,179,8,484,50
INV0001529,P0029,2026-04-01,569,56,88,537,50
INV0001530,P0030,2026-04-01,543,307,165,685,74
INV0001531,P0031,2026-04-01,109,328,46,391,50
INV0001532,P0032,2026-04-01,331,149,20,460,50
INV0001533,P0033,2026-04-01,549,25,129,445,58
INV0001534,P0034,2026-04-01,575,250,172,653,77
INV0001535,P0035,2026-04-01,178,126,97,207,50
INV0001536,P0036,2026-04-01,72,1,151,0,67
INV0001537,P0037,2026-04-01,636,173,155,654,69
INV0001538,P0038,2026-04-01,588,206,128,666,57
INV0001539,P0039,2026-04-01,108,319,59,368,50
INV0001540,P0040,2026-04-01,496,136,17,615,50
INV0001541,P0041,2026-04-01,152,115,140,127,63
INV0001542,P0042,2026-04-01,514,363,163,714,73
INV0001543,P0043,2026-04-01,515,81,118,478,53
INV0001544,P0044,2026-04-01,284,180,68,396,50
INV0001545,P0045,2026-04-01,89,207,112,184,50
INV0001546,P0046,2026-04-01,555,60,53,562,50
INV0001547,P0047,2026-04-01,674,273,128,819,57
INV0001548,P0048,2026-04-01,522,4,110,416,50
INV0001549,P0049,2026-04-01,311,81,101,291,50
INV0001550,P0050,2026-04-01,668,117,117,668,52
INV0001551,P0051,2026-04-01,115,98,153,60,68
INV0001552,P0052,2026-04-01,473,366,75,764,50
INV0001553,P0053,2026-04-01,160,64,57,167,50
INV0001554,P0054,2026-04-01,649,339,13,975,50
INV0001555,P0055,2026-04-01,81,173,54,200,50
INV0001556,P0056,2026-04-01,215,315,101,429,50
INV0001557,P0057,2026-04-01,437,189,115,511,51
INV0001558,P0058,2026-04-01,587,318,26,879,50
INV0001559,P0059,2026-04-01,130,196,59,267,50
INV0001560,P0060,2026-04-01,130,336,69,397,50
INV0001561,P0061,2026-04-01,626,190,151,665,67
INV0001562,P0062,2026-04-01,243,61,110,194,50
INV0001563,P0063,2026-04-01,220,210,98,332,50
INV0001564,P0064,2026-04-01,190,168,31,327,50
INV0001565,P0065,2026-04-01,471,178,7,642,50
INV0001566,P0066,2026-04-01,102,33,97,38,50
INV0001567,P0067,2026-04-01,135,276,13,398,50
INV0001568,P0068,2026-04-01,467,64,156,375,70
INV0001569,P0069,2026-04-01,535,225,85,675,50
INV0001570,P0070,2026-04-01,681,251,32,900,50
INV0001571,P0071,2026-04-01,114,308,87,335,50
INV0001572,P0072,2026-04-01,101,301,115,287,51
INV0001573,P0073,2026-04-01,655,306,108,853,50
INV0001574,P0074,2026-04-01,678,92,102,668,50
INV0001575,P0075,2026-04-01,161,145,100,206,50
INV0001576,P0076,2026-04-01,150,189,36,303,50
INV0001577,P0077,2026-04-01,145,217,19,343,50
INV0001578,P0078,2026-04-01,564,195,114,645,51
INV0001579,P0079,2026-04-01,75,101,106,70,50
INV0001580,P0080,2026-04-01,491,357,171,677,76
INV0001581,P0081,2026-04-01,351,198,129,420,58
INV0001582,P0082,2026-04-01,477,380,107,750,50
INV0001583,P0083,2026-04-01,228,318,27,519,50
INV0001584,P0084,2026-04-01,432,318,90,660,50
INV0001585,P0085,2026-04-01,667,311,135,843,60
INV0001586,P0086,2026-04-01,491,108,70,529,50
INV0001587,P0087,2026-04-01,604,72,167,509,75
INV0001588,P0088,2026-04-01,637,380,119,898,53
INV0001589,P0089,2026-04-01,626,125,82,669,50
INV0001590,P0090,2026-04-01,205,339,42,502,50
INV0001591,P0091,2026-04-01,221,48,84,185,50
INV0001592,P0092,2026-04-01,549,277,18,808,50
INV0001593,P0093,2026-04-01,222,214,81,355,50
INV0001594,P0094,2026-04-01,543,263,53,753,50
INV0001595,P0095,2026-04-01,445,147,45,547,50
INV0001596,P0096,2026-04-01,193,354,162,385,72
INV0001597,P0097,2026-04-01,264,164,135,293,60
INV0001598,P0098,2026-04-01,173,377,80,470,50
INV0001599,P0099,2026-04-01,444,173,25,592,50
INV0001600,P0100,2026-04-01,296,365,111,550,50
INV0001601,P0101,2026-04-01,523,76,126,473,56
INV0001602,P0102,2026-04-01,281,372,165,488,74
INV0001603,P0103,2026-04-01,517,370,108,779,50
INV0001604,P0104,2026-04-01,279,34,129,184,58
INV0001605,P0105,2026-04-01,65,102,96,71,50
INV0001606,P0106,2026-04-01,400,201,48,553,50
INV0001607,P0107,2026-04-01,650,149,62,737,50
INV0001608,P0108,2026-04-01,590,25,157,458,70
INV0001609,P0109,2026-04-01,284,276,104,456,50
INV0001610,P0110,2026-04-01,152,63,159,56,71
INV0001611,P0111,2026-04-01,427,43,177,293,79
INV0001612,P0112,2026-04-01,681,244,115,810,51
INV0001613,P0113,2026-04-01,590,194,172,612,77
INV0001614,P0114,2026-04-01,318,285,163,440,73
INV0001615,P0115,2026-04-01,388,238,11,615,50
INV0001616,P0116,2026-04-01,53,189,63,179,50
INV0001617,P0117,2026-04-01,180,266,22,424,50
INV0001618,P0118,2026-04-01,412,390,128,674,57
INV0001619,P0119,2026-04-01,148,148,113,183,50
INV0001620,P0120,2026-04-01,609,90,160,539,72
INV0001621,P0121,2026-04-01,501,62,110,453,50
INV0001622,P0122,2026-04-01,436,76,134,378,60
INV0001623,P0123,2026-04-01,645,293,54,884,50
INV0001624,P0124,2026-04-01,520,158,113,565,50
INV0001625,P0125,2026-04-01,321,393,68,646,50
INV0001626,P0126,2026-04-01,605,142,156,591,70
INV0001627,P0127,2026-04-01,296,64,120,240,54
INV0001628,P0128,2026-04-01,221,238,101,358,50
INV0001629,P0129,2026-04-01,200,30,106,124,50
INV0001630,P0130,2026-04-01,299,372,147,524,66
INV0001631,P0131,2026-04-01,161,2,79,84,50
INV0001632,P0132,2026-04-01,178,271,95,354,50
INV0001633,P0133,2026-04-01,327,220,176,371,79
INV0001634,P0134,2026-04-01,605,87,129,563,58
INV0001635,P0135,2026-04-01,568,134,111,591,50
INV0001636,P0136,2026-04-01,634,394,17,1011,50
INV0001637,P0137,2026-04-01,142,5,68,79,50
INV0001638,P0138,2026-04-01,474,117,42,549,50
INV0001639,P0139,2026-04-01,54,159,30,183,50
INV0001640,P0140,2026-04-01,155,34,178,11,80
INV0001641,P0141,2026-04-01,502,352,135,719,60
INV0001642,P0142,2026-04-01,602,132,22,712,50
INV0001643,P0143,2026-04-01,473,361,24,810,50
INV0001644,P0144,2026-04-01,354,101,28,427,50
INV0001645,P0145,2026-04-01,497,374,40,831,50
INV0001646,P0146,2026-04-01,222,199,164,257,73
INV0001647,P0147,2026-04-01,583,195,62,716,50
INV0001648,P0148,2026-04-01,620,57,118,559,53
INV0001649,P0149,2026-04-01,631,46,106,571,50
INV0001650,P0150,2026-04-01,443,342,82,703,50
INV0001651,P0151,2026-04-01,335,189,37,487,50
INV0001652,P0152,2026-04-01,498,207,39,666,50
INV0001653,P0153,2026-04-01,406,398,134,670,60
INV0001654,P0154,2026-04-01,179,111,89,201,50
INV0001655,P0155,2026-04-01,260,348,16,592,50
INV0001656,P0156,2026-04-01,333,129,174,288,78
INV0001657,P0157,2026-04-01,314,350,110,554,50
INV0001658,P0158,2026-04-01,344,179,108,415,50
INV0001659,P0159,2026-04-01,289,70,143,216,64
INV0001660,P0160,2026-04-01,53,373,125,301,56
INV0001661,P0161,2026-04-01,243,101,79,265,50
INV0001662,P0162,2026-04-01,87,311,32,366,50
INV0001663,P0163,2026-04-01,217,310,81,446,50
INV0001664,P0164,2026-04-01,58,16,146,0,65
INV0001665,P0165,2026-04-01,409,138,32,515,50
INV0001666,P0166,2026-04-01,459,213,95,577,50
INV0001667,P0167,2026-04-01,478,395,18,855,50
INV0001668,P0168,2026-04-01,300,84,82,302,50
INV0001669,P0169,2026-04-01,158,174,66,266,50
INV0001670,P0170,2026-04-01,468,12,113,367,50
INV0001671,P0171,2026-04-01,264,312,20,556,50
INV0001672,P0172,2026-04-01,628,337,24,941,50
INV0001673,P0173,2026-04-01,81,126,96,111,50
INV0001674,P0174,2026-04-01,175,103,137,141,61
INV0001675,P0175,2026-04-01,627,207,153,681,68
INV0001676,P0176,2026-04-01,152,362,136,378,61
INV0001677,P0177,2026-04-01,230,218,24,424,50
INV0001678,P0178,2026-04-01,212,55,86,181,50
INV0001679,P0179,2026-04-01,421,382,121,682,54
INV0001680,P0180,2026-04-01,236,200,134,302,60
INV0001681,P0181,2026-04-01,497,303,81,719,50
INV0001682,P0182,2026-04-01,58,196,21,233,50
INV0001683,P0183,2026-04-01,74,366,26,414,50
INV0001684,P0184,2026-04-01,175,350,92,433,50
INV0001685,P0185,2026-04-01,413,361,7,767,50
INV0001686,P0186,2026-04-01,639,253,160,732,72
INV0001687,P0187,2026-04-01,259,147,170,236,76
INV0001688,P0188,2026-04-01,193,82,175,100,78
INV0001689,P0189,2026-04-01,85,346,155,276,69
INV0001690,P0190,2026-04-01,519,107,71,555,50
INV0001691,P0191,2026-04-01,53,117,77,93,50
INV0001692,P0192,2026-04-01,247,175,48,374,50
INV0001693,P0193,2026-04-01,634,317,60,891,50
INV0001694,P0194,2026-04-01,295,145,88,352,50
INV0001695,P0195,2026-04-01,505,359,34,830,50
INV0001696,P0196,2026-04-01,297,177,81,393,50
INV0001697,P0197,2026-04-01,541,357,26,872,50
INV0001698,P0198,2026-04-01,168,254,118,304,53
INV0001699,P0199,2026-04-01,558,220,160,618,72
INV0001700,P0200,2026-04-01,509,362,60,811,50
INV0001701,P0201,2026-04-01,197,6,113,90,50
INV0001702,P0202,2026-04-01,322,201,11,512,50
INV0001703,P0203,2026-04-01,374,59,121,312,54
INV0001704,P0204,2026-04-01,433,291,30,694,50
INV0001705,P0205,2026-04-01,164,18,93,89,50
INV0001706,P0206,2026-04-01,466,164,164,466,73
INV0001707,P0207,2026-04-01,670,393,156,907,70
INV0001708,P0208,2026-04-01,231,127,83,275,50
INV0001709,P0209,2026-04-01,424,4,78,350,50
INV0001710,P0210,2026-04-01,98,368,56,410,50
INV0001711,P0211,2026-04-01,646,346,34,958,50
INV0001712,P0212,2026-04-01,376,330,109,597,50
INV0001713,P0213,2026-04-01,600,357,47,910,50
INV0001714,P0214,2026-04-01,245,364,57,552,50
INV0001715,P0215,2026-04-01,415,132,166,381,74
INV0001716,P0216,2026-04-01,383,80,71,392,50
INV0001717,P0217,2026-04-01,571,133,21,683,50
INV0001718,P0218,2026-04-01,137,68,127,78,57
INV0001719,P0219,2026-04-01,91,356,109,338,50
INV0001720,P0220,2026-04-01,59,54,147,0,66
INV0001721,P0221,2026-04-01,70,94,166,0,74
INV0001722,P0222,2026-04-01,188,193,143,238,64
INV0001723,P0223,2026-04-01,590,227,137,680,61
INV0001724,P0224,2026-04-01,547,41,149,439,67
INV0001725,P0225,2026-04-01,526,227,10,743,50
INV0001726,P0226,2026-04-01,182,321,130,373,58
INV0001727,P0227,2026-04-01,135,252,80,307,50
INV0001728,P0228,2026-04-01,226,286,47,465,50
INV0001729,P0229,2026-04-01,532,311,28,815,50
INV0001730,P0230,2026-04-01,596,182,107,671,50
INV0001731,P0231,2026-04-01,390,319,38,671,50
INV0001732,P0232,2026-04-01,541,351,139,753,62
INV0001733,P0233,2026-04-01,268,341,107,502,50
INV0001734,P0234,2026-04-01,358,243,176,425,79
INV0001735,P0235,2026-04-01,580,169,32,717,50
INV0001736,P0236,2026-04-01,343,96,69,370,50
INV0001737,P0237,2026-04-01,633,156,167,622,75
INV0001738,P0238,2026-04-01,195,74,109,160,50
INV0001739,P0239,2026-04-01,142,238,74,306,50
INV0001740,P0240,2026-04-01,305,180,116,369,52
INV0001741,P0241,2026-04-01,108,268,137,239,61
INV0001742,P0242,2026-04-01,64,186,28,222,50
INV0001743,P0243,2026-04-01,71,186,28,229,50
INV0001744,P0244,2026-04-01,508,91,136,463,61
INV0001745,P0245,2026-04-01,423,51,55,419,50
INV0001746,P0246,2026-04-01,545,262,23,784,50
INV0001747,P0247,2026-04-01,236,206,110,332,50
INV0001748,P0248,2026-04-01,140,152,113,179,50
INV0001749,P0249,2026-04-01,665,388,98,955,50
INV0001750,P0250,2026-04-01,211,56,178,89,80
INV0001751,P0251,2026-04-01,601,226,127,700,57
INV0001752,P0252,2026-04-01,507,205,169,543,76
INV0001753,P0253,2026-04-01,107,386,16,477,50
INV0001754,P0254,2026-04-01,217,321,104,434,50
INV0001755,P0255,2026-04-01,126,258,106,278,50
INV0001756,P0256,2026-04-01,105,151,84,172,50
INV0001757,P0257,2026-04-01,72,165,154,83,69
INV0001758,P0258,2026-04-01,65,348,131,282,58
INV0001759,P0259,2026-04-01,246,143,87,302,50
INV0001760,P0260,2026-04-01,593,25,134,484,60
INV0001761,P0261,2026-04-01,562,399,49,912,50
INV0001762,P0262,2026-04-01,171,172,49,294,50
INV0001763,P0263,2026-04-01,689,292,141,840,63
INV0001764,P0264,2026-04-01,393,64,161,296,72
INV0001765,P0265,2026-04-01,520,97,129,488,58
INV0001766,P0266,2026-04-01,224,108,87,245,50
INV0001767,P0267,2026-04-01,203,112,37,278,50
INV0001768,P0268,2026-04-01,632,218,174,676,78
INV0001769,P0269,2026-04-01,196,148,23,321,50
INV0001770,P0270,2026-04-01,276,300,28,548,50
INV0001771,P0271,2026-04-01,212,284,46,450,50
INV0001772,P0272,2026-04-01,52,74,77,49,50
INV0001773,P0273,2026-04-01,83,243,84,242,50
INV0001774,P0274,2026-04-01,546,121,120,547,54
INV0001775,P0275,2026-04-01,139,191,118,212,53
INV0001776,P0276,2026-04-01,117,138,30,225,50
INV0001777,P0277,2026-04-01,355,144,77,422,50
INV0001778,P0278,2026-04-01,648,45,129,564,58
INV0001779,P0279,2026-04-01,446,186,7,625,50
INV0001780,P0280,2026-04-01,214,241,13,442,50
INV0001781,P0281,2026-04-01,613,96,158,551,71
INV0001782,P0282,2026-04-01,536,56,74,518,50
INV0001783,P0283,2026-04-01,478,392,24,846,50
INV0001784,P0284,2026-04-01,212,231,162,281,72
INV0001785,P0285,2026-04-01,367,365,59,673,50
INV0001786,P0286,2026-04-01,520,93,72,541,50
INV0001787,P0287,2026-04-01,596,364,49,911,50
INV0001788,P0288,2026-04-01,69,353,95,327,50
INV0001789,P0289,2026-04-01,430,314,120,624,54
INV0001790,P0290,2026-04-01,562,296,87,771,50
INV0001791,P0291,2026-04-01,108,20,48,80,50
INV0001792,P0292,2026-04-01,153,215,146,222,65
INV0001793,P0293,2026-04-01,513,195,71,637,50
INV0001794,P0294,2026-04-01,138,175,32,281,50
INV0001795,P0295,2026-04-01,247,215,167,295,75
INV0001796,P0296,2026-04-01,434,171,136,469,61
INV0001797,P0297,2026-04-01,142,336,115,363,51
INV0001798,P0298,2026-04-01,455,45,161,339,72
INV0001799,P0299,2026-04-01,101,376,22,455,50
INV0001800,P0300,2026-04-01,235,255,139,351,62
INV0001801,P0301,2026-04-01,511,370,115,766,51
INV0001802,P0302,2026-04-01,539,157,49,647,50
INV0001803,P0303,2026-04-01,519,352,58,813,50
INV0001804,P0304,2026-04-01,263,248,51,460,50
INV0001805,P0305,2026-04-01,330,76,149,257,67
INV0001806,P0306,2026-04-01,683,373,14,1042,50
INV0001807,P0307,2026-04-01,185,272,25,432,50
INV0001808,P0308,2026-04-01,608,225,82,751,50
INV0001809,P0309,2026-04-01,586,38,86,538,50
INV0001810,P0310,2026-04-01,137,14,109,42,50
INV0001811,P0311,2026-04-01,252,82,9,325,50
INV0001812,P0312,2026-04-01,83,128,171,40,76
INV0001813,P0313,2026-04-01,538,87,146,479,65
INV0001814,P0314,2026-04-01,423,230,13,640,50
INV0001815,P0315,2026-04-01,384,335,93,626,50
INV0001816,P0316,2026-04-01,153,128,68,213,50
INV0001817,P0317,2026-04-01,585,81,97,569,50
INV0001818,P0318,2026-04-01,256,50,21,285,50
INV0001819,P0319,2026-04-01,170,57,16,211,50
INV0001820,P0320,2026-04-01,570,164,131,603,58
INV0001821,P0321,2026-04-01,301,19,26,294,50
INV0001822,P0322,2026-04-01,267,283,137,413,61
INV0001823,P0323,2026-04-01,643,178,135,686,60
INV0001824,P0324,2026-04-01,565,113,46,632,50
INV0001825,P0325,2026-04-01,653,334,48,939,50
INV0001826,P0326,2026-04-01,682,167,177,672,79
INV0001827,P0327,2026-04-01,670,13,106,577,50
INV0001828,P0328,2026-04-01,178,380,107,451,50
INV0001829,P0329,2026-04-01,430,265,93,602,50
INV0001830,P0330,2026-04-01,451,172,44,579,50
INV0001831,P0331,2026-04-01,256,142,106,292,50
INV0001832,P0332,2026-04-01,413,383,107,689,50
INV0001833,P0333,2026-04-01,129,89,154,64,69
INV0001834,P0334,2026-04-01,322,30,90,262,50
INV0001835,P0335,2026-04-01,530,5,69,466,50
INV0001836,P0336,2026-04-01,237,383,120,500,54
INV0001837,P0337,2026-04-01,327,56,111,272,50
INV0001838,P0338,2026-04-01,251,242,60,433,50
INV0001839,P0339,2026-04-01,684,316,149,851,67
INV0001840,P0340,2026-04-01,649,323,146,826,65
INV0001841,P0341,2026-04-01,130,4,93,41,50
INV0001842,P0342,2026-04-01,591,341,62,870,50
INV0001843,P0343,2026-04-01,640,263,113,790,50
INV0001844,P0344,2026-04-01,257,260,45,472,50
INV0001845,P0345,2026-04-01,85,43,63,65,50
INV0001846,P0346,2026-04-01,404,83,114,373,51
INV0001847,P0347,2026-04-01,239,306,117,428,52
INV0001848,P0348,2026-04-01,283,318,91,510,50
INV0001849,P0349,2026-04-01,316,270,70,516,50
INV0001850,P0350,2026-04-01,384,370,115,639,51
INV0001851,P0351,2026-04-01,573,319,51,841,50
INV0001852,P0352,2026-04-01,403,264,102,565,50
INV0001853,P0353,2026-04-01,60,146,45,161,50
INV0001854,P0354,2026-04-01,648,378,157,869,70
INV0001855,P0355,2026-04-01,446,371,145,672,65
INV0001856,P0356,2026-04-01,368,190,159,399,71
INV0001857,P0357,2026-04-01,204,43,93,154,50
INV0001858,P0358,2026-04-01,543,71,164,450,73
INV0001859,P0359,2026-04-01,85,371,88,368,50
INV0001860,P0360,2026-04-01,694,88,168,614,75
INV0001861,P0361,2026-04-01,417,177,167,427,75
INV0001862,P0362,2026-04-01,228,91,13,306,50
INV0001863,P0363,2026-04-01,685,10,35,660,50
INV0001864,P0364,2026-04-01,668,214,19,863,50
INV0001865,P0365,2026-04-01,270,31,169,132,76
INV0001866,P0366,2026-04-01,129,385,108,406,50
INV0001867,P0367,2026-04-01,538,44,143,439,64
INV0001868,P0368,2026-04-01,358,174,146,386,65
INV0001869,P0369,2026-04-01,530,18,139,409,62
INV0001870,P0370,2026-04-01,581,267,170,678,76
INV0001871,P0371,2026-04-01,110,263,30,343,50
INV0001872,P0372,2026-04-01,574,55,80,549,50
INV0001873,P0373,2026-04-01,520,6,154,372,69
INV0001874,P0374,2026-04-01,477,210,159,528,71
INV0001875,P0375,2026-04-01,616,304,111,809,50
INV0001876,P0376,2026-04-01,322,296,15,603,50
INV0001877,P0377,2026-04-01,549,240,71,718,50
INV0001878,P0378,2026-04-01,250,92,73,269,50
INV0001879,P0379,2026-04-01,398,267,81,584,50
INV0001880,P0380,2026-04-01,377,337,28,686,50
INV0001881,P0381,2026-04-01,154,153,136,171,61
INV0001882,P0382,2026-04-01,150,279,54,375,50
INV0001883,P0383,2026-04-01,373,33,112,294,50
INV0001884,P0384,2026-04-01,481,263,136,608,61
INV0001885,P0385,2026-04-01,611,235,125,721,56
INV0001886,P0386,2026-04-01,174,199,134,239,60
INV0001887,P0387,2026-04-01,687,41,48,680,50
INV0001888,P0388,2026-04-01,508,187,80,615,50
INV0001889,P0389,2026-04-01,555,384,73,866,50
INV0001890,P0390,2026-04-01,151,82,157,76,70
INV0001891,P0391,2026-04-01,110,109,32,187,50
INV0001892,P0392,2026-04-01,185,23,163,45,73
INV0001893,P0393,2026-04-01,237,171,70,338,50
INV0001894,P0394,2026-04-01,520,327,49,798,50
INV0001895,P0395,2026-04-01,106,279,127,258,57
INV0001896,P0396,2026-04-01,122,9,175,0,78
INV0001897,P0397,2026-04-01,329,53,68,314,50
INV0001898,P0398,2026-04-01,270,239,126,383,56
INV0001899,P0399,2026-04-01,587,350,113,824,50
INV0001900,P0400,2026-04-01,375,79,139,315,62
INV0001901,P0401,2026-04-01,205,244,72,377,50
INV0001902,P0402,2026-04-01,305,293,22,576,50
INV0001903,P0403,2026-04-01,272,92,166,198,74
INV0001904,P0404,2026-04-01,549,152,169,532,76
INV0001905,P0405,2026-04-01,312,277,174,415,78
INV0001906,P0406,2026-04-01,280,18,97,201,50
INV0001907,P0407,2026-04-01,215,314,91,438,50
INV0001908,P0408,2026-04-01,514,34,11,537,50
INV0001909,P0409,2026-04-01,315,44,148,211,66
INV0001910,P0410,2026-04-01,327,365,129,563,58
INV0001911,P0411,2026-04-01,492,266,169,589,76
INV0001912,P0412,2026-04-01,313,24,45,292,50
INV0001913,P0413,2026-04-01,140,34,165,9,74
INV0001914,P0414,2026-04-01,230,316,152,394,68
INV0001915,P0415,2026-04-01,603,301,143,761,64
INV0001916,P0416,2026-04-01,538,119,112,545,50
INV0001917,P0417,2026-04-01,533,109,68,574,50
INV0001918,P0418,2026-04-01,685,361,63,983,50
INV0001919,P0419,2026-04-01,273,86,174,185,78
INV0001920,P0420,2026-04-01,50,362,53,359,50
INV0001921,P0421,2026-04-01,199,33,126,106,56
INV0001922,P0422,2026-04-01,360,304,147,517,66
INV0001923,P0423,2026-04-01,174,260,167,267,75
INV0001924,P0424,2026-04-01,637,11,12,636,50
INV0001925,P0425,2026-04-01,216,306,117,405,52
INV0001926,P0426,2026-04-01,143,87,135,95,60
INV0001927,P0427,2026-04-01,121,289,5,405,50
INV0001928,P0428,2026-04-01,320,105,35,390,50
INV0001929,P0429,2026-04-01,255,368,146,477,65
INV0001930,P0430,2026-04-01,252,395,25,622,50
INV0001931,P0431,2026-04-01,516,47,151,412,67
INV0001932,P0432,2026-04-01,66,292,133,225,59
INV0001933,P0433,2026-04-01,434,184,49,569,50
INV0001934,P0434,2026-04-01,348,17,27,338,50
INV0001935,P0435,2026-04-01,180,297,161,316,72
INV0001936,P0436,2026-04-01,210,371,111,470,50
INV0001937,P0437,2026-04-01,559,55,72,542,50
INV0001938,P0438,2026-04-01,177,184,15,346,50
INV0001939,P0439,2026-04-01,692,117,76,733,50
INV0001940,P0440,2026-04-01,572,242,52,762,50
INV0001941,P0441,2026-04-01,433,74,167,340,75
INV0001942,P0442,2026-04-01,160,133,86,207,50
INV0001943,P0443,2026-04-01,347,255,43,559,50
INV0001944,P0444,2026-04-01,181,285,118,348,53
INV0001945,P0445,2026-04-01,582,20,6,596,50
INV0001946,P0446,2026-04-01,128,146,97,177,50
INV0001947,P0447,2026-04-01,193,333,16,510,50
INV0001948,P0448,2026-04-01,64,134,153,45,68
INV0001949,P0449,2026-04-01,276,263,141,398,63
INV0001950,P0450,2026-04-01,606,254,28,832,50
INV0001951,P0451,2026-04-01,117,237,27,327,50
INV0001952,P0452,2026-04-01,216,320,122,414,54
INV0001953,P0453,2026-04-01,517,73,136,454,61
INV0001954,P0454,2026-04-01,239,345,174,410,78
INV0001955,P0455,2026-04-01,488,148,141,495,63
INV0001956,P0456,2026-04-01,223,372,29,566,50
INV0001957,P0457,2026-04-01,275,182,53,404,50
INV0001958,P0458,2026-04-01,685,269,115,839,51
INV0001959,P0459,2026-04-01,445,174,155,464,69
INV0001960,P0460,2026-04-01,393,197,40,550,50
INV0001961,P0461,2026-04-01,204,11,52,163,50
INV0001962,P0462,2026-04-01,594,145,27,712,50
INV0001963,P0463,2026-04-01,313,39,90,262,50
INV0001964,P0464,2026-04-01,375,345,75,645,50
INV0001965,P0465,2026-04-01,223,202,10,415,50
INV0001966,P0466,2026-04-01,153,308,108,353,50
INV0001967,P0467,2026-04-01,467,32,57,442,50
INV0001968,P0468,2026-04-01,150,244,175,219,78
INV0001969,P0469,2026-04-01,171,91,40,222,50
INV0001970,P0470,2026-04-01,426,101,132,395,59
INV0001971,P0471,2026-04-01,666,296,172,790,77
INV0001972,P0472,2026-04-01,228,14,47,195,50
INV0001973,P0473,2026-04-01,373,279,177,475,79
INV0001974,P0474,2026-04-01,175,150,110,215,50
INV0001975,P0475,2026-04-01,552,315,25,842,50
INV0001976,P0476,2026-04-01,310,364,30,644,50
INV0001977,P0477,2026-04-01,152,329,128,353,57
INV0001978,P0478,2026-04-01,180,96,32,244,50
INV0001979,P0479,2026-04-01,621,324,158,787,71
INV0001980,P0480,2026-04-01,237,199,152,284,68
INV0001981,P0481,2026-04-01,106,260,138,228,62
INV0001982,P0482,2026-04-01,104,279,95,288,50
INV0001983,P0483,2026-04-01,538,72,177,433,79
INV0001984,P0484,2026-04-01,439,45,164,320,73
INV0001985,P0485,2026-04-01,645,392,39,998,50
INV0001986,P0486,2026-04-01,448,211,100,559,50
INV0001987,P0487,2026-04-01,612,87,8,691,50
INV0001988,P0488,2026-04-01,682,377,30,1029,50
INV0001989,P0489,2026-04-01,151,95,43,203,50
INV0001990,P0490,2026-04-01,211,5,178,38,80
INV0001991,P0491,2026-04-01,212,278,85,405,50
INV0001992,P0492,2026-04-01,661,128,97,692,50
INV0001993,P0493,2026-04-01,175,278,146,307,65
INV0001994,P0494,2026-04-01,256,84,122,218,54
INV0001995,P0495,2026-04-01,548,303,87,764,50
INV0001996,P0496,2026-04-01,592,74,108,558,50
INV0001997,P0497,2026-04-01,358,35,118,275,53
INV0001998,P0498,2026-04-01,395,36,75,356,50
INV0001999,P0499,2026-04-01,63,65,141,0,63
INV0002000,P0500,2026-04-01,66,261,44,283,50
INV0002001,P0001,2026-05-01,377,74,65,386,50
INV0002002,P0002,2026-05-01,161,13,40,134,50
INV0002003,P0003,2026-05-01,176,58,168,66,75
INV0002004,P0004,2026-05-01,226,127,19,334,50
INV0002005,P0005,2026-05-01,514,299,68,745,50
INV0002006,P0006,2026-05-01,444,78,135,387,60
INV0002007,P0007,2026-05-01,142,254,41,355,50
INV0002008,P0008,2026-05-01,610,113,169,554,76
INV0002009,P0009,2026-05-01,289,33,69,253,50
INV0002010,P0010,2026-05-01,159,255,24,390,50
INV0002011,P0011,2026-05-01,179,77,83,173,50
INV0002012,P0012,2026-05-01,525,167,51,641,50
INV0002013,P0013,2026-05-01,313,232,92,453,50
INV0002014,P0014,2026-05-01,540,119,23,636,50
INV0002015,P0015,2026-05-01,535,241,35,741,50
INV0002016,P0016,2026-05-01,161,60,158,63,71
INV0002017,P0017,2026-05-01,482,117,176,423,79
INV0002018,P0018,2026-05-01,479,340,138,681,62
INV0002019,P0019,2026-05-01,372,383,160,595,72
INV0002020,P0020,2026-05-01,633,277,173,737,77
INV0002021,P0021,2026-05-01,249,116,91,274,50
INV0002022,P0022,2026-05-01,590,136,92,634,50
INV0002023,P0023,2026-05-01,355,361,152,564,68
INV0002024,P0024,2026-05-01,572,399,53,918,50
INV0002025,P0025,2026-05-01,606,189,139,656,62
INV0002026,P0026,2026-05-01,277,100,44,333,50
INV0002027,P0027,2026-05-01,277,272,26,523,50
INV0002028,P0028,2026-05-01,210,153,95,268,50
INV0002029,P0029,2026-05-01,360,140,46,454,50
INV0002030,P0030,2026-05-01,497,267,142,622,63
INV0002031,P0031,2026-05-01,479,253,97,635,50
INV0002032,P0032,2026-05-01,401,395,166,630,74
INV0002033,P0033,2026-05-01,462,118,176,404,79
INV0002034,P0034,2026-05-01,411,297,42,666,50
INV0002035,P0035,2026-05-01,53,326,149,230,67
INV0002036,P0036,2026-05-01,516,27,54,489,50
INV0002037,P0037,2026-05-01,119,380,91,408,50
INV0002038,P0038,2026-05-01,626,376,35,967,50
INV0002039,P0039,2026-05-01,392,297,93,596,50
INV0002040,P0040,2026-05-01,583,260,72,771,50
INV0002041,P0041,2026-05-01,440,12,151,301,67
INV0002042,P0042,2026-05-01,221,147,161,207,72
INV0002043,P0043,2026-05-01,162,352,13,501,50
INV0002044,P0044,2026-05-01,675,237,115,797,51
INV0002045,P0045,2026-05-01,671,328,23,976,50
INV0002046,P0046,2026-05-01,547,303,111,739,50
INV0002047,P0047,2026-05-01,436,118,62,492,50
INV0002048,P0048,2026-05-01,668,275,48,895,50
INV0002049,P0049,2026-05-01,490,140,54,576,50
INV0002050,P0050,2026-05-01,156,116,60,212,50
INV0002051,P0051,2026-05-01,350,11,116,245,52
INV0002052,P0052,2026-05-01,326,54,152,228,68
INV0002053,P0053,2026-05-01,195,330,135,390,60
INV0002054,P0054,2026-05-01,69,387,104,352,50
INV0002055,P0055,2026-05-01,378,374,105,647,50
INV0002056,P0056,2026-05-01,104,140,160,84,72
INV0002057,P0057,2026-05-01,381,217,105,493,50
INV0002058,P0058,2026-05-01,511,84,69,526,50
INV0002059,P0059,2026-05-01,291,206,110,387,50
INV0002060,P0060,2026-05-01,609,238,42,805,50
INV0002061,P0061,2026-05-01,249,326,99,476,50
INV0002062,P0062,2026-05-01,400,354,103,651,50
INV0002063,P0063,2026-05-01,396,172,100,468,50
INV0002064,P0064,2026-05-01,204,29,127,106,57
INV0002065,P0065,2026-05-01,360,277,109,528,50
INV0002066,P0066,2026-05-01,554,207,79,682,50
INV0002067,P0067,2026-05-01,407,341,172,576,77
INV0002068,P0068,2026-05-01,497,387,64,820,50
INV0002069,P0069,2026-05-01,285,282,137,430,61
INV0002070,P0070,2026-05-01,561,107,161,507,72
INV0002071,P0071,2026-05-01,207,392,47,552,50
INV0002072,P0072,2026-05-01,513,54,28,539,50
INV0002073,P0073,2026-05-01,455,133,146,442,65
INV0002074,P0074,2026-05-01,415,71,125,361,56
INV0002075,P0075,2026-05-01,486,184,7,663,50
INV0002076,P0076,2026-05-01,67,119,22,164,50
INV0002077,P0077,2026-05-01,163,176,6,333,50
INV0002078,P0078,2026-05-01,151,0,142,9,63
INV0002079,P0079,2026-05-01,619,182,167,634,75
INV0002080,P0080,2026-05-01,112,330,173,269,77
INV0002081,P0081,2026-05-01,417,367,162,622,72
INV0002082,P0082,2026-05-01,685,326,165,846,74
INV0002083,P0083,2026-05-01,98,244,24,318,50
INV0002084,P0084,2026-05-01,536,392,111,817,50
INV0002085,P0085,2026-05-01,403,24,118,309,53
INV0002086,P0086,2026-05-01,568,180,138,610,62
INV0002087,P0087,2026-05-01,83,393,58,418,50
INV0002088,P0088,2026-05-01,481,393,171,703,76
INV0002089,P0089,2026-05-01,458,24,87,395,50
INV0002090,P0090,2026-05-01,610,319,76,853,50
INV0002091,P0091,2026-05-01,232,57,124,165,55
INV0002092,P0092,2026-05-01,89,240,9,320,50
INV0002093,P0093,2026-05-01,114,284,26,372,50
INV0002094,P0094,2026-05-01,337,200,99,438,50
INV0002095,P0095,2026-05-01,121,348,39,430,50
INV0002096,P0096,2026-05-01,79,294,18,355,50
INV0002097,P0097,2026-05-01,392,296,76,612,50
INV0002098,P0098,2026-05-01,58,367,24,401,50
INV0002099,P0099,2026-05-01,618,314,154,778,69
INV0002100,P0100,2026-05-01,182,386,42,526,50
INV0002101,P0101,2026-05-01,624,52,152,524,68
INV0002102,P0102,2026-05-01,56,203,30,229,50
INV0002103,P0103,2026-05-01,384,281,123,542,55
INV0002104,P0104,2026-05-01,198,121,97,222,50
INV0002105,P0105,2026-05-01,72,1,166,0,74
INV0002106,P0106,2026-05-01,319,185,47,457,50
INV0002107,P0107,2026-05-01,601,173,174,600,78
INV0002108,P0108,2026-05-01,470,258,157,571,70
INV0002109,P0109,2026-05-01,476,354,131,699,58
INV0002110,P0110,2026-05-01,71,183,94,160,50
INV0002111,P0111,2026-05-01,662,154,113,703,50
INV0002112,P0112,2026-05-01,116,169,36,249,50
INV0002113,P0113,2026-05-01,215,202,43,374,50
INV0002114,P0114,2026-05-01,80,116,99,97,50
INV0002115,P0115,2026-05-01,349,396,158,587,71
INV0002116,P0116,2026-05-01,55,219,172,102,77
INV0002117,P0117,2026-05-01,581,256,105,732,50
INV0002118,P0118,2026-05-01,222,197,156,263,70
INV0002119,P0119,2026-05-01,67,160,151,76,67
INV0002120,P0120,2026-05-01,684,304,108,880,50
INV0002121,P0121,2026-05-01,515,122,116,521,52
INV0002122,P0122,2026-05-01,422,346,6,762,50
INV0002123,P0123,2026-05-01,558,328,25,861,50
INV0002124,P0124,2026-05-01,61,12,46,27,50
INV0002125,P0125,2026-05-01,83,304,112,275,50
INV0002126,P0126,2026-05-01,186,122,72,236,50
INV0002127,P0127,2026-05-01,580,342,128,794,57
INV0002128,P0128,2026-05-01,579,126,94,611,50
INV0002129,P0129,2026-05-01,142,140,149,133,67
INV0002130,P0130,2026-05-01,592,380,157,815,70
INV0002131,P0131,2026-05-01,512,338,83,767,50
INV0002132,P0132,2026-05-01,567,209,47,729,50
INV0002133,P0133,2026-05-01,562,207,59,710,50
INV0002134,P0134,2026-05-01,359,338,72,625,50
INV0002135,P0135,2026-05-01,197,335,88,444,50
INV0002136,P0136,2026-05-01,75,255,77,253,50
INV0002137,P0137,2026-05-01,538,238,71,705,50
INV0002138,P0138,2026-05-01,574,219,138,655,62
INV0002139,P0139,2026-05-01,51,174,23,202,50
INV0002140,P0140,2026-05-01,196,268,88,376,50
INV0002141,P0141,2026-05-01,291,198,15,474,50
INV0002142,P0142,2026-05-01,406,203,40,569,50
INV0002143,P0143,2026-05-01,560,262,65,757,50
INV0002144,P0144,2026-05-01,660,364,139,885,62
INV0002145,P0145,2026-05-01,284,387,143,528,64
INV0002146,P0146,2026-05-01,438,164,34,568,50
INV0002147,P0147,2026-05-01,570,314,92,792,50
INV0002148,P0148,2026-05-01,66,116,114,68,51
INV0002149,P0149,2026-05-01,283,278,160,401,72
INV0002150,P0150,2026-05-01,207,35,15,227,50
INV0002151,P0151,2026-05-01,610,294,174,730,78
INV0002152,P0152,2026-05-01,561,83,63,581,50
INV0002153,P0153,2026-05-01,340,375,66,649,50
INV0002154,P0154,2026-05-01,535,190,92,633,50
INV0002155,P0155,2026-05-01,98,311,23,386,50
INV0002156,P0156,2026-05-01,101,269,73,297,50
INV0002157,P0157,2026-05-01,572,364,171,765,76
INV0002158,P0158,2026-05-01,693,194,162,725,72
INV0002159,P0159,2026-05-01,86,145,88,143,50
INV0002160,P0160,2026-05-01,320,96,50,366,50
INV0002161,P0161,2026-05-01,457,210,145,522,65
INV0002162,P0162,2026-05-01,460,379,88,751,50
INV0002163,P0163,2026-05-01,376,61,98,339,50
INV0002164,P0164,2026-05-01,293,111,34,370,50
INV0002165,P0165,2026-05-01,365,155,85,435,50
INV0002166,P0166,2026-05-01,220,243,151,312,67
INV0002167,P0167,2026-05-01,506,344,97,753,50
INV0002168,P0168,2026-05-01,143,72,163,52,73
INV0002169,P0169,2026-05-01,625,3,162,466,72
INV0002170,P0170,2026-05-01,291,10,111,190,50
INV0002171,P0171,2026-05-01,96,32,27,101,50
INV0002172,P0172,2026-05-01,240,187,24,403,50
INV0002173,P0173,2026-05-01,300,184,130,354,58
INV0002174,P0174,2026-05-01,418,194,130,482,58
INV0002175,P0175,2026-05-01,70,356,110,316,50
INV0002176,P0176,2026-05-01,69,384,37,416,50
INV0002177,P0177,2026-05-01,574,67,16,625,50
INV0002178,P0178,2026-05-01,470,280,38,712,50
INV0002179,P0179,2026-05-01,688,295,70,913,50
INV0002180,P0180,2026-05-01,244,30,21,253,50
INV0002181,P0181,2026-05-01,205,228,149,284,67
INV0002182,P0182,2026-05-01,495,16,173,338,77
INV0002183,P0183,2026-05-01,217,51,73,195,50
INV0002184,P0184,2026-05-01,109,214,156,167,70
INV0002185,P0185,2026-05-01,462,158,60,560,50
INV0002186,P0186,2026-05-01,575,240,159,656,71
INV0002187,P0187,2026-05-01,180,8,49,139,50
INV0002188,P0188,2026-05-01,130,395,93,432,50
INV0002189,P0189,2026-05-01,554,55,47,562,50
INV0002190,P0190,2026-05-01,130,308,101,337,50
INV0002191,P0191,2026-05-01,210,218,179,249,80
INV0002192,P0192,2026-05-01,583,25,121,487,54
INV0002193,P0193,2026-05-01,493,365,63,795,50
INV0002194,P0194,2026-05-01,309,399,25,683,50
INV0002195,P0195,2026-05-01,208,212,89,331,50
INV0002196,P0196,2026-05-01,374,170,24,520,50
INV0002197,P0197,2026-05-01,205,332,135,402,60
INV0002198,P0198,2026-05-01,315,26,38,303,50
INV0002199,P0199,2026-05-01,421,399,100,720,50
INV0002200,P0200,2026-05-01,640,188,35,793,50
INV0002201,P0201,2026-05-01,333,274,157,450,70
INV0002202,P0202,2026-05-01,205,229,116,318,52
INV0002203,P0203,2026-05-01,180,218,130,268,58
INV0002204,P0204,2026-05-01,201,303,50,454,50
INV0002205,P0205,2026-05-01,491,275,164,602,73
INV0002206,P0206,2026-05-01,214,367,119,462,53
INV0002207,P0207,2026-05-01,100,343,88,355,50
INV0002208,P0208,2026-05-01,510,209,28,691,50
INV0002209,P0209,2026-05-01,689,301,28,962,50
INV0002210,P0210,2026-05-01,326,385,70,641,50
INV0002211,P0211,2026-05-01,209,203,45,367,50
INV0002212,P0212,2026-05-01,264,336,38,562,50
INV0002213,P0213,2026-05-01,112,114,155,71,69
INV0002214,P0214,2026-05-01,222,130,102,250,50
INV0002215,P0215,2026-05-01,611,116,113,614,50
INV0002216,P0216,2026-05-01,389,35,162,262,72
INV0002217,P0217,2026-05-01,156,59,135,80,60
INV0002218,P0218,2026-05-01,235,218,16,437,50
INV0002219,P0219,2026-05-01,215,205,10,410,50
INV0002220,P0220,2026-05-01,309,269,179,399,80
INV0002221,P0221,2026-05-01,405,396,28,773,50
INV0002222,P0222,2026-05-01,421,270,66,625,50
INV0002223,P0223,2026-05-01,285,29,11,303,50
INV0002224,P0224,2026-05-01,251,137,179,209,80
INV0002225,P0225,2026-05-01,233,329,111,451,50
INV0002226,P0226,2026-05-01,138,251,106,283,50
INV0002227,P0227,2026-05-01,142,349,28,463,50
INV0002228,P0228,2026-05-01,491,184,117,558,52
INV0002229,P0229,2026-05-01,139,393,149,383,67
INV0002230,P0230,2026-05-01,627,244,115,756,51
INV0002231,P0231,2026-05-01,150,255,26,379,50
INV0002232,P0232,2026-05-01,266,108,86,288,50
INV0002233,P0233,2026-05-01,447,133,157,423,70
INV0002234,P0234,2026-05-01,72,165,113,124,50
INV0002235,P0235,2026-05-01,52,56,107,1,50
INV0002236,P0236,2026-05-01,400,24,123,301,55
INV0002237,P0237,2026-05-01,286,321,82,525,50
INV0002238,P0238,2026-05-01,170,43,76,137,50
INV0002239,P0239,2026-05-01,610,93,142,561,63
INV0002240,P0240,2026-05-01,60,361,27,394,50
INV0002241,P0241,2026-05-01,269,208,155,322,69
INV0002242,P0242,2026-05-01,531,370,66,835,50
INV0002243,P0243,2026-05-01,636,10,87,559,50
INV0002244,P0244,2026-05-01,469,210,162,517,72
INV0002245,P0245,2026-05-01,641,302,93,850,50
INV0002246,P0246,2026-05-01,697,125,29,793,50
INV0002247,P0247,2026-05-01,501,369,143,727,64
INV0002248,P0248,2026-05-01,591,47,170,468,76
INV0002249,P0249,2026-05-01,229,102,92,239,50
INV0002250,P0250,2026-05-01,139,288,69,358,50
INV0002251,P0251,2026-05-01,178,326,27,477,50
INV0002252,P0252,2026-05-01,362,113,151,324,67
INV0002253,P0253,2026-05-01,609,374,144,839,64
INV0002254,P0254,2026-05-01,313,108,113,308,50
INV0002255,P0255,2026-05-01,469,395,178,686,80
INV0002256,P0256,2026-05-01,277,396,84,589,50
INV0002257,P0257,2026-05-01,616,263,168,711,75
INV0002258,P0258,2026-05-01,173,290,73,390,50
INV0002259,P0259,2026-05-01,261,101,171,191,76
INV0002260,P0260,2026-05-01,530,200,19,711,50
INV0002261,P0261,2026-05-01,296,210,121,385,54
INV0002262,P0262,2026-05-01,300,359,121,538,54
INV0002263,P0263,2026-05-01,186,350,8,528,50
INV0002264,P0264,2026-05-01,567,30,15,582,50
INV0002265,P0265,2026-05-01,492,124,22,594,50
INV0002266,P0266,2026-05-01,116,180,145,151,65
INV0002267,P0267,2026-05-01,76,347,143,280,64
INV0002268,P0268,2026-05-01,470,21,114,377,51
INV0002269,P0269,2026-05-01,309,285,118,476,53
INV0002270,P0270,2026-05-01,173,304,115,362,51
INV0002271,P0271,2026-05-01,487,79,66,500,50
INV0002272,P0272,2026-05-01,176,314,170,320,76
INV0002273,P0273,2026-05-01,515,152,157,510,70
INV0002274,P0274,2026-05-01,682,215,144,753,64
INV0002275,P0275,2026-05-01,697,348,54,991,50
INV0002276,P0276,2026-05-01,345,293,15,623,50
INV0002277,P0277,2026-05-01,682,79,132,629,59
INV0002278,P0278,2026-05-01,279,29,18,290,50
INV0002279,P0279,2026-05-01,670,336,79,927,50
INV0002280,P0280,2026-05-01,454,113,69,498,50
INV0002281,P0281,2026-05-01,647,64,90,621,50
INV0002282,P0282,2026-05-01,442,388,20,810,50
INV0002283,P0283,2026-05-01,397,301,56,642,50
INV0002284,P0284,2026-05-01,114,188,112,190,50
INV0002285,P0285,2026-05-01,74,183,79,178,50
INV0002286,P0286,2026-05-01,92,244,46,290,50
INV0002287,P0287,2026-05-01,201,93,74,220,50
INV0002288,P0288,2026-05-01,93,46,113,26,50
INV0002289,P0289,2026-05-01,341,320,135,526,60
INV0002290,P0290,2026-05-01,349,296,115,530,51
INV0002291,P0291,2026-05-01,374,176,119,431,53
INV0002292,P0292,2026-05-01,430,95,39,486,50
INV0002293,P0293,2026-05-01,221,92,135,178,60
INV0002294,P0294,2026-05-01,145,143,47,241,50
INV0002295,P0295,2026-05-01,241,67,67,241,50
INV0002296,P0296,2026-05-01,432,335,42,725,50
INV0002297,P0297,2026-05-01,611,162,84,689,50
INV0002298,P0298,2026-05-01,600,67,139,528,62
INV0002299,P0299,2026-05-01,215,370,23,562,50
INV0002300,P0300,2026-05-01,189,343,158,374,71
INV0002301,P0301,2026-05-01,57,231,16,272,50
INV0002302,P0302,2026-05-01,516,30,168,378,75
INV0002303,P0303,2026-05-01,489,226,19,696,50
INV0002304,P0304,2026-05-01,362,382,102,642,50
INV0002305,P0305,2026-05-01,198,244,174,268,78
INV0002306,P0306,2026-05-01,542,207,21,728,50
INV0002307,P0307,2026-05-01,137,342,100,379,50
INV0002308,P0308,2026-05-01,455,85,142,398,63
INV0002309,P0309,2026-05-01,293,152,132,313,59
INV0002310,P0310,2026-05-01,85,366,11,440,50
INV0002311,P0311,2026-05-01,240,182,137,285,61
INV0002312,P0312,2026-05-01,333,208,178,363,80
INV0002313,P0313,2026-05-01,362,255,51,566,50
INV0002314,P0314,2026-05-01,200,276,160,316,72
INV0002315,P0315,2026-05-01,110,265,14,361,50
INV0002316,P0316,2026-05-01,559,199,72,686,50
INV0002317,P0317,2026-05-01,284,364,11,637,50
INV0002318,P0318,2026-05-01,265,341,174,432,78
INV0002319,P0319,2026-05-01,296,136,49,383,50
INV0002320,P0320,2026-05-01,500,164,151,513,67
INV0002321,P0321,2026-05-01,528,222,80,670,50
INV0002322,P0322,2026-05-01,449,395,136,708,61
INV0002323,P0323,2026-05-01,632,67,148,551,66
INV0002324,P0324,2026-05-01,173,209,26,356,50
INV0002325,P0325,2026-05-01,652,330,122,860,54
INV0002326,P0326,2026-05-01,190,362,122,430,54
INV0002327,P0327,2026-05-01,402,95,12,485,50
INV0002328,P0328,2026-05-01,200,114,44,270,50
INV0002329,P0329,2026-05-01,165,216,119,262,53
INV0002330,P0330,2026-05-01,125,387,163,349,73
INV0002331,P0331,2026-05-01,524,15,49,490,50
INV0002332,P0332,2026-05-01,473,72,78,467,50
INV0002333,P0333,2026-05-01,579,275,176,678,79
INV0002334,P0334,2026-05-01,449,350,14,785,50
INV0002335,P0335,2026-05-01,426,130,179,377,80
INV0002336,P0336,2026-05-01,553,398,44,907,50
INV0002337,P0337,2026-05-01,290,291,75,506,50
INV0002338,P0338,2026-05-01,465,268,130,603,58
INV0002339,P0339,2026-05-01,655,173,163,665,73
INV0002340,P0340,2026-05-01,378,367,160,585,72
INV0002341,P0341,2026-05-01,260,270,43,487,50
INV0002342,P0342,2026-05-01,668,150,160,658,72
INV0002343,P0343,2026-05-01,519,16,65,470,50
INV0002344,P0344,2026-05-01,437,327,94,670,50
INV0002345,P0345,2026-05-01,652,128,10,770,50
INV0002346,P0346,2026-05-01,507,36,105,438,50
INV0002347,P0347,2026-05-01,221,171,140,252,63
INV0002348,P0348,2026-05-01,645,17,72,590,50
INV0002349,P0349,2026-05-01,296,239,173,362,77
INV0002350,P0350,2026-05-01,133,335,122,346,54
INV0002351,P0351,2026-05-01,462,91,30,523,50
INV0002352,P0352,2026-05-01,361,108,123,346,55
INV0002353,P0353,2026-05-01,544,348,126,766,56
INV0002354,P0354,2026-05-01,428,239,111,556,50
INV0002355,P0355,2026-05-01,493,135,107,521,50
INV0002356,P0356,2026-05-01,562,302,17,847,50
INV0002357,P0357,2026-05-01,163,300,124,339,55
INV0002358,P0358,2026-05-01,518,368,18,868,50
INV0002359,P0359,2026-05-01,230,139,153,216,68
INV0002360,P0360,2026-05-01,637,388,54,971,50
INV0002361,P0361,2026-05-01,261,144,9,396,50
INV0002362,P0362,2026-05-01,521,240,97,664,50
INV0002363,P0363,2026-05-01,510,276,25,761,50
INV0002364,P0364,2026-05-01,211,288,138,361,62
INV0002365,P0365,2026-05-01,172,153,142,183,63
INV0002366,P0366,2026-05-01,388,43,116,315,52
INV0002367,P0367,2026-05-01,356,46,146,256,65
INV0002368,P0368,2026-05-01,688,67,129,626,58
INV0002369,P0369,2026-05-01,637,78,88,627,50
INV0002370,P0370,2026-05-01,213,290,102,401,50
INV0002371,P0371,2026-05-01,153,249,155,247,69
INV0002372,P0372,2026-05-01,109,206,24,291,50
INV0002373,P0373,2026-05-01,414,124,84,454,50
INV0002374,P0374,2026-05-01,437,46,176,307,79
INV0002375,P0375,2026-05-01,118,297,137,278,61
INV0002376,P0376,2026-05-01,679,283,172,790,77
INV0002377,P0377,2026-05-01,128,160,30,258,50
INV0002378,P0378,2026-05-01,127,359,18,468,50
INV0002379,P0379,2026-05-01,351,380,140,591,63
INV0002380,P0380,2026-05-01,635,5,5,635,50
INV0002381,P0381,2026-05-01,510,377,67,820,50
INV0002382,P0382,2026-05-01,483,158,77,564,50
INV0002383,P0383,2026-05-01,263,219,8,474,50
INV0002384,P0384,2026-05-01,466,247,118,595,53
INV0002385,P0385,2026-05-01,290,152,51,391,50
INV0002386,P0386,2026-05-01,300,305,160,445,72
INV0002387,P0387,2026-05-01,177,8,34,151,50
INV0002388,P0388,2026-05-01,544,207,119,632,53
INV0002389,P0389,2026-05-01,394,287,18,663,50
INV0002390,P0390,2026-05-01,182,204,127,259,57
INV0002391,P0391,2026-05-01,212,367,78,501,50
INV0002392,P0392,2026-05-01,348,355,40,663,50
INV0002393,P0393,2026-05-01,71,83,68,86,50
INV0002394,P0394,2026-05-01,267,175,121,321,54
INV0002395,P0395,2026-05-01,639,102,162,579,72
INV0002396,P0396,2026-05-01,113,196,130,179,58
INV0002397,P0397,2026-05-01,698,331,29,1000,50
INV0002398,P0398,2026-05-01,311,384,106,589,50
INV0002399,P0399,2026-05-01,488,324,82,730,50
INV0002400,P0400,2026-05-01,406,388,151,643,67
INV0002401,P0401,2026-05-01,104,14,5,113,50
INV0002402,P0402,2026-05-01,203,365,167,401,75
INV0002403,P0403,2026-05-01,546,40,136,450,61
INV0002404,P0404,2026-05-01,579,326,147,758,66
INV0002405,P0405,2026-05-01,74,12,129,0,58
INV0002406,P0406,2026-05-01,536,111,29,618,50
INV0002407,P0407,2026-05-01,332,353,148,537,66
INV0002408,P0408,2026-05-01,568,282,126,724,56
INV0002409,P0409,2026-05-01,250,283,54,479,50
INV0002410,P0410,2026-05-01,162,70,83,149,50
INV0002411,P0411,2026-05-01,241,190,107,324,50
INV0002412,P0412,2026-05-01,144,106,131,119,58
INV0002413,P0413,2026-05-01,82,390,6,466,50
INV0002414,P0414,2026-05-01,99,135,85,149,50
INV0002415,P0415,2026-05-01,248,175,131,292,58
INV0002416,P0416,2026-05-01,83,10,143,0,64
INV0002417,P0417,2026-05-01,535,94,51,578,50
INV0002418,P0418,2026-05-01,439,320,133,626,59
INV0002419,P0419,2026-05-01,450,232,45,637,50
INV0002420,P0420,2026-05-01,208,225,150,283,67
INV0002421,P0421,2026-05-01,61,277,179,159,80
INV0002422,P0422,2026-05-01,168,48,46,170,50
INV0002423,P0423,2026-05-01,121,349,45,425,50
INV0002424,P0424,2026-05-01,88,31,140,0,63
INV0002425,P0425,2026-05-01,232,186,24,394,50
INV0002426,P0426,2026-05-01,510,251,94,667,50
INV0002427,P0427,2026-05-01,450,9,20,439,50
INV0002428,P0428,2026-05-01,606,34,53,587,50
INV0002429,P0429,2026-05-01,485,271,10,746,50
INV0002430,P0430,2026-05-01,516,358,55,819,50
INV0002431,P0431,2026-05-01,219,386,35,570,50
INV0002432,P0432,2026-05-01,175,73,115,133,51
INV0002433,P0433,2026-05-01,558,40,43,555,50
INV0002434,P0434,2026-05-01,189,126,44,271,50
INV0002435,P0435,2026-05-01,516,334,84,766,50
INV0002436,P0436,2026-05-01,59,16,169,0,76
INV0002437,P0437,2026-05-01,333,315,19,629,50
INV0002438,P0438,2026-05-01,658,203,161,700,72
INV0002439,P0439,2026-05-01,254,373,161,466,72
INV0002440,P0440,2026-05-01,116,165,15,266,50
INV0002441,P0441,2026-05-01,291,227,126,392,56
INV0002442,P0442,2026-05-01,506,110,30,586,50
INV0002443,P0443,2026-05-01,296,110,115,291,51
INV0002444,P0444,2026-05-01,207,234,77,364,50
INV0002445,P0445,2026-05-01,526,231,103,654,50
INV0002446,P0446,2026-05-01,698,61,77,682,50
INV0002447,P0447,2026-05-01,452,60,22,490,50
INV0002448,P0448,2026-05-01,99,88,115,72,51
INV0002449,P0449,2026-05-01,274,319,57,536,50
INV0002450,P0450,2026-05-01,326,325,72,579,50
INV0002451,P0451,2026-05-01,445,64,117,392,52
INV0002452,P0452,2026-05-01,183,46,35,194,50
INV0002453,P0453,2026-05-01,287,254,13,528,50
INV0002454,P0454,2026-05-01,294,0,71,223,50
INV0002455,P0455,2026-05-01,254,329,162,421,72
INV0002456,P0456,2026-05-01,448,7,131,324,58
INV0002457,P0457,2026-05-01,487,14,62,439,50
INV0002458,P0458,2026-05-01,363,112,106,369,50
INV0002459,P0459,2026-05-01,364,2,43,323,50
INV0002460,P0460,2026-05-01,247,160,130,277,58
INV0002461,P0461,2026-05-01,599,88,59,628,50
INV0002462,P0462,2026-05-01,116,316,141,291,63
INV0002463,P0463,2026-05-01,180,207,89,298,50
INV0002464,P0464,2026-05-01,381,360,165,576,74
INV0002465,P0465,2026-05-01,327,389,9,707,50
INV0002466,P0466,2026-05-01,314,72,23,363,50
INV0002467,P0467,2026-05-01,315,369,148,536,66
INV0002468,P0468,2026-05-01,579,37,7,609,50
INV0002469,P0469,2026-05-01,335,67,144,258,64
INV0002470,P0470,2026-05-01,330,255,30,555,50
INV0002471,P0471,2026-05-01,119,92,115,96,51
INV0002472,P0472,2026-05-01,642,90,133,599,59
INV0002473,P0473,2026-05-01,61,298,122,237,54
INV0002474,P0474,2026-05-01,319,57,33,343,50
INV0002475,P0475,2026-05-01,149,84,47,186,50
INV0002476,P0476,2026-05-01,538,367,60,845,50
INV0002477,P0477,2026-05-01,546,383,109,820,50
INV0002478,P0478,2026-05-01,531,324,164,691,73
INV0002479,P0479,2026-05-01,182,232,157,257,70
INV0002480,P0480,2026-05-01,199,163,63,299,50
INV0002481,P0481,2026-05-01,624,314,54,884,50
INV0002482,P0482,2026-05-01,567,144,79,632,50
INV0002483,P0483,2026-05-01,70,325,159,236,71
INV0002484,P0484,2026-05-01,146,327,168,305,75
INV0002485,P0485,2026-05-01,317,293,36,574,50
INV0002486,P0486,2026-05-01,546,235,140,641,63
INV0002487,P0487,2026-05-01,272,21,142,151,63
INV0002488,P0488,2026-05-01,513,336,178,671,80
INV0002489,P0489,2026-05-01,218,151,6,363,50
INV0002490,P0490,2026-05-01,667,379,149,897,67
INV0002491,P0491,2026-05-01,452,105,158,399,71
INV0002492,P0492,2026-05-01,535,306,159,682,71
INV0002493,P0493,2026-05-01,573,277,23,827,50
INV0002494,P0494,2026-05-01,497,26,26,497,50
INV0002495,P0495,2026-05-01,609,96,172,533,77
INV0002496,P0496,2026-05-01,61,203,46,218,50
INV0002497,P0497,2026-05-01,115,272,94,293,50
INV0002498,P0498,2026-05-01,134,166,60,240,50
INV0002499,P0499,2026-05-01,54,331,102,283,50
INV0002500,P0500,2026-05-01,433,115,38,510,50
INV0002501,P0001,2026-06-01,523,185,79,629,50
INV0002502,P0002,2026-06-01,149,245,46,348,50
INV0002503,P0003,2026-06-01,168,0,169,0,76
INV0002504,P0004,2026-06-01,458,247,166,539,74
INV0002505,P0005,2026-06-01,201,80,160,121,72
INV0002506,P0006,2026-06-01,120,232,67,285,50
INV0002507,P0007,2026-06-01,238,86,76,248,50
INV0002508,P0008,2026-06-01,362,370,43,689,50
INV0002509,P0009,2026-06-01,326,73,141,258,63
INV0002510,P0010,2026-06-01,195,35,179,51,80
INV0002511,P0011,2026-06-01,141,141,120,162,54
INV0002512,P0012,2026-06-01,548,97,120,525,54
INV0002513,P0013,2026-06-01,542,301,159,684,71
INV0002514,P0014,2026-06-01,458,2,113,347,50
INV0002515,P0015,2026-06-01,569,119,96,592,50
INV0002516,P0016,2026-06-01,610,233,27,816,50
INV0002517,P0017,2026-06-01,136,104,131,109,58
INV0002518,P0018,2026-06-01,497,83,9,571,50
INV0002519,P0019,2026-06-01,652,292,159,785,71
INV0002520,P0020,2026-06-01,305,324,112,517,50
INV0002521,P0021,2026-06-01,182,34,32,184,50
INV0002522,P0022,2026-06-01,135,345,33,447,50
INV0002523,P0023,2026-06-01,672,105,110,667,50
INV0002524,P0024,2026-06-01,638,313,36,915,50
INV0002525,P0025,2026-06-01,51,350,31,370,50
INV0002526,P0026,2026-06-01,665,377,42,1000,50
INV0002527,P0027,2026-06-01,105,158,8,255,50
INV0002528,P0028,2026-06-01,270,140,22,388,50
INV0002529,P0029,2026-06-01,492,56,155,393,69
INV0002530,P0030,2026-06-01,456,399,92,763,50
INV0002531,P0031,2026-06-01,103,7,105,5,50
INV0002532,P0032,2026-06-01,427,269,42,654,50
INV0002533,P0033,2026-06-01,377,134,118,393,53
INV0002534,P0034,2026-06-01,684,352,132,904,59
INV0002535,P0035,2026-06-01,361,216,9,568,50
INV0002536,P0036,2026-06-01,197,28,63,162,50
INV0002537,P0037,2026-06-01,660,225,144,741,64
INV0002538,P0038,2026-06-01,67,165,95,137,50
INV0002539,P0039,2026-06-01,525,149,166,508,74
INV0002540,P0040,2026-06-01,306,347,5,648,50
INV0002541,P0041,2026-06-01,489,274,37,726,50
INV0002542,P0042,2026-06-01,191,391,18,564,50
INV0002543,P0043,2026-06-01,259,136,8,387,50
INV0002544,P0044,2026-06-01,290,326,62,554,50
INV0002545,P0045,2026-06-01,180,40,42,178,50
INV0002546,P0046,2026-06-01,298,349,110,537,50
INV0002547,P0047,2026-06-01,305,58,47,316,50
INV0002548,P0048,2026-06-01,58,317,66,309,50
INV0002549,P0049,2026-06-01,519,228,100,647,50
INV0002550,P0050,2026-06-01,234,234,42,426,50
INV0002551,P0051,2026-06-01,288,332,165,455,74
INV0002552,P0052,2026-06-01,586,38,62,562,50
INV0002553,P0053,2026-06-01,119,361,159,321,71
INV0002554,P0054,2026-06-01,388,322,92,618,50
INV0002555,P0055,2026-06-01,310,70,57,323,50
INV0002556,P0056,2026-06-01,287,105,60,332,50
INV0002557,P0057,2026-06-01,519,92,132,479,59
INV0002558,P0058,2026-06-01,602,26,126,502,56
INV0002559,P0059,2026-06-01,210,84,6,288,50
INV0002560,P0060,2026-06-01,540,62,165,437,74
INV0002561,P0061,2026-06-01,516,373,72,817,50
INV0002562,P0062,2026-06-01,60,163,160,63,72
INV0002563,P0063,2026-06-01,60,344,22,382,50
INV0002564,P0064,2026-06-01,363,210,109,464,50
INV0002565,P0065,2026-06-01,207,202,8,401,50
INV0002566,P0066,2026-06-01,283,181,141,323,63
INV0002567,P0067,2026-06-01,137,308,78,367,50
INV0002568,P0068,2026-06-01,66,94,83,77,50
INV0002569,P0069,2026-06-01,346,241,52,535,50
INV0002570,P0070,2026-06-01,627,72,28,671,50
INV0002571,P0071,2026-06-01,292,395,36,651,50
INV0002572,P0072,2026-06-01,208,52,31,229,50
INV0002573,P0073,2026-06-01,270,361,69,562,50
INV0002574,P0074,2026-06-01,465,258,142,581,63
INV0002575,P0075,2026-06-01,623,220,135,708,60
INV0002576,P0076,2026-06-01,695,285,94,886,50
INV0002577,P0077,2026-06-01,279,109,20,368,50
INV0002578,P0078,2026-06-01,81,42,9,114,50
INV0002579,P0079,2026-06-01,611,267,91,787,50
INV0002580,P0080,2026-06-01,54,80,163,0,73
INV0002581,P0081,2026-06-01,125,395,42,478,50
INV0002582,P0082,2026-06-01,77,85,9,153,50
INV0002583,P0083,2026-06-01,551,381,19,913,50
INV0002584,P0084,2026-06-01,513,363,80,796,50
INV0002585,P0085,2026-06-01,226,375,103,498,50
INV0002586,P0086,2026-06-01,135,99,150,84,67
INV0002587,P0087,2026-06-01,546,363,45,864,50
INV0002588,P0088,2026-06-01,209,309,142,376,63
INV0002589,P0089,2026-06-01,185,48,119,114,53
INV0002590,P0090,2026-06-01,236,64,133,167,59
INV0002591,P0091,2026-06-01,135,306,156,285,70
INV0002592,P0092,2026-06-01,355,324,80,599,50
INV0002593,P0093,2026-06-01,79,55,142,0,63
INV0002594,P0094,2026-06-01,410,245,23,632,50
INV0002595,P0095,2026-06-01,399,144,145,398,65
INV0002596,P0096,2026-06-01,266,350,178,438,80
INV0002597,P0097,2026-06-01,400,254,144,510,64
INV0002598,P0098,2026-06-01,606,185,73,718,50
INV0002599,P0099,2026-06-01,198,150,83,265,50
INV0002600,P0100,2026-06-01,314,168,100,382,50
INV0002601,P0101,2026-06-01,448,233,120,561,54
INV0002602,P0102,2026-06-01,619,105,128,596,57
INV0002603,P0103,2026-06-01,257,157,17,397,50
INV0002604,P0104,2026-06-01,403,354,56,701,50
INV0002605,P0105,2026-06-01,386,81,54,413,50
INV0002606,P0106,2026-06-01,661,344,89,916,50
INV0002607,P0107,2026-06-01,152,138,169,121,76
INV0002608,P0108,2026-06-01,538,97,91,544,50
INV0002609,P0109,2026-06-01,590,339,142,787,63
INV0002610,P0110,2026-06-01,563,67,59,571,50
INV0002611,P0111,2026-06-01,91,209,109,191,50
INV0002612,P0112,2026-06-01,458,322,120,660,54
INV0002613,P0113,2026-06-01,611,291,174,728,78
INV0002614,P0114,2026-06-01,628,16,111,533,50
INV0002615,P0115,2026-06-01,61,171,73,159,50
INV0002616,P0116,2026-06-01,382,291,49,624,50
INV0002617,P0117,2026-06-01,401,228,55,574,50
INV0002618,P0118,2026-06-01,498,367,27,838,50
INV0002619,P0119,2026-06-01,606,355,129,832,58
INV0002620,P0120,2026-06-01,351,211,10,552,50
INV0002621,P0121,2026-06-01,232,293,167,358,75
INV0002622,P0122,2026-06-01,190,39,7,222,50
INV0002623,P0123,2026-06-01,507,240,169,578,76
INV0002624,P0124,2026-06-01,502,213,45,670,50
INV0002625,P0125,2026-06-01,236,285,20,501,50
INV0002626,P0126,2026-06-01,65,328,38,355,50
INV0002627,P0127,2026-06-01,628,16,19,625,50
INV0002628,P0128,2026-06-01,638,133,104,667,50
INV0002629,P0129,2026-06-01,658,33,104,587,50
INV0002630,P0130,2026-06-01,663,189,13,839,50
INV0002631,P0131,2026-06-01,539,123,80,582,50
INV0002632,P0132,2026-06-01,106,259,175,190,78
INV0002633,P0133,2026-06-01,509,219,124,604,55
INV0002634,P0134,2026-06-01,522,171,153,540,68
INV0002635,P0135,2026-06-01,134,218,116,236,52
INV0002636,P0136,2026-06-01,65,84,172,0,77
INV0002637,P0137,2026-06-01,635,306,30,911,50
INV0002638,P0138,2026-06-01,271,366,145,492,65
INV0002639,P0139,2026-06-01,495,8,158,345,71
INV0002640,P0140,2026-06-01,313,52,57,308,50
INV0002641,P0141,2026-06-01,202,119,148,173,66
INV0002642,P0142,2026-06-01,95,298,70,323,50
INV0002643,P0143,2026-06-01,99,71,111,59,50
INV0002644,P0144,2026-06-01,675,376,70,981,50
INV0002645,P0145,2026-06-01,270,102,101,271,50
INV0002646,P0146,2026-06-01,190,314,131,373,58
INV0002647,P0147,2026-06-01,337,236,118,455,53
INV0002648,P0148,2026-06-01,301,94,63,332,50
INV0002649,P0149,2026-06-01,126,367,134,359,60
INV0002650,P0150,2026-06-01,205,136,123,218,55
INV0002651,P0151,2026-06-01,642,104,158,588,71
INV0002652,P0152,2026-06-01,672,394,159,907,71
INV0002653,P0153,2026-06-01,325,244,75,494,50
INV0002654,P0154,2026-06-01,694,20,7,707,50
INV0002655,P0155,2026-06-01,644,331,157,818,70
INV0002656,P0156,2026-06-01,373,241,22,592,50
INV0002657,P0157,2026-06-01,610,341,125,826,56
INV0002658,P0158,2026-06-01,549,389,127,811,57
INV0002659,P0159,2026-06-01,500,46,12,534,50
INV0002660,P0160,2026-06-01,648,356,126,878,56
INV0002661,P0161,2026-06-01,473,395,43,825,50
INV0002662,P0162,2026-06-01,451,66,43,474,50
INV0002663,P0163,2026-06-01,450,19,13,456,50
INV0002664,P0164,2026-06-01,106,201,136,171,61
INV0002665,P0165,2026-06-01,57,229,122,164,54
INV0002666,P0166,2026-06-01,60,102,168,0,75
INV0002667,P0167,2026-06-01,261,40,10,291,50
INV0002668,P0168,2026-06-01,361,328,47,642,50
INV0002669,P0169,2026-06-01,156,339,146,349,65
INV0002670,P0170,2026-06-01,624,103,36,691,50
INV0002671,P0171,2026-06-01,230,310,36,504,50
INV0002672,P0172,2026-06-01,237,203,170,270,76
INV0002673,P0173,2026-06-01,261,373,6,628,50
INV0002674,P0174,2026-06-01,316,5,95,226,50
INV0002675,P0175,2026-06-01,470,273,142,601,63
INV0002676,P0176,2026-06-01,495,29,172,352,77
INV0002677,P0177,2026-06-01,422,379,101,700,50
INV0002678,P0178,2026-06-01,71,87,123,35,55
INV0002679,P0179,2026-06-01,244,7,158,93,71
INV0002680,P0180,2026-06-01,625,277,166,736,74
INV0002681,P0181,2026-06-01,525,45,156,414,70
INV0002682,P0182,2026-06-01,463,373,10,826,50
INV0002683,P0183,2026-06-01,627,174,86,715,50
INV0002684,P0184,2026-06-01,469,166,128,507,57
INV0002685,P0185,2026-06-01,65,388,74,379,50
INV0002686,P0186,2026-06-01,632,216,174,674,78
INV0002687,P0187,2026-06-01,649,117,21,745,50
INV0002688,P0188,2026-06-01,60,210,177,93,79
INV0002689,P0189,2026-06-01,156,7,13,150,50
INV0002690,P0190,2026-06-01,403,340,72,671,50
INV0002691,P0191,2026-06-01,279,219,177,321,79
INV0002692,P0192,2026-06-01,248,270,171,347,76
INV0002693,P0193,2026-06-01,190,53,149,94,67
INV0002694,P0194,2026-06-01,295,192,72,415,50
INV0002695,P0195,2026-06-01,445,350,57,738,50
INV0002696,P0196,2026-06-01,51,308,57,302,50
INV0002697,P0197,2026-06-01,622,225,87,760,50
INV0002698,P0198,2026-06-01,517,150,9,658,50
INV0002699,P0199,2026-06-01,52,171,173,50,77
INV0002700,P0200,2026-06-01,505,324,67,762,50
INV0002701,P0201,2026-06-01,133,131,167,97,75
INV0002702,P0202,2026-06-01,639,254,136,757,61
INV0002703,P0203,2026-06-01,577,291,29,839,50
INV0002704,P0204,2026-06-01,670,179,43,806,50
INV0002705,P0205,2026-06-01,197,127,74,250,50
INV0002706,P0206,2026-06-01,88,308,111,285,50
INV0002707,P0207,2026-06-01,654,215,126,743,56
INV0002708,P0208,2026-06-01,661,133,34,760,50
INV0002709,P0209,2026-06-01,592,283,111,764,50
INV0002710,P0210,2026-06-01,412,270,112,570,50
INV0002711,P0211,2026-06-01,130,121,108,143,50
INV0002712,P0212,2026-06-01,113,331,76,368,50
INV0002713,P0213,2026-06-01,90,291,33,348,50
INV0002714,P0214,2026-06-01,85,229,151,163,67
INV0002715,P0215,2026-06-01,532,179,18,693,50
INV0002716,P0216,2026-06-01,310,376,42,644,50
INV0002717,P0217,2026-06-01,334,348,12,670,50
INV0002718,P0218,2026-06-01,422,66,165,323,74
INV0002719,P0219,2026-06-01,616,272,70,818,50
INV0002720,P0220,2026-06-01,222,102,8,316,50
INV0002721,P0221,2026-06-01,635,194,155,674,69
INV0002722,P0222,2026-06-01,558,159,119,598,53
INV0002723,P0223,2026-06-01,463,51,105,409,50
INV0002724,P0224,2026-06-01,430,396,170,656,76
INV0002725,P0225,2026-06-01,299,95,112,282,50
INV0002726,P0226,2026-06-01,440,155,174,421,78
INV0002727,P0227,2026-06-01,635,231,25,841,50
INV0002728,P0228,2026-06-01,65,399,125,339,56
INV0002729,P0229,2026-06-01,423,157,50,530,50
INV0002730,P0230,2026-06-01,494,241,173,562,77
INV0002731,P0231,2026-06-01,304,299,120,483,54
INV0002732,P0232,2026-06-01,557,278,64,771,50
INV0002733,P0233,2026-06-01,476,136,159,453,71
INV0002734,P0234,2026-06-01,642,186,138,690,62
INV0002735,P0235,2026-06-01,492,329,85,736,50
INV0002736,P0236,2026-06-01,67,140,88,119,50
INV0002737,P0237,2026-06-01,372,64,131,305,58
INV0002738,P0238,2026-06-01,351,33,7,377,50
INV0002739,P0239,2026-06-01,59,237,21,275,50
INV0002740,P0240,2026-06-01,325,330,64,591,50
INV0002741,P0241,2026-06-01,130,302,68,364,50
INV0002742,P0242,2026-06-01,549,174,106,617,50
INV0002743,P0243,2026-06-01,311,72,124,259,55
INV0002744,P0244,2026-06-01,87,292,123,256,55
INV0002745,P0245,2026-06-01,330,226,11,545,50
INV0002746,P0246,2026-06-01,111,345,101,355,50
INV0002747,P0247,2026-06-01,276,287,119,444,53
INV0002748,P0248,2026-06-01,460,3,72,391,50
INV0002749,P0249,2026-06-01,102,361,149,314,67
INV0002750,P0250,2026-06-01,380,97,61,416,50
INV0002751,P0251,2026-06-01,93,331,83,341,50
INV0002752,P0252,2026-06-01,484,166,131,519,58
INV0002753,P0253,2026-06-01,641,297,141,797,63
INV0002754,P0254,2026-06-01,119,312,170,261,76
INV0002755,P0255,2026-06-01,327,84,48,363,50
INV0002756,P0256,2026-06-01,594,85,174,505,78
INV0002757,P0257,2026-06-01,336,200,5,531,50
INV0002758,P0258,2026-06-01,540,129,165,504,74
INV0002759,P0259,2026-06-01,236,344,49,531,50
INV0002760,P0260,2026-06-01,564,148,92,620,50
INV0002761,P0261,2026-06-01,521,11,57,475,50
INV0002762,P0262,2026-06-01,437,228,110,555,50
INV0002763,P0263,2026-06-01,412,230,119,523,53
INV0002764,P0264,2026-06-01,692,31,151,572,67
INV0002765,P0265,2026-06-01,644,13,49,608,50
INV0002766,P0266,2026-06-01,285,395,173,507,77
INV0002767,P0267,2026-06-01,531,300,50,781,50
INV0002768,P0268,2026-06-01,242,32,8,266,50
INV0002769,P0269,2026-06-01,411,262,122,551,54
INV0002770,P0270,2026-06-01,196,372,35,533,50
INV0002771,P0271,2026-06-01,74,116,45,145,50
INV0002772,P0272,2026-06-01,431,279,66,644,50
INV0002773,P0273,2026-06-01,491,75,71,495,50
INV0002774,P0274,2026-06-01,633,108,19,722,50
INV0002775,P0275,2026-06-01,491,373,103,761,50
INV0002776,P0276,2026-06-01,599,332,149,782,67
INV0002777,P0277,2026-06-01,452,396,107,741,50
INV0002778,P0278,2026-06-01,564,52,168,448,75
INV0002779,P0279,2026-06-01,81,8,21,68,50
INV0002780,P0280,2026-06-01,437,381,86,732,50
INV0002781,P0281,2026-06-01,576,264,171,669,76
INV0002782,P0282,2026-06-01,135,203,168,170,75
INV0002783,P0283,2026-06-01,135,194,60,269,50
INV0002784,P0284,2026-06-01,433,337,5,765,50
INV0002785,P0285,2026-06-01,591,22,145,468,65
INV0002786,P0286,2026-06-01,397,249,149,497,67
INV0002787,P0287,2026-06-01,195,293,175,313,78
INV0002788,P0288,2026-06-01,443,346,50,739,50
INV0002789,P0289,2026-06-01,637,141,54,724,50
INV0002790,P0290,2026-06-01,574,322,56,840,50
INV0002791,P0291,2026-06-01,380,206,95,491,50
INV0002792,P0292,2026-06-01,237,358,31,564,50
INV0002793,P0293,2026-06-01,509,20,82,447,50
INV0002794,P0294,2026-06-01,449,312,143,618,64
INV0002795,P0295,2026-06-01,395,5,40,360,50
INV0002796,P0296,2026-06-01,333,340,164,509,73
INV0002797,P0297,2026-06-01,114,209,110,213,50
INV0002798,P0298,2026-06-01,109,34,136,7,61
INV0002799,P0299,2026-06-01,478,6,45,439,50
INV0002800,P0300,2026-06-01,412,292,89,615,50
INV0002801,P0301,2026-06-01,378,312,52,638,50
INV0002802,P0302,2026-06-01,557,379,61,875,50
INV0002803,P0303,2026-06-01,151,102,139,114,62
INV0002804,P0304,2026-06-01,554,135,71,618,50
INV0002805,P0305,2026-06-01,616,284,138,762,62
INV0002806,P0306,2026-06-01,647,395,108,934,50
INV0002807,P0307,2026-06-01,684,117,102,699,50
INV0002808,P0308,2026-06-01,175,130,119,186,53
INV0002809,P0309,2026-06-01,261,117,134,244,60
INV0002810,P0310,2026-06-01,129,168,133,164,59
INV0002811,P0311,2026-06-01,434,76,70,440,50
INV0002812,P0312,2026-06-01,173,374,41,506,50
INV0002813,P0313,2026-06-01,332,192,116,408,52
INV0002814,P0314,2026-06-01,390,156,57,489,50
INV0002815,P0315,2026-06-01,168,229,118,279,53
INV0002816,P0316,2026-06-01,52,25,169,0,76
INV0002817,P0317,2026-06-01,100,352,177,275,79
INV0002818,P0318,2026-06-01,635,353,96,892,50
INV0002819,P0319,2026-06-01,484,195,161,518,72
INV0002820,P0320,2026-06-01,356,251,171,436,76
INV0002821,P0321,2026-06-01,282,255,137,400,61
INV0002822,P0322,2026-06-01,539,213,37,715,50
INV0002823,P0323,2026-06-01,604,276,17,863,50
INV0002824,P0324,2026-06-01,650,153,103,700,50
INV0002825,P0325,2026-06-01,156,201,172,185,77
INV0002826,P0326,2026-06-01,506,217,66,657,50
INV0002827,P0327,2026-06-01,545,252,146,651,65
INV0002828,P0328,2026-06-01,275,70,12,333,50
INV0002829,P0329,2026-06-01,234,338,105,467,50
INV0002830,P0330,2026-06-01,154,16,98,72,50
INV0002831,P0331,2026-06-01,358,33,90,301,50
INV0002832,P0332,2026-06-01,652,116,79,689,50
INV0002833,P0333,2026-06-01,312,5,45,272,50
INV0002834,P0334,2026-06-01,100,316,114,302,51
INV0002835,P0335,2026-06-01,319,113,142,290,63
INV0002836,P0336,2026-06-01,627,214,113,728,50
INV0002837,P0337,2026-06-01,53,162,48,167,50
INV0002838,P0338,2026-06-01,687,6,83,610,50
INV0002839,P0339,2026-06-01,481,181,135,527,60
INV0002840,P0340,2026-06-01,602,7,164,445,73
INV0002841,P0341,2026-06-01,235,327,46,516,50
INV0002842,P0342,2026-06-01,234,32,39,227,50
INV0002843,P0343,2026-06-01,566,133,74,625,50
INV0002844,P0344,2026-06-01,288,34,13,309,50
INV0002845,P0345,2026-06-01,623,308,118,813,53
INV0002846,P0346,2026-06-01,582,362,69,875,50
INV0002847,P0347,2026-06-01,107,267,71,303,50
INV0002848,P0348,2026-06-01,240,187,162,265,72
INV0002849,P0349,2026-06-01,613,196,168,641,75
INV0002850,P0350,2026-06-01,167,325,111,381,50
INV0002851,P0351,2026-06-01,548,24,178,394,80
INV0002852,P0352,2026-06-01,59,129,85,103,50
INV0002853,P0353,2026-06-01,636,33,175,494,78
INV0002854,P0354,2026-06-01,442,36,100,378,50
INV0002855,P0355,2026-06-01,125,382,162,345,72
INV0002856,P0356,2026-06-01,380,233,7,606,50
INV0002857,P0357,2026-06-01,163,385,47,501,50
INV0002858,P0358,2026-06-01,312,351,75,588,50
INV0002859,P0359,2026-06-01,87,226,147,166,66
INV0002860,P0360,2026-06-01,314,349,90,573,50
INV0002861,P0361,2026-06-01,562,200,22,740,50
INV0002862,P0362,2026-06-01,151,162,25,288,50
INV0002863,P0363,2026-06-01,684,202,95,791,50
INV0002864,P0364,2026-06-01,594,282,30,846,50
INV0002865,P0365,2026-06-01,312,301,83,530,50
INV0002866,P0366,2026-06-01,192,54,112,134,50
INV0002867,P0367,2026-06-01,419,349,163,605,73
INV0002868,P0368,2026-06-01,410,238,88,560,50
INV0002869,P0369,2026-06-01,340,286,17,609,50
INV0002870,P0370,2026-06-01,565,65,97,533,50
INV0002871,P0371,2026-06-01,363,55,134,284,60
INV0002872,P0372,2026-06-01,639,158,26,771,50
INV0002873,P0373,2026-06-01,337,143,137,343,61
INV0002874,P0374,2026-06-01,392,346,167,571,75
INV0002875,P0375,2026-06-01,245,308,173,380,77
INV0002876,P0376,2026-06-01,109,242,45,306,50
INV0002877,P0377,2026-06-01,694,4,43,655,50
INV0002878,P0378,2026-06-01,344,61,157,248,70
INV0002879,P0379,2026-06-01,213,216,27,402,50
INV0002880,P0380,2026-06-01,448,32,25,455,50
INV0002881,P0381,2026-06-01,308,294,39,563,50
INV0002882,P0382,2026-06-01,321,346,123,544,55
INV0002883,P0383,2026-06-01,153,317,107,363,50
INV0002884,P0384,2026-06-01,472,284,138,618,62
INV0002885,P0385,2026-06-01,316,307,43,580,50
INV0002886,P0386,2026-06-01,506,95,104,497,50
INV0002887,P0387,2026-06-01,305,337,60,582,50
INV0002888,P0388,2026-06-01,201,90,117,174,52
INV0002889,P0389,2026-06-01,337,337,27,647,50
INV0002890,P0390,2026-06-01,356,312,147,521,66
INV0002891,P0391,2026-06-01,291,125,28,388,50
INV0002892,P0392,2026-06-01,211,228,167,272,75
INV0002893,P0393,2026-06-01,238,91,179,150,80
INV0002894,P0394,2026-06-01,598,363,66,895,50
INV0002895,P0395,2026-06-01,549,391,50,890,50
INV0002896,P0396,2026-06-01,172,220,95,297,50
INV0002897,P0397,2026-06-01,260,115,61,314,50
INV0002898,P0398,2026-06-01,671,267,25,913,50
INV0002899,P0399,2026-06-01,491,231,101,621,50
INV0002900,P0400,2026-06-01,161,83,120,124,54
INV0002901,P0401,2026-06-01,627,194,109,712,50
INV0002902,P0402,2026-06-01,145,207,65,287,50
INV0002903,P0403,2026-06-01,141,176,87,230,50
INV0002904,P0404,2026-06-01,639,17,61,595,50
INV0002905,P0405,2026-06-01,526,241,162,605,72
INV0002906,P0406,2026-06-01,197,194,6,385,50
INV0002907,P0407,2026-06-01,663,379,115,927,51
INV0002908,P0408,2026-06-01,194,131,76,249,50
INV0002909,P0409,2026-06-01,453,76,109,420,50
INV0002910,P0410,2026-06-01,177,77,87,167,50
INV0002911,P0411,2026-06-01,578,330,60,848,50
INV0002912,P0412,2026-06-01,490,334,48,776,50
INV0002913,P0413,2026-06-01,168,131,174,125,78
INV0002914,P0414,2026-06-01,456,335,10,781,50
INV0002915,P0415,2026-06-01,555,76,167,464,75
INV0002916,P0416,2026-06-01,302,237,25,514,50
INV0002917,P0417,2026-06-01,634,127,134,627,60
INV0002918,P0418,2026-06-01,658,161,55,764,50
INV0002919,P0419,2026-06-01,622,317,111,828,50
INV0002920,P0420,2026-06-01,138,295,113,320,50
INV0002921,P0421,2026-06-01,391,395,129,657,58
INV0002922,P0422,2026-06-01,668,141,147,662,66
INV0002923,P0423,2026-06-01,657,49,77,629,50
INV0002924,P0424,2026-06-01,442,142,166,418,74
INV0002925,P0425,2026-06-01,354,222,134,442,60
INV0002926,P0426,2026-06-01,409,379,175,613,78
INV0002927,P0427,2026-06-01,434,32,15,451,50
INV0002928,P0428,2026-06-01,684,46,140,590,63
INV0002929,P0429,2026-06-01,490,8,125,373,56
INV0002930,P0430,2026-06-01,488,307,175,620,78
INV0002931,P0431,2026-06-01,268,180,14,434,50
INV0002932,P0432,2026-06-01,562,250,132,680,59
INV0002933,P0433,2026-06-01,307,22,111,218,50
INV0002934,P0434,2026-06-01,376,361,144,593,64
INV0002935,P0435,2026-06-01,376,373,123,626,55
INV0002936,P0436,2026-06-01,307,14,94,227,50
INV0002937,P0437,2026-06-01,113,110,20,203,50
INV0002938,P0438,2026-06-01,642,315,10,947,50
INV0002939,P0439,2026-06-01,542,111,5,648,50
INV0002940,P0440,2026-06-01,429,223,95,557,50
INV0002941,P0441,2026-06-01,189,397,11,575,50
INV0002942,P0442,2026-06-01,689,35,69,655,50
INV0002943,P0443,2026-06-01,134,399,9,524,50
INV0002944,P0444,2026-06-01,659,48,83,624,50
INV0002945,P0445,2026-06-01,178,222,73,327,50
INV0002946,P0446,2026-06-01,661,229,149,741,67
INV0002947,P0447,2026-06-01,419,64,22,461,50
INV0002948,P0448,2026-06-01,100,208,74,234,50
INV0002949,P0449,2026-06-01,383,95,88,390,50
INV0002950,P0450,2026-06-01,618,234,40,812,50
INV0002951,P0451,2026-06-01,288,189,48,429,50
INV0002952,P0452,2026-06-01,638,361,39,960,50
INV0002953,P0453,2026-06-01,377,159,46,490,50
INV0002954,P0454,2026-06-01,115,201,146,170,65
INV0002955,P0455,2026-06-01,329,202,155,376,69
INV0002956,P0456,2026-06-01,499,282,43,738,50
INV0002957,P0457,2026-06-01,525,338,153,710,68
INV0002958,P0458,2026-06-01,515,56,7,564,50
INV0002959,P0459,2026-06-01,106,91,93,104,50
INV0002960,P0460,2026-06-01,156,233,120,269,54
INV0002961,P0461,2026-06-01,263,15,77,201,50
INV0002962,P0462,2026-06-01,51,19,31,39,50
INV0002963,P0463,2026-06-01,258,306,93,471,50
INV0002964,P0464,2026-06-01,539,145,16,668,50
INV0002965,P0465,2026-06-01,334,152,157,329,70
INV0002966,P0466,2026-06-01,63,341,94,310,50
INV0002967,P0467,2026-06-01,61,43,96,8,50
INV0002968,P0468,2026-06-01,75,56,63,68,50
INV0002969,P0469,2026-06-01,579,16,140,455,63
INV0002970,P0470,2026-06-01,611,140,109,642,50
INV0002971,P0471,2026-06-01,369,69,123,315,55
INV0002972,P0472,2026-06-01,372,304,50,626,50
INV0002973,P0473,2026-06-01,530,219,19,730,50
INV0002974,P0474,2026-06-01,61,42,62,41,50
INV0002975,P0475,2026-06-01,510,158,88,580,50
INV0002976,P0476,2026-06-01,624,233,138,719,62
INV0002977,P0477,2026-06-01,524,365,113,776,50
INV0002978,P0478,2026-06-01,488,52,59,481,50
INV0002979,P0479,2026-06-01,691,110,139,662,62
INV0002980,P0480,2026-06-01,508,374,79,803,50
INV0002981,P0481,2026-06-01,373,204,28,549,50
INV0002982,P0482,2026-06-01,229,257,48,438,50
INV0002983,P0483,2026-06-01,86,343,25,404,50
INV0002984,P0484,2026-06-01,446,92,35,503,50
INV0002985,P0485,2026-06-01,594,370,9,955,50
INV0002986,P0486,2026-06-01,660,113,61,712,50
INV0002987,P0487,2026-06-01,356,115,64,407,50
INV0002988,P0488,2026-06-01,670,122,38,754,50
INV0002989,P0489,2026-06-01,480,267,78,669,50
INV0002990,P0490,2026-06-01,209,131,47,293,50
INV0002991,P0491,2026-06-01,299,170,176,293,79
INV0002992,P0492,2026-06-01,214,3,76,141,50
INV0002993,P0493,2026-06-01,338,84,136,286,61
INV0002994,P0494,2026-06-01,587,61,73,575,50
INV0002995,P0495,2026-06-01,541,217,117,641,52
INV0002996,P0496,2026-06-01,516,74,133,457,59
INV0002997,P0497,2026-06-01,379,298,69,608,50
INV0002998,P0498,2026-06-01,518,39,86,471,50
INV0002999,P0499,2026-06-01,230,137,124,243,55
INV0003000,P0500,2026-06-01,88,376,63,401,50
INV0003001,P0001,2026-07-01,426,286,43,669,50
INV0003002,P0002,2026-07-01,460,290,142,608,63
INV0003003,P0003,2026-07-01,556,147,111,592,50
INV0003004,P0004,2026-07-01,165,322,98,389,50
INV0003005,P0005,2026-07-01,272,66,170,168,76
INV0003006,P0006,2026-07-01,559,223,177,605,79
INV0003007,P0007,2026-07-01,518,343,85,776,50
INV0003008,P0008,2026-07-01,102,325,8,419,50
INV0003009,P0009,2026-07-01,125,393,29,489,50
INV0003010,P0010,2026-07-01,218,272,155,335,69
INV0003011,P0011,2026-07-01,667,9,159,517,71
INV0003012,P0012,2026-07-01,674,78,77,675,50
INV0003013,P0013,2026-07-01,274,243,149,368,67
INV0003014,P0014,2026-07-01,306,351,77,580,50
INV0003015,P0015,2026-07-01,372,181,115,438,51
INV0003016,P0016,2026-07-01,550,272,77,745,50
INV0003017,P0017,2026-07-01,405,271,98,578,50
INV0003018,P0018,2026-07-01,348,233,140,441,63
INV0003019,P0019,2026-07-01,380,361,57,684,50
INV0003020,P0020,2026-07-01,639,268,80,827,50
INV0003021,P0021,2026-07-01,381,395,41,735,50
INV0003022,P0022,2026-07-01,527,317,44,800,50
INV0003023,P0023,2026-07-01,453,329,94,688,50
INV0003024,P0024,2026-07-01,442,158,121,479,54
INV0003025,P0025,2026-07-01,417,188,121,484,54
INV0003026,P0026,2026-07-01,120,140,59,201,50
INV0003027,P0027,2026-07-01,520,169,105,584,50
INV0003028,P0028,2026-07-01,691,393,68,1016,50
INV0003029,P0029,2026-07-01,516,296,158,654,71
INV0003030,P0030,2026-07-01,151,348,80,419,50
INV0003031,P0031,2026-07-01,166,172,24,314,50
INV0003032,P0032,2026-07-01,498,115,110,503,50
INV0003033,P0033,2026-07-01,357,32,103,286,50
INV0003034,P0034,2026-07-01,417,190,18,589,50
INV0003035,P0035,2026-07-01,70,392,30,432,50
INV0003036,P0036,2026-07-01,293,195,50,438,50
INV0003037,P0037,2026-07-01,276,11,140,147,63
INV0003038,P0038,2026-07-01,177,61,122,116,54
INV0003039,P0039,2026-07-01,632,65,80,617,50
INV0003040,P0040,2026-07-01,257,346,156,447,70
INV0003041,P0041,2026-07-01,433,75,65,443,50
INV0003042,P0042,2026-07-01,505,58,123,440,55
INV0003043,P0043,2026-07-01,460,158,33,585,50
INV0003044,P0044,2026-07-01,677,159,110,726,50
INV0003045,P0045,2026-07-01,657,267,112,812,50
INV0003046,P0046,2026-07-01,307,305,51,561,50
INV0003047,P0047,2026-07-01,136,218,176,178,79
INV0003048,P0048,2026-07-01,218,219,44,393,50
INV0003049,P0049,2026-07-01,641,300,25,916,50
INV0003050,P0050,2026-07-01,352,230,71,511,50
INV0003051,P0051,2026-07-01,128,203,34,297,50
INV0003052,P0052,2026-07-01,642,46,38,650,50
INV0003053,P0053,2026-07-01,402,45,145,302,65
INV0003054,P0054,2026-07-01,92,314,57,349,50
INV0003055,P0055,2026-07-01,205,61,165,101,74
INV0003056,P0056,2026-07-01,77,111,96,92,50
INV0003057,P0057,2026-07-01,498,113,114,497,51
INV0003058,P0058,2026-07-01,302,157,55,404,50
INV0003059,P0059,2026-07-01,498,241,154,585,69
INV0003060,P0060,2026-07-01,129,324,82,371,50
INV0003061,P0061,2026-07-01,627,168,58,737,50
INV0003062,P0062,2026-07-01,492,174,50,616,50
INV0003063,P0063,2026-07-01,626,107,115,618,51
INV0003064,P0064,2026-07-01,674,255,67,862,50
INV0003065,P0065,2026-07-01,286,398,11,673,50
INV0003066,P0066,2026-07-01,452,370,68,754,50
INV0003067,P0067,2026-07-01,357,222,60,519,50
INV0003068,P0068,2026-07-01,91,246,117,220,52
INV0003069,P0069,2026-07-01,512,79,131,460,58
INV0003070,P0070,2026-07-01,123,327,152,298,68
INV0003071,P0071,2026-07-01,123,76,13,186,50
INV0003072,P0072,2026-07-01,401,176,114,463,51
INV0003073,P0073,2026-07-01,268,182,65,385,50
INV0003074,P0074,2026-07-01,679,306,169,816,76
INV0003075,P0075,2026-07-01,527,113,159,481,71
INV0003076,P0076,2026-07-01,411,389,143,657,64
INV0003077,P0077,2026-07-01,498,378,176,700,79
INV0003078,P0078,2026-07-01,605,301,55,851,50
INV0003079,P0079,2026-07-01,264,282,8,538,50
INV0003080,P0080,2026-07-01,437,80,138,379,62
INV0003081,P0081,2026-07-01,327,22,167,182,75
INV0003082,P0082,2026-07-01,500,361,99,762,50
INV0003083,P0083,2026-07-01,608,29,74,563,50
INV0003084,P0084,2026-07-01,311,102,32,381,50
INV0003085,P0085,2026-07-01,442,285,169,558,76
INV0003086,P0086,2026-07-01,297,353,106,544,50
INV0003087,P0087,2026-07-01,529,391,159,761,71
INV0003088,P0088,2026-07-01,393,335,129,599,58
INV0003089,P0089,2026-07-01,216,17,107,126,50
INV0003090,P0090,2026-07-01,532,385,164,753,73
INV0003091,P0091,2026-07-01,476,181,120,537,54
INV0003092,P0092,2026-07-01,614,331,111,834,50
INV0003093,P0093,2026-07-01,690,18,163,545,73
INV0003094,P0094,2026-07-01,582,21,159,444,71
INV0003095,P0095,2026-07-01,227,167,150,244,67
INV0003096,P0096,2026-07-01,517,354,123,748,55
INV0003097,P0097,2026-07-01,673,344,21,996,50
INV0003098,P0098,2026-07-01,438,104,122,420,54
INV0003099,P0099,2026-07-01,350,146,104,392,50
INV0003100,P0100,2026-07-01,431,87,159,359,71
INV0003101,P0101,2026-07-01,191,300,150,341,67
INV0003102,P0102,2026-07-01,155,24,45,134,50
INV0003103,P0103,2026-07-01,360,342,64,638,50
INV0003104,P0104,2026-07-01,598,76,14,660,50
INV0003105,P0105,2026-07-01,204,259,32,431,50
INV0003106,P0106,2026-07-01,642,17,122,537,54
INV0003107,P0107,2026-07-01,223,24,87,160,50
INV0003108,P0108,2026-07-01,145,173,111,207,50
INV0003109,P0109,2026-07-01,575,262,146,691,65
INV0003110,P0110,2026-07-01,287,358,54,591,50
INV0003111,P0111,2026-07-01,87,0,121,0,54
INV0003112,P0112,2026-07-01,74,130,116,88,52
INV0003113,P0113,2026-07-01,192,3,154,41,69
INV0003114,P0114,2026-07-01,474,124,112,486,50
INV0003115,P0115,2026-07-01,154,286,119,321,53
INV0003116,P0116,2026-07-01,675,309,28,956,50
INV0003117,P0117,2026-07-01,406,92,85,413,50
INV0003118,P0118,2026-07-01,434,50,98,386,50
INV0003119,P0119,2026-07-01,330,297,160,467,72
INV0003120,P0120,2026-07-01,669,168,135,702,60
INV0003121,P0121,2026-07-01,60,239,118,181,53
INV0003122,P0122,2026-07-01,184,314,31,467,50
INV0003123,P0123,2026-07-01,575,42,25,592,50
INV0003124,P0124,2026-07-01,344,2,143,203,64
INV0003125,P0125,2026-07-01,62,26,45,43,50
INV0003126,P0126,2026-07-01,478,163,133,508,59
INV0003127,P0127,2026-07-01,116,25,110,31,50
INV0003128,P0128,2026-07-01,480,179,19,640,50
INV0003129,P0129,2026-07-01,242,249,146,345,65
INV0003130,P0130,2026-07-01,592,242,16,818,50
INV0003131,P0131,2026-07-01,244,55,15,284,50
INV0003132,P0132,2026-07-01,164,18,122,60,54
INV0003133,P0133,2026-07-01,227,164,11,380,50
INV0003134,P0134,2026-07-01,442,40,62,420,50
INV0003135,P0135,2026-07-01,404,268,179,493,80
INV0003136,P0136,2026-07-01,95,381,20,456,50
INV0003137,P0137,2026-07-01,595,269,37,827,50
INV0003138,P0138,2026-07-01,268,342,156,454,70
INV0003139,P0139,2026-07-01,220,184,64,340,50
INV0003140,P0140,2026-07-01,387,186,139,434,62
INV0003141,P0141,2026-07-01,440,124,124,440,55
INV0003142,P0142,2026-07-01,132,133,15,250,50
INV0003143,P0143,2026-07-01,516,396,62,850,50
INV0003144,P0144,2026-07-01,251,216,49,418,50
INV0003145,P0145,2026-07-01,358,376,133,601,59
INV0003146,P0146,2026-07-01,361,361,115,607,51
INV0003147,P0147,2026-07-01,550,308,36,822,50
INV0003148,P0148,2026-07-01,322,181,73,430,50
INV0003149,P0149,2026-07-01,584,336,118,802,53
INV0003150,P0150,2026-07-01,373,211,106,478,50
INV0003151,P0151,2026-07-01,503,398,171,730,76
INV0003152,P0152,2026-07-01,345,300,154,491,69
INV0003153,P0153,2026-07-01,270,310,118,462,53
INV0003154,P0154,2026-07-01,118,182,92,208,50
INV0003155,P0155,2026-07-01,488,353,59,782,50
INV0003156,P0156,2026-07-01,556,286,41,801,50
INV0003157,P0157,2026-07-01,372,73,53,392,50
INV0003158,P0158,2026-07-01,463,291,107,647,50
INV0003159,P0159,2026-07-01,220,369,137,452,61
INV0003160,P0160,2026-07-01,413,57,155,315,69
INV0003161,P0161,2026-07-01,615,384,94,905,50
INV0003162,P0162,2026-07-01,493,44,115,422,51
INV0003163,P0163,2026-07-01,301,191,39,453,50
INV0003164,P0164,2026-07-01,487,94,81,500,50
INV0003165,P0165,2026-07-01,218,325,106,437,50
INV0003166,P0166,2026-07-01,599,257,16,840,50
INV0003167,P0167,2026-07-01,465,236,61,640,50
INV0003168,P0168,2026-07-01,374,17,78,313,50
INV0003169,P0169,2026-07-01,63,362,25,400,50
INV0003170,P0170,2026-07-01,699,373,115,957,51
INV0003171,P0171,2026-07-01,126,183,85,224,50
INV0003172,P0172,2026-07-01,519,280,74,725,50
INV0003173,P0173,2026-07-01,613,189,63,739,50
INV0003174,P0174,2026-07-01,509,366,165,710,74
INV0003175,P0175,2026-07-01,214,363,179,398,80
INV0003176,P0176,2026-07-01,493,251,120,624,54
INV0003177,P0177,2026-07-01,410,32,54,388,50
INV0003178,P0178,2026-07-01,679,279,134,824,60
INV0003179,P0179,2026-07-01,647,234,10,871,50
INV0003180,P0180,2026-07-01,266,213,115,364,51
INV0003181,P0181,2026-07-01,317,286,173,430,77
INV0003182,P0182,2026-07-01,515,266,15,766,50
INV0003183,P0183,2026-07-01,412,69,34,447,50
INV0003184,P0184,2026-07-01,553,249,64,738,50
INV0003185,P0185,2026-07-01,236,68,41,263,50
INV0003186,P0186,2026-07-01,662,349,98,913,50
INV0003187,P0187,2026-07-01,497,7,56,448,50
INV0003188,P0188,2026-07-01,463,296,166,593,74
INV0003189,P0189,2026-07-01,441,49,124,366,55
INV0003190,P0190,2026-07-01,638,292,38,892,50
INV0003191,P0191,2026-07-01,197,332,39,490,50
INV0003192,P0192,2026-07-01,163,318,95,386,50
INV0003193,P0193,2026-07-01,616,6,159,463,71
INV0003194,P0194,2026-07-01,151,339,23,467,50
INV0003195,P0195,2026-07-01,320,237,115,442,51
INV0003196,P0196,2026-07-01,140,68,130,78,58
INV0003197,P0197,2026-07-01,442,389,77,754,50
INV0003198,P0198,2026-07-01,461,284,151,594,67
INV0003199,P0199,2026-07-01,262,174,174,262,78
INV0003200,P0200,2026-07-01,649,37,143,543,64
INV0003201,P0201,2026-07-01,309,352,66,595,50
INV0003202,P0202,2026-07-01,443,311,136,618,61
INV0003203,P0203,2026-07-01,355,66,77,344,50
INV0003204,P0204,2026-07-01,380,295,74,601,50
INV0003205,P0205,2026-07-01,555,249,166,638,74
INV0003206,P0206,2026-07-01,465,256,35,686,50
INV0003207,P0207,2026-07-01,105,22,111,16,50
INV0003208,P0208,2026-07-01,194,387,25,556,50
INV0003209,P0209,2026-07-01,442,63,48,457,50
INV0003210,P0210,2026-07-01,392,222,155,459,69
INV0003211,P0211,2026-07-01,242,95,94,243,50
INV0003212,P0212,2026-07-01,664,38,92,610,50
INV0003213,P0213,2026-07-01,312,358,57,613,50
INV0003214,P0214,2026-07-01,456,291,99,648,50
INV0003215,P0215,2026-07-01,394,34,49,379,50
INV0003216,P0216,2026-07-01,118,42,156,4,70
INV0003217,P0217,2026-07-01,341,108,170,279,76
INV0003218,P0218,2026-07-01,543,353,69,827,50
INV0003219,P0219,2026-07-01,134,393,27,500,50
INV0003220,P0220,2026-07-01,287,380,126,541,56
INV0003221,P0221,2026-07-01,277,72,13,336,50
INV0003222,P0222,2026-07-01,88,169,34,223,50
INV0003223,P0223,2026-07-01,93,350,132,311,59
INV0003224,P0224,2026-07-01,527,44,141,430,63
INV0003225,P0225,2026-07-01,128,99,161,66,72
INV0003226,P0226,2026-07-01,250,389,49,590,50
INV0003227,P0227,2026-07-01,407,331,35,703,50
INV0003228,P0228,2026-07-01,299,256,55,500,50
INV0003229,P0229,2026-07-01,137,2,143,0,64
INV0003230,P0230,2026-07-01,625,233,100,758,50
INV0003231,P0231,2026-07-01,191,50,108,133,50
INV0003232,P0232,2026-07-01,234,296,80,450,50
INV0003233,P0233,2026-07-01,410,284,111,583,50
INV0003234,P0234,2026-07-01,416,174,108,482,50
INV0003235,P0235,2026-07-01,277,18,88,207,50
INV0003236,P0236,2026-07-01,180,191,166,205,74
INV0003237,P0237,2026-07-01,96,193,28,261,50
INV0003238,P0238,2026-07-01,418,189,120,487,54
INV0003239,P0239,2026-07-01,397,47,75,369,50
INV0003240,P0240,2026-07-01,100,285,67,318,50
INV0003241,P0241,2026-07-01,659,216,101,774,50
INV0003242,P0242,2026-07-01,254,320,119,455,53
INV0003243,P0243,2026-07-01,157,122,116,163,52
INV0003244,P0244,2026-07-01,565,161,101,625,50
INV0003245,P0245,2026-07-01,594,215,174,635,78
INV0003246,P0246,2026-07-01,217,19,8,228,50
INV0003247,P0247,2026-07-01,205,15,93,127,50
INV0003248,P0248,2026-07-01,544,120,152,512,68
INV0003249,P0249,2026-07-01,490,153,65,578,50
INV0003250,P0250,2026-07-01,273,302,100,475,50
INV0003251,P0251,2026-07-01,426,24,123,327,55
INV0003252,P0252,2026-07-01,163,219,37,345,50
INV0003253,P0253,2026-07-01,64,302,53,313,50
INV0003254,P0254,2026-07-01,138,105,164,79,73
INV0003255,P0255,2026-07-01,81,37,135,0,60
INV0003256,P0256,2026-07-01,401,269,51,619,50
INV0003257,P0257,2026-07-01,184,302,7,479,50
INV0003258,P0258,2026-07-01,468,161,108,521,50
INV0003259,P0259,2026-07-01,178,33,110,101,50
INV0003260,P0260,2026-07-01,648,84,179,553,80
INV0003261,P0261,2026-07-01,545,74,155,464,69
INV0003262,P0262,2026-07-01,505,172,133,544,59
INV0003263,P0263,2026-07-01,238,32,12,258,50
INV0003264,P0264,2026-07-01,89,335,47,377,50
INV0003265,P0265,2026-07-01,241,170,138,273,62
INV0003266,P0266,2026-07-01,233,313,92,454,50
INV0003267,P0267,2026-07-01,274,196,129,341,58
INV0003268,P0268,2026-07-01,649,288,42,895,50
INV0003269,P0269,2026-07-01,413,118,144,387,64
INV0003270,P0270,2026-07-01,206,325,92,439,50
INV0003271,P0271,2026-07-01,315,236,78,473,50
INV0003272,P0272,2026-07-01,437,207,150,494,67
INV0003273,P0273,2026-07-01,357,236,27,566,50
INV0003274,P0274,2026-07-01,470,94,148,416,66
INV0003275,P0275,2026-07-01,226,107,138,195,62
INV0003276,P0276,2026-07-01,312,75,138,249,62
INV0003277,P0277,2026-07-01,332,109,95,346,50
INV0003278,P0278,2026-07-01,166,310,135,341,60
INV0003279,P0279,2026-07-01,385,266,33,618,50
INV0003280,P0280,2026-07-01,207,296,83,420,50
INV0003281,P0281,2026-07-01,512,95,96,511,50
INV0003282,P0282,2026-07-01,203,270,172,301,77
INV0003283,P0283,2026-07-01,548,248,173,623,77
INV0003284,P0284,2026-07-01,142,109,65,186,50
INV0003285,P0285,2026-07-01,228,258,109,377,50
INV0003286,P0286,2026-07-01,544,143,89,598,50
INV0003287,P0287,2026-07-01,216,187,109,294,50
INV0003288,P0288,2026-07-01,496,254,143,607,64
INV0003289,P0289,2026-07-01,415,313,132,596,59
INV0003290,P0290,2026-07-01,328,121,33,416,50
INV0003291,P0291,2026-07-01,468,333,20,781,50
INV0003292,P0292,2026-07-01,168,224,54,338,50
INV0003293,P0293,2026-07-01,270,329,129,470,58
INV0003294,P0294,2026-07-01,689,333,46,976,50
INV0003295,P0295,2026-07-01,628,318,134,812,60
INV0003296,P0296,2026-07-01,525,232,139,618,62
INV0003297,P0297,2026-07-01,224,280,87,417,50
INV0003298,P0298,2026-07-01,137,226,173,190,77
INV0003299,P0299,2026-07-01,339,166,7,498,50
INV0003300,P0300,2026-07-01,407,48,86,369,50
INV0003301,P0301,2026-07-01,517,130,141,506,63
INV0003302,P0302,2026-07-01,614,193,63,744,50
INV0003303,P0303,2026-07-01,599,236,107,728,50
INV0003304,P0304,2026-07-01,314,130,13,431,50
INV0003305,P0305,2026-07-01,119,46,126,39,56
INV0003306,P0306,2026-07-01,83,124,108,99,50
INV0003307,P0307,2026-07-01,89,22,75,36,50
INV0003308,P0308,2026-07-01,603,23,164,462,73
INV0003309,P0309,2026-07-01,321,137,20,438,50
INV0003310,P0310,2026-07-01,344,290,173,461,77
INV0003311,P0311,2026-07-01,124,58,174,8,78
INV0003312,P0312,2026-07-01,216,102,137,181,61
INV0003313,P0313,2026-07-01,641,49,10,680,50
INV0003314,P0314,2026-07-01,181,297,129,349,58
INV0003315,P0315,2026-07-01,378,38,151,265,67
INV0003316,P0316,2026-07-01,311,41,137,215,61
INV0003317,P0317,2026-07-01,527,155,98,584,50
INV0003318,P0318,2026-07-01,587,97,76,608,50
INV0003319,P0319,2026-07-01,55,241,26,270,50
INV0003320,P0320,2026-07-01,242,306,77,471,50
INV0003321,P0321,2026-07-01,125,147,88,184,50
INV0003322,P0322,2026-07-01,184,381,28,537,50
INV0003323,P0323,2026-07-01,305,88,150,243,67
INV0003324,P0324,2026-07-01,510,44,74,480,50
INV0003325,P0325,2026-07-01,226,308,46,488,50
INV0003326,P0326,2026-07-01,239,108,48,299,50
INV0003327,P0327,2026-07-01,79,308,176,211,79
INV0003328,P0328,2026-07-01,613,276,125,764,56
INV0003329,P0329,2026-07-01,663,355,175,843,78
INV0003330,P0330,2026-07-01,121,185,103,203,50
INV0003331,P0331,2026-07-01,333,211,133,411,59
INV0003332,P0332,2026-07-01,240,256,55,441,50
INV0003333,P0333,2026-07-01,115,390,53,452,50
INV0003334,P0334,2026-07-01,585,390,173,802,77
INV0003335,P0335,2026-07-01,163,240,112,291,50
INV0003336,P0336,2026-07-01,286,292,98,480,50
INV0003337,P0337,2026-07-01,414,16,10,420,50
INV0003338,P0338,2026-07-01,564,348,17,895,50
INV0003339,P0339,2026-07-01,459,110,34,535,50
INV0003340,P0340,2026-07-01,607,264,163,708,73
INV0003341,P0341,2026-07-01,358,156,176,338,79
INV0003342,P0342,2026-07-01,148,7,76,79,50
INV0003343,P0343,2026-07-01,528,269,12,785,50
INV0003344,P0344,2026-07-01,676,101,31,746,50
INV0003345,P0345,2026-07-01,218,88,176,130,79
INV0003346,P0346,2026-07-01,89,279,17,351,50
INV0003347,P0347,2026-07-01,373,169,6,536,50
INV0003348,P0348,2026-07-01,91,170,122,139,54
INV0003349,P0349,2026-07-01,145,110,173,82,77
INV0003350,P0350,2026-07-01,579,259,18,820,50
INV0003351,P0351,2026-07-01,253,6,30,229,50
INV0003352,P0352,2026-07-01,582,332,140,774,63
INV0003353,P0353,2026-07-01,261,155,147,269,66
INV0003354,P0354,2026-07-01,321,347,26,642,50
INV0003355,P0355,2026-07-01,65,141,41,165,50
INV0003356,P0356,2026-07-01,569,18,114,473,51
INV0003357,P0357,2026-07-01,689,230,128,791,57
INV0003358,P0358,2026-07-01,359,202,145,416,65
INV0003359,P0359,2026-07-01,498,143,17,624,50
INV0003360,P0360,2026-07-01,99,379,34,444,50
INV0003361,P0361,2026-07-01,564,207,161,610,72
INV0003362,P0362,2026-07-01,505,288,92,701,50
INV0003363,P0363,2026-07-01,547,358,23,882,50
INV0003364,P0364,2026-07-01,612,197,67,742,50
INV0003365,P0365,2026-07-01,103,227,62,268,50
INV0003366,P0366,2026-07-01,693,233,49,877,50
INV0003367,P0367,2026-07-01,696,299,24,971,50
INV0003368,P0368,2026-07-01,362,323,110,575,50
INV0003369,P0369,2026-07-01,424,261,148,537,66
INV0003370,P0370,2026-07-01,178,39,83,134,50
INV0003371,P0371,2026-07-01,98,248,152,194,68
INV0003372,P0372,2026-07-01,603,241,98,746,50
INV0003373,P0373,2026-07-01,120,15,70,65,50
INV0003374,P0374,2026-07-01,375,286,96,565,50
INV0003375,P0375,2026-07-01,648,225,135,738,60
INV0003376,P0376,2026-07-01,537,171,48,660,50
INV0003377,P0377,2026-07-01,494,113,139,468,62
INV0003378,P0378,2026-07-01,341,175,52,464,50
INV0003379,P0379,2026-07-01,469,295,14,750,50
INV0003380,P0380,2026-07-01,92,58,161,0,72
INV0003381,P0381,2026-07-01,410,23,6,427,50
INV0003382,P0382,2026-07-01,590,357,28,919,50
INV0003383,P0383,2026-07-01,139,136,163,112,73
INV0003384,P0384,2026-07-01,253,283,154,382,69
INV0003385,P0385,2026-07-01,313,219,25,507,50
INV0003386,P0386,2026-07-01,370,120,99,391,50
INV0003387,P0387,2026-07-01,93,254,65,282,50
INV0003388,P0388,2026-07-01,601,158,68,691,50
INV0003389,P0389,2026-07-01,299,74,63,310,50
INV0003390,P0390,2026-07-01,551,370,64,857,50
INV0003391,P0391,2026-07-01,391,262,78,575,50
INV0003392,P0392,2026-07-01,52,380,54,378,50
INV0003393,P0393,2026-07-01,425,292,80,637,50
INV0003394,P0394,2026-07-01,402,270,18,654,50
INV0003395,P0395,2026-07-01,265,361,17,609,50
INV0003396,P0396,2026-07-01,148,140,5,283,50
INV0003397,P0397,2026-07-01,85,223,65,243,50
INV0003398,P0398,2026-07-01,70,278,43,305,50
INV0003399,P0399,2026-07-01,394,114,171,337,76
INV0003400,P0400,2026-07-01,181,213,121,273,54
INV0003401,P0401,2026-07-01,686,348,172,862,77
INV0003402,P0402,2026-07-01,445,125,68,502,50
INV0003403,P0403,2026-07-01,145,44,46,143,50
INV0003404,P0404,2026-07-01,138,182,96,224,50
INV0003405,P0405,2026-07-01,648,314,35,927,50
INV0003406,P0406,2026-07-01,520,36,43,513,50
INV0003407,P0407,2026-07-01,599,321,40,880,50
INV0003408,P0408,2026-07-01,412,277,59,630,50
INV0003409,P0409,2026-07-01,392,32,51,373,50
INV0003410,P0410,2026-07-01,54,59,49,64,50
INV0003411,P0411,2026-07-01,68,101,135,34,60
INV0003412,P0412,2026-07-01,238,50,75,213,50
INV0003413,P0413,2026-07-01,117,165,49,233,50
INV0003414,P0414,2026-07-01,135,355,59,431,50
INV0003415,P0415,2026-07-01,487,47,150,384,67
INV0003416,P0416,2026-07-01,398,131,43,486,50
INV0003417,P0417,2026-07-01,391,341,114,618,51
INV0003418,P0418,2026-07-01,211,369,71,509,50
INV0003419,P0419,2026-07-01,513,290,142,661,63
INV0003420,P0420,2026-07-01,494,387,85,796,50
INV0003421,P0421,2026-07-01,343,120,19,444,50
INV0003422,P0422,2026-07-01,490,220,79,631,50
INV0003423,P0423,2026-07-01,577,241,73,745,50
INV0003424,P0424,2026-07-01,676,31,5,702,50
INV0003425,P0425,2026-07-01,314,15,28,301,50
INV0003426,P0426,2026-07-01,387,343,111,619,50
INV0003427,P0427,2026-07-01,487,279,21,745,50
INV0003428,P0428,2026-07-01,674,322,118,878,53
INV0003429,P0429,2026-07-01,649,321,159,811,71
INV0003430,P0430,2026-07-01,250,182,71,361,50
INV0003431,P0431,2026-07-01,390,166,179,377,80
INV0003432,P0432,2026-07-01,283,130,112,301,50
INV0003433,P0433,2026-07-01,262,331,75,518,50
INV0003434,P0434,2026-07-01,333,164,23,474,50
INV0003435,P0435,2026-07-01,460,72,102,430,50
INV0003436,P0436,2026-07-01,209,247,120,336,54
INV0003437,P0437,2026-07-01,589,98,146,541,65
INV0003438,P0438,2026-07-01,498,28,52,474,50
INV0003439,P0439,2026-07-01,122,149,95,176,50
INV0003440,P0440,2026-07-01,151,129,176,104,79
INV0003441,P0441,2026-07-01,560,77,145,492,65
INV0003442,P0442,2026-07-01,474,312,84,702,50
INV0003443,P0443,2026-07-01,604,119,45,678,50
INV0003444,P0444,2026-07-01,583,208,109,682,50
INV0003445,P0445,2026-07-01,474,162,26,610,50
INV0003446,P0446,2026-07-01,198,251,128,321,57
INV0003447,P0447,2026-07-01,349,330,99,580,50
INV0003448,P0448,2026-07-01,556,338,148,746,66
INV0003449,P0449,2026-07-01,677,97,43,731,50
INV0003450,P0450,2026-07-01,177,163,166,174,74
INV0003451,P0451,2026-07-01,223,342,97,468,50
INV0003452,P0452,2026-07-01,690,12,167,535,75
INV0003453,P0453,2026-07-01,656,269,60,865,50
INV0003454,P0454,2026-07-01,201,372,27,546,50
INV0003455,P0455,2026-07-01,574,235,107,702,50
INV0003456,P0456,2026-07-01,380,385,93,672,50
INV0003457,P0457,2026-07-01,306,321,170,457,76
INV0003458,P0458,2026-07-01,629,267,5,891,50
INV0003459,P0459,2026-07-01,604,399,156,847,70
INV0003460,P0460,2026-07-01,337,242,56,523,50
INV0003461,P0461,2026-07-01,169,149,39,279,50
INV0003462,P0462,2026-07-01,291,306,11,586,50
INV0003463,P0463,2026-07-01,599,353,146,806,65
INV0003464,P0464,2026-07-01,253,381,8,626,50
INV0003465,P0465,2026-07-01,600,12,88,524,50
INV0003466,P0466,2026-07-01,604,354,138,820,62
INV0003467,P0467,2026-07-01,524,276,26,774,50
INV0003468,P0468,2026-07-01,474,266,29,711,50
INV0003469,P0469,2026-07-01,493,16,141,368,63
INV0003470,P0470,2026-07-01,674,75,110,639,50
INV0003471,P0471,2026-07-01,606,194,12,788,50
INV0003472,P0472,2026-07-01,696,20,146,570,65
INV0003473,P0473,2026-07-01,653,353,128,878,57
INV0003474,P0474,2026-07-01,673,306,22,957,50
INV0003475,P0475,2026-07-01,591,176,164,603,73
INV0003476,P0476,2026-07-01,319,293,39,573,50
INV0003477,P0477,2026-07-01,513,286,152,647,68
INV0003478,P0478,2026-07-01,484,26,45,465,50
INV0003479,P0479,2026-07-01,269,208,142,335,63
INV0003480,P0480,2026-07-01,450,343,136,657,61
INV0003481,P0481,2026-07-01,301,57,167,191,75
INV0003482,P0482,2026-07-01,176,6,127,55,57
INV0003483,P0483,2026-07-01,542,33,22,553,50
INV0003484,P0484,2026-07-01,168,70,140,98,63
INV0003485,P0485,2026-07-01,665,218,151,732,67
INV0003486,P0486,2026-07-01,334,381,57,658,50
INV0003487,P0487,2026-07-01,509,199,24,684,50
INV0003488,P0488,2026-07-01,539,398,74,863,50
INV0003489,P0489,2026-07-01,320,253,14,559,50
INV0003490,P0490,2026-07-01,651,50,158,543,71
INV0003491,P0491,2026-07-01,403,199,119,483,53
INV0003492,P0492,2026-07-01,200,187,126,261,56
INV0003493,P0493,2026-07-01,613,11,134,490,60
INV0003494,P0494,2026-07-01,336,89,42,383,50
INV0003495,P0495,2026-07-01,96,331,174,253,78
INV0003496,P0496,2026-07-01,619,39,169,489,76
INV0003497,P0497,2026-07-01,53,231,48,236,50
INV0003498,P0498,2026-07-01,485,269,179,575,80
INV0003499,P0499,2026-07-01,436,7,77,366,50
INV0003500,P0500,2026-07-01,599,89,178,510,80
INV0003501,P0001,2026-08-01,91,206,8,289,50
INV0003502,P0002,2026-08-01,654,119,118,655,53
INV0003503,P0003,2026-08-01,315,257,75,497,50
INV0003504,P0004,2026-08-01,534,51,15,570,50
INV0003505,P0005,2026-08-01,321,90,159,252,71
INV0003506,P0006,2026-08-01,454,11,21,444,50
INV0003507,P0007,2026-08-01,183,38,90,131,50
INV0003508,P0008,2026-08-01,477,199,15,661,50
INV0003509,P0009,2026-08-01,547,299,134,712,60
INV0003510,P0010,2026-08-01,210,305,170,345,76
INV0003511,P0011,2026-08-01,547,75,40,582,50
INV0003512,P0012,2026-08-01,565,376,115,826,51
INV0003513,P0013,2026-08-01,661,168,33,796,50
INV0003514,P0014,2026-08-01,594,176,115,655,51
INV0003515,P0015,2026-08-01,631,19,19,631,50
INV0003516,P0016,2026-08-01,680,4,132,552,59
INV0003517,P0017,2026-08-01,338,259,120,477,54
INV0003518,P0018,2026-08-01,504,43,12,535,50
INV0003519,P0019,2026-08-01,192,266,65,393,50
INV0003520,P0020,2026-08-01,110,372,98,384,50
INV0003521,P0021,2026-08-01,476,181,35,622,50
INV0003522,P0022,2026-08-01,364,193,90,467,50
INV0003523,P0023,2026-08-01,240,209,140,309,63
INV0003524,P0024,2026-08-01,290,302,160,432,72
INV0003525,P0025,2026-08-01,416,119,174,361,78
INV0003526,P0026,2026-08-01,72,234,52,254,50
INV0003527,P0027,2026-08-01,382,210,6,586,50
INV0003528,P0028,2026-08-01,311,201,120,392,54
INV0003529,P0029,2026-08-01,356,389,70,675,50
INV0003530,P0030,2026-08-01,247,227,21,453,50
INV0003531,P0031,2026-08-01,307,116,177,246,79
INV0003532,P0032,2026-08-01,603,208,158,653,71
INV0003533,P0033,2026-08-01,663,295,46,912,50
INV0003534,P0034,2026-08-01,524,255,42,737,50
INV0003535,P0035,2026-08-01,684,320,12,992,50
INV0003536,P0036,2026-08-01,398,349,73,674,50
INV0003537,P0037,2026-08-01,50,273,68,255,50
INV0003538,P0038,2026-08-01,686,280,47,919,50
INV0003539,P0039,2026-08-01,365,110,151,324,67
INV0003540,P0040,2026-08-01,680,154,103,731,50
INV0003541,P0041,2026-08-01,145,251,50,346,50
INV0003542,P0042,2026-08-01,535,76,68,543,50
INV0003543,P0043,2026-08-01,232,300,165,367,74
INV0003544,P0044,2026-08-01,663,215,174,704,78
INV0003545,P0045,2026-08-01,595,360,126,829,56
INV0003546,P0046,2026-08-01,633,5,103,535,50
INV0003547,P0047,2026-08-01,691,253,20,924,50
INV0003548,P0048,2026-08-01,111,174,124,161,55
INV0003549,P0049,2026-08-01,533,163,12,684,50
INV0003550,P0050,2026-08-01,455,176,160,471,72
INV0003551,P0051,2026-08-01,372,318,97,593,50
INV0003552,P0052,2026-08-01,685,204,141,748,63
INV0003553,P0053,2026-08-01,298,139,57,380,50
INV0003554,P0054,2026-08-01,692,378,119,951,53
INV0003555,P0055,2026-08-01,407,65,68,404,50
INV0003556,P0056,2026-08-01,323,199,72,450,50
INV0003557,P0057,2026-08-01,90,47,111,26,50
INV0003558,P0058,2026-08-01,50,23,69,4,50
INV0003559,P0059,2026-08-01,130,154,133,151,59
INV0003560,P0060,2026-08-01,432,332,44,720,50
INV0003561,P0061,2026-08-01,478,254,47,685,50
INV0003562,P0062,2026-08-01,531,57,62,526,50
INV0003563,P0063,2026-08-01,273,379,162,490,72
INV0003564,P0064,2026-08-01,211,248,153,306,68
INV0003565,P0065,2026-08-01,689,66,107,648,50
INV0003566,P0066,2026-08-01,404,30,113,321,50
INV0003567,P0067,2026-08-01,509,85,140,454,63
INV0003568,P0068,2026-08-01,77,42,144,0,64
INV0003569,P0069,2026-08-01,393,83,17,459,50
INV0003570,P0070,2026-08-01,572,304,68,808,50
INV0003571,P0071,2026-08-01,100,46,68,78,50
INV0003572,P0072,2026-08-01,174,89,177,86,79
INV0003573,P0073,2026-08-01,132,204,139,197,62
INV0003574,P0074,2026-08-01,491,256,176,571,79
INV0003575,P0075,2026-08-01,641,258,23,876,50
INV0003576,P0076,2026-08-01,401,362,82,681,50
INV0003577,P0077,2026-08-01,60,155,136,79,61
INV0003578,P0078,2026-08-01,406,317,89,634,50
INV0003579,P0079,2026-08-01,370,309,64,615,50
INV0003580,P0080,2026-08-01,62,388,25,425,50
INV0003581,P0081,2026-08-01,554,310,44,820,50
INV0003582,P0082,2026-08-01,68,245,81,232,50
INV0003583,P0083,2026-08-01,607,343,23,927,50
INV0003584,P0084,2026-08-01,482,355,13,824,50
INV0003585,P0085,2026-08-01,152,264,67,349,50
INV0003586,P0086,2026-08-01,337,338,138,537,62
INV0003587,P0087,2026-08-01,240,208,100,348,50
INV0003588,P0088,2026-08-01,582,43,117,508,52
INV0003589,P0089,2026-08-01,455,83,30,508,50
INV0003590,P0090,2026-08-01,126,351,149,328,67
INV0003591,P0091,2026-08-01,467,69,108,428,50
INV0003592,P0092,2026-08-01,265,67,115,217,51
INV0003593,P0093,2026-08-01,457,282,95,644,50
INV0003594,P0094,2026-08-01,524,294,17,801,50
INV0003595,P0095,2026-08-01,699,271,103,867,50
INV0003596,P0096,2026-08-01,537,72,44,565,50
INV0003597,P0097,2026-08-01,389,75,95,369,50
INV0003598,P0098,2026-08-01,644,380,34,990,50
INV0003599,P0099,2026-08-01,580,364,17,927,50
INV0003600,P0100,2026-08-01,640,79,83,636,50
INV0003601,P0101,2026-08-01,109,284,18,375,50
INV0003602,P0102,2026-08-01,335,97,107,325,50
INV0003603,P0103,2026-08-01,502,152,179,475,80
INV0003604,P0104,2026-08-01,96,241,111,226,50
INV0003605,P0105,2026-08-01,550,327,46,831,50
INV0003606,P0106,2026-08-01,647,333,110,870,50
INV0003607,P0107,2026-08-01,651,276,165,762,74
INV0003608,P0108,2026-08-01,499,200,38,661,50
INV0003609,P0109,2026-08-01,332,354,102,584,50
INV0003610,P0110,2026-08-01,510,179,76,613,50
INV0003611,P0111,2026-08-01,295,30,23,302,50
INV0003612,P0112,2026-08-01,309,289,63,535,50
INV0003613,P0113,2026-08-01,118,377,16,479,50
INV0003614,P0114,2026-08-01,65,9,30,44,50
INV0003615,P0115,2026-08-01,498,247,174,571,78
INV0003616,P0116,2026-08-01,588,305,113,780,50
INV0003617,P0117,2026-08-01,327,12,40,299,50
INV0003618,P0118,2026-08-01,657,210,159,708,71
INV0003619,P0119,2026-08-01,349,238,120,467,54
INV0003620,P0120,2026-08-01,501,78,86,493,50
INV0003621,P0121,2026-08-01,501,351,74,778,50
INV0003622,P0122,2026-08-01,536,10,124,422,55
INV0003623,P0123,2026-08-01,401,170,6,565,50
INV0003624,P0124,2026-08-01,253,34,138,149,62
INV0003625,P0125,2026-08-01,297,245,157,385,70
INV0003626,P0126,2026-08-01,94,167,157,104,70
INV0003627,P0127,2026-08-01,479,114,77,516,50
INV0003628,P0128,2026-08-01,666,212,156,722,70
INV0003629,P0129,2026-08-01,343,262,132,473,59
INV0003630,P0130,2026-08-01,242,261,153,350,68
INV0003631,P0131,2026-08-01,171,375,59,487,50
INV0003632,P0132,2026-08-01,535,340,91,784,50
INV0003633,P0133,2026-08-01,116,308,143,281,64
INV0003634,P0134,2026-08-01,118,121,165,74,74
INV0003635,P0135,2026-08-01,501,338,150,689,67
INV0003636,P0136,2026-08-01,188,307,84,411,50
INV0003637,P0137,2026-08-01,382,184,44,522,50
INV0003638,P0138,2026-08-01,92,328,174,246,78
INV0003639,P0139,2026-08-01,530,268,142,656,63
INV0003640,P0140,2026-08-01,685,228,134,779,60
INV0003641,P0141,2026-08-01,476,390,25,841,50
INV0003642,P0142,2026-08-01,244,38,127,155,57
INV0003643,P0143,2026-08-01,86,361,75,372,50
INV0003644,P0144,2026-08-01,138,195,42,291,50
INV0003645,P0145,2026-08-01,525,52,168,409,75
INV0003646,P0146,2026-08-01,446,376,111,711,50
INV0003647,P0147,2026-08-01,95,362,93,364,50
INV0003648,P0148,2026-08-01,368,341,150,559,67
INV0003649,P0149,2026-08-01,586,126,151,561,67
INV0003650,P0150,2026-08-01,600,181,146,635,65
INV0003651,P0151,2026-08-01,638,79,77,640,50
INV0003652,P0152,2026-08-01,67,130,20,177,50
INV0003653,P0153,2026-08-01,518,74,50,542,50
INV0003654,P0154,2026-08-01,630,387,163,854,73
INV0003655,P0155,2026-08-01,553,141,162,532,72
INV0003656,P0156,2026-08-01,315,9,80,244,50
INV0003657,P0157,2026-08-01,262,4,142,124,63
INV0003658,P0158,2026-08-01,289,220,85,424,50
INV0003659,P0159,2026-08-01,538,376,22,892,50
INV0003660,P0160,2026-08-01,556,102,55,603,50
INV0003661,P0161,2026-08-01,578,3,51,530,50
INV0003662,P0162,2026-08-01,60,49,129,0,58
INV0003663,P0163,2026-08-01,588,209,85,712,50
INV0003664,P0164,2026-08-01,679,339,117,901,52
INV0003665,P0165,2026-08-01,187,245,69,363,50
INV0003666,P0166,2026-08-01,335,116,88,363,50
INV0003667,P0167,2026-08-01,643,278,74,847,50
INV0003668,P0168,2026-08-01,569,287,166,690,74
INV0003669,P0169,2026-08-01,597,341,90,848,50
INV0003670,P0170,2026-08-01,618,38,7,649,50
INV0003671,P0171,2026-08-01,193,42,86,149,50
INV0003672,P0172,2026-08-01,392,185,167,410,75
INV0003673,P0173,2026-08-01,399,123,116,406,52
INV0003674,P0174,2026-08-01,228,257,13,472,50
INV0003675,P0175,2026-08-01,480,201,35,646,50
INV0003676,P0176,2026-08-01,315,75,80,310,50
INV0003677,P0177,2026-08-01,202,63,70,195,50
INV0003678,P0178,2026-08-01,116,248,106,258,50
INV0003679,P0179,2026-08-01,436,120,103,453,50
INV0003680,P0180,2026-08-01,273,54,45,282,50
INV0003681,P0181,2026-08-01,587,338,41,884,50
INV0003682,P0182,2026-08-01,514,365,34,845,50
INV0003683,P0183,2026-08-01,296,323,101,518,50
INV0003684,P0184,2026-08-01,287,303,134,456,60
INV0003685,P0185,2026-08-01,426,144,9,561,50
INV0003686,P0186,2026-08-01,478,338,131,685,58
INV0003687,P0187,2026-08-01,482,174,100,556,50
INV0003688,P0188,2026-08-01,133,318,87,364,50
INV0003689,P0189,2026-08-01,165,328,138,355,62
INV0003690,P0190,2026-08-01,280,381,30,631,50
INV0003691,P0191,2026-08-01,573,23,116,480,52
INV0003692,P0192,2026-08-01,226,343,168,401,75
INV0003693,P0193,2026-08-01,695,28,127,596,57
INV0003694,P0194,2026-08-01,415,369,54,730,50
INV0003695,P0195,2026-08-01,548,42,18,572,50
INV0003696,P0196,2026-08-01,217,350,85,482,50
INV0003697,P0197,2026-08-01,520,233,89,664,50
INV0003698,P0198,2026-08-01,320,201,167,354,75
INV0003699,P0199,2026-08-01,541,118,164,495,73
INV0003700,P0200,2026-08-01,560,350,107,803,50
INV0003701,P0201,2026-08-01,185,210,149,246,67
INV0003702,P0202,2026-08-01,584,127,169,542,76
INV0003703,P0203,2026-08-01,557,232,97,692,50
INV0003704,P0204,2026-08-01,389,191,163,417,73
INV0003705,P0205,2026-08-01,390,304,99,595,50
INV0003706,P0206,2026-08-01,258,397,153,502,68
INV0003707,P0207,2026-08-01,666,272,57,881,50
INV0003708,P0208,2026-08-01,387,374,61,700,50
INV0003709,P0209,2026-08-01,242,35,8,269,50
INV0003710,P0210,2026-08-01,666,39,142,563,63
INV0003711,P0211,2026-08-01,409,399,6,802,50
INV0003712,P0212,2026-08-01,670,190,20,840,50
INV0003713,P0213,2026-08-01,380,45,27,398,50
INV0003714,P0214,2026-08-01,499,209,46,662,50
INV0003715,P0215,2026-08-01,285,48,82,251,50
INV0003716,P0216,2026-08-01,338,259,41,556,50
INV0003717,P0217,2026-08-01,54,219,38,235,50
INV0003718,P0218,2026-08-01,117,49,152,14,68
INV0003719,P0219,2026-08-01,426,337,74,689,50
INV0003720,P0220,2026-08-01,489,67,122,434,54
INV0003721,P0221,2026-08-01,177,224,73,328,50
INV0003722,P0222,2026-08-01,652,112,142,622,63
INV0003723,P0223,2026-08-01,50,303,99,254,50
INV0003724,P0224,2026-08-01,370,392,83,679,50
INV0003725,P0225,2026-08-01,355,98,134,319,60
INV0003726,P0226,2026-08-01,82,80,18,144,50
INV0003727,P0227,2026-08-01,514,223,51,686,50
INV0003728,P0228,2026-08-01,414,147,17,544,50
INV0003729,P0229,2026-08-01,235,159,41,353,50
INV0003730,P0230,2026-08-01,594,24,127,491,57
INV0003731,P0231,2026-08-01,660,392,15,1037,50
INV0003732,P0232,2026-08-01,628,231,68,791,50
INV0003733,P0233,2026-08-01,215,345,52,508,50
INV0003734,P0234,2026-08-01,245,166,111,300,50
INV0003735,P0235,2026-08-01,599,201,131,669,58
INV0003736,P0236,2026-08-01,391,99,81,409,50
INV0003737,P0237,2026-08-01,73,102,21,154,50
INV0003738,P0238,2026-08-01,639,44,110,573,50
INV0003739,P0239,2026-08-01,398,241,160,479,72
INV0003740,P0240,2026-08-01,329,340,70,599,50
INV0003741,P0241,2026-08-01,487,63,93,457,50
INV0003742,P0242,2026-08-01,130,74,92,112,50
INV0003743,P0243,2026-08-01,434,274,35,673,50
INV0003744,P0244,2026-08-01,321,85,19,387,50
INV0003745,P0245,2026-08-01,180,114,175,119,78
INV0003746,P0246,2026-08-01,392,114,93,413,50
INV0003747,P0247,2026-08-01,211,167,142,236,63
INV0003748,P0248,2026-08-01,497,185,25,657,50
INV0003749,P0249,2026-08-01,679,97,57,719,50
INV0003750,P0250,2026-08-01,591,106,122,575,54
INV0003751,P0251,2026-08-01,342,65,56,351,50
INV0003752,P0252,2026-08-01,115,290,148,257,66
INV0003753,P0253,2026-08-01,466,31,133,364,59
INV0003754,P0254,2026-08-01,176,307,36,447,50
INV0003755,P0255,2026-08-01,429,280,34,675,50
INV0003756,P0256,2026-08-01,694,39,151,582,67
INV0003757,P0257,2026-08-01,151,201,140,212,63
INV0003758,P0258,2026-08-01,261,3,25,239,50
INV0003759,P0259,2026-08-01,531,23,51,503,50
INV0003760,P0260,2026-08-01,64,86,45,105,50
INV0003761,P0261,2026-08-01,178,275,75,378,50
INV0003762,P0262,2026-08-01,582,353,144,791,64
INV0003763,P0263,2026-08-01,391,190,34,547,50
INV0003764,P0264,2026-08-01,59,159,142,76,63
INV0003765,P0265,2026-08-01,651,113,61,703,50
INV0003766,P0266,2026-08-01,242,364,18,588,50
INV0003767,P0267,2026-08-01,565,325,165,725,74
INV0003768,P0268,2026-08-01,621,5,26,600,50
INV0003769,P0269,2026-08-01,415,84,135,364,60
INV0003770,P0270,2026-08-01,267,64,107,224,50
INV0003771,P0271,2026-08-01,637,14,128,523,57
INV0003772,P0272,2026-08-01,100,386,46,440,50
INV0003773,P0273,2026-08-01,436,108,71,473,50
INV0003774,P0274,2026-08-01,281,284,21,544,50
INV0003775,P0275,2026-08-01,525,79,41,563,50
INV0003776,P0276,2026-08-01,523,111,172,462,77
INV0003777,P0277,2026-08-01,564,252,30,786,50
INV0003778,P0278,2026-08-01,91,124,137,78,61
INV0003779,P0279,2026-08-01,412,161,69,504,50
INV0003780,P0280,2026-08-01,440,165,47,558,50
INV0003781,P0281,2026-08-01,108,334,127,315,57
INV0003782,P0282,2026-08-01,350,312,156,506,70
INV0003783,P0283,2026-08-01,655,86,122,619,54
INV0003784,P0284,2026-08-01,314,340,170,484,76
INV0003785,P0285,2026-08-01,452,196,12,636,50
INV0003786,P0286,2026-08-01,489,379,12,856,50
INV0003787,P0287,2026-08-01,311,129,170,270,76
INV0003788,P0288,2026-08-01,96,115,145,66,65
INV0003789,P0289,2026-08-01,681,116,139,658,62
INV0003790,P0290,2026-08-01,346,378,126,598,56
INV0003791,P0291,2026-08-01,698,38,168,568,75
INV0003792,P0292,2026-08-01,628,142,5,765,50
INV0003793,P0293,2026-08-01,72,180,92,160,50
INV0003794,P0294,2026-08-01,648,88,26,710,50
INV0003795,P0295,2026-08-01,274,380,153,501,68
INV0003796,P0296,2026-08-01,264,310,63,511,50
INV0003797,P0297,2026-08-01,683,111,139,655,62
INV0003798,P0298,2026-08-01,378,378,28,728,50
INV0003799,P0299,2026-08-01,198,336,54,480,50
INV0003800,P0300,2026-08-01,627,268,82,813,50
INV0003801,P0301,2026-08-01,56,107,124,39,55
INV0003802,P0302,2026-08-01,652,299,95,856,50
INV0003803,P0303,2026-08-01,87,317,171,233,76
INV0003804,P0304,2026-08-01,223,265,163,325,73
INV0003805,P0305,2026-08-01,88,28,53,63,50
INV0003806,P0306,2026-08-01,513,320,77,756,50
INV0003807,P0307,2026-08-01,165,362,25,502,50
INV0003808,P0308,2026-08-01,271,275,31,515,50
INV0003809,P0309,2026-08-01,584,20,137,467,61
INV0003810,P0310,2026-08-01,501,103,36,568,50
INV0003811,P0311,2026-08-01,368,245,34,579,50
INV0003812,P0312,2026-08-01,481,96,23,554,50
INV0003813,P0313,2026-08-01,65,204,116,153,52
INV0003814,P0314,2026-08-01,175,198,160,213,72
INV0003815,P0315,2026-08-01,657,372,116,913,52
INV0003816,P0316,2026-08-01,404,178,121,461,54
INV0003817,P0317,2026-08-01,226,190,124,292,55
INV0003818,P0318,2026-08-01,241,338,171,408,76
INV0003819,P0319,2026-08-01,539,46,161,424,72
INV0003820,P0320,2026-08-01,377,1,43,335,50
INV0003821,P0321,2026-08-01,170,304,26,448,50
INV0003822,P0322,2026-08-01,92,345,158,279,71
INV0003823,P0323,2026-08-01,52,382,67,367,50
INV0003824,P0324,2026-08-01,580,184,140,624,63
INV0003825,P0325,2026-08-01,112,46,100,58,50
INV0003826,P0326,2026-08-01,89,193,143,139,64
INV0003827,P0327,2026-08-01,406,121,113,414,50
INV0003828,P0328,2026-08-01,403,103,146,360,65
INV0003829,P0329,2026-08-01,566,317,72,811,50
INV0003830,P0330,2026-08-01,183,337,60,460,50
INV0003831,P0331,2026-08-01,498,379,7,870,50
INV0003832,P0332,2026-08-01,205,248,60,393,50
INV0003833,P0333,2026-08-01,589,98,17,670,50
INV0003834,P0334,2026-08-01,695,302,88,909,50
INV0003835,P0335,2026-08-01,357,21,117,261,52
INV0003836,P0336,2026-08-01,265,365,170,460,76
INV0003837,P0337,2026-08-01,185,150,166,169,74
INV0003838,P0338,2026-08-01,486,78,17,547,50
INV0003839,P0339,2026-08-01,159,78,95,142,50
INV0003840,P0340,2026-08-01,532,260,68,724,50
INV0003841,P0341,2026-08-01,481,6,111,376,50
INV0003842,P0342,2026-08-01,628,220,146,702,65
INV0003843,P0343,2026-08-01,307,57,157,207,70
INV0003844,P0344,2026-08-01,446,166,55,557,50
INV0003845,P0345,2026-08-01,617,222,174,665,78
INV0003846,P0346,2026-08-01,617,154,14,757,50
INV0003847,P0347,2026-08-01,82,4,129,0,58
INV0003848,P0348,2026-08-01,282,203,98,387,50
INV0003849,P0349,2026-08-01,568,373,168,773,75
INV0003850,P0350,2026-08-01,272,63,76,259,50
INV0003851,P0351,2026-08-01,57,295,94,258,50
INV0003852,P0352,2026-08-01,602,216,65,753,50
INV0003853,P0353,2026-08-01,119,294,124,289,55
INV0003854,P0354,2026-08-01,229,36,20,245,50
INV0003855,P0355,2026-08-01,608,128,70,666,50
INV0003856,P0356,2026-08-01,500,86,66,520,50
INV0003857,P0357,2026-08-01,562,315,100,777,50
INV0003858,P0358,2026-08-01,391,79,90,380,50
INV0003859,P0359,2026-08-01,287,78,67,298,50
INV0003860,P0360,2026-08-01,584,112,176,520,79
INV0003861,P0361,2026-08-01,455,67,93,429,50
INV0003862,P0362,2026-08-01,665,47,41,671,50
INV0003863,P0363,2026-08-01,290,135,23,402,50
INV0003864,P0364,2026-08-01,357,388,92,653,50
INV0003865,P0365,2026-08-01,543,188,82,649,50
INV0003866,P0366,2026-08-01,234,358,163,429,73
INV0003867,P0367,2026-08-01,646,243,75,814,50
INV0003868,P0368,2026-08-01,300,351,55,596,50
INV0003869,P0369,2026-08-01,330,7,167,170,75
INV0003870,P0370,2026-08-01,279,280,133,426,59
INV0003871,P0371,2026-08-01,95,327,65,357,50
INV0003872,P0372,2026-08-01,207,323,144,386,64
INV0003873,P0373,2026-08-01,549,172,110,611,50
INV0003874,P0374,2026-08-01,500,4,10,494,50
INV0003875,P0375,2026-08-01,103,113,74,142,50
INV0003876,P0376,2026-08-01,590,4,35,559,50
INV0003877,P0377,2026-08-01,70,53,156,0,70
INV0003878,P0378,2026-08-01,651,117,116,652,52
INV0003879,P0379,2026-08-01,647,92,107,632,50
INV0003880,P0380,2026-08-01,693,273,160,806,72
INV0003881,P0381,2026-08-01,416,30,161,285,72
INV0003882,P0382,2026-08-01,576,212,41,747,50
INV0003883,P0383,2026-08-01,649,228,89,788,50
INV0003884,P0384,2026-08-01,442,49,134,357,60
INV0003885,P0385,2026-08-01,175,185,57,303,50
INV0003886,P0386,2026-08-01,203,361,52,512,50
INV0003887,P0387,2026-08-01,272,153,95,330,50
INV0003888,P0388,2026-08-01,152,19,38,133,50
INV0003889,P0389,2026-08-01,546,388,42,892,50
INV0003890,P0390,2026-08-01,323,284,112,495,50
INV0003891,P0391,2026-08-01,381,290,82,589,50
INV0003892,P0392,2026-08-01,521,388,56,853,50
INV0003893,P0393,2026-08-01,230,73,96,207,50
INV0003894,P0394,2026-08-01,676,104,85,695,50
INV0003895,P0395,2026-08-01,320,80,129,271,58
INV0003896,P0396,2026-08-01,282,89,127,244,57
INV0003897,P0397,2026-08-01,111,198,91,218,50
INV0003898,P0398,2026-08-01,676,53,48,681,50
INV0003899,P0399,2026-08-01,324,362,32,654,50
INV0003900,P0400,2026-08-01,571,1,165,407,74
INV0003901,P0401,2026-08-01,303,123,156,270,70
INV0003902,P0402,2026-08-01,364,38,12,390,50
INV0003903,P0403,2026-08-01,536,7,90,453,50
INV0003904,P0404,2026-08-01,364,9,165,208,74
INV0003905,P0405,2026-08-01,594,52,64,582,50
INV0003906,P0406,2026-08-01,245,338,158,425,71
INV0003907,P0407,2026-08-01,397,240,16,621,50
INV0003908,P0408,2026-08-01,351,169,146,374,65
INV0003909,P0409,2026-08-01,378,164,49,493,50
INV0003910,P0410,2026-08-01,415,385,131,669,58
INV0003911,P0411,2026-08-01,508,65,138,435,62
INV0003912,P0412,2026-08-01,343,190,86,447,50
INV0003913,P0413,2026-08-01,167,23,116,74,52
INV0003914,P0414,2026-08-01,406,319,97,628,50
INV0003915,P0415,2026-08-01,289,109,25,373,50
INV0003916,P0416,2026-08-01,89,384,28,445,50
INV0003917,P0417,2026-08-01,306,376,98,584,50
INV0003918,P0418,2026-08-01,440,168,54,554,50
INV0003919,P0419,2026-08-01,327,31,23,335,50
INV0003920,P0420,2026-08-01,445,191,97,539,50
INV0003921,P0421,2026-08-01,620,330,21,929,50
INV0003922,P0422,2026-08-01,137,263,154,246,69
INV0003923,P0423,2026-08-01,139,362,71,430,50
INV0003924,P0424,2026-08-01,378,11,35,354,50
INV0003925,P0425,2026-08-01,420,347,44,723,50
INV0003926,P0426,2026-08-01,648,272,49,871,50
INV0003927,P0427,2026-08-01,476,379,50,805,50
INV0003928,P0428,2026-08-01,603,11,154,460,69
INV0003929,P0429,2026-08-01,142,175,27,290,50
INV0003930,P0430,2026-08-01,163,168,21,310,50
INV0003931,P0431,2026-08-01,434,147,74,507,50
INV0003932,P0432,2026-08-01,365,248,179,434,80
INV0003933,P0433,2026-08-01,243,103,146,200,65
INV0003934,P0434,2026-08-01,321,315,68,568,50
INV0003935,P0435,2026-08-01,570,101,164,507,73
INV0003936,P0436,2026-08-01,338,209,71,476,50
INV0003937,P0437,2026-08-01,468,126,16,578,50
INV0003938,P0438,2026-08-01,363,297,16,644,50
INV0003939,P0439,2026-08-01,586,378,129,835,58
INV0003940,P0440,2026-08-01,269,196,130,335,58
INV0003941,P0441,2026-08-01,56,197,141,112,63
INV0003942,P0442,2026-08-01,309,90,146,253,65
INV0003943,P0443,2026-08-01,338,187,91,434,50
INV0003944,P0444,2026-08-01,316,191,165,342,74
INV0003945,P0445,2026-08-01,193,196,79,310,50
INV0003946,P0446,2026-08-01,426,264,98,592,50
INV0003947,P0447,2026-08-01,698,354,106,946,50
INV0003948,P0448,2026-08-01,312,219,93,438,50
INV0003949,P0449,2026-08-01,193,168,11,350,50
INV0003950,P0450,2026-08-01,254,354,153,455,68
INV0003951,P0451,2026-08-01,267,169,8,428,50
INV0003952,P0452,2026-08-01,605,258,111,752,50
INV0003953,P0453,2026-08-01,111,399,178,332,80
INV0003954,P0454,2026-08-01,317,262,108,471,50
INV0003955,P0455,2026-08-01,650,265,17,898,50
INV0003956,P0456,2026-08-01,488,237,61,664,50
INV0003957,P0457,2026-08-01,463,24,136,351,61
INV0003958,P0458,2026-08-01,454,131,12,573,50
INV0003959,P0459,2026-08-01,61,179,72,168,50
INV0003960,P0460,2026-08-01,115,3,62,56,50
INV0003961,P0461,2026-08-01,491,323,68,746,50
INV0003962,P0462,2026-08-01,566,50,175,441,78
INV0003963,P0463,2026-08-01,283,206,33,456,50
INV0003964,P0464,2026-08-01,194,98,35,257,50
INV0003965,P0465,2026-08-01,361,337,10,688,50
INV0003966,P0466,2026-08-01,324,99,118,305,53
INV0003967,P0467,2026-08-01,60,289,163,186,73
INV0003968,P0468,2026-08-01,169,357,139,387,62
INV0003969,P0469,2026-08-01,307,292,23,576,50
INV0003970,P0470,2026-08-01,446,96,101,441,50
INV0003971,P0471,2026-08-01,227,149,111,265,50
INV0003972,P0472,2026-08-01,251,207,43,415,50
INV0003973,P0473,2026-08-01,551,71,151,471,67
INV0003974,P0474,2026-08-01,692,389,34,1047,50
INV0003975,P0475,2026-08-01,402,126,163,365,73
INV0003976,P0476,2026-08-01,513,321,128,706,57
INV0003977,P0477,2026-08-01,63,158,101,120,50
INV0003978,P0478,2026-08-01,526,74,79,521,50
INV0003979,P0479,2026-08-01,392,269,123,538,55
INV0003980,P0480,2026-08-01,573,212,31,754,50
INV0003981,P0481,2026-08-01,394,200,92,502,50
INV0003982,P0482,2026-08-01,538,165,97,606,50
INV0003983,P0483,2026-08-01,143,65,51,157,50
INV0003984,P0484,2026-08-01,50,135,122,63,54
INV0003985,P0485,2026-08-01,353,386,18,721,50
INV0003986,P0486,2026-08-01,627,366,41,952,50
INV0003987,P0487,2026-08-01,559,64,48,575,50
INV0003988,P0488,2026-08-01,250,275,153,372,68
INV0003989,P0489,2026-08-01,663,60,113,610,50
INV0003990,P0490,2026-08-01,650,16,118,548,53
INV0003991,P0491,2026-08-01,119,366,120,365,54
INV0003992,P0492,2026-08-01,147,258,142,263,63
INV0003993,P0493,2026-08-01,678,372,112,938,50
INV0003994,P0494,2026-08-01,134,215,29,320,50
INV0003995,P0495,2026-08-01,481,187,167,501,75
INV0003996,P0496,2026-08-01,240,291,17,514,50
INV0003997,P0497,2026-08-01,504,191,21,674,50
INV0003998,P0498,2026-08-01,611,328,115,824,51
INV0003999,P0499,2026-08-01,512,261,31,742,50
INV0004000,P0500,2026-08-01,291,127,121,297,54
INV0004001,P0001,2026-09-01,225,18,143,100,64
INV0004002,P0002,2026-09-01,204,309,38,475,50
INV0004003,P0003,2026-09-01,613,29,81,561,50
INV0004004,P0004,2026-09-01,437,43,131,349,58
INV0004005,P0005,2026-09-01,585,40,157,468,70
INV0004006,P0006,2026-09-01,491,363,117,737,52
INV0004007,P0007,2026-09-01,428,231,152,507,68
INV0004008,P0008,2026-09-01,160,289,111,338,50
INV0004009,P0009,2026-09-01,462,378,161,679,72
INV0004010,P0010,2026-09-01,578,170,157,591,70
INV0004011,P0011,2026-09-01,209,60,37,232,50
INV0004012,P0012,2026-09-01,238,190,173,255,77
INV0004013,P0013,2026-09-01,308,182,24,466,50
INV0004014,P0014,2026-09-01,270,134,138,266,62
INV0004015,P0015,2026-09-01,204,28,151,81,67
INV0004016,P0016,2026-09-01,102,134,155,81,69
INV0004017,P0017,2026-09-01,537,178,75,640,50
INV0004018,P0018,2026-09-01,314,106,59,361,50
INV0004019,P0019,2026-09-01,546,246,97,695,50
INV0004020,P0020,2026-09-01,698,12,93,617,50
INV0004021,P0021,2026-09-01,419,113,164,368,73
INV0004022,P0022,2026-09-01,338,343,173,508,77
INV0004023,P0023,2026-09-01,348,201,16,533,50
INV0004024,P0024,2026-09-01,311,334,169,476,76
INV0004025,P0025,2026-09-01,282,190,116,356,52
INV0004026,P0026,2026-09-01,166,128,141,153,63
INV0004027,P0027,2026-09-01,533,373,136,770,61
INV0004028,P0028,2026-09-01,443,116,13,546,50
INV0004029,P0029,2026-09-01,433,192,56,569,50
INV0004030,P0030,2026-09-01,247,323,127,443,57
INV0004031,P0031,2026-09-01,412,269,58,623,50
INV0004032,P0032,2026-09-01,554,293,20,827,50
INV0004033,P0033,2026-09-01,694,31,10,715,50
INV0004034,P0034,2026-09-01,679,285,74,890,50
INV0004035,P0035,2026-09-01,480,75,26,529,50
INV0004036,P0036,2026-09-01,580,249,141,688,63
INV0004037,P0037,2026-09-01,236,81,156,161,70
INV0004038,P0038,2026-09-01,71,156,56,171,50
INV0004039,P0039,2026-09-01,474,281,63,692,50
INV0004040,P0040,2026-09-01,483,115,32,566,50
INV0004041,P0041,2026-09-01,312,332,145,499,65
INV0004042,P0042,2026-09-01,331,327,171,487,76
INV0004043,P0043,2026-09-01,492,192,24,660,50
INV0004044,P0044,2026-09-01,549,12,58,503,50
INV0004045,P0045,2026-09-01,200,398,7,591,50
INV0004046,P0046,2026-09-01,257,79,124,212,55
INV0004047,P0047,2026-09-01,660,338,145,853,65
INV0004048,P0048,2026-09-01,297,38,129,206,58
INV0004049,P0049,2026-09-01,305,352,63,594,50
INV0004050,P0050,2026-09-01,557,175,170,562,76
INV0004051,P0051,2026-09-01,446,125,125,446,56
INV0004052,P0052,2026-09-01,454,219,16,657,50
INV0004053,P0053,2026-09-01,201,217,101,317,50
INV0004054,P0054,2026-09-01,233,165,60,338,50
INV0004055,P0055,2026-09-01,503,196,10,689,50
INV0004056,P0056,2026-09-01,561,292,51,802,50
INV0004057,P0057,2026-09-01,422,19,60,381,50
INV0004058,P0058,2026-09-01,656,161,28,789,50
INV0004059,P0059,2026-09-01,269,242,47,464,50
INV0004060,P0060,2026-09-01,491,287,105,673,50
INV0004061,P0061,2026-09-01,298,241,30,509,50
INV0004062,P0062,2026-09-01,348,264,44,568,50
INV0004063,P0063,2026-09-01,401,243,150,494,67
INV0004064,P0064,2026-09-01,662,149,29,782,50
INV0004065,P0065,2026-09-01,680,358,57,981,50
INV0004066,P0066,2026-09-01,247,73,74,246,50
INV0004067,P0067,2026-09-01,494,96,71,519,50
INV0004068,P0068,2026-09-01,96,244,17,323,50
INV0004069,P0069,2026-09-01,571,345,100,816,50
INV0004070,P0070,2026-09-01,307,307,118,496,53
INV0004071,P0071,2026-09-01,358,350,107,601,50
INV0004072,P0072,2026-09-01,325,188,89,424,50
INV0004073,P0073,2026-09-01,97,230,57,270,50
INV0004074,P0074,2026-09-01,276,325,29,572,50
INV0004075,P0075,2026-09-01,417,280,138,559,62
INV0004076,P0076,2026-09-01,629,374,104,899,50
INV0004077,P0077,2026-09-01,477,355,122,710,54
INV0004078,P0078,2026-09-01,131,4,156,0,70
INV0004079,P0079,2026-09-01,534,65,28,571,50
INV0004080,P0080,2026-09-01,104,32,156,0,70
INV0004081,P0081,2026-09-01,130,113,7,236,50
INV0004082,P0082,2026-09-01,295,115,123,287,55
INV0004083,P0083,2026-09-01,340,190,151,379,67
INV0004084,P0084,2026-09-01,624,135,102,657,50
INV0004085,P0085,2026-09-01,664,159,38,785,50
INV0004086,P0086,2026-09-01,238,141,143,236,64
INV0004087,P0087,2026-09-01,629,285,29,885,50
INV0004088,P0088,2026-09-01,537,229,41,725,50
INV0004089,P0089,2026-09-01,524,274,77,721,50
INV0004090,P0090,2026-09-01,71,241,49,263,50
INV0004091,P0091,2026-09-01,604,357,78,883,50
INV0004092,P0092,2026-09-01,594,305,171,728,76
INV0004093,P0093,2026-09-01,172,108,49,231,50
INV0004094,P0094,2026-09-01,666,80,145,601,65
INV0004095,P0095,2026-09-01,519,211,15,715,50
INV0004096,P0096,2026-09-01,598,185,145,638,65
INV0004097,P0097,2026-09-01,401,174,75,500,50
INV0004098,P0098,2026-09-01,75,84,68,91,50
INV0004099,P0099,2026-09-01,158,75,35,198,50
INV0004100,P0100,2026-09-01,585,61,172,474,77
INV0004101,P0101,2026-09-01,213,197,123,287,55
INV0004102,P0102,2026-09-01,248,214,75,387,50
INV0004103,P0103,2026-09-01,485,202,78,609,50
INV0004104,P0104,2026-09-01,558,189,145,602,65
INV0004105,P0105,2026-09-01,492,321,145,668,65
INV0004106,P0106,2026-09-01,79,44,167,0,75
INV0004107,P0107,2026-09-01,675,330,100,905,50
INV0004108,P0108,2026-09-01,667,166,116,717,52
INV0004109,P0109,2026-09-01,59,99,155,3,69
INV0004110,P0110,2026-09-01,320,125,110,335,50
INV0004111,P0111,2026-09-01,362,125,88,399,50
INV0004112,P0112,2026-09-01,433,325,171,587,76
INV0004113,P0113,2026-09-01,180,325,178,327,80
INV0004114,P0114,2026-09-01,176,374,167,383,75
INV0004115,P0115,2026-09-01,556,160,123,593,55
INV0004116,P0116,2026-09-01,240,278,88,430,50
INV0004117,P0117,2026-09-01,612,129,38,703,50
INV0004118,P0118,2026-09-01,165,254,53,366,50
INV0004119,P0119,2026-09-01,155,321,20,456,50
INV0004120,P0120,2026-09-01,636,53,96,593,50
INV0004121,P0121,2026-09-01,117,343,85,375,50
INV0004122,P0122,2026-09-01,494,257,83,668,50
INV0004123,P0123,2026-09-01,397,374,76,695,50
INV0004124,P0124,2026-09-01,559,180,67,672,50
INV0004125,P0125,2026-09-01,67,9,112,0,50
INV0004126,P0126,2026-09-01,413,138,25,526,50
INV0004127,P0127,2026-09-01,241,236,132,345,59
INV0004128,P0128,2026-09-01,314,135,80,369,50
INV0004129,P0129,2026-09-01,225,283,166,342,74
INV0004130,P0130,2026-09-01,585,125,68,642,50
INV0004131,P0131,2026-09-01,86,379,127,338,57
INV0004132,P0132,2026-09-01,651,397,80,968,50
INV0004133,P0133,2026-09-01,242,294,153,383,68
INV0004134,P0134,2026-09-01,180,300,147,333,66
INV0004135,P0135,2026-09-01,299,82,85,296,50
INV0004136,P0136,2026-09-01,365,196,46,515,50
INV0004137,P0137,2026-09-01,252,200,43,409,50
INV0004138,P0138,2026-09-01,329,15,95,249,50
INV0004139,P0139,2026-09-01,282,198,33,447,50
INV0004140,P0140,2026-09-01,370,282,65,587,50
INV0004141,P0141,2026-09-01,671,169,85,755,50
INV0004142,P0142,2026-09-01,497,203,156,544,70
INV0004143,P0143,2026-09-01,222,50,161,111,72
INV0004144,P0144,2026-09-01,269,115,106,278,50
INV0004145,P0145,2026-09-01,383,185,72,496,50
INV0004146,P0146,2026-09-01,332,12,76,268,50
INV0004147,P0147,2026-09-01,406,386,101,691,50
INV0004148,P0148,2026-09-01,132,290,88,334,50
INV0004149,P0149,2026-09-01,224,194,143,275,64
INV0004150,P0150,2026-09-01,554,157,168,543,75
INV0004151,P0151,2026-09-01,472,10,63,419,50
INV0004152,P0152,2026-09-01,646,354,77,923,50
INV0004153,P0153,2026-09-01,255,123,117,261,52
INV0004154,P0154,2026-09-01,54,296,156,194,70
INV0004155,P0155,2026-09-01,309,9,112,206,50
INV0004156,P0156,2026-09-01,305,297,30,572,50
INV0004157,P0157,2026-09-01,625,332,106,851,50
INV0004158,P0158,2026-09-01,80,357,118,319,53
INV0004159,P0159,2026-09-01,148,351,80,419,50
INV0004160,P0160,2026-09-01,370,219,26,563,50
INV0004161,P0161,2026-09-01,157,308,78,387,50
INV0004162,P0162,2026-09-01,89,199,84,204,50
INV0004163,P0163,2026-09-01,353,332,51,634,50
INV0004164,P0164,2026-09-01,692,303,86,909,50
INV0004165,P0165,2026-09-01,216,163,23,356,50
INV0004166,P0166,2026-09-01,595,361,44,912,50
INV0004167,P0167,2026-09-01,98,171,120,149,54
INV0004168,P0168,2026-09-01,508,317,5,820,50
INV0004169,P0169,2026-09-01,367,337,76,628,50
INV0004170,P0170,2026-09-01,351,72,75,348,50
INV0004171,P0171,2026-09-01,198,303,80,421,50
INV0004172,P0172,2026-09-01,515,319,110,724,50
INV0004173,P0173,2026-09-01,241,341,138,444,62
INV0004174,P0174,2026-09-01,352,33,23,362,50
INV0004175,P0175,2026-09-01,335,116,43,408,50
INV0004176,P0176,2026-09-01,70,68,109,29,50
INV0004177,P0177,2026-09-01,552,217,23,746,50
INV0004178,P0178,2026-09-01,579,37,12,604,50
INV0004179,P0179,2026-09-01,380,98,35,443,50
INV0004180,P0180,2026-09-01,688,199,27,860,50
INV0004181,P0181,2026-09-01,682,62,159,585,71
INV0004182,P0182,2026-09-01,548,103,73,578,50
INV0004183,P0183,2026-09-01,95,131,156,70,70
INV0004184,P0184,2026-09-01,164,116,172,108,77
INV0004185,P0185,2026-09-01,380,171,97,454,50
INV0004186,P0186,2026-09-01,578,336,177,737,79
INV0004187,P0187,2026-09-01,108,274,131,251,58
INV0004188,P0188,2026-09-01,540,135,36,639,50
INV0004189,P0189,2026-09-01,526,16,26,516,50
INV0004190,P0190,2026-09-01,296,385,114,567,51
INV0004191,P0191,2026-09-01,673,132,29,776,50
INV0004192,P0192,2026-09-01,505,215,8,712,50
INV0004193,P0193,2026-09-01,166,349,153,362,68
INV0004194,P0194,2026-09-01,107,170,19,258,50
INV0004195,P0195,2026-09-01,641,235,123,753,55
INV0004196,P0196,2026-09-01,424,286,114,596,51
INV0004197,P0197,2026-09-01,552,328,94,786,50
INV0004198,P0198,2026-09-01,147,42,155,34,69
INV0004199,P0199,2026-09-01,621,203,16,808,50
INV0004200,P0200,2026-09-01,52,160,48,164,50
INV0004201,P0201,2026-09-01,408,390,126,672,56
INV0004202,P0202,2026-09-01,471,192,8,655,50
INV0004203,P0203,2026-09-01,532,154,137,549,61
INV0004204,P0204,2026-09-01,288,116,71,333,50
INV0004205,P0205,2026-09-01,555,138,164,529,73
INV0004206,P0206,2026-09-01,244,52,166,130,74
INV0004207,P0207,2026-09-01,436,207,149,494,67
INV0004208,P0208,2026-09-01,355,340,158,537,71
INV0004209,P0209,2026-09-01,601,192,46,747,50
INV0004210,P0210,2026-09-01,527,214,83,658,50
INV0004211,P0211,2026-09-01,496,366,130,732,58
INV0004212,P0212,2026-09-01,503,135,165,473,74
INV0004213,P0213,2026-09-01,107,253,108,252,50
INV0004214,P0214,2026-09-01,527,132,104,555,50
INV0004215,P0215,2026-09-01,331,178,155,354,69
INV0004216,P0216,2026-09-01,385,249,77,557,50
INV0004217,P0217,2026-09-01,513,177,162,528,72
INV0004218,P0218,2026-09-01,458,211,153,516,68
INV0004219,P0219,2026-09-01,149,379,171,357,76
INV0004220,P0220,2026-09-01,577,239,119,697,53
INV0004221,P0221,2026-09-01,154,3,27,130,50
INV0004222,P0222,2026-09-01,369,307,23,653,50
INV0004223,P0223,2026-09-01,354,140,152,342,68
INV0004224,P0224,2026-09-01,617,223,8,832,50
INV0004225,P0225,2026-09-01,691,228,111,808,50
INV0004226,P0226,2026-09-01,174,236,15,395,50
INV0004227,P0227,2026-09-01,206,69,36,239,50
INV0004228,P0228,2026-09-01,571,172,116,627,52
INV0004229,P0229,2026-09-01,639,21,69,591,50
INV0004230,P0230,2026-09-01,103,249,14,338,50
INV0004231,P0231,2026-09-01,188,128,24,292,50
INV0004232,P0232,2026-09-01,591,210,110,691,50
INV0004233,P0233,2026-09-01,181,355,60,476,50
INV0004234,P0234,2026-09-01,678,67,80,665,50
INV0004235,P0235,2026-09-01,419,353,21,751,50
INV0004236,P0236,2026-09-01,311,322,27,606,50
INV0004237,P0237,2026-09-01,159,216,151,224,67
INV0004238,P0238,2026-09-01,603,104,69,638,50
INV0004239,P0239,2026-09-01,231,193,155,269,69
INV0004240,P0240,2026-09-01,77,270,161,186,72
INV0004241,P0241,2026-09-01,393,95,50,438,50
INV0004242,P0242,2026-09-01,222,330,21,531,50
INV0004243,P0243,2026-09-01,320,265,77,508,50
INV0004244,P0244,2026-09-01,257,128,102,283,50
INV0004245,P0245,2026-09-01,504,40,77,467,50
INV0004246,P0246,2026-09-01,105,259,97,267,50
INV0004247,P0247,2026-09-01,602,170,11,761,50
INV0004248,P0248,2026-09-01,347,309,179,477,80
INV0004249,P0249,2026-09-01,478,160,46,592,50
INV0004250,P0250,2026-09-01,201,65,169,97,76
INV0004251,P0251,2026-09-01,414,43,171,286,76
INV0004252,P0252,2026-09-01,559,192,102,649,50
INV0004253,P0253,2026-09-01,544,140,97,587,50
INV0004254,P0254,2026-09-01,294,41,137,198,61
INV0004255,P0255,2026-09-01,153,266,103,316,50
INV0004256,P0256,2026-09-01,645,378,100,923,50
INV0004257,P0257,2026-09-01,452,210,69,593,50
INV0004258,P0258,2026-09-01,264,18,135,147,60
INV0004259,P0259,2026-09-01,119,164,90,193,50
INV0004260,P0260,2026-09-01,630,273,96,807,50
INV0004261,P0261,2026-09-01,451,127,93,485,50
INV0004262,P0262,2026-09-01,570,186,69,687,50
INV0004263,P0263,2026-09-01,536,397,147,786,66
INV0004264,P0264,2026-09-01,268,393,69,592,50
INV0004265,P0265,2026-09-01,253,209,27,435,50
INV0004266,P0266,2026-09-01,194,220,149,265,67
INV0004267,P0267,2026-09-01,64,372,66,370,50
INV0004268,P0268,2026-09-01,550,399,96,853,50
INV0004269,P0269,2026-09-01,546,57,176,427,79
INV0004270,P0270,2026-09-01,631,276,116,791,52
INV0004271,P0271,2026-09-01,210,333,162,381,72
INV0004272,P0272,2026-09-01,661,98,36,723,50
INV0004273,P0273,2026-09-01,367,27,176,218,79
INV0004274,P0274,2026-09-01,70,141,165,46,74
INV0004275,P0275,2026-09-01,164,140,26,278,50
INV0004276,P0276,2026-09-01,671,91,134,628,60
INV0004277,P0277,2026-09-01,447,244,121,570,54
INV0004278,P0278,2026-09-01,526,251,76,701,50
INV0004279,P0279,2026-09-01,620,231,10,841,50
INV0004280,P0280,2026-09-01,165,21,8,178,50
INV0004281,P0281,2026-09-01,681,161,159,683,71
INV0004282,P0282,2026-09-01,94,170,27,237,50
INV0004283,P0283,2026-09-01,386,217,40,563,50
INV0004284,P0284,2026-09-01,395,181,88,488,50
INV0004285,P0285,2026-09-01,591,218,42,767,50
INV0004286,P0286,2026-09-01,129,91,156,64,70
INV0004287,P0287,2026-09-01,419,151,77,493,50
INV0004288,P0288,2026-09-01,482,326,26,782,50
INV0004289,P0289,2026-09-01,362,354,158,558,71
INV0004290,P0290,2026-09-01,351,282,29,604,50
INV0004291,P0291,2026-09-01,221,281,101,401,50
INV0004292,P0292,2026-09-01,366,56,51,371,50
INV0004293,P0293,2026-09-01,261,58,176,143,79
INV0004294,P0294,2026-09-01,259,271,24,506,50
INV0004295,P0295,2026-09-01,330,209,178,361,80
INV0004296,P0296,2026-09-01,115,138,172,81,77
INV0004297,P0297,2026-09-01,311,357,46,622,50
INV0004298,P0298,2026-09-01,312,327,172,467,77
INV0004299,P0299,2026-09-01,285,18,64,239,50
INV0004300,P0300,2026-09-01,337,272,114,495,51
INV0004301,P0301,2026-09-01,174,200,140,234,63
INV0004302,P0302,2026-09-01,411,47,5,453,50
INV0004303,P0303,2026-09-01,102,359,41,420,50
INV0004304,P0304,2026-09-01,665,55,114,606,51
INV0004305,P0305,2026-09-01,265,27,177,115,79
INV0004306,P0306,2026-09-01,219,305,6,518,50
INV0004307,P0307,2026-09-01,57,102,48,111,50
INV0004308,P0308,2026-09-01,577,374,31,920,50
INV0004309,P0309,2026-09-01,567,254,60,761,50
INV0004310,P0310,2026-09-01,221,351,16,556,50
INV0004311,P0311,2026-09-01,518,290,53,755,50
INV0004312,P0312,2026-09-01,271,156,143,284,64
INV0004313,P0313,2026-09-01,482,139,109,512,50
INV0004314,P0314,2026-09-01,288,328,149,467,67
INV0004315,P0315,2026-09-01,617,263,62,818,50
INV0004316,P0316,2026-09-01,463,178,143,498,64
INV0004317,P0317,2026-09-01,498,233,127,604,57
INV0004318,P0318,2026-09-01,315,60,115,260,51
INV0004319,P0319,2026-09-01,626,240,95,771,50
INV0004320,P0320,2026-09-01,407,146,64,489,50
INV0004321,P0321,2026-09-01,247,203,141,309,63
INV0004322,P0322,2026-09-01,386,105,121,370,54
INV0004323,P0323,2026-09-01,524,167,127,564,57
INV0004324,P0324,2026-09-01,301,112,84,329,50
INV0004325,P0325,2026-09-01,432,325,33,724,50
INV0004326,P0326,2026-09-01,513,349,145,717,65
INV0004327,P0327,2026-09-01,556,326,62,820,50
INV0004328,P0328,2026-09-01,202,99,160,141,72
INV0004329,P0329,2026-09-01,105,246,77,274,50
INV0004330,P0330,2026-09-01,283,326,128,481,57
INV0004331,P0331,2026-09-01,477,33,78,432,50
INV0004332,P0332,2026-09-01,84,393,97,380,50
INV0004333,P0333,2026-09-01,58,345,153,250,68
INV0004334,P0334,2026-09-01,590,300,102,788,50
INV0004335,P0335,2026-09-01,393,251,135,509,60
INV0004336,P0336,2026-09-01,384,199,103,480,50
INV0004337,P0337,2026-09-01,468,300,150,618,67
INV0004338,P0338,2026-09-01,373,18,118,273,53
INV0004339,P0339,2026-09-01,598,117,130,585,58
INV0004340,P0340,2026-09-01,124,95,105,114,50
INV0004341,P0341,2026-09-01,648,178,121,705,54
INV0004342,P0342,2026-09-01,655,211,103,763,50
INV0004343,P0343,2026-09-01,143,135,110,168,50
INV0004344,P0344,2026-09-01,627,334,21,940,50
INV0004345,P0345,2026-09-01,84,343,31,396,50
INV0004346,P0346,2026-09-01,394,147,177,364,79
INV0004347,P0347,2026-09-01,370,272,122,520,54
INV0004348,P0348,2026-09-01,520,157,6,671,50
INV0004349,P0349,2026-09-01,525,245,174,596,78
INV0004350,P0350,2026-09-01,576,225,141,660,63
INV0004351,P0351,2026-09-01,526,380,13,893,50
INV0004352,P0352,2026-09-01,379,319,88,610,50
INV0004353,P0353,2026-09-01,102,69,35,136,50
INV0004354,P0354,2026-09-01,422,355,43,734,50
INV0004355,P0355,2026-09-01,490,297,169,618,76
INV0004356,P0356,2026-09-01,354,43,135,262,60
INV0004357,P0357,2026-09-01,662,243,76,829,50
INV0004358,P0358,2026-09-01,138,380,51,467,50
INV0004359,P0359,2026-09-01,665,339,83,921,50
INV0004360,P0360,2026-09-01,282,310,37,555,50
INV0004361,P0361,2026-09-01,153,312,101,364,50
INV0004362,P0362,2026-09-01,520,1,99,422,50
INV0004363,P0363,2026-09-01,572,71,25,618,50
INV0004364,P0364,2026-09-01,540,204,90,654,50
INV0004365,P0365,2026-09-01,59,390,35,414,50
INV0004366,P0366,2026-09-01,124,96,103,117,50
INV0004367,P0367,2026-09-01,597,210,65,742,50
INV0004368,P0368,2026-09-01,422,75,120,377,54
INV0004369,P0369,2026-09-01,392,58,55,395,50
INV0004370,P0370,2026-09-01,177,32,100,109,50
INV0004371,P0371,2026-09-01,618,354,127,845,57
INV0004372,P0372,2026-09-01,565,98,118,545,53
INV0004373,P0373,2026-09-01,461,241,21,681,50
INV0004374,P0374,2026-09-01,232,46,94,184,50
INV0004375,P0375,2026-09-01,117,92,121,88,54
INV0004376,P0376,2026-09-01,354,314,173,495,77
INV0004377,P0377,2026-09-01,419,65,106,378,50
INV0004378,P0378,2026-09-01,389,123,89,423,50
INV0004379,P0379,2026-09-01,595,280,147,728,66
INV0004380,P0380,2026-09-01,328,364,113,579,50
INV0004381,P0381,2026-09-01,528,20,40,508,50
INV0004382,P0382,2026-09-01,692,236,69,859,50
INV0004383,P0383,2026-09-01,521,52,8,565,50
INV0004384,P0384,2026-09-01,572,257,10,819,50
INV0004385,P0385,2026-09-01,414,377,62,729,50
INV0004386,P0386,2026-09-01,167,388,34,521,50
INV0004387,P0387,2026-09-01,667,38,123,582,55
INV0004388,P0388,2026-09-01,662,121,85,698,50
INV0004389,P0389,2026-09-01,295,107,162,240,72
INV0004390,P0390,2026-09-01,128,165,84,209,50
INV0004391,P0391,2026-09-01,291,9,15,285,50
INV0004392,P0392,2026-09-01,120,75,65,130,50
INV0004393,P0393,2026-09-01,462,4,99,367,50
INV0004394,P0394,2026-09-01,590,288,117,761,52
INV0004395,P0395,2026-09-01,209,290,83,416,50
INV0004396,P0396,2026-09-01,140,29,89,80,50
INV0004397,P0397,2026-09-01,616,122,56,682,50
INV0004398,P0398,2026-09-01,72,137,37,172,50
INV0004399,P0399,2026-09-01,586,363,5,944,50
INV0004400,P0400,2026-09-01,124,216,163,177,73
INV0004401,P0401,2026-09-01,384,349,34,699,50
INV0004402,P0402,2026-09-01,212,8,17,203,50
INV0004403,P0403,2026-09-01,235,203,13,425,50
INV0004404,P0404,2026-09-01,661,90,102,649,50
INV0004405,P0405,2026-09-01,285,198,179,304,80
INV0004406,P0406,2026-09-01,200,283,98,385,50
INV0004407,P0407,2026-09-01,102,311,84,329,50
INV0004408,P0408,2026-09-01,80,315,51,344,50
INV0004409,P0409,2026-09-01,448,135,111,472,50
INV0004410,P0410,2026-09-01,458,84,26,516,50
INV0004411,P0411,2026-09-01,315,263,27,551,50
INV0004412,P0412,2026-09-01,334,290,160,464,72
INV0004413,P0413,2026-09-01,379,323,129,573,58
INV0004414,P0414,2026-09-01,426,217,106,537,50
INV0004415,P0415,2026-09-01,432,375,12,795,50
INV0004416,P0416,2026-09-01,616,1,17,600,50
INV0004417,P0417,2026-09-01,690,66,14,742,50
INV0004418,P0418,2026-09-01,170,0,177,0,79
INV0004419,P0419,2026-09-01,305,105,9,401,50
INV0004420,P0420,2026-09-01,444,287,165,566,74
INV0004421,P0421,2026-09-01,561,243,22,782,50
INV0004422,P0422,2026-09-01,370,115,91,394,50
INV0004423,P0423,2026-09-01,441,360,152,649,68
INV0004424,P0424,2026-09-01,315,241,145,411,65
INV0004425,P0425,2026-09-01,558,381,163,776,73
INV0004426,P0426,2026-09-01,448,322,36,734,50
INV0004427,P0427,2026-09-01,275,394,165,504,74
INV0004428,P0428,2026-09-01,94,264,85,273,50
INV0004429,P0429,2026-09-01,422,353,90,685,50
INV0004430,P0430,2026-09-01,401,252,33,620,50
INV0004431,P0431,2026-09-01,92,231,99,224,50
INV0004432,P0432,2026-09-01,476,203,91,588,50
INV0004433,P0433,2026-09-01,239,212,114,337,51
INV0004434,P0434,2026-09-01,381,2,44,339,50
INV0004435,P0435,2026-09-01,591,362,104,849,50
INV0004436,P0436,2026-09-01,656,308,114,850,51
INV0004437,P0437,2026-09-01,330,148,177,301,79
INV0004438,P0438,2026-09-01,355,40,173,222,77
INV0004439,P0439,2026-09-01,462,348,70,740,50
INV0004440,P0440,2026-09-01,492,35,117,410,52
INV0004441,P0441,2026-09-01,140,267,157,250,70
INV0004442,P0442,2026-09-01,605,134,116,623,52
INV0004443,P0443,2026-09-01,618,99,92,625,50
INV0004444,P0444,2026-09-01,557,265,69,753,50
INV0004445,P0445,2026-09-01,267,53,22,298,50
INV0004446,P0446,2026-09-01,55,154,57,152,50
INV0004447,P0447,2026-09-01,220,276,108,388,50
INV0004448,P0448,2026-09-01,248,233,36,445,50
INV0004449,P0449,2026-09-01,160,27,66,121,50
INV0004450,P0450,2026-09-01,360,137,147,350,66
INV0004451,P0451,2026-09-01,123,228,57,294,50
INV0004452,P0452,2026-09-01,449,90,53,486,50
INV0004453,P0453,2026-09-01,301,395,73,623,50
INV0004454,P0454,2026-09-01,567,312,113,766,50
INV0004455,P0455,2026-09-01,332,149,18,463,50
INV0004456,P0456,2026-09-01,651,55,106,600,50
INV0004457,P0457,2026-09-01,624,222,20,826,50
INV0004458,P0458,2026-09-01,390,333,39,684,50
INV0004459,P0459,2026-09-01,149,349,118,380,53
INV0004460,P0460,2026-09-01,574,395,88,881,50
INV0004461,P0461,2026-09-01,323,337,40,620,50
INV0004462,P0462,2026-09-01,113,240,51,302,50
INV0004463,P0463,2026-09-01,99,233,152,180,68
INV0004464,P0464,2026-09-01,95,81,33,143,50
INV0004465,P0465,2026-09-01,579,135,48,666,50
INV0004466,P0466,2026-09-01,512,63,126,449,56
INV0004467,P0467,2026-09-01,190,227,121,296,54
INV0004468,P0468,2026-09-01,608,220,167,661,75
INV0004469,P0469,2026-09-01,98,88,85,101,50
INV0004470,P0470,2026-09-01,455,109,113,451,50
INV0004471,P0471,2026-09-01,146,235,117,264,52
INV0004472,P0472,2026-09-01,204,221,33,392,50
INV0004473,P0473,2026-09-01,421,2,179,244,80
INV0004474,P0474,2026-09-01,286,65,53,298,50
INV0004475,P0475,2026-09-01,364,203,150,417,67
INV0004476,P0476,2026-09-01,686,124,86,724,50
INV0004477,P0477,2026-09-01,179,202,51,330,50
INV0004478,P0478,2026-09-01,473,194,92,575,50
INV0004479,P0479,2026-09-01,698,259,37,920,50
INV0004480,P0480,2026-09-01,526,251,40,737,50
INV0004481,P0481,2026-09-01,584,333,177,740,79
INV0004482,P0482,2026-09-01,650,395,35,1010,50
INV0004483,P0483,2026-09-01,595,195,124,666,55
INV0004484,P0484,2026-09-01,622,372,130,864,58
INV0004485,P0485,2026-09-01,316,101,97,320,50
INV0004486,P0486,2026-09-01,375,154,112,417,50
INV0004487,P0487,2026-09-01,499,382,119,762,53
INV0004488,P0488,2026-09-01,178,228,69,337,50
INV0004489,P0489,2026-09-01,547,336,97,786,50
INV0004490,P0490,2026-09-01,504,104,152,456,68
INV0004491,P0491,2026-09-01,627,142,81,688,50
INV0004492,P0492,2026-09-01,306,245,170,381,76
INV0004493,P0493,2026-09-01,326,95,45,376,50
INV0004494,P0494,2026-09-01,284,322,145,461,65
INV0004495,P0495,2026-09-01,553,201,79,675,50
INV0004496,P0496,2026-09-01,523,346,57,812,50
INV0004497,P0497,2026-09-01,294,51,107,238,50
INV0004498,P0498,2026-09-01,407,25,87,345,50
INV0004499,P0499,2026-09-01,365,94,76,383,50
INV0004500,P0500,2026-09-01,662,141,149,654,67
INV0004501,P0001,2026-10-01,50,70,221,0,99
INV0004502,P0002,2026-10-01,31,21,195,0,87
INV0004503,P0003,2026-10-01,107,363,71,399,50
INV0004504,P0004,2026-10-01,693,398,93,998,50
INV0004505,P0005,2026-10-01,75,136,95,116,50
INV0004506,P0006,2026-10-01,155,126,61,220,50
INV0004507,P0007,2026-10-01,221,383,179,425,80
INV0004508,P0008,2026-10-01,620,54,162,512,72
INV0004509,P0009,2026-10-01,676,146,115,707,51
INV0004510,P0010,2026-10-01,81,330,132,279,59
INV0004511,P0011,2026-10-01,336,209,66,479,50
INV0004512,P0012,2026-10-01,185,305,50,440,50
INV0004513,P0013,2026-10-01,631,320,43,908,50
INV0004514,P0014,2026-10-01,343,127,56,414,50
INV0004515,P0015,2026-10-01,476,295,127,644,57
INV0004516,P0016,2026-10-01,452,310,97,665,50
INV0004517,P0017,2026-10-01,267,6,46,227,50
INV0004518,P0018,2026-10-01,193,218,28,383,50
INV0004519,P0019,2026-10-01,687,227,154,760,69
INV0004520,P0020,2026-10-01,195,300,65,430,50
INV0004521,P0021,2026-10-01,549,67,100,516,50
INV0004522,P0022,2026-10-01,108,303,67,344,50
INV0004523,P0023,2026-10-01,514,139,6,647,50
INV0004524,P0024,2026-10-01,266,194,113,347,50
INV0004525,P0025,2026-10-01,377,96,42,431,50
INV0004526,P0026,2026-10-01,677,182,20,839,50
INV0004527,P0027,2026-10-01,649,147,87,709,50
INV0004528,P0028,2026-10-01,295,101,94,302,50
INV0004529,P0029,2026-10-01,670,302,110,862,50
INV0004530,P0030,2026-10-01,579,249,177,651,79
INV0004531,P0031,2026-10-01,302,297,13,586,50
INV0004532,P0032,2026-10-01,445,330,49,726,50
INV0004533,P0033,2026-10-01,488,66,115,439,51
INV0004534,P0034,2026-10-01,64,117,74,107,50
INV0004535,P0035,2026-10-01,220,8,167,61,75
INV0004536,P0036,2026-10-01,605,5,64,546,50
INV0004537,P0037,2026-10-01,642,95,80,657,50
INV0004538,P0038,2026-10-01,203,45,101,147,50
INV0004539,P0039,2026-10-01,161,7,11,157,50
INV0004540,P0040,2026-10-01,617,249,138,728,62
INV0004541,P0041,2026-10-01,638,15,173,480,77
INV0004542,P0042,2026-10-01,153,366,162,357,72
INV0004543,P0043,2026-10-01,376,321,92,605,50
INV0004544,P0044,2026-10-01,568,217,15,770,50
INV0004545,P0045,2026-10-01,414,53,19,448,50
INV0004546,P0046,2026-10-01,548,305,18,835,50
INV0004547,P0047,2026-10-01,213,330,17,526,50
INV0004548,P0048,2026-10-01,166,327,50,443,50
INV0004549,P0049,2026-10-01,420,65,150,335,67
INV0004550,P0050,2026-10-01,327,142,120,349,54
INV0004551,P0051,2026-10-01,81,19,197,0,88
INV0004552,P0052,2026-10-01,346,81,43,384,50
INV0004553,P0053,2026-10-01,64,381,81,364,50
INV0004554,P0054,2026-10-01,574,387,65,896,50
INV0004555,P0055,2026-10-01,647,54,157,544,70
INV0004556,P0056,2026-10-01,290,287,175,402,78
INV0004557,P0057,2026-10-01,479,226,27,678,50
INV0004558,P0058,2026-10-01,616,176,33,759,50
INV0004559,P0059,2026-10-01,147,167,138,176,62
INV0004560,P0060,2026-10-01,251,4,145,110,65
INV0004561,P0061,2026-10-01,117,92,90,119,50
INV0004562,P0062,2026-10-01,569,195,17,747,50
INV0004563,P0063,2026-10-01,158,97,15,240,50
INV0004564,P0064,2026-10-01,153,217,40,330,50
INV0004565,P0065,2026-10-01,84,395,88,391,50
INV0004566,P0066,2026-10-01,305,311,37,579,50
INV0004567,P0067,2026-10-01,256,341,158,439,71
INV0004568,P0068,2026-10-01,247,272,176,343,79
INV0004569,P0069,2026-10-01,502,40,19,523,50
INV0004570,P0070,2026-10-01,376,374,150,600,67
INV0004571,P0071,2026-10-01,411,242,62,591,50
INV0004572,P0072,2026-10-01,282,305,33,554,50
INV0004573,P0073,2026-10-01,464,375,52,787,50
INV0004574,P0074,2026-10-01,430,310,35,705,50
INV0004575,P0075,2026-10-01,71,347,13,405,50
INV0004576,P0076,2026-10-01,464,342,63,743,50
INV0004577,P0077,2026-10-01,555,230,111,674,50
INV0004578,P0078,2026-10-01,668,270,113,825,50
INV0004579,P0079,2026-10-01,87,245,149,183,67
INV0004580,P0080,2026-10-01,419,206,171,454,76
INV0004581,P0081,2026-10-01,74,223,6,291,50
INV0004582,P0082,2026-10-01,529,101,150,480,67
INV0004583,P0083,2026-10-01,558,134,122,570,54
INV0004584,P0084,2026-10-01,218,46,20,244,50
INV0004585,P0085,2026-10-01,279,363,144,498,64
INV0004586,P0086,2026-10-01,680,353,136,897,61
INV0004587,P0087,2026-10-01,484,333,112,705,50
INV0004588,P0088,2026-10-01,515,167,28,654,50
INV0004589,P0089,2026-10-01,410,132,23,519,50
INV0004590,P0090,2026-10-01,476,356,31,801,50
INV0004591,P0091,2026-10-01,442,303,33,712,50
INV0004592,P0092,2026-10-01,526,111,37,600,50
INV0004593,P0093,2026-10-01,160,226,20,366,50
INV0004594,P0094,2026-10-01,103,26,164,0,73
INV0004595,P0095,2026-10-01,521,92,70,543,50
INV0004596,P0096,2026-10-01,594,262,153,703,68
INV0004597,P0097,2026-10-01,504,101,100,505,50
INV0004598,P0098,2026-10-01,602,45,118,529,53
INV0004599,P0099,2026-10-01,320,312,5,627,50
INV0004600,P0100,2026-10-01,568,82,136,514,61
INV0004601,P0101,2026-10-01,287,330,11,606,50
INV0004602,P0102,2026-10-01,227,312,161,378,72
INV0004603,P0103,2026-10-01,676,203,23,856,50
INV0004604,P0104,2026-10-01,623,67,27,663,50
INV0004605,P0105,2026-10-01,341,115,85,371,50
INV0004606,P0106,2026-10-01,211,307,71,447,50
INV0004607,P0107,2026-10-01,64,279,104,239,50
INV0004608,P0108,2026-10-01,403,228,178,453,80
INV0004609,P0109,2026-10-01,293,365,22,636,50
INV0004610,P0110,2026-10-01,330,300,145,485,65
INV0004611,P0111,2026-10-01,505,238,108,635,50
INV0004612,P0112,2026-10-01,115,136,32,219,50
INV0004613,P0113,2026-10-01,161,29,61,129,50
INV0004614,P0114,2026-10-01,162,378,123,417,55
INV0004615,P0115,2026-10-01,147,102,26,223,50
INV0004616,P0116,2026-10-01,591,144,117,618,52
INV0004617,P0117,2026-10-01,130,321,114,337,51
INV0004618,P0118,2026-10-01,306,62,172,196,77
INV0004619,P0119,2026-10-01,481,363,158,686,71
INV0004620,P0120,2026-10-01,608,89,9,688,50
INV0004621,P0121,2026-10-01,611,73,79,605,50
INV0004622,P0122,2026-10-01,167,27,95,99,50
INV0004623,P0123,2026-10-01,262,299,176,385,79
INV0004624,P0124,2026-10-01,251,30,94,187,50
INV0004625,P0125,2026-10-01,425,227,83,569,50
INV0004626,P0126,2026-10-01,603,132,131,604,58
INV0004627,P0127,2026-10-01,404,126,142,388,63
INV0004628,P0128,2026-10-01,258,261,126,393,56
INV0004629,P0129,2026-10-01,220,237,30,427,50
INV0004630,P0130,2026-10-01,180,167,143,204,64
INV0004631,P0131,2026-10-01,336,270,166,440,74
INV0004632,P0132,2026-10-01,249,309,99,459,50
INV0004633,P0133,2026-10-01,416,68,5,479,50
INV0004634,P0134,2026-10-01,331,210,69,472,50
INV0004635,P0135,2026-10-01,372,314,7,679,50
INV0004636,P0136,2026-10-01,188,49,37,200,50
INV0004637,P0137,2026-10-01,344,317,50,611,50
INV0004638,P0138,2026-10-01,205,201,73,333,50
INV0004639,P0139,2026-10-01,67,372,15,424,50
INV0004640,P0140,2026-10-01,559,399,64,894,50
INV0004641,P0141,2026-10-01,587,89,163,513,73
INV0004642,P0142,2026-10-01,348,343,105,586,50
INV0004643,P0143,2026-10-01,155,7,26,136,50
INV0004644,P0144,2026-10-01,410,206,65,551,50
INV0004645,P0145,2026-10-01,483,253,116,620,52
INV0004646,P0146,2026-10-01,174,123,130,167,58
INV0004647,P0147,2026-10-01,531,73,75,529,50
INV0004648,P0148,2026-10-01,531,94,156,469,70
INV0004649,P0149,2026-10-01,523,225,59,689,50
INV0004650,P0150,2026-10-01,139,210,138,211,62
INV0004651,P0151,2026-10-01,142,355,20,477,50
INV0004652,P0152,2026-10-01,406,79,61,424,50
INV0004653,P0153,2026-10-01,65,76,118,23,53
INV0004654,P0154,2026-10-01,644,231,177,698,79
INV0004655,P0155,2026-10-01,641,181,143,679,64
INV0004656,P0156,2026-10-01,108,82,109,81,50
INV0004657,P0157,2026-10-01,588,65,52,601,50
INV0004658,P0158,2026-10-01,124,256,31,349,50
INV0004659,P0159,2026-10-01,55,124,25,154,50
INV0004660,P0160,2026-10-01,466,177,36,607,50
INV0004661,P0161,2026-10-01,166,375,113,428,50
INV0004662,P0162,2026-10-01,678,155,118,715,53
INV0004663,P0163,2026-10-01,664,121,138,647,62
INV0004664,P0164,2026-10-01,372,298,166,504,74
INV0004665,P0165,2026-10-01,233,32,99,166,50
INV0004666,P0166,2026-10-01,54,396,136,314,61
INV0004667,P0167,2026-10-01,65,286,8,343,50
INV0004668,P0168,2026-10-01,372,316,118,570,53
INV0004669,P0169,2026-10-01,233,168,54,347,50
INV0004670,P0170,2026-10-01,256,50,94,212,50
INV0004671,P0171,2026-10-01,692,392,117,967,52
INV0004672,P0172,2026-10-01,548,234,51,731,50
INV0004673,P0173,2026-10-01,473,274,18,729,50
INV0004674,P0174,2026-10-01,138,250,83,305,50
INV0004675,P0175,2026-10-01,517,359,151,725,67
INV0004676,P0176,2026-10-01,133,309,133,309,59
INV0004677,P0177,2026-10-01,98,100,8,190,50
INV0004678,P0178,2026-10-01,223,87,111,199,50
INV0004679,P0179,2026-10-01,633,63,152,544,68
INV0004680,P0180,2026-10-01,569,345,136,778,61
INV0004681,P0181,2026-10-01,212,93,6,299,50
INV0004682,P0182,2026-10-01,650,108,5,753,50
INV0004683,P0183,2026-10-01,697,125,125,697,56
INV0004684,P0184,2026-10-01,645,107,103,649,50
INV0004685,P0185,2026-10-01,132,288,20,400,50
INV0004686,P0186,2026-10-01,583,129,145,567,65
INV0004687,P0187,2026-10-01,633,83,108,608,50
INV0004688,P0188,2026-10-01,539,65,139,465,62
INV0004689,P0189,2026-10-01,256,176,70,362,50
INV0004690,P0190,2026-10-01,380,260,23,617,50
INV0004691,P0191,2026-10-01,367,82,5,444,50
INV0004692,P0192,2026-10-01,402,315,20,697,50
INV0004693,P0193,2026-10-01,573,356,19,910,50
INV0004694,P0194,2026-10-01,162,45,136,71,61
INV0004695,P0195,2026-10-01,436,354,56,734,50
INV0004696,P0196,2026-10-01,263,221,128,356,57
INV0004697,P0197,2026-10-01,612,173,120,665,54
INV0004698,P0198,2026-10-01,315,58,51,322,50
INV0004699,P0199,2026-10-01,454,177,70,561,50
INV0004700,P0200,2026-10-01,137,294,174,257,78
INV0004701,P0201,2026-10-01,151,184,48,287,50
INV0004702,P0202,2026-10-01,284,306,177,413,79
INV0004703,P0203,2026-10-01,362,198,11,549,50
INV0004704,P0204,2026-10-01,377,67,20,424,50
INV0004705,P0205,2026-10-01,112,255,177,190,79
INV0004706,P0206,2026-10-01,475,242,13,704,50
INV0004707,P0207,2026-10-01,494,10,149,355,67
INV0004708,P0208,2026-10-01,229,135,119,245,53
INV0004709,P0209,2026-10-01,125,16,86,55,50
INV0004710,P0210,2026-10-01,544,319,48,815,50
INV0004711,P0211,2026-10-01,667,301,51,917,50
INV0004712,P0212,2026-10-01,110,297,36,371,50
INV0004713,P0213,2026-10-01,511,310,127,694,57
INV0004714,P0214,2026-10-01,290,321,135,476,60
INV0004715,P0215,2026-10-01,297,290,101,486,50
INV0004716,P0216,2026-10-01,428,284,16,696,50
INV0004717,P0217,2026-10-01,389,249,34,604,50
INV0004718,P0218,2026-10-01,649,56,63,642,50
INV0004719,P0219,2026-10-01,140,119,154,105,69
INV0004720,P0220,2026-10-01,658,176,152,682,68
INV0004721,P0221,2026-10-01,527,196,64,659,50
INV0004722,P0222,2026-10-01,309,34,66,277,50
INV0004723,P0223,2026-10-01,515,245,132,628,59
INV0004724,P0224,2026-10-01,81,366,64,383,50
INV0004725,P0225,2026-10-01,626,22,85,563,50
INV0004726,P0226,2026-10-01,124,246,33,337,50
INV0004727,P0227,2026-10-01,227,340,116,451,52
INV0004728,P0228,2026-10-01,481,229,58,652,50
INV0004729,P0229,2026-10-01,147,320,98,369,50
INV0004730,P0230,2026-10-01,300,383,41,642,50
INV0004731,P0231,2026-10-01,383,151,35,499,50
INV0004732,P0232,2026-10-01,88,88,81,95,50
INV0004733,P0233,2026-10-01,646,336,135,847,60
INV0004734,P0234,2026-10-01,690,8,101,597,50
INV0004735,P0235,2026-10-01,345,223,144,424,64
INV0004736,P0236,2026-10-01,478,206,130,554,58
INV0004737,P0237,2026-10-01,428,345,172,601,77
INV0004738,P0238,2026-10-01,531,270,130,671,58
INV0004739,P0239,2026-10-01,427,175,104,498,50
INV0004740,P0240,2026-10-01,671,143,40,774,50
INV0004741,P0241,2026-10-01,171,230,133,268,59
INV0004742,P0242,2026-10-01,240,316,125,431,56
INV0004743,P0243,2026-10-01,282,307,104,485,50
INV0004744,P0244,2026-10-01,176,145,166,155,74
INV0004745,P0245,2026-10-01,526,43,41,528,50
INV0004746,P0246,2026-10-01,537,139,156,520,70
INV0004747,P0247,2026-10-01,353,6,6,353,50
INV0004748,P0248,2026-10-01,624,215,40,799,50
INV0004749,P0249,2026-10-01,229,135,161,203,72
INV0004750,P0250,2026-10-01,313,233,156,390,70
INV0004751,P0251,2026-10-01,115,210,93,232,50
INV0004752,P0252,2026-10-01,685,265,150,800,67
INV0004753,P0253,2026-10-01,163,147,86,224,50
INV0004754,P0254,2026-10-01,130,245,48,327,50
INV0004755,P0255,2026-10-01,100,34,140,0,63
INV0004756,P0256,2026-10-01,334,261,80,515,50
INV0004757,P0257,2026-10-01,299,174,118,355,53
INV0004758,P0258,2026-10-01,600,192,116,676,52
INV0004759,P0259,2026-10-01,288,53,6,335,50
INV0004760,P0260,2026-10-01,231,164,28,367,50
INV0004761,P0261,2026-10-01,85,150,38,197,50
INV0004762,P0262,2026-10-01,534,308,136,706,61
INV0004763,P0263,2026-10-01,383,125,35,473,50
INV0004764,P0264,2026-10-01,549,258,53,754,50
INV0004765,P0265,2026-10-01,538,393,112,819,50
INV0004766,P0266,2026-10-01,106,367,76,397,50
INV0004767,P0267,2026-10-01,500,300,37,763,50
INV0004768,P0268,2026-10-01,499,194,104,589,50
INV0004769,P0269,2026-10-01,171,194,90,275,50
INV0004770,P0270,2026-10-01,233,219,141,311,63
INV0004771,P0271,2026-10-01,516,117,87,546,50
INV0004772,P0272,2026-10-01,115,330,5,440,50
INV0004773,P0273,2026-10-01,582,178,153,607,68
INV0004774,P0274,2026-10-01,472,89,97,464,50
INV0004775,P0275,2026-10-01,330,194,109,415,50
INV0004776,P0276,2026-10-01,448,244,163,529,73
INV0004777,P0277,2026-10-01,620,189,49,760,50
INV0004778,P0278,2026-10-01,445,148,81,512,50
INV0004779,P0279,2026-10-01,138,164,161,141,72
INV0004780,P0280,2026-10-01,625,17,64,578,50
INV0004781,P0281,2026-10-01,293,356,59,590,50
INV0004782,P0282,2026-10-01,516,56,42,530,50
INV0004783,P0283,2026-10-01,250,61,174,137,78
INV0004784,P0284,2026-10-01,200,280,164,316,73
INV0004785,P0285,2026-10-01,537,94,98,533,50
INV0004786,P0286,2026-10-01,209,169,98,280,50
INV0004787,P0287,2026-10-01,123,5,73,55,50
INV0004788,P0288,2026-10-01,365,127,30,462,50
INV0004789,P0289,2026-10-01,152,370,97,425,50
INV0004790,P0290,2026-10-01,621,292,108,805,50
INV0004791,P0291,2026-10-01,209,193,77,325,50
INV0004792,P0292,2026-10-01,301,38,77,262,50
INV0004793,P0293,2026-10-01,421,182,125,478,56
INV0004794,P0294,2026-10-01,264,70,149,185,67
INV0004795,P0295,2026-10-01,584,36,49,571,50
INV0004796,P0296,2026-10-01,512,214,33,693,50
INV0004797,P0297,2026-10-01,477,224,119,582,53
INV0004798,P0298,2026-10-01,166,191,62,295,50
INV0004799,P0299,2026-10-01,601,117,175,543,78
INV0004800,P0300,2026-10-01,551,389,113,827,50
INV0004801,P0301,2026-10-01,215,299,51,463,50
INV0004802,P0302,2026-10-01,89,215,57,247,50
INV0004803,P0303,2026-10-01,116,268,102,282,50
INV0004804,P0304,2026-10-01,568,273,169,672,76
INV0004805,P0305,2026-10-01,218,87,39,266,50
INV0004806,P0306,2026-10-01,533,218,146,605,65
INV0004807,P0307,2026-10-01,70,195,135,130,60
INV0004808,P0308,2026-10-01,108,377,166,319,74
INV0004809,P0309,2026-10-01,428,2,171,259,76
INV0004810,P0310,2026-10-01,242,397,124,515,55
INV0004811,P0311,2026-10-01,687,98,38,747,50
INV0004812,P0312,2026-10-01,644,397,88,953,50
INV0004813,P0313,2026-10-01,520,44,166,398,74
INV0004814,P0314,2026-10-01,177,201,8,370,50
INV0004815,P0315,2026-10-01,160,359,100,419,50
INV0004816,P0316,2026-10-01,666,379,161,884,72
INV0004817,P0317,2026-10-01,397,123,148,372,66
INV0004818,P0318,2026-10-01,309,250,101,458,50
INV0004819,P0319,2026-10-01,250,84,114,220,51
INV0004820,P0320,2026-10-01,469,33,166,336,74
INV0004821,P0321,2026-10-01,87,69,16,140,50
INV0004822,P0322,2026-10-01,543,291,36,798,50
INV0004823,P0323,2026-10-01,601,179,28,752,50
INV0004824,P0324,2026-10-01,422,261,84,599,50
INV0004825,P0325,2026-10-01,127,374,111,390,50
INV0004826,P0326,2026-10-01,280,199,164,315,73
INV0004827,P0327,2026-10-01,610,314,54,870,50
INV0004828,P0328,2026-10-01,248,240,149,339,67
INV0004829,P0329,2026-10-01,325,340,110,555,50
INV0004830,P0330,2026-10-01,637,131,77,691,50
INV0004831,P0331,2026-10-01,440,177,37,580,50
INV0004832,P0332,2026-10-01,415,41,56,400,50
INV0004833,P0333,2026-10-01,370,106,95,381,50
INV0004834,P0334,2026-10-01,443,101,99,445,50
INV0004835,P0335,2026-10-01,521,198,127,592,57
INV0004836,P0336,2026-10-01,229,255,173,311,77
INV0004837,P0337,2026-10-01,439,54,119,374,53
INV0004838,P0338,2026-10-01,277,87,39,325,50
INV0004839,P0339,2026-10-01,512,354,102,764,50
INV0004840,P0340,2026-10-01,55,320,88,287,50
INV0004841,P0341,2026-10-01,693,219,103,809,50
INV0004842,P0342,2026-10-01,356,129,177,308,79
INV0004843,P0343,2026-10-01,242,145,77,310,50
INV0004844,P0344,2026-10-01,593,283,144,732,64
INV0004845,P0345,2026-10-01,183,55,107,131,50
INV0004846,P0346,2026-10-01,338,212,101,449,50
INV0004847,P0347,2026-10-01,176,53,27,202,50
INV0004848,P0348,2026-10-01,669,249,38,880,50
INV0004849,P0349,2026-10-01,441,226,48,619,50
INV0004850,P0350,2026-10-01,610,169,163,616,73
INV0004851,P0351,2026-10-01,158,350,136,372,61
INV0004852,P0352,2026-10-01,227,146,7,366,50
INV0004853,P0353,2026-10-01,127,186,156,157,70
INV0004854,P0354,2026-10-01,601,271,173,699,77
INV0004855,P0355,2026-10-01,504,121,9,616,50
INV0004856,P0356,2026-10-01,568,23,109,482,50
INV0004857,P0357,2026-10-01,238,181,107,312,50
INV0004858,P0358,2026-10-01,140,179,50,269,50
INV0004859,P0359,2026-10-01,655,309,28,936,50
INV0004860,P0360,2026-10-01,367,172,89,450,50
INV0004861,P0361,2026-10-01,377,62,28,411,50
INV0004862,P0362,2026-10-01,696,282,96,882,50
INV0004863,P0363,2026-10-01,379,196,176,399,79
INV0004864,P0364,2026-10-01,283,25,25,283,50
INV0004865,P0365,2026-10-01,269,157,57,369,50
INV0004866,P0366,2026-10-01,76,261,30,307,50
INV0004867,P0367,2026-10-01,231,318,155,394,69
INV0004868,P0368,2026-10-01,508,176,32,652,50
INV0004869,P0369,2026-10-01,634,231,74,791,50
INV0004870,P0370,2026-10-01,552,395,41,906,50
INV0004871,P0371,2026-10-01,247,193,24,416,50
INV0004872,P0372,2026-10-01,686,84,97,673,50
INV0004873,P0373,2026-10-01,131,136,99,168,50
INV0004874,P0374,2026-10-01,623,70,49,644,50
INV0004875,P0375,2026-10-01,435,179,45,569,50
INV0004876,P0376,2026-10-01,373,142,175,340,78
INV0004877,P0377,2026-10-01,443,260,141,562,63
INV0004878,P0378,2026-10-01,366,295,31,630,50
INV0004879,P0379,2026-10-01,697,240,120,817,54
INV0004880,P0380,2026-10-01,267,185,152,300,68
INV0004881,P0381,2026-10-01,453,16,62,407,50
INV0004882,P0382,2026-10-01,479,26,122,383,54
INV0004883,P0383,2026-10-01,230,154,28,356,50
INV0004884,P0384,2026-10-01,527,192,157,562,70
INV0004885,P0385,2026-10-01,283,140,62,361,50
INV0004886,P0386,2026-10-01,580,265,90,755,50
INV0004887,P0387,2026-10-01,464,394,64,794,50
INV0004888,P0388,2026-10-01,489,168,38,619,50
INV0004889,P0389,2026-10-01,411,150,73,488,50
INV0004890,P0390,2026-10-01,113,370,26,457,50
INV0004891,P0391,2026-10-01,107,4,13,98,50
INV0004892,P0392,2026-10-01,244,130,179,195,80
INV0004893,P0393,2026-10-01,526,89,141,474,63
INV0004894,P0394,2026-10-01,485,255,164,576,73
INV0004895,P0395,2026-10-01,453,31,127,357,57
INV0004896,P0396,2026-10-01,374,72,51,395,50
INV0004897,P0397,2026-10-01,181,348,70,459,50
INV0004898,P0398,2026-10-01,498,11,84,425,50
INV0004899,P0399,2026-10-01,444,349,47,746,50
INV0004900,P0400,2026-10-01,69,61,32,98,50
INV0004901,P0401,2026-10-01,105,350,50,405,50
INV0004902,P0402,2026-10-01,619,223,104,738,50
INV0004903,P0403,2026-10-01,597,264,148,713,66
INV0004904,P0404,2026-10-01,124,47,95,76,50
INV0004905,P0405,2026-10-01,194,290,68,416,50
INV0004906,P0406,2026-10-01,427,329,21,735,50
INV0004907,P0407,2026-10-01,342,53,107,288,50
INV0004908,P0408,2026-10-01,117,153,173,97,77
INV0004909,P0409,2026-10-01,480,227,100,607,50
INV0004910,P0410,2026-10-01,133,15,171,0,76
INV0004911,P0411,2026-10-01,155,20,33,142,50
INV0004912,P0412,2026-10-01,380,330,140,570,63
INV0004913,P0413,2026-10-01,581,100,159,522,71
INV0004914,P0414,2026-10-01,136,127,173,90,77
INV0004915,P0415,2026-10-01,315,134,44,405,50
INV0004916,P0416,2026-10-01,68,84,14,138,50
INV0004917,P0417,2026-10-01,108,41,87,62,50
INV0004918,P0418,2026-10-01,81,65,169,0,76
INV0004919,P0419,2026-10-01,289,104,9,384,50
INV0004920,P0420,2026-10-01,407,305,138,574,62
INV0004921,P0421,2026-10-01,449,12,123,338,55
INV0004922,P0422,2026-10-01,581,359,89,851,50
INV0004923,P0423,2026-10-01,308,370,69,609,50
INV0004924,P0424,2026-10-01,519,261,46,734,50
INV0004925,P0425,2026-10-01,222,295,47,470,50
INV0004926,P0426,2026-10-01,682,356,138,900,62
INV0004927,P0427,2026-10-01,315,113,52,376,50
INV0004928,P0428,2026-10-01,176,260,126,310,56
INV0004929,P0429,2026-10-01,563,114,136,541,61
INV0004930,P0430,2026-10-01,105,377,80,402,50
INV0004931,P0431,2026-10-01,216,249,74,391,50
INV0004932,P0432,2026-10-01,95,309,23,381,50
INV0004933,P0433,2026-10-01,115,283,25,373,50
INV0004934,P0434,2026-10-01,481,81,90,472,50
INV0004935,P0435,2026-10-01,78,241,135,184,60
INV0004936,P0436,2026-10-01,123,268,174,217,78
INV0004937,P0437,2026-10-01,172,1,142,31,63
INV0004938,P0438,2026-10-01,264,233,73,424,50
INV0004939,P0439,2026-10-01,588,398,18,968,50
INV0004940,P0440,2026-10-01,297,285,50,532,50
INV0004941,P0441,2026-10-01,177,228,119,286,53
INV0004942,P0442,2026-10-01,615,195,152,658,68
INV0004943,P0443,2026-10-01,252,36,137,151,61
INV0004944,P0444,2026-10-01,131,233,63,301,50
INV0004945,P0445,2026-10-01,441,64,152,353,68
INV0004946,P0446,2026-10-01,589,279,34,834,50
INV0004947,P0447,2026-10-01,652,267,102,817,50
INV0004948,P0448,2026-10-01,471,209,40,640,50
INV0004949,P0449,2026-10-01,139,190,111,218,50
INV0004950,P0450,2026-10-01,608,332,159,781,71
INV0004951,P0451,2026-10-01,444,199,175,468,78
INV0004952,P0452,2026-10-01,210,127,135,202,60
INV0004953,P0453,2026-10-01,51,204,103,152,50
INV0004954,P0454,2026-10-01,587,372,171,788,76
INV0004955,P0455,2026-10-01,383,24,41,366,50
INV0004956,P0456,2026-10-01,344,263,53,554,50
INV0004957,P0457,2026-10-01,337,53,151,239,67
INV0004958,P0458,2026-10-01,207,201,177,231,79
INV0004959,P0459,2026-10-01,314,222,25,511,50
INV0004960,P0460,2026-10-01,112,297,57,352,50
INV0004961,P0461,2026-10-01,243,43,56,230,50
INV0004962,P0462,2026-10-01,435,224,72,587,50
INV0004963,P0463,2026-10-01,600,154,58,696,50
INV0004964,P0464,2026-10-01,208,184,54,338,50
INV0004965,P0465,2026-10-01,59,103,161,1,72
INV0004966,P0466,2026-10-01,410,11,59,362,50
INV0004967,P0467,2026-10-01,116,24,85,55,50
INV0004968,P0468,2026-10-01,548,388,137,799,61
INV0004969,P0469,2026-10-01,91,240,162,169,72
INV0004970,P0470,2026-10-01,114,208,156,166,70
INV0004971,P0471,2026-10-01,253,255,125,383,56
INV0004972,P0472,2026-10-01,359,195,162,392,72
INV0004973,P0473,2026-10-01,487,5,75,417,50
INV0004974,P0474,2026-10-01,443,247,128,562,57
INV0004975,P0475,2026-10-01,87,373,169,291,76
INV0004976,P0476,2026-10-01,252,215,50,417,50
INV0004977,P0477,2026-10-01,550,321,92,779,50
INV0004978,P0478,2026-10-01,242,119,168,193,75
INV0004979,P0479,2026-10-01,489,255,174,570,78
INV0004980,P0480,2026-10-01,205,235,177,263,79
INV0004981,P0481,2026-10-01,604,60,33,631,50
INV0004982,P0482,2026-10-01,424,141,27,538,50
INV0004983,P0483,2026-10-01,70,187,71,186,50
INV0004984,P0484,2026-10-01,100,244,169,175,76
INV0004985,P0485,2026-10-01,384,89,121,352,54
INV0004986,P0486,2026-10-01,65,231,87,209,50
INV0004987,P0487,2026-10-01,143,250,54,339,50
INV0004988,P0488,2026-10-01,71,253,33,291,50
INV0004989,P0489,2026-10-01,485,23,86,422,50
INV0004990,P0490,2026-10-01,694,222,140,776,63
INV0004991,P0491,2026-10-01,349,153,124,378,55
INV0004992,P0492,2026-10-01,430,154,21,563,50
INV0004993,P0493,2026-10-01,172,8,15,165,50
INV0004994,P0494,2026-10-01,260,159,128,291,57
INV0004995,P0495,2026-10-01,82,223,174,131,78
INV0004996,P0496,2026-10-01,149,376,11,514,50
INV0004997,P0497,2026-10-01,655,27,119,563,53
INV0004998,P0498,2026-10-01,495,37,156,376,70
INV0004999,P0499,2026-10-01,180,204,24,360,50
INV0005000,P0500,2026-10-01,683,135,31,787,50
INV0005001,P0001,2026-11-01,60,57,248,0,111
INV0005002,P0002,2026-11-01,69,65,199,0,89
INV0005003,P0003,2026-11-01,516,88,77,527,50
INV0005004,P0004,2026-11-01,370,116,132,354,59
INV0005005,P0005,2026-11-01,63,21,71,13,50
INV0005006,P0006,2026-11-01,265,275,58,482,50
INV0005007,P0007,2026-11-01,552,305,155,702,69
INV0005008,P0008,2026-11-01,72,397,149,320,67
INV0005009,P0009,2026-11-01,327,246,71,502,50
INV0005010,P0010,2026-11-01,112,195,42,265,50
INV0005011,P0011,2026-11-01,426,224,97,553,50
INV0005012,P0012,2026-11-01,365,70,121,314,54
INV0005013,P0013,2026-11-01,506,187,21,672,50
INV0005014,P0014,2026-11-01,114,385,44,455,50
INV0005015,P0015,2026-11-01,321,5,103,223,50
INV0005016,P0016,2026-11-01,115,98,65,148,50
INV0005017,P0017,2026-11-01,422,313,123,612,55
INV0005018,P0018,2026-11-01,397,76,154,319,69
INV0005019,P0019,2026-11-01,568,128,163,533,73
INV0005020,P0020,2026-11-01,122,58,160,20,72
INV0005021,P0021,2026-11-01,327,39,154,212,69
INV0005022,P0022,2026-11-01,103,155,141,117,63
INV0005023,P0023,2026-11-01,142,266,40,368,50
INV0005024,P0024,2026-11-01,69,235,169,135,76
INV0005025,P0025,2026-11-01,224,253,44,433,50
INV0005026,P0026,2026-11-01,584,195,125,654,56
INV0005027,P0027,2026-11-01,169,162,125,206,56
INV0005028,P0028,2026-11-01,57,379,14,422,50
INV0005029,P0029,2026-11-01,356,139,52,443,50
INV0005030,P0030,2026-11-01,166,296,40,422,50
INV0005031,P0031,2026-11-01,277,197,155,319,69
INV0005032,P0032,2026-11-01,419,369,118,670,53
INV0005033,P0033,2026-11-01,484,146,158,472,71
INV0005034,P0034,2026-11-01,587,87,115,559,51
INV0005035,P0035,2026-11-01,349,334,155,528,69
INV0005036,P0036,2026-11-01,518,77,97,498,50
INV0005037,P0037,2026-11-01,160,287,112,335,50
INV0005038,P0038,2026-11-01,436,97,16,517,50
INV0005039,P0039,2026-11-01,426,120,146,400,65
INV0005040,P0040,2026-11-01,562,13,10,565,50
INV0005041,P0041,2026-11-01,288,36,8,316,50
INV0005042,P0042,2026-11-01,583,31,173,441,77
INV0005043,P0043,2026-11-01,664,295,163,796,73
INV0005044,P0044,2026-11-01,635,10,106,539,50
INV0005045,P0045,2026-11-01,395,108,72,431,50
INV0005046,P0046,2026-11-01,217,274,122,369,54
INV0005047,P0047,2026-11-01,596,346,45,897,50
INV0005048,P0048,2026-11-01,259,138,26,371,50
INV0005049,P0049,2026-11-01,246,15,30,231,50
INV0005050,P0050,2026-11-01,165,30,157,38,70
INV0005051,P0051,2026-11-01,86,75,231,0,103
INV0005052,P0052,2026-11-01,93,265,42,316,50
INV0005053,P0053,2026-11-01,384,5,58,331,50
INV0005054,P0054,2026-11-01,96,251,75,272,50
INV0005055,P0055,2026-11-01,587,366,112,841,50
INV0005056,P0056,2026-11-01,342,260,131,471,58
INV0005057,P0057,2026-11-01,389,189,60,518,50
INV0005058,P0058,2026-11-01,338,101,131,308,58
INV0005059,P0059,2026-11-01,612,25,175,462,78
INV0005060,P0060,2026-11-01,258,89,167,180,75
INV0005061,P0061,2026-11-01,616,350,16,950,50
INV0005062,P0062,2026-11-01,387,328,13,702,50
INV0005063,P0063,2026-11-01,559,30,91,498,50
INV0005064,P0064,2026-11-01,546,103,22,627,50
INV0005065,P0065,2026-11-01,589,196,162,623,72
INV0005066,P0066,2026-11-01,670,345,154,861,69
INV0005067,P0067,2026-11-01,419,229,54,594,50
INV0005068,P0068,2026-11-01,505,139,88,556,50
INV0005069,P0069,2026-11-01,278,215,49,444,50
INV0005070,P0070,2026-11-01,94,297,32,359,50
INV0005071,P0071,2026-11-01,184,74,170,88,76
INV0005072,P0072,2026-11-01,620,153,173,600,77
INV0005073,P0073,2026-11-01,477,204,77,604,50
INV0005074,P0074,2026-11-01,695,360,97,958,50
INV0005075,P0075,2026-11-01,68,271,21,318,50
INV0005076,P0076,2026-11-01,673,77,92,658,50
INV0005077,P0077,2026-11-01,639,338,32,945,50
INV0005078,P0078,2026-11-01,567,229,32,764,50
INV0005079,P0079,2026-11-01,346,304,95,555,50
INV0005080,P0080,2026-11-01,218,213,147,284,66
INV0005081,P0081,2026-11-01,250,216,127,339,57
INV0005082,P0082,2026-11-01,564,241,41,764,50
INV0005083,P0083,2026-11-01,533,144,86,591,50
INV0005084,P0084,2026-11-01,87,11,119,0,53
INV0005085,P0085,2026-11-01,460,336,50,746,50
INV0005086,P0086,2026-11-01,327,83,48,362,50
INV0005087,P0087,2026-11-01,192,304,175,321,78
INV0005088,P0088,2026-11-01,474,245,10,709,50
INV0005089,P0089,2026-11-01,267,57,119,205,53
INV0005090,P0090,2026-11-01,632,345,119,858,53
INV0005091,P0091,2026-11-01,341,355,162,534,72
INV0005092,P0092,2026-11-01,383,203,38,548,50
INV0005093,P0093,2026-11-01,100,247,168,179,75
INV0005094,P0094,2026-11-01,673,334,13,994,50
INV0005095,P0095,2026-11-01,399,237,120,516,54
INV0005096,P0096,2026-11-01,84,26,72,38,50
INV0005097,P0097,2026-11-01,159,235,179,215,80
INV0005098,P0098,2026-11-01,605,28,99,534,50
INV0005099,P0099,2026-11-01,301,57,26,332,50
INV0005100,P0100,2026-11-01,207,22,143,86,64
INV0005101,P0101,2026-11-01,694,348,66,976,50
INV0005102,P0102,2026-11-01,496,91,24,563,50
INV0005103,P0103,2026-11-01,572,293,50,815,50
INV0005104,P0104,2026-11-01,341,146,133,354,59
INV0005105,P0105,2026-11-01,273,6,147,132,66
INV0005106,P0106,2026-11-01,248,220,123,345,55
INV0005107,P0107,2026-11-01,681,148,62,767,50
INV0005108,P0108,2026-11-01,446,222,156,512,70
INV0005109,P0109,2026-11-01,661,143,81,723,50
INV0005110,P0110,2026-11-01,494,393,31,856,50
INV0005111,P0111,2026-11-01,444,366,179,631,80
INV0005112,P0112,2026-11-01,232,185,168,249,75
INV0005113,P0113,2026-11-01,426,398,102,722,50
INV0005114,P0114,2026-11-01,377,248,177,448,79
INV0005115,P0115,2026-11-01,322,364,39,647,50
INV0005116,P0116,2026-11-01,58,192,13,237,50
INV0005117,P0117,2026-11-01,641,37,166,512,74
INV0005118,P0118,2026-11-01,538,211,108,641,50
INV0005119,P0119,2026-11-01,544,9,157,396,70
INV0005120,P0120,2026-11-01,286,133,144,275,64
INV0005121,P0121,2026-11-01,673,390,86,977,50
INV0005122,P0122,2026-11-01,231,9,7,233,50
INV0005123,P0123,2026-11-01,423,96,126,393,56
INV0005124,P0124,2026-11-01,211,12,173,50,77
INV0005125,P0125,2026-11-01,667,129,30,766,50
INV0005126,P0126,2026-11-01,467,88,154,401,69
INV0005127,P0127,2026-11-01,109,285,22,372,50
INV0005128,P0128,2026-11-01,380,4,10,374,50
INV0005129,P0129,2026-11-01,58,205,97,166,50
INV0005130,P0130,2026-11-01,150,366,97,419,50
INV0005131,P0131,2026-11-01,106,187,172,121,77
INV0005132,P0132,2026-11-01,156,26,157,25,70
INV0005133,P0133,2026-11-01,68,382,58,392,50
INV0005134,P0134,2026-11-01,626,247,57,816,50
INV0005135,P0135,2026-11-01,308,369,113,564,50
INV0005136,P0136,2026-11-01,244,309,154,399,69
INV0005137,P0137,2026-11-01,498,119,59,558,50
INV0005138,P0138,2026-11-01,341,382,75,648,50
INV0005139,P0139,2026-11-01,342,121,29,434,50
INV0005140,P0140,2026-11-01,87,229,73,243,50
INV0005141,P0141,2026-11-01,373,3,100,276,50
INV0005142,P0142,2026-11-01,52,279,83,248,50
INV0005143,P0143,2026-11-01,199,122,119,202,53
INV0005144,P0144,2026-11-01,685,210,50,845,50
INV0005145,P0145,2026-11-01,329,325,5,649,50
INV0005146,P0146,2026-11-01,349,320,155,514,69
INV0005147,P0147,2026-11-01,84,27,66,45,50
INV0005148,P0148,2026-11-01,648,210,115,743,51
INV0005149,P0149,2026-11-01,614,5,72,547,50
INV0005150,P0150,2026-11-01,662,256,167,751,75
INV0005151,P0151,2026-11-01,362,286,116,532,52
INV0005152,P0152,2026-11-01,156,332,66,422,50
INV0005153,P0153,2026-11-01,429,326,63,692,50
INV0005154,P0154,2026-11-01,350,90,65,375,50
INV0005155,P0155,2026-11-01,692,194,104,782,50
INV0005156,P0156,2026-11-01,183,276,163,296,73
INV0005157,P0157,2026-11-01,359,204,74,489,50
INV0005158,P0158,2026-11-01,247,344,70,521,50
INV0005159,P0159,2026-11-01,500,253,6,747,50
INV0005160,P0160,2026-11-01,456,145,50,551,50
INV0005161,P0161,2026-11-01,574,363,123,814,55
INV0005162,P0162,2026-11-01,419,122,176,365,79
INV0005163,P0163,2026-11-01,696,54,112,638,50
INV0005164,P0164,2026-11-01,305,7,93,219,50
INV0005165,P0165,2026-11-01,156,61,23,194,50
INV0005166,P0166,2026-11-01,672,335,90,917,50
INV0005167,P0167,2026-11-01,372,89,169,292,76
INV0005168,P0168,2026-11-01,568,121,74,615,50
INV0005169,P0169,2026-11-01,71,334,61,344,50
INV0005170,P0170,2026-11-01,527,225,115,637,51
INV0005171,P0171,2026-11-01,312,84,9,387,50
INV0005172,P0172,2026-11-01,581,256,44,793,50
INV0005173,P0173,2026-11-01,190,92,151,131,67
INV0005174,P0174,2026-11-01,668,104,31,741,50
INV0005175,P0175,2026-11-01,174,131,134,171,60
INV0005176,P0176,2026-11-01,541,207,174,574,78
INV0005177,P0177,2026-11-01,195,149,105,239,50
INV0005178,P0178,2026-11-01,153,264,67,350,50
INV0005179,P0179,2026-11-01,689,273,81,881,50
INV0005180,P0180,2026-11-01,219,60,50,229,50
INV0005181,P0181,2026-11-01,403,200,38,565,50
INV0005182,P0182,2026-11-01,536,258,70,724,50
INV0005183,P0183,2026-11-01,113,313,159,267,71
INV0005184,P0184,2026-11-01,521,301,147,675,66
INV0005185,P0185,2026-11-01,310,293,106,497,50
INV0005186,P0186,2026-11-01,581,264,122,723,54
INV0005187,P0187,2026-11-01,287,351,41,597,50
INV0005188,P0188,2026-11-01,200,55,123,132,55
INV0005189,P0189,2026-11-01,114,215,144,185,64
INV0005190,P0190,2026-11-01,661,93,132,622,59
INV0005191,P0191,2026-11-01,567,208,134,641,60
INV0005192,P0192,2026-11-01,163,84,87,160,50
INV0005193,P0193,2026-11-01,90,91,173,8,77
INV0005194,P0194,2026-11-01,318,159,145,332,65
INV0005195,P0195,2026-11-01,488,379,20,847,50
INV0005196,P0196,2026-11-01,399,91,97,393,50
INV0005197,P0197,2026-11-01,668,29,124,573,55
INV0005198,P0198,2026-11-01,155,322,11,466,50
INV0005199,P0199,2026-11-01,699,248,24,923,50
INV0005200,P0200,2026-11-01,520,103,95,528,50
INV0005201,P0201,2026-11-01,454,164,114,504,51
INV0005202,P0202,2026-11-01,405,369,136,638,61
INV0005203,P0203,2026-11-01,62,242,168,136,75
INV0005204,P0204,2026-11-01,634,134,12,756,50
INV0005205,P0205,2026-11-01,214,310,56,468,50
INV0005206,P0206,2026-11-01,551,333,155,729,69
INV0005207,P0207,2026-11-01,348,354,34,668,50
INV0005208,P0208,2026-11-01,415,268,168,515,75
INV0005209,P0209,2026-11-01,523,138,9,652,50
INV0005210,P0210,2026-11-01,280,148,62,366,50
INV0005211,P0211,2026-11-01,449,318,133,634,59
INV0005212,P0212,2026-11-01,128,231,53,306,50
INV0005213,P0213,2026-11-01,196,357,58,495,50
INV0005214,P0214,2026-11-01,362,3,148,217,66
INV0005215,P0215,2026-11-01,649,150,134,665,60
INV0005216,P0216,2026-11-01,613,40,64,589,50
INV0005217,P0217,2026-11-01,520,381,90,811,50
INV0005218,P0218,2026-11-01,660,177,38,799,50
INV0005219,P0219,2026-11-01,504,81,92,493,50
INV0005220,P0220,2026-11-01,424,373,154,643,69
INV0005221,P0221,2026-11-01,494,10,36,468,50
INV0005222,P0222,2026-11-01,456,199,119,536,53
INV0005223,P0223,2026-11-01,155,8,103,60,50
INV0005224,P0224,2026-11-01,94,221,9,306,50
INV0005225,P0225,2026-11-01,61,367,84,344,50
INV0005226,P0226,2026-11-01,143,169,120,192,54
INV0005227,P0227,2026-11-01,354,244,165,433,74
INV0005228,P0228,2026-11-01,197,246,119,324,53
INV0005229,P0229,2026-11-01,578,123,94,607,50
INV0005230,P0230,2026-11-01,142,11,48,105,50
INV0005231,P0231,2026-11-01,505,170,106,569,50
INV0005232,P0232,2026-11-01,412,105,171,346,76
INV0005233,P0233,2026-11-01,657,192,84,765,50
INV0005234,P0234,2026-11-01,543,62,36,569,50
INV0005235,P0235,2026-11-01,107,265,154,218,69
INV0005236,P0236,2026-11-01,413,330,14,729,50
INV0005237,P0237,2026-11-01,176,386,15,547,50
INV0005238,P0238,2026-11-01,374,76,145,305,65
INV0005239,P0239,2026-11-01,645,31,105,571,50
INV0005240,P0240,2026-11-01,235,366,146,455,65
INV0005241,P0241,2026-11-01,181,17,125,73,56
INV0005242,P0242,2026-11-01,504,46,9,541,50
INV0005243,P0243,2026-11-01,293,237,152,378,68
INV0005244,P0244,2026-11-01,395,112,153,354,68
INV0005245,P0245,2026-11-01,62,15,141,0,63
INV0005246,P0246,2026-11-01,290,291,148,433,66
INV0005247,P0247,2026-11-01,168,136,34,270,50
INV0005248,P0248,2026-11-01,455,140,87,508,50
INV0005249,P0249,2026-11-01,399,148,62,485,50
INV0005250,P0250,2026-11-01,83,71,133,21,59
INV0005251,P0251,2026-11-01,547,229,125,651,56
INV0005252,P0252,2026-11-01,208,279,19,468,50
INV0005253,P0253,2026-11-01,290,210,142,358,63
INV0005254,P0254,2026-11-01,589,255,119,725,53
INV0005255,P0255,2026-11-01,377,342,94,625,50
INV0005256,P0256,2026-11-01,531,244,144,631,64
INV0005257,P0257,2026-11-01,526,134,177,483,79
INV0005258,P0258,2026-11-01,156,82,155,83,69
INV0005259,P0259,2026-11-01,175,226,114,287,51
INV0005260,P0260,2026-11-01,90,397,19,468,50
INV0005261,P0261,2026-11-01,688,125,139,674,62
INV0005262,P0262,2026-11-01,330,330,15,645,50
INV0005263,P0263,2026-11-01,397,365,148,614,66
INV0005264,P0264,2026-11-01,533,103,24,612,50
INV0005265,P0265,2026-11-01,72,4,132,0,59
INV0005266,P0266,2026-11-01,463,395,20,838,50
INV0005267,P0267,2026-11-01,262,330,61,531,50
INV0005268,P0268,2026-11-01,319,160,175,304,78
INV0005269,P0269,2026-11-01,616,142,86,672,50
INV0005270,P0270,2026-11-01,100,284,8,376,50
INV0005271,P0271,2026-11-01,620,344,8,956,50
INV0005272,P0272,2026-11-01,651,240,124,767,55
INV0005273,P0273,2026-11-01,650,70,24,696,50
INV0005274,P0274,2026-11-01,540,335,125,750,56
INV0005275,P0275,2026-11-01,158,22,82,98,50
INV0005276,P0276,2026-11-01,89,1,71,19,50
INV0005277,P0277,2026-11-01,506,256,34,728,50
INV0005278,P0278,2026-11-01,624,6,145,485,65
INV0005279,P0279,2026-11-01,385,158,136,407,61
INV0005280,P0280,2026-11-01,682,63,137,608,61
INV0005281,P0281,2026-11-01,495,132,143,484,64
INV0005282,P0282,2026-11-01,654,295,19,930,50
INV0005283,P0283,2026-11-01,99,203,166,136,74
INV0005284,P0284,2026-11-01,119,75,107,87,50
INV0005285,P0285,2026-11-01,118,144,50,212,50
INV0005286,P0286,2026-11-01,435,110,113,432,50
INV0005287,P0287,2026-11-01,443,285,51,677,50
INV0005288,P0288,2026-11-01,550,181,114,617,51
INV0005289,P0289,2026-11-01,455,271,112,614,50
INV0005290,P0290,2026-11-01,177,111,86,202,50
INV0005291,P0291,2026-11-01,124,158,17,265,50
INV0005292,P0292,2026-11-01,320,340,32,628,50
INV0005293,P0293,2026-11-01,341,368,118,591,53
INV0005294,P0294,2026-11-01,621,382,127,876,57
INV0005295,P0295,2026-11-01,314,65,26,353,50
INV0005296,P0296,2026-11-01,504,273,88,689,50
INV0005297,P0297,2026-11-01,98,135,40,193,50
INV0005298,P0298,2026-11-01,533,225,64,694,50
INV0005299,P0299,2026-11-01,293,99,33,359,50
INV0005300,P0300,2026-11-01,236,173,63,346,50
INV0005301,P0301,2026-11-01,266,203,31,438,50
INV0005302,P0302,2026-11-01,383,9,71,321,50
INV0005303,P0303,2026-11-01,359,4,17,346,50
INV0005304,P0304,2026-11-01,445,288,116,617,52
INV0005305,P0305,2026-11-01,376,298,139,535,62
INV0005306,P0306,2026-11-01,435,335,101,669,50
INV0005307,P0307,2026-11-01,160,45,48,157,50
INV0005308,P0308,2026-11-01,305,183,148,340,66
INV0005309,P0309,2026-11-01,397,351,28,720,50
INV0005310,P0310,2026-11-01,428,95,167,356,75
INV0005311,P0311,2026-11-01,288,53,39,302,50
INV0005312,P0312,2026-11-01,686,177,162,701,72
INV0005313,P0313,2026-11-01,619,362,84,897,50
INV0005314,P0314,2026-11-01,296,89,159,226,71
INV0005315,P0315,2026-11-01,141,383,56,468,50
INV0005316,P0316,2026-11-01,531,357,127,761,57
INV0005317,P0317,2026-11-01,212,252,176,288,79
INV0005318,P0318,2026-11-01,617,95,151,561,67
INV0005319,P0319,2026-11-01,57,360,99,318,50
INV0005320,P0320,2026-11-01,660,257,51,866,50
INV0005321,P0321,2026-11-01,458,338,162,634,72
INV0005322,P0322,2026-11-01,509,297,37,769,50
INV0005323,P0323,2026-11-01,147,139,59,227,50
INV0005324,P0324,2026-11-01,627,113,67,673,50
INV0005325,P0325,2026-11-01,564,175,85,654,50
INV0005326,P0326,2026-11-01,167,69,156,80,70
INV0005327,P0327,2026-11-01,443,168,36,575,50
INV0005328,P0328,2026-11-01,407,255,51,611,50
INV0005329,P0329,2026-11-01,422,16,127,311,57
INV0005330,P0330,2026-11-01,664,75,74,665,50
INV0005331,P0331,2026-11-01,533,313,43,803,50
INV0005332,P0332,2026-11-01,359,308,118,549,53
INV0005333,P0333,2026-11-01,534,297,178,653,80
INV0005334,P0334,2026-11-01,632,313,95,850,50
INV0005335,P0335,2026-11-01,482,27,172,337,77
INV0005336,P0336,2026-11-01,590,88,105,573,50
INV0005337,P0337,2026-11-01,342,231,50,523,50
INV0005338,P0338,2026-11-01,485,162,102,545,50
INV0005339,P0339,2026-11-01,467,298,144,621,64
INV0005340,P0340,2026-11-01,223,151,121,253,54
INV0005341,P0341,2026-11-01,673,363,61,975,50
INV0005342,P0342,2026-11-01,310,374,125,559,56
INV0005343,P0343,2026-11-01,497,136,51,582,50
INV0005344,P0344,2026-11-01,526,203,136,593,61
INV0005345,P0345,2026-11-01,636,256,149,743,67
INV0005346,P0346,2026-11-01,194,64,170,88,76
INV0005347,P0347,2026-11-01,302,63,165,200,74
INV0005348,P0348,2026-11-01,535,300,107,728,50
INV0005349,P0349,2026-11-01,524,271,144,651,64
INV0005350,P0350,2026-11-01,436,15,119,332,53
INV0005351,P0351,2026-11-01,257,397,46,608,50
INV0005352,P0352,2026-11-01,387,243,94,536,50
INV0005353,P0353,2026-11-01,477,66,19,524,50
INV0005354,P0354,2026-11-01,699,370,37,1032,50
INV0005355,P0355,2026-11-01,443,347,106,684,50
INV0005356,P0356,2026-11-01,342,180,72,450,50
INV0005357,P0357,2026-11-01,292,399,124,567,55
INV0005358,P0358,2026-11-01,411,41,69,383,50
INV0005359,P0359,2026-11-01,521,85,104,502,50
INV0005360,P0360,2026-11-01,610,396,11,995,50
INV0005361,P0361,2026-11-01,381,370,27,724,50
INV0005362,P0362,2026-11-01,527,0,85,442,50
INV0005363,P0363,2026-11-01,587,369,33,923,50
INV0005364,P0364,2026-11-01,74,83,27,130,50
INV0005365,P0365,2026-11-01,651,281,145,787,65
INV0005366,P0366,2026-11-01,272,150,36,386,50
INV0005367,P0367,2026-11-01,580,271,148,703,66
INV0005368,P0368,2026-11-01,249,265,145,369,65
INV0005369,P0369,2026-11-01,580,41,56,565,50
INV0005370,P0370,2026-11-01,618,231,71,778,50
INV0005371,P0371,2026-11-01,637,47,123,561,55
INV0005372,P0372,2026-11-01,592,130,11,711,50
INV0005373,P0373,2026-11-01,181,365,128,418,57
INV0005374,P0374,2026-11-01,430,342,129,643,58
INV0005375,P0375,2026-11-01,183,54,128,109,57
INV0005376,P0376,2026-11-01,186,384,33,537,50
INV0005377,P0377,2026-11-01,562,34,176,420,79
INV0005378,P0378,2026-11-01,567,63,125,505,56
INV0005379,P0379,2026-11-01,480,301,54,727,50
INV0005380,P0380,2026-11-01,465,18,109,374,50
INV0005381,P0381,2026-11-01,695,326,13,1008,50
INV0005382,P0382,2026-11-01,222,64,174,112,78
INV0005383,P0383,2026-11-01,138,281,175,244,78
INV0005384,P0384,2026-11-01,524,339,111,752,50
INV0005385,P0385,2026-11-01,138,224,99,263,50
INV0005386,P0386,2026-11-01,141,53,125,69,56
INV0005387,P0387,2026-11-01,298,5,148,155,66
INV0005388,P0388,2026-11-01,64,27,11,80,50
INV0005389,P0389,2026-11-01,518,361,139,740,62
INV0005390,P0390,2026-11-01,210,368,17,561,50
INV0005391,P0391,2026-11-01,105,267,46,326,50
INV0005392,P0392,2026-11-01,680,122,76,726,50
INV0005393,P0393,2026-11-01,56,367,74,349,50
INV0005394,P0394,2026-11-01,56,214,95,175,50
INV0005395,P0395,2026-11-01,564,203,76,691,50
INV0005396,P0396,2026-11-01,395,178,97,476,50
INV0005397,P0397,2026-11-01,504,375,137,742,61
INV0005398,P0398,2026-11-01,365,19,16,368,50
INV0005399,P0399,2026-11-01,336,306,142,500,63
INV0005400,P0400,2026-11-01,143,118,49,212,50
INV0005401,P0401,2026-11-01,207,95,41,261,50
INV0005402,P0402,2026-11-01,694,258,130,822,58
INV0005403,P0403,2026-11-01,184,102,129,157,58
INV0005404,P0404,2026-11-01,628,196,112,712,50
INV0005405,P0405,2026-11-01,129,373,20,482,50
INV0005406,P0406,2026-11-01,259,200,52,407,50
INV0005407,P0407,2026-11-01,654,0,75,579,50
INV0005408,P0408,2026-11-01,524,136,125,535,56
INV0005409,P0409,2026-11-01,211,294,145,360,65
INV0005410,P0410,2026-11-01,156,287,18,425,50
INV0005411,P0411,2026-11-01,361,323,59,625,50
INV0005412,P0412,2026-11-01,654,182,88,748,50
INV0005413,P0413,2026-11-01,317,218,49,486,50
INV0005414,P0414,2026-11-01,112,295,93,314,50
INV0005415,P0415,2026-11-01,527,36,70,493,50
INV0005416,P0416,2026-11-01,685,386,139,932,62
INV0005417,P0417,2026-11-01,284,205,96,393,50
INV0005418,P0418,2026-11-01,161,1,58,104,50
INV0005419,P0419,2026-11-01,288,302,57,533,50
INV0005420,P0420,2026-11-01,223,328,41,510,50
INV0005421,P0421,2026-11-01,438,188,59,567,50
INV0005422,P0422,2026-11-01,625,208,47,786,50
INV0005423,P0423,2026-11-01,643,342,179,806,80
INV0005424,P0424,2026-11-01,468,186,5,649,50
INV0005425,P0425,2026-11-01,456,146,167,435,75
INV0005426,P0426,2026-11-01,662,220,148,734,66
INV0005427,P0427,2026-11-01,230,39,80,189,50
INV0005428,P0428,2026-11-01,93,207,133,167,59
INV0005429,P0429,2026-11-01,389,291,84,596,50
INV0005430,P0430,2026-11-01,515,7,60,462,50
INV0005431,P0431,2026-11-01,249,390,93,546,50
INV0005432,P0432,2026-11-01,218,114,59,273,50
INV0005433,P0433,2026-11-01,540,17,25,532,50
INV0005434,P0434,2026-11-01,542,383,168,757,75
INV0005435,P0435,2026-11-01,420,158,79,499,50
INV0005436,P0436,2026-11-01,683,60,80,663,50
INV0005437,P0437,2026-11-01,560,49,124,485,55
INV0005438,P0438,2026-11-01,248,347,44,551,50
INV0005439,P0439,2026-11-01,400,40,138,302,62
INV0005440,P0440,2026-11-01,286,61,139,208,62
INV0005441,P0441,2026-11-01,458,149,90,517,50
INV0005442,P0442,2026-11-01,339,162,7,494,50
INV0005443,P0443,2026-11-01,188,259,155,292,69
INV0005444,P0444,2026-11-01,299,24,44,279,50
INV0005445,P0445,2026-11-01,552,65,164,453,73
INV0005446,P0446,2026-11-01,683,108,87,704,50
INV0005447,P0447,2026-11-01,422,394,142,674,63
INV0005448,P0448,2026-11-01,93,202,177,118,79
INV0005449,P0449,2026-11-01,352,391,93,650,50
INV0005450,P0450,2026-11-01,145,143,106,182,50
INV0005451,P0451,2026-11-01,532,225,147,610,66
INV0005452,P0452,2026-11-01,416,117,83,450,50
INV0005453,P0453,2026-11-01,232,193,116,309,52
INV0005454,P0454,2026-11-01,638,224,143,719,64
INV0005455,P0455,2026-11-01,66,348,43,371,50
INV0005456,P0456,2026-11-01,677,379,109,947,50
INV0005457,P0457,2026-11-01,614,46,107,553,50
INV0005458,P0458,2026-11-01,248,142,107,283,50
INV0005459,P0459,2026-11-01,161,193,52,302,50
INV0005460,P0460,2026-11-01,435,131,61,505,50
INV0005461,P0461,2026-11-01,663,60,135,588,60
INV0005462,P0462,2026-11-01,553,311,9,855,50
INV0005463,P0463,2026-11-01,475,94,173,396,77
INV0005464,P0464,2026-11-01,80,250,151,179,67
INV0005465,P0465,2026-11-01,473,329,83,719,50
INV0005466,P0466,2026-11-01,686,23,105,604,50
INV0005467,P0467,2026-11-01,634,257,83,808,50
INV0005468,P0468,2026-11-01,237,68,123,182,55
INV0005469,P0469,2026-11-01,594,173,117,650,52
INV0005470,P0470,2026-11-01,582,344,98,828,50
INV0005471,P0471,2026-11-01,129,66,141,54,63
INV0005472,P0472,2026-11-01,182,147,44,285,50
INV0005473,P0473,2026-11-01,352,280,8,624,50
INV0005474,P0474,2026-11-01,506,168,112,562,50
INV0005475,P0475,2026-11-01,683,230,88,825,50
INV0005476,P0476,2026-11-01,227,37,132,132,59
INV0005477,P0477,2026-11-01,184,145,136,193,61
INV0005478,P0478,2026-11-01,456,354,136,674,61
INV0005479,P0479,2026-11-01,591,188,11,768,50
INV0005480,P0480,2026-11-01,118,8,31,95,50
INV0005481,P0481,2026-11-01,538,278,81,735,50
INV0005482,P0482,2026-11-01,190,335,69,456,50
INV0005483,P0483,2026-11-01,615,213,161,667,72
INV0005484,P0484,2026-11-01,448,82,178,352,80
INV0005485,P0485,2026-11-01,587,40,59,568,50
INV0005486,P0486,2026-11-01,194,45,18,221,50
INV0005487,P0487,2026-11-01,519,41,60,500,50
INV0005488,P0488,2026-11-01,309,25,174,160,78
INV0005489,P0489,2026-11-01,65,184,122,127,54
INV0005490,P0490,2026-11-01,613,393,179,827,80
INV0005491,P0491,2026-11-01,679,175,138,716,62
INV0005492,P0492,2026-11-01,179,355,92,442,50
INV0005493,P0493,2026-11-01,325,139,64,400,50
INV0005494,P0494,2026-11-01,115,353,147,321,66
INV0005495,P0495,2026-11-01,206,371,58,519,50
INV0005496,P0496,2026-11-01,178,26,55,149,50
INV0005497,P0497,2026-11-01,386,230,82,534,50
INV0005498,P0498,2026-11-01,129,261,122,268,54
INV0005499,P0499,2026-11-01,623,259,48,834,50
INV0005500,P0500,2026-11-01,116,356,64,408,50
INV0005501,P0001,2026-12-01,34,25,209,0,94
INV0005502,P0002,2026-12-01,90,48,189,0,85
INV0005503,P0003,2026-12-01,219,71,107,183,50
INV0005504,P0004,2026-12-01,605,395,54,946,50
INV0005505,P0005,2026-12-01,364,326,77,613,50
INV0005506,P0006,2026-12-01,62,396,133,325,59
INV0005507,P0007,2026-12-01,310,121,162,269,72
INV0005508,P0008,2026-12-01,172,120,83,209,50
INV0005509,P0009,2026-12-01,558,244,66,736,50
INV0005510,P0010,2026-12-01,595,272,159,708,71
INV0005511,P0011,2026-12-01,219,150,44,325,50
INV0005512,P0012,2026-12-01,446,212,53,605,50
INV0005513,P0013,2026-12-01,596,183,29,750,50
INV0005514,P0014,2026-12-01,516,312,110,718,50
INV0005515,P0015,2026-12-01,442,184,131,495,58
INV0005516,P0016,2026-12-01,664,240,132,772,59
INV0005517,P0017,2026-12-01,359,153,132,380,59
INV0005518,P0018,2026-12-01,63,354,112,305,50
INV0005519,P0019,2026-12-01,311,320,42,589,50
INV0005520,P0020,2026-12-01,381,168,130,419,58
INV0005521,P0021,2026-12-01,330,358,44,644,50
INV0005522,P0022,2026-12-01,582,233,123,692,55
INV0005523,P0023,2026-12-01,192,22,159,55,71
INV0005524,P0024,2026-12-01,348,104,76,376,50
INV0005525,P0025,2026-12-01,234,141,133,242,59
INV0005526,P0026,2026-12-01,582,28,29,581,50
INV0005527,P0027,2026-12-01,570,110,5,675,50
INV0005528,P0028,2026-12-01,183,80,73,190,50
INV0005529,P0029,2026-12-01,634,227,91,770,50
INV0005530,P0030,2026-12-01,676,31,140,567,63
INV0005531,P0031,2026-12-01,593,143,115,621,51
INV0005532,P0032,2026-12-01,644,181,23,802,50
INV0005533,P0033,2026-12-01,539,0,135,404,60
INV0005534,P0034,2026-12-01,453,289,150,592,67
INV0005535,P0035,2026-12-01,605,58,71,592,50
INV0005536,P0036,2026-12-01,81,2,171,0,76
INV0005537,P0037,2026-12-01,373,242,28,587,50
INV0005538,P0038,2026-12-01,384,266,14,636,50
INV0005539,P0039,2026-12-01,201,25,100,126,50
INV0005540,P0040,2026-12-01,58,158,80,136,50
INV0005541,P0041,2026-12-01,580,40,113,507,50
INV0005542,P0042,2026-12-01,110,135,99,146,50
INV0005543,P0043,2026-12-01,560,246,169,637,76
INV0005544,P0044,2026-12-01,256,233,25,464,50
INV0005545,P0045,2026-12-01,93,196,34,255,50
INV0005546,P0046,2026-12-01,328,238,66,500,50
INV0005547,P0047,2026-12-01,383,377,45,715,50
INV0005548,P0048,2026-12-01,521,359,100,780,50
INV0005549,P0049,2026-12-01,53,204,57,200,50
INV0005550,P0050,2026-12-01,568,204,171,601,76
INV0005551,P0051,2026-12-01,95,40,201,0,90
INV0005552,P0052,2026-12-01,645,166,125,686,56
INV0005553,P0053,2026-12-01,290,83,79,294,50
INV0005554,P0054,2026-12-01,658,115,41,732,50
INV0005555,P0055,2026-12-01,482,238,83,637,50
INV0005556,P0056,2026-12-01,504,147,72,579,50
INV0005557,P0057,2026-12-01,187,388,121,454,54
INV0005558,P0058,2026-12-01,201,293,71,423,50
INV0005559,P0059,2026-12-01,375,283,119,539,53
INV0005560,P0060,2026-12-01,308,226,140,394,63
INV0005561,P0061,2026-12-01,410,23,29,404,50
INV0005562,P0062,2026-12-01,409,119,39,489,50
INV0005563,P0063,2026-12-01,331,199,82,448,50
INV0005564,P0064,2026-12-01,239,313,99,453,50
INV0005565,P0065,2026-12-01,396,283,116,563,52
INV0005566,P0066,2026-12-01,687,39,137,589,61
INV0005567,P0067,2026-12-01,73,256,31,298,50
INV0005568,P0068,2026-12-01,55,223,92,186,50
INV0005569,P0069,2026-12-01,628,35,11,652,50
INV0005570,P0070,2026-12-01,218,115,78,255,50
INV0005571,P0071,2026-12-01,58,284,146,196,65
INV0005572,P0072,2026-12-01,678,192,164,706,73
INV0005573,P0073,2026-12-01,341,246,116,471,52
INV0005574,P0074,2026-12-01,401,221,13,609,50
INV0005575,P0075,2026-12-01,304,47,113,238,50
INV0005576,P0076,2026-12-01,425,89,78,436,50
INV0005577,P0077,2026-12-01,382,58,113,327,50
INV0005578,P0078,2026-12-01,209,76,123,162,55
INV0005579,P0079,2026-12-01,161,337,79,419,50
INV0005580,P0080,2026-12-01,150,145,88,207,50
INV0005581,P0081,2026-12-01,573,257,56,774,50
INV0005582,P0082,2026-12-01,68,133,173,28,77
INV0005583,P0083,2026-12-01,381,154,116,419,52
INV0005584,P0084,2026-12-01,437,225,9,653,50
INV0005585,P0085,2026-12-01,578,147,140,585,63
INV0005586,P0086,2026-12-01,560,301,171,690,76
INV0005587,P0087,2026-12-01,692,75,44,723,50
INV0005588,P0088,2026-12-01,533,225,107,651,50
INV0005589,P0089,2026-12-01,191,265,110,346,50
INV0005590,P0090,2026-12-01,606,117,129,594,58
INV0005591,P0091,2026-12-01,90,335,25,400,50
INV0005592,P0092,2026-12-01,646,12,111,547,50
INV0005593,P0093,2026-12-01,515,175,78,612,50
INV0005594,P0094,2026-12-01,436,189,41,584,50
INV0005595,P0095,2026-12-01,140,277,28,389,50
INV0005596,P0096,2026-12-01,552,215,158,609,71
INV0005597,P0097,2026-12-01,321,167,19,469,50
INV0005598,P0098,2026-12-01,175,235,173,237,77
INV0005599,P0099,2026-12-01,192,357,157,392,70
INV0005600,P0100,2026-12-01,54,240,21,273,50
INV0005601,P0101,2026-12-01,95,333,143,285,64
INV0005602,P0102,2026-12-01,141,380,106,415,50
INV0005603,P0103,2026-12-01,167,244,99,312,50
INV0005604,P0104,2026-12-01,455,195,177,473,79
INV0005605,P0105,2026-12-01,567,279,28,818,50
INV0005606,P0106,2026-12-01,181,227,57,351,50
INV0005607,P0107,2026-12-01,62,234,56,240,50
INV0005608,P0108,2026-12-01,516,67,146,437,65
INV0005609,P0109,2026-12-01,425,180,110,495,50
INV0005610,P0110,2026-12-01,91,167,155,103,69
INV0005611,P0111,2026-12-01,163,43,91,115,50
INV0005612,P0112,2026-12-01,518,29,8,539,50
INV0005613,P0113,2026-12-01,331,36,14,353,50
INV0005614,P0114,2026-12-01,444,345,120,669,54
INV0005615,P0115,2026-12-01,679,273,140,812,63
INV0005616,P0116,2026-12-01,397,241,8,630,50
INV0005617,P0117,2026-12-01,456,290,63,683,50
INV0005618,P0118,2026-12-01,291,126,52,365,50
INV0005619,P0119,2026-12-01,594,290,148,736,66
INV0005620,P0120,2026-12-01,186,168,7,347,50
INV0005621,P0121,2026-12-01,132,226,145,213,65
INV0005622,P0122,2026-12-01,563,36,173,426,77
INV0005623,P0123,2026-12-01,434,327,6,755,50
INV0005624,P0124,2026-12-01,589,113,18,684,50
INV0005625,P0125,2026-12-01,349,303,165,487,74
INV0005626,P0126,2026-12-01,92,260,90,262,50
INV0005627,P0127,2026-12-01,379,271,171,479,76
INV0005628,P0128,2026-12-01,605,17,61,561,50
INV0005629,P0129,2026-12-01,351,291,29,613,50
INV0005630,P0130,2026-12-01,382,108,75,415,50
INV0005631,P0131,2026-12-01,446,283,177,552,79
INV0005632,P0132,2026-12-01,78,317,76,319,50
INV0005633,P0133,2026-12-01,437,363,134,666,60
INV0005634,P0134,2026-12-01,96,127,97,126,50
INV0005635,P0135,2026-12-01,466,190,87,569,50
INV0005636,P0136,2026-12-01,476,398,173,701,77
INV0005637,P0137,2026-12-01,154,261,167,248,75
INV0005638,P0138,2026-12-01,264,198,121,341,54
INV0005639,P0139,2026-12-01,249,302,137,414,61
INV0005640,P0140,2026-12-01,266,323,179,410,80
INV0005641,P0141,2026-12-01,213,96,107,202,50
INV0005642,P0142,2026-12-01,580,200,144,636,64
INV0005643,P0143,2026-12-01,408,93,83,418,50
INV0005644,P0144,2026-12-01,450,286,142,594,63
INV0005645,P0145,2026-12-01,697,183,44,836,50
INV0005646,P0146,2026-12-01,235,191,119,307,53
INV0005647,P0147,2026-12-01,385,381,55,711,50
INV0005648,P0148,2026-12-01,66,71,176,0,79
INV0005649,P0149,2026-12-01,265,87,33,319,50
INV0005650,P0150,2026-12-01,434,225,127,532,57
INV0005651,P0151,2026-12-01,168,185,118,235,53
INV0005652,P0152,2026-12-01,574,148,36,686,50
INV0005653,P0153,2026-12-01,56,128,56,128,50
INV0005654,P0154,2026-12-01,223,260,90,393,50
INV0005655,P0155,2026-12-01,250,392,67,575,50
INV0005656,P0156,2026-12-01,147,105,28,224,50
INV0005657,P0157,2026-12-01,460,312,26,746,50
INV0005658,P0158,2026-12-01,471,252,118,605,53
INV0005659,P0159,2026-12-01,194,292,130,356,58
INV0005660,P0160,2026-12-01,141,239,122,258,54
INV0005661,P0161,2026-12-01,555,270,128,697,57
INV0005662,P0162,2026-12-01,90,91,30,151,50
INV0005663,P0163,2026-12-01,471,102,56,517,50
INV0005664,P0164,2026-12-01,234,384,55,563,50
INV0005665,P0165,2026-12-01,586,75,64,597,50
INV0005666,P0166,2026-12-01,650,302,74,878,50
INV0005667,P0167,2026-12-01,344,210,12,542,50
INV0005668,P0168,2026-12-01,232,258,157,333,70
INV0005669,P0169,2026-12-01,622,142,38,726,50
INV0005670,P0170,2026-12-01,655,153,5,803,50
INV0005671,P0171,2026-12-01,609,182,51,740,50
INV0005672,P0172,2026-12-01,339,339,78,600,50
INV0005673,P0173,2026-12-01,183,47,164,66,73
INV0005674,P0174,2026-12-01,466,212,5,673,50
INV0005675,P0175,2026-12-01,449,205,105,549,50
INV0005676,P0176,2026-12-01,666,369,113,922,50
INV0005677,P0177,2026-12-01,548,175,119,604,53
INV0005678,P0178,2026-12-01,470,308,80,698,50
INV0005679,P0179,2026-12-01,587,163,24,726,50
INV0005680,P0180,2026-12-01,508,101,119,490,53
INV0005681,P0181,2026-12-01,485,298,116,667,52
INV0005682,P0182,2026-12-01,247,275,9,513,50
INV0005683,P0183,2026-12-01,438,166,54,550,50
INV0005684,P0184,2026-12-01,570,298,5,863,50
INV0005685,P0185,2026-12-01,204,112,135,181,60
INV0005686,P0186,2026-12-01,411,158,128,441,57
INV0005687,P0187,2026-12-01,622,399,110,911,50
INV0005688,P0188,2026-12-01,663,27,29,661,50
INV0005689,P0189,2026-12-01,190,94,89,195,50
INV0005690,P0190,2026-12-01,459,153,90,522,50
INV0005691,P0191,2026-12-01,608,163,176,595,79
INV0005692,P0192,2026-12-01,350,22,151,221,67
INV0005693,P0193,2026-12-01,658,30,15,673,50
INV0005694,P0194,2026-12-01,448,145,152,441,68
INV0005695,P0195,2026-12-01,542,72,118,496,53
INV0005696,P0196,2026-12-01,553,204,174,583,78
INV0005697,P0197,2026-12-01,689,319,103,905,50
INV0005698,P0198,2026-12-01,514,159,59,614,50
INV0005699,P0199,2026-12-01,510,307,84,733,50
INV0005700,P0200,2026-12-01,195,82,35,242,50
INV0005701,P0201,2026-12-01,231,7,176,62,79
INV0005702,P0202,2026-12-01,301,318,73,546,50
INV0005703,P0203,2026-12-01,134,80,74,140,50
INV0005704,P0204,2026-12-01,393,3,108,288,50
INV0005705,P0205,2026-12-01,561,278,41,798,50
INV0005706,P0206,2026-12-01,558,139,13,684,50
INV0005707,P0207,2026-12-01,383,155,46,492,50
INV0005708,P0208,2026-12-01,433,299,121,611,54
INV0005709,P0209,2026-12-01,233,114,121,226,54
INV0005710,P0210,2026-12-01,636,318,66,888,50
INV0005711,P0211,2026-12-01,395,186,179,402,80
INV0005712,P0212,2026-12-01,649,304,10,943,50
INV0005713,P0213,2026-12-01,354,22,123,253,55
INV0005714,P0214,2026-12-01,323,141,71,393,50
INV0005715,P0215,2026-12-01,215,373,168,420,75
INV0005716,P0216,2026-12-01,127,45,172,0,77
INV0005717,P0217,2026-12-01,644,29,66,607,50
INV0005718,P0218,2026-12-01,382,58,140,300,63
INV0005719,P0219,2026-12-01,488,39,105,422,50
INV0005720,P0220,2026-12-01,350,320,41,629,50
INV0005721,P0221,2026-12-01,495,154,55,594,50
INV0005722,P0222,2026-12-01,484,194,162,516,72
INV0005723,P0223,2026-12-01,214,42,73,183,50
INV0005724,P0224,2026-12-01,326,63,145,244,65
INV0005725,P0225,2026-12-01,116,354,97,373,50
INV0005726,P0226,2026-12-01,285,330,135,480,60
INV0005727,P0227,2026-12-01,136,28,83,81,50
INV0005728,P0228,2026-12-01,306,112,68,350,50
INV0005729,P0229,2026-12-01,370,366,88,648,50
INV0005730,P0230,2026-12-01,281,384,169,496,76
INV0005731,P0231,2026-12-01,359,358,172,545,77
INV0005732,P0232,2026-12-01,115,298,122,291,54
INV0005733,P0233,2026-12-01,353,174,14,513,50
INV0005734,P0234,2026-12-01,238,185,51,372,50
INV0005735,P0235,2026-12-01,499,318,53,764,50
INV0005736,P0236,2026-12-01,381,120,94,407,50
INV0005737,P0237,2026-12-01,166,20,49,137,50
INV0005738,P0238,2026-12-01,437,131,135,433,60
INV0005739,P0239,2026-12-01,453,34,141,346,63
INV0005740,P0240,2026-12-01,492,143,160,475,72
INV0005741,P0241,2026-12-01,421,267,104,584,50
INV0005742,P0242,2026-12-01,368,281,24,625,50
INV0005743,P0243,2026-12-01,476,312,178,610,80
INV0005744,P0244,2026-12-01,578,33,10,601,50
INV0005745,P0245,2026-12-01,426,254,99,581,50
INV0005746,P0246,2026-12-01,523,129,169,483,76
INV0005747,P0247,2026-12-01,451,138,87,502,50
INV0005748,P0248,2026-12-01,542,222,79,685,50
INV0005749,P0249,2026-12-01,690,274,14,950,50
INV0005750,P0250,2026-12-01,221,94,151,164,67
INV0005751,P0251,2026-12-01,401,31,130,302,58
INV0005752,P0252,2026-12-01,517,358,18,857,50
INV0005753,P0253,2026-12-01,361,199,19,541,50
INV0005754,P0254,2026-12-01,530,75,74,531,50
INV0005755,P0255,2026-12-01,654,96,57,693,50
INV0005756,P0256,2026-12-01,510,47,143,414,64
INV0005757,P0257,2026-12-01,273,162,179,256,80
INV0005758,P0258,2026-12-01,533,280,159,654,71
INV0005759,P0259,2026-12-01,342,175,131,386,58
INV0005760,P0260,2026-12-01,86,76,132,30,59
INV0005761,P0261,2026-12-01,177,168,31,314,50
INV0005762,P0262,2026-12-01,451,145,76,520,50
INV0005763,P0263,2026-12-01,297,93,151,239,67
INV0005764,P0264,2026-12-01,616,336,107,845,50
INV0005765,P0265,2026-12-01,69,207,33,243,50
INV0005766,P0266,2026-12-01,306,127,59,374,50
INV0005767,P0267,2026-12-01,391,399,126,664,56
INV0005768,P0268,2026-12-01,591,70,172,489,77
INV0005769,P0269,2026-12-01,666,191,32,825,50
INV0005770,P0270,2026-12-01,574,15,176,413,79
INV0005771,P0271,2026-12-01,458,274,171,561,76
INV0005772,P0272,2026-12-01,608,56,126,538,56
INV0005773,P0273,2026-12-01,122,281,31,372,50
INV0005774,P0274,2026-12-01,409,105,104,410,50
INV0005775,P0275,2026-12-01,572,359,176,755,79
INV0005776,P0276,2026-12-01,477,218,116,579,52
INV0005777,P0277,2026-12-01,428,171,24,575,50
INV0005778,P0278,2026-12-01,404,150,51,503,50
INV0005779,P0279,2026-12-01,383,124,172,335,77
INV0005780,P0280,2026-12-01,163,288,80,371,50
INV0005781,P0281,2026-12-01,251,80,34,297,50
INV0005782,P0282,2026-12-01,387,272,111,548,50
INV0005783,P0283,2026-12-01,392,154,30,516,50
INV0005784,P0284,2026-12-01,651,140,121,670,54
INV0005785,P0285,2026-12-01,297,383,19,661,50
INV0005786,P0286,2026-12-01,590,71,173,488,77
INV0005787,P0287,2026-12-01,228,282,130,380,58
INV0005788,P0288,2026-12-01,217,89,37,269,50
INV0005789,P0289,2026-12-01,417,182,139,460,62
INV0005790,P0290,2026-12-01,334,394,125,603,56
INV0005791,P0291,2026-12-01,178,39,129,88,58
INV0005792,P0292,2026-12-01,185,372,87,470,50
INV0005793,P0293,2026-12-01,647,315,130,832,58
INV0005794,P0294,2026-12-01,61,119,78,102,50
INV0005795,P0295,2026-12-01,587,210,17,780,50
INV0005796,P0296,2026-12-01,324,316,130,510,58
INV0005797,P0297,2026-12-01,414,171,74,511,50
INV0005798,P0298,2026-12-01,669,290,128,831,57
INV0005799,P0299,2026-12-01,211,205,42,374,50
INV0005800,P0300,2026-12-01,236,211,22,425,50
INV0005801,P0301,2026-12-01,382,100,83,399,50
INV0005802,P0302,2026-12-01,432,341,158,615,71
INV0005803,P0303,2026-12-01,682,399,56,1025,50
INV0005804,P0304,2026-12-01,438,391,73,756,50
INV0005805,P0305,2026-12-01,497,173,15,655,50
INV0005806,P0306,2026-12-01,177,289,20,446,50
INV0005807,P0307,2026-12-01,625,298,175,748,78
INV0005808,P0308,2026-12-01,694,269,126,837,56
INV0005809,P0309,2026-12-01,573,210,99,684,50
INV0005810,P0310,2026-12-01,444,262,179,527,80
INV0005811,P0311,2026-12-01,323,196,118,401,53
INV0005812,P0312,2026-12-01,98,54,51,101,50
INV0005813,P0313,2026-12-01,665,63,37,691,50
INV0005814,P0314,2026-12-01,177,97,87,187,50
INV0005815,P0315,2026-12-01,186,190,118,258,53
INV0005816,P0316,2026-12-01,303,147,162,288,72
INV0005817,P0317,2026-12-01,331,212,73,470,50
INV0005818,P0318,2026-12-01,172,221,176,217,79
INV0005819,P0319,2026-12-01,487,143,70,560,50
INV0005820,P0320,2026-12-01,463,104,8,559,50
INV0005821,P0321,2026-12-01,596,165,11,750,50
INV0005822,P0322,2026-12-01,572,371,104,839,50
INV0005823,P0323,2026-12-01,481,264,158,587,71
INV0005824,P0324,2026-12-01,610,280,163,727,73
INV0005825,P0325,2026-12-01,381,394,101,674,50
INV0005826,P0326,2026-12-01,311,7,90,228,50
INV0005827,P0327,2026-12-01,401,308,129,580,58
INV0005828,P0328,2026-12-01,240,15,13,242,50
INV0005829,P0329,2026-12-01,67,66,140,0,63
INV0005830,P0330,2026-12-01,265,58,47,276,50
INV0005831,P0331,2026-12-01,244,62,63,243,50
INV0005832,P0332,2026-12-01,370,364,170,564,76
INV0005833,P0333,2026-12-01,318,346,100,564,50
INV0005834,P0334,2026-12-01,380,346,101,625,50
INV0005835,P0335,2026-12-01,352,242,7,587,50
INV0005836,P0336,2026-12-01,296,339,96,539,50
INV0005837,P0337,2026-12-01,420,333,140,613,63
INV0005838,P0338,2026-12-01,191,38,170,59,76
INV0005839,P0339,2026-12-01,580,308,151,737,67
INV0005840,P0340,2026-12-01,131,131,136,126,61
INV0005841,P0341,2026-12-01,669,354,132,891,59
INV0005842,P0342,2026-12-01,131,255,140,246,63
INV0005843,P0343,2026-12-01,637,205,57,785,50
INV0005844,P0344,2026-12-01,165,370,151,384,67
INV0005845,P0345,2026-12-01,299,205,139,365,62
INV0005846,P0346,2026-12-01,509,242,142,609,63
INV0005847,P0347,2026-12-01,319,308,74,553,50
INV0005848,P0348,2026-12-01,603,345,14,934,50
INV0005849,P0349,2026-12-01,457,129,176,410,79
INV0005850,P0350,2026-12-01,238,187,32,393,50
INV0005851,P0351,2026-12-01,437,302,178,561,80
INV0005852,P0352,2026-12-01,479,155,163,471,73
INV0005853,P0353,2026-12-01,541,72,75,538,50
INV0005854,P0354,2026-12-01,245,229,62,412,50
INV0005855,P0355,2026-12-01,225,79,90,214,50
INV0005856,P0356,2026-12-01,643,209,128,724,57
INV0005857,P0357,2026-12-01,535,68,163,440,73
INV0005858,P0358,2026-12-01,368,294,139,523,62
INV0005859,P0359,2026-12-01,144,395,35,504,50
INV0005860,P0360,2026-12-01,206,203,134,275,60
INV0005861,P0361,2026-12-01,654,164,29,789,50
INV0005862,P0362,2026-12-01,599,369,157,811,70
INV0005863,P0363,2026-12-01,160,345,80,425,50
INV0005864,P0364,2026-12-01,172,41,28,185,50
INV0005865,P0365,2026-12-01,504,184,108,580,50
INV0005866,P0366,2026-12-01,214,2,29,187,50
INV0005867,P0367,2026-12-01,339,276,47,568,50
INV0005868,P0368,2026-12-01,423,307,150,580,67
INV0005869,P0369,2026-12-01,176,101,5,272,50
INV0005870,P0370,2026-12-01,529,311,13,827,50
INV0005871,P0371,2026-12-01,667,9,178,498,80
INV0005872,P0372,2026-12-01,512,65,179,398,80
INV0005873,P0373,2026-12-01,123,284,155,252,69
INV0005874,P0374,2026-12-01,261,121,24,358,50
INV0005875,P0375,2026-12-01,516,112,90,538,50
INV0005876,P0376,2026-12-01,275,269,66,478,50
INV0005877,P0377,2026-12-01,645,119,155,609,69
INV0005878,P0378,2026-12-01,368,98,52,414,50
INV0005879,P0379,2026-12-01,175,323,112,386,50
INV0005880,P0380,2026-12-01,388,61,42,407,50
INV0005881,P0381,2026-12-01,210,390,82,518,50
INV0005882,P0382,2026-12-01,205,195,149,251,67
INV0005883,P0383,2026-12-01,363,364,120,607,54
INV0005884,P0384,2026-12-01,573,300,57,816,50
INV0005885,P0385,2026-12-01,590,193,18,765,50
INV0005886,P0386,2026-12-01,250,122,105,267,50
INV0005887,P0387,2026-12-01,421,374,126,669,56
INV0005888,P0388,2026-12-01,216,61,140,137,63
INV0005889,P0389,2026-12-01,618,300,108,810,50
INV0005890,P0390,2026-12-01,522,394,105,811,50
INV0005891,P0391,2026-12-01,576,89,44,621,50
INV0005892,P0392,2026-12-01,602,141,163,580,73
INV0005893,P0393,2026-12-01,69,362,37,394,50
INV0005894,P0394,2026-12-01,202,167,160,209,72
INV0005895,P0395,2026-12-01,221,200,34,387,50
INV0005896,P0396,2026-12-01,485,114,86,513,50
INV0005897,P0397,2026-12-01,351,165,90,426,50
INV0005898,P0398,2026-12-01,267,299,66,500,50
INV0005899,P0399,2026-12-01,345,299,64,580,50
INV0005900,P0400,2026-12-01,222,218,112,328,50
INV0005901,P0401,2026-12-01,648,6,159,495,71
INV0005902,P0402,2026-12-01,247,108,170,185,76
INV0005903,P0403,2026-12-01,76,108,59,125,50
INV0005904,P0404,2026-12-01,177,57,34,200,50
INV0005905,P0405,2026-12-01,342,381,69,654,50
INV0005906,P0406,2026-12-01,601,394,38,957,50
INV0005907,P0407,2026-12-01,633,234,55,812,50
INV0005908,P0408,2026-12-01,610,389,17,982,50
INV0005909,P0409,2026-12-01,686,144,150,680,67
INV0005910,P0410,2026-12-01,532,299,39,792,50
INV0005911,P0411,2026-12-01,227,238,138,327,62
INV0005912,P0412,2026-12-01,174,394,63,505,50
INV0005913,P0413,2026-12-01,685,59,153,591,68
INV0005914,P0414,2026-12-01,188,134,81,241,50
INV0005915,P0415,2026-12-01,395,307,111,591,50
INV0005916,P0416,2026-12-01,699,145,80,764,50
INV0005917,P0417,2026-12-01,511,323,14,820,50
INV0005918,P0418,2026-12-01,603,16,149,470,67
INV0005919,P0419,2026-12-01,122,207,15,314,50
INV0005920,P0420,2026-12-01,282,78,177,183,79
INV0005921,P0421,2026-12-01,132,190,128,194,57
INV0005922,P0422,2026-12-01,691,19,129,581,58
INV0005923,P0423,2026-12-01,300,107,72,335,50
INV0005924,P0424,2026-12-01,339,185,26,498,50
INV0005925,P0425,2026-12-01,267,233,121,379,54
INV0005926,P0426,2026-12-01,475,273,132,616,59
INV0005927,P0427,2026-12-01,276,239,164,351,73
INV0005928,P0428,2026-12-01,592,155,120,627,54
INV0005929,P0429,2026-12-01,158,153,177,134,79
INV0005930,P0430,2026-12-01,269,43,25,287,50
INV0005931,P0431,2026-12-01,533,111,131,513,58
INV0005932,P0432,2026-12-01,402,94,155,341,69
INV0005933,P0433,2026-12-01,585,227,157,655,70
INV0005934,P0434,2026-12-01,187,115,110,192,50
INV0005935,P0435,2026-12-01,265,198,24,439,50
INV0005936,P0436,2026-12-01,269,261,170,360,76
INV0005937,P0437,2026-12-01,336,217,119,434,53
INV0005938,P0438,2026-12-01,650,9,107,552,50
INV0005939,P0439,2026-12-01,336,209,148,397,66
INV0005940,P0440,2026-12-01,193,124,87,230,50
INV0005941,P0441,2026-12-01,499,337,169,667,76
INV0005942,P0442,2026-12-01,255,62,12,305,50
INV0005943,P0443,2026-12-01,153,81,161,73,72
INV0005944,P0444,2026-12-01,260,358,62,556,50
INV0005945,P0445,2026-12-01,270,239,162,347,72
INV0005946,P0446,2026-12-01,536,54,15,575,50
INV0005947,P0447,2026-12-01,115,334,132,317,59
INV0005948,P0448,2026-12-01,441,233,144,530,64
INV0005949,P0449,2026-12-01,152,198,174,176,78
INV0005950,P0450,2026-12-01,452,3,70,385,50
INV0005951,P0451,2026-12-01,173,121,60,234,50
INV0005952,P0452,2026-12-01,618,225,28,815,50
INV0005953,P0453,2026-12-01,161,392,73,480,50
INV0005954,P0454,2026-12-01,431,194,141,484,63
INV0005955,P0455,2026-12-01,446,66,164,348,73
INV0005956,P0456,2026-12-01,253,285,77,461,50
INV0005957,P0457,2026-12-01,546,223,32,737,50
INV0005958,P0458,2026-12-01,241,41,155,127,69
INV0005959,P0459,2026-12-01,327,53,117,263,52
INV0005960,P0460,2026-12-01,310,318,135,493,60
INV0005961,P0461,2026-12-01,110,161,79,192,50
INV0005962,P0462,2026-12-01,332,54,82,304,50
INV0005963,P0463,2026-12-01,212,143,144,211,64
INV0005964,P0464,2026-12-01,440,62,145,357,65
INV0005965,P0465,2026-12-01,310,235,63,482,50
INV0005966,P0466,2026-12-01,380,268,169,479,76
INV0005967,P0467,2026-12-01,591,169,172,588,77
INV0005968,P0468,2026-12-01,210,187,94,303,50
INV0005969,P0469,2026-12-01,682,291,44,929,50
INV0005970,P0470,2026-12-01,212,339,140,411,63
INV0005971,P0471,2026-12-01,579,384,176,787,79
INV0005972,P0472,2026-12-01,577,328,145,760,65
INV0005973,P0473,2026-12-01,663,140,94,709,50
INV0005974,P0474,2026-12-01,230,196,80,346,50
INV0005975,P0475,2026-12-01,631,341,157,815,70
INV0005976,P0476,2026-12-01,140,199,132,207,59
INV0005977,P0477,2026-12-01,71,81,85,67,50
INV0005978,P0478,2026-12-01,270,175,112,333,50
INV0005979,P0479,2026-12-01,455,152,178,429,80
INV0005980,P0480,2026-12-01,146,330,64,412,50
INV0005981,P0481,2026-12-01,213,149,144,218,64
INV0005982,P0482,2026-12-01,111,63,84,90,50
INV0005983,P0483,2026-12-01,401,397,22,776,50
INV0005984,P0484,2026-12-01,331,84,30,385,50
INV0005985,P0485,2026-12-01,316,100,165,251,74
INV0005986,P0486,2026-12-01,121,46,87,80,50
INV0005987,P0487,2026-12-01,362,249,88,523,50
INV0005988,P0488,2026-12-01,426,218,80,564,50
INV0005989,P0489,2026-12-01,609,322,29,902,50
INV0005990,P0490,2026-12-01,259,201,164,296,73
INV0005991,P0491,2026-12-01,571,168,156,583,70
INV0005992,P0492,2026-12-01,172,254,164,262,73
INV0005993,P0493,2026-12-01,590,235,59,766,50
INV0005994,P0494,2026-12-01,526,108,44,590,50
INV0005995,P0495,2026-12-01,588,148,106,630,50
INV0005996,P0496,2026-12-01,682,158,132,708,59
INV0005997,P0497,2026-12-01,369,294,53,610,50
INV0005998,P0498,2026-12-01,464,364,73,755,50
INV0005999,P0499,2026-12-01,285,322,144,463,64
INV0006000,P0500,2026-12-01,107,373,78,402,50
