return_id,order_id,product_id,customer_id,return_date,return_reason,return_quantity,refund_amount
R000001,O000004,P0072,C03863,2026-08-13,Changed Mind,3,55548.58
R000002,O000010,P0115,C09781,2025-05-07,Size Issue,1,6734.32
R000003,O000030,P0253,C00952,2025-04-23,Changed Mind,1,3222.77
R000004,O000031,P0081,C04627,2025-12-04,Late Delivery,1,28635.56
R000005,O000032,P0079,C04909,2026-01-19,Size Issue,2,5720.54
R000006,O000036,P0474,C07701,2025-11-04,Damaged During Delivery,2,7188.79
R000007,O000044,P0142,C03420,2026-08-06,Damaged During Delivery,1,2456.08
R000008,O000056,P0450,C04701,2025-02-08,Product Defect,1,11238.51
R000009,O000068,P0232,C01776,2025-02-11,Not as Expected,1,5180.16
R000010,O000068,P0039,C01776,2025-02-19,Wrong Product,1,24192.47
R000011,O000070,P0226,C02208,2025-10-21,Product Defect,1,5098.14
R000012,O000070,P0195,C02208,2025-10-20,Product Defect,1,14990.06
R000013,O000070,P0473,C02208,2025-10-12,Damaged During Delivery,1,11072.69
R000014,O000082,P0168,C08753,2025-10-04,Size Issue,1,2613.12
R000015,O000084,P0050,C00703,2026-03-28,Changed Mind,1,16983.73
R000016,O000091,P0123,C09109,2025-01-27,Size Issue,1,12875.47
R000017,O000093,P0136,C03987,2026-11-10,Not as Expected,2,24134.95
R000018,O000093,P0409,C03987,2026-11-11,Changed Mind,1,9666.52
R000019,O000113,P0031,C05189,2025-10-23,Changed Mind,1,29619.28
R000020,O000114,P0372,C06009,2026-11-08,Not as Expected,2,5585.8
R000021,O000114,P0069,C06009,2026-11-08,Not as Expected,1,9999.73
R000022,O000122,P0154,C00707,2025-04-11,Damaged During Delivery,1,5968.94
R000023,O000122,P0042,C00707,2025-04-08,Changed Mind,2,22782.6
R000024,O000122,P0259,C00707,2025-04-07,Changed Mind,1,6071.72
R000025,O000141,P0184,C07388,2025-03-21,Size Issue,2,17563.3
R000026,O000158,P0454,C06367,2025-10-24,Size Issue,1,9371.55
R000027,O000159,P0439,C07609,2025-02-18,Product Defect,2,19840.47
R000028,O000161,P0020,C07343,2025-10-22,Product Defect,1,6368.96
R000029,O000161,P0129,C07343,2025-11-07,Not as Expected,1,6754.59
R000030,O000161,P0252,C07343,2025-10-27,Damaged During Delivery,1,5960.11
R000031,O000177,P0385,C02809,2026-11-26,Damaged During Delivery,1,4341.04
R000032,O000178,P0053,C06764,2026-11-26,Damaged During Delivery,1,4240.72
R000033,O000178,P0196,C06764,2026-12-03,Product Defect,1,801.81
R000034,O000194,P0290,C01036,2026-09-05,Wrong Product,2,10008.58
R000035,O000197,P0240,C07362,2025-02-22,Size Issue,2,668.1
R000036,O000197,P0379,C07362,2025-02-23,Size Issue,1,431.95
R000037,O000197,P0096,C07362,2025-02-25,Late Delivery,3,9188.67
R000038,O000205,P0470,C05171,2025-05-30,Changed Mind,1,5387.25
R000039,O000205,P0280,C05171,2025-05-23,Changed Mind,3,6591.01
R000040,O000226,P0272,C05595,2026-12-19,Damaged During Delivery,1,2334.35
R000041,O000226,P0485,C05595,2026-12-09,Late Delivery,1,7563.26
R000042,O000229,P0089,C08435,2026-08-29,Product Defect,1,11938.58
R000043,O000229,P0361,C08435,2026-08-27,Late Delivery,1,3156.17
R000044,O000233,P0326,C07556,2025-07-24,Size Issue,1,308.9
R000045,O000241,P0103,C02321,2025-11-20,Changed Mind,2,3487.24
R000046,O000243,P0351,C04987,2025-08-25,Damaged During Delivery,1,2183.61
R000047,O000243,P0287,C04987,2025-08-27,Not as Expected,1,768.26
R000048,O000248,P0224,C07303,2026-11-16,Damaged During Delivery,1,1708.69
R000049,O000263,P0097,C09941,2027-01-02,Product Defect,1,29429.69
R000050,O000270,P0318,C07299,2026-07-19,Late Delivery,1,382.9
R000051,O000282,P0123,C04032,2025-06-05,Changed Mind,1,13243.99
R000052,O000290,P0199,C01686,2025-12-09,Product Defect,1,13621.08
R000053,O000299,P0249,C03174,2026-08-08,Changed Mind,2,6528.95
R000054,O000303,P0037,C04069,2025-12-03,Wrong Product,1,843.82
R000055,O000305,P0180,C06975,2026-04-13,Not as Expected,1,1895.12
R000056,O000305,P0152,C06975,2026-04-08,Not as Expected,3,7075.43
R000057,O000305,P0219,C06975,2026-04-20,Changed Mind,1,2073.05
R000058,O000311,P0370,C00594,2026-10-18,Not as Expected,1,869.73
R000059,O000324,P0049,C03153,2026-08-30,Not as Expected,1,6347.12
R000060,O000346,P0321,C03903,2025-11-27,Not as Expected,2,4866.8
R000061,O000346,P0387,C03903,2025-11-30,Changed Mind,3,1000.3
R000062,O000346,P0271,C03903,2025-12-03,Product Defect,1,1755.63
R000063,O000365,P0329,C05120,2025-05-25,Size Issue,1,1800.79
R000064,O000371,P0432,C06784,2025-05-26,Late Delivery,1,4388.11
R000065,O000387,P0204,C09658,2026-10-13,Size Issue,1,4081.48
R000066,O000400,P0337,C05981,2026-09-05,Damaged During Delivery,2,7893.79
R000067,O000407,P0481,C07366,2026-04-29,Changed Mind,2,19967.33
R000068,O000422,P0091,C00129,2025-04-17,Product Defect,2,21368.48
R000069,O000428,P0032,C02531,2025-05-12,Late Delivery,1,756.85
R000070,O000435,P0281,C04863,2025-07-04,Wrong Product,3,8923.5
R000071,O000437,P0293,C06335,2025-03-26,Damaged During Delivery,1,3255.69
R000072,O000481,P0204,C03213,2025-03-26,Damaged During Delivery,2,8813.28
R000073,O000510,P0148,C07113,2026-02-03,Damaged During Delivery,1,1470.1
R000074,O000510,P0460,C07113,2026-01-21,Wrong Product,1,4493.38
R000075,O000511,P0367,C01467,2025-09-14,Damaged During Delivery,3,3259.86
R000076,O000543,P0333,C00562,2025-10-16,Changed Mind,1,3604.0
R000077,O000556,P0374,C09243,2025-08-15,Late Delivery,1,3858.3
R000078,O000564,P0089,C05253,2025-10-23,Not as Expected,2,25144.27
R000079,O000565,P0420,C03699,2026-02-24,Wrong Product,1,1482.5
R000080,O000565,P0007,C03699,2026-02-19,Changed Mind,1,8994.18
R000081,O000578,P0267,C07706,2026-09-30,Size Issue,1,6308.52
R000082,O000587,P0458,C06714,2026-06-30,Wrong Product,2,17603.52
R000083,O000620,P0183,C02083,2026-12-19,Not as Expected,1,13945.42
R000084,O000654,P0073,C02618,2025-09-17,Not as Expected,1,28307.78
R000085,O000658,P0149,C02073,2025-10-17,Wrong Product,1,10317.45
R000086,O000659,P0219,C02707,2026-01-24,Changed Mind,1,2122.23
R000087,O000697,P0095,C02727,2026-03-28,Size Issue,2,11258.02
R000088,O000700,P0227,C06514,2025-12-15,Changed Mind,1,5531.04
R000089,O000700,P0164,C06514,2025-12-14,Size Issue,1,17394.47
R000090,O000723,P0145,C07227,2026-05-05,Wrong Product,1,14397.23
R000091,O000736,P0410,C04857,2025-06-24,Changed Mind,1,11107.08
R000092,O000750,P0422,C06997,2025-11-30,Size Issue,1,7853.06
R000093,O000750,P0244,C06997,2025-12-10,Product Defect,1,2116.88
R000094,O000761,P0470,C08714,2026-10-22,Not as Expected,1,4870.22
R000095,O000764,P0224,C03591,2026-02-12,Not as Expected,1,1826.66
R000096,O000797,P0011,C01890,2026-03-16,Not as Expected,1,22175.07
R000097,O000808,P0293,C09426,2025-09-17,Damaged During Delivery,1,3034.26
R000098,O000817,P0468,C07503,2025-09-03,Changed Mind,2,20677.27
R000099,O000819,P0436,C01327,2026-12-15,Changed Mind,3,19151.72
R000100,O000842,P0264,C00399,2026-11-30,Size Issue,1,2948.01
R000101,O000842,P0440,C00399,2026-12-08,Damaged During Delivery,2,7983.79
R000102,O000846,P0055,C08939,2025-11-30,Not as Expected,1,9666.03
R000103,O000853,P0075,C08780,2026-07-01,Changed Mind,2,52272.73
R000104,O000853,P0073,C08780,2026-06-18,Not as Expected,2,52264.88
R000105,O000853,P0308,C08780,2026-06-19,Size Issue,1,2344.57
R000106,O000855,P0169,C03067,2026-03-15,Changed Mind,1,3690.35
R000107,O000861,P0177,C02941,2026-04-24,Damaged During Delivery,2,17201.33
R000108,O000862,P0331,C02080,2025-10-29,Size Issue,1,1839.85
R000109,O000884,P0246,C03572,2026-12-18,Changed Mind,2,6341.36
R000110,O000896,P0498,C03485,2026-07-25,Late Delivery,1,1613.82
R000111,O000914,P0473,C01200,2027-01-06,Size Issue,1,10212.38
R000112,O000920,P0357,C04904,2025-01-13,Size Issue,2,7629.21
R000113,O000923,P0129,C04241,2026-12-23,Late Delivery,1,7228.3
R000114,O000923,P0444,C04241,2026-12-17,Not as Expected,1,1657.18
R000115,O000972,P0383,C05990,2026-05-19,Damaged During Delivery,1,2793.1
R000116,O000979,P0253,C07024,2025-07-13,Wrong Product,1,3547.7
R000117,O000982,P0160,C05000,2025-11-02,Size Issue,1,7335.27
R000118,O000982,P0002,C05000,2025-11-02,Wrong Product,1,25424.27
R000119,O001001,P0451,C06601,2026-02-12,Not as Expected,2,1590.6
R000120,O001003,P0231,C04698,2026-07-10,Size Issue,1,3873.55
R000121,O001012,P0371,C09441,2026-12-27,Product Defect,2,4541.25
R000122,O001044,P0184,C04864,2026-08-18,Wrong Product,1,8883.83
R000123,O001044,P0309,C04864,2026-08-22,Damaged During Delivery,1,3571.61
R000124,O001051,P0374,C09674,2026-05-26,Product Defect,1,3845.71
R000125,O001051,P0057,C09674,2026-05-20,Not as Expected,1,8452.33
R000126,O001074,P0074,C03321,2026-09-20,Changed Mind,1,25836.58
R000127,O001074,P0397,C03321,2026-09-06,Damaged During Delivery,2,8336.12
R000128,O001074,P0126,C03321,2026-09-08,Changed Mind,2,24402.86
R000129,O001110,P0028,C09752,2025-02-26,Wrong Product,1,14964.5
R000130,O001110,P0168,C09752,2025-02-25,Not as Expected,3,7989.03
R000131,O001119,P0292,C07726,2025-12-23,Not as Expected,1,445.78
R000132,O001119,P0282,C07726,2025-12-19,Product Defect,1,4899.24
R000133,O001140,P0424,C06895,2025-02-05,Size Issue,1,2378.36
R000134,O001142,P0414,C05413,2025-08-31,Changed Mind,2,8737.5
R000135,O001160,P0411,C08453,2025-10-22,Changed Mind,1,7458.0
R000136,O001167,P0039,C06245,2025-06-22,Late Delivery,1,25278.43
R000137,O001167,P0316,C06245,2025-06-23,Product Defect,1,4535.76
R000138,O001168,P0455,C07008,2025-10-17,Size Issue,1,5942.26
R000139,O001178,P0196,C03094,2026-05-27,Size Issue,2,1536.57
R000140,O001178,P0241,C03094,2026-05-23,Late Delivery,1,6266.24
R000141,O001178,P0315,C03094,2026-05-26,Damaged During Delivery,1,1707.67
R000142,O001180,P0298,C04320,2026-01-12,Not as Expected,1,3348.77
R000143,O001231,P0148,C01077,2025-09-24,Size Issue,1,1421.18
R000144,O001248,P0263,C09564,2026-05-07,Size Issue,1,5859.41
R000145,O001248,P0321,C09564,2026-05-13,Product Defect,1,2258.9
R000146,O001248,P0443,C09564,2026-05-03,Not as Expected,1,8181.02
R000147,O001267,P0058,C06320,2025-04-07,Late Delivery,1,10305.58
R000148,O001267,P0197,C06320,2025-03-28,Late Delivery,1,6261.81
R000149,O001307,P0396,C07070,2026-07-07,Changed Mind,1,1384.21
R000150,O001325,P0029,C09332,2026-11-02,Product Defect,1,25342.1
R000151,O001325,P0371,C09332,2026-10-20,Product Defect,1,2219.48
R000152,O001325,P0439,C09332,2026-10-30,Late Delivery,1,10890.09
R000153,O001331,P0009,C07380,2025-12-09,Not as Expected,1,29852.07
R000154,O001347,P0407,C09229,2026-03-09,Changed Mind,1,6360.24
R000155,O001347,P0049,C09229,2026-03-08,Size Issue,1,6930.75
R000156,O001348,P0251,C09521,2025-03-31,Changed Mind,1,1034.03
R000157,O001357,P0466,C01022,2026-12-14,Not as Expected,1,8006.57
R000158,O001357,P0175,C01022,2026-12-17,Changed Mind,2,25030.83
R000159,O001361,P0004,C04003,2025-11-28,Changed Mind,2,25495.06
R000160,O001361,P0051,C04003,2025-12-04,Late Delivery,2,18470.3
R000161,O001371,P0058,C05446,2026-02-10,Product Defect,2,20960.35
R000162,O001371,P0156,C05446,2026-02-18,Not as Expected,1,2674.58
R000163,O001392,P0145,C06012,2026-08-27,Size Issue,1,13605.45
R000164,O001395,P0043,C04049,2025-06-23,Product Defect,1,25872.11
R000165,O001395,P0304,C04049,2025-06-27,Changed Mind,3,11489.76
R000166,O001397,P0123,C08955,2025-11-19,Changed Mind,1,13716.68
R000167,O001402,P0188,C00350,2025-03-18,Not as Expected,2,20796.5
R000168,O001414,P0310,C09834,2025-04-30,Not as Expected,1,2879.1
R000169,O001421,P0407,C01314,2025-10-17,Not as Expected,1,6590.22
R000170,O001475,P0335,C05746,2026-01-03,Not as Expected,2,378.94
R000171,O001479,P0424,C08538,2025-02-23,Product Defect,1,2439.15
R000172,O001510,P0245,C09453,2027-01-01,Not as Expected,1,4920.01
R000173,O001535,P0109,C02488,2026-04-26,Late Delivery,1,13148.93
R000174,O001540,P0131,C05704,2026-10-10,Size Issue,1,14577.04
R000175,O001556,P0459,C08454,2025-06-21,Product Defect,1,9231.47
R000176,O001566,P0453,C06519,2025-10-25,Damaged During Delivery,2,6700.44
R000177,O001576,P0260,C06443,2026-10-09,Changed Mind,1,379.9
R000178,O001591,P0413,C07078,2026-04-17,Changed Mind,1,7556.74
R000179,O001605,P0245,C07543,2026-04-22,Not as Expected,1,5538.1
R000180,O001633,P0220,C06014,2026-07-25,Wrong Product,2,2061.61
R000181,O001644,P0190,C02993,2025-03-27,Wrong Product,1,15491.04
R000182,O001654,P0003,C06216,2025-05-03,Wrong Product,2,12844.08
R000183,O001656,P0209,C06162,2026-11-08,Not as Expected,1,4825.72
R000184,O001665,P0145,C05373,2025-04-09,Not as Expected,1,13348.8
R000185,O001675,P0453,C00469,2026-02-22,Wrong Product,1,3380.28
R000186,O001703,P0406,C02201,2025-09-17,Not as Expected,1,10611.96
R000187,O001703,P0038,C02201,2025-09-20,Changed Mind,1,1379.35
R000188,O001703,P0447,C02201,2025-09-10,Not as Expected,1,2061.77
R000189,O001737,P0121,C05881,2025-10-25,Damaged During Delivery,1,2654.78
R000190,O001770,P0438,C00561,2025-06-05,Late Delivery,1,7940.72
R000191,O001774,P0374,C09433,2026-05-09,Late Delivery,1,4300.92
R000192,O001790,P0117,C04073,2026-04-19,Size Issue,2,12414.74
R000193,O001790,P0196,C04073,2026-04-17,Late Delivery,1,844.61
R000194,O001832,P0321,C01095,2025-04-05,Not as Expected,2,4445.23
R000195,O001832,P0217,C01095,2025-04-13,Damaged During Delivery,1,4574.81
R000196,O001862,P0353,C03211,2026-03-10,Size Issue,2,4550.18
R000197,O001862,P0017,C03211,2026-03-07,Changed Mind,1,1191.89
R000198,O001919,P0454,C05479,2026-11-08,Product Defect,1,10174.26
R000199,O001953,P0048,C07279,2026-11-24,Changed Mind,1,9708.77
R000200,O001953,P0176,C07279,2026-11-29,Not as Expected,2,24653.76
R000201,O001964,P0214,C03554,2025-09-16,Changed Mind,2,11924.41
R000202,O001970,P0007,C08832,2026-10-23,Wrong Product,1,8989.98
R000203,O001981,P0368,C06218,2025-01-22,Changed Mind,1,294.41
R000204,O001981,P0142,C06218,2025-01-20,Late Delivery,1,2548.4
R000205,O001989,P0063,C02252,2026-03-28,Not as Expected,2,17492.22
R000206,O002021,P0299,C01340,2026-07-25,Not as Expected,1,5291.72
R000207,O002030,P0262,C03831,2026-09-12,Size Issue,1,1726.68
R000208,O002047,P0076,C05099,2025-01-11,Product Defect,1,25671.8
R000209,O002047,P0399,C05099,2025-01-13,Size Issue,1,3882.77
R000210,O002047,P0034,C05099,2025-01-10,Not as Expected,1,20311.64
R000211,O002058,P0106,C03644,2026-07-15,Not as Expected,1,5394.01
R000212,O002095,P0184,C09938,2025-04-11,Damaged During Delivery,1,9501.81
R000213,O002115,P0464,C06618,2026-08-18,Wrong Product,1,7242.68
R000214,O002115,P0204,C06618,2026-08-09,Changed Mind,1,4096.37
R000215,O002119,P0283,C05537,2025-09-10,Product Defect,1,4656.36
R000216,O002154,P0388,C06929,2025-11-15,Not as Expected,1,4205.31
R000217,O002168,P0036,C01950,2026-07-20,Size Issue,1,2809.24
R000218,O002201,P0438,C06461,2026-10-15,Size Issue,1,7177.34
R000219,O002238,P0097,C05264,2025-07-22,Late Delivery,2,62224.09
R000220,O002240,P0268,C05971,2026-01-10,Product Defect,1,5481.6
R000221,O002241,P0239,C07640,2026-09-05,Wrong Product,1,3157.21
R000222,O002242,P0394,C01761,2026-03-13,Product Defect,2,1468.53
R000223,O002242,P0012,C01761,2026-03-27,Damaged During Delivery,1,29581.19
R000224,O002242,P0452,C01761,2026-03-15,Product Defect,1,1743.31
R000225,O002247,P0085,C09365,2026-06-12,Changed Mind,1,1097.01
R000226,O002247,P0189,C09365,2026-06-11,Late Delivery,1,987.57
R000227,O002250,P0188,C09495,2026-02-06,Changed Mind,2,20613.45
R000228,O002261,P0418,C01206,2026-10-03,Product Defect,1,8519.62
R000229,O002269,P0122,C00774,2025-07-31,Late Delivery,2,12176.51
R000230,O002270,P0030,C04565,2025-06-14,Not as Expected,1,21782.74
R000231,O002275,P0292,C05008,2026-11-25,Changed Mind,1,439.26
R000232,O002275,P0060,C05008,2026-11-27,Changed Mind,1,14619.08
R000233,O002276,P0220,C02749,2025-03-30,Size Issue,1,1040.41
R000234,O002280,P0267,C02752,2027-01-06,Product Defect,2,12912.23
R000235,O002295,P0243,C06198,2025-03-23,Wrong Product,2,10074.52
R000236,O002295,P0136,C06198,2025-03-19,Size Issue,2,24848.55
R000237,O002295,P0482,C06198,2025-03-24,Size Issue,1,10657.3
R000238,O002296,P0229,C01163,2026-04-17,Product Defect,2,3876.32
R000239,O002307,P0149,C01714,2025-02-20,Size Issue,1,11292.43
R000240,O002307,P0385,C01714,2025-02-19,Size Issue,2,8715.39
R000241,O002309,P0109,C01218,2026-10-27,Size Issue,1,14031.24
R000242,O002311,P0284,C04424,2025-12-03,Changed Mind,1,3999.96
R000243,O002311,P0394,C04424,2025-11-28,Size Issue,1,721.13
R000244,O002311,P0467,C04424,2025-11-27,Not as Expected,1,2636.03
R000245,O002315,P0055,C07924,2026-10-28,Changed Mind,2,18991.38
R000246,O002317,P0427,C08467,2025-03-19,Size Issue,1,9355.72
R000247,O002327,P0159,C07787,2026-12-23,Changed Mind,1,3318.7
R000248,O002328,P0392,C01448,2025-06-28,Product Defect,1,2736.34
R000249,O002331,P0396,C04879,2025-08-13,Changed Mind,2,3043.25
R000250,O002331,P0213,C04879,2025-08-04,Product Defect,1,4831.81
R000251,O002331,P0193,C04879,2025-08-08,Not as Expected,1,2301.58
R000252,O002341,P0347,C00304,2027-01-02,Not as Expected,1,1148.06
R000253,O002341,P0234,C00304,2026-12-31,Not as Expected,1,4401.88
R000254,O002341,P0364,C00304,2026-12-19,Not as Expected,1,387.72
R000255,O002363,P0157,C05814,2025-05-29,Damaged During Delivery,1,11911.65
R000256,O002389,P0397,C08168,2025-05-22,Changed Mind,1,4364.09
R000257,O002389,P0208,C08168,2025-05-30,Changed Mind,1,393.52
R000258,O002395,P0270,C08102,2026-10-27,Not as Expected,1,1163.48
R000259,O002419,P0103,C05935,2026-01-17,Size Issue,1,1611.69
R000260,O002419,P0456,C05935,2026-01-21,Changed Mind,1,880.51
R000261,O002461,P0109,C01361,2025-11-25,Not as Expected,1,13988.83
R000262,O002464,P0303,C05822,2026-12-07,Product Defect,1,3628.29
R000263,O002472,P0275,C04673,2026-04-10,Damaged During Delivery,1,6492.05
R000264,O002508,P0170,C04603,2026-12-05,Changed Mind,1,8791.07
R000265,O002562,P0213,C06689,2025-10-29,Not as Expected,2,10754.81
R000266,O002582,P0235,C03079,2026-07-21,Product Defect,1,1736.15
R000267,O002593,P0047,C06137,2026-12-09,Damaged During Delivery,1,1486.47
R000268,O002593,P0481,C06137,2026-12-04,Wrong Product,1,9675.75
R000269,O002593,P0453,C06137,2026-11-28,Changed Mind,1,3530.82
R000270,O002600,P0273,C01454,2026-11-02,Wrong Product,2,8602.15
R000271,O002608,P0246,C08947,2026-07-05,Size Issue,1,3081.21
R000272,O002608,P0196,C08947,2026-07-05,Damaged During Delivery,2,1736.8
R000273,O002609,P0047,C05968,2027-01-09,Product Defect,1,1498.91
R000274,O002615,P0106,C08012,2026-10-28,Damaged During Delivery,2,11531.46
R000275,O002616,P0159,C08351,2026-12-28,Wrong Product,1,2980.09
R000276,O002654,P0089,C04078,2026-01-09,Changed Mind,2,28124.71
R000277,O002654,P0420,C04078,2025-12-31,Changed Mind,1,1461.09
R000278,O002665,P0393,C06418,2026-12-18,Damaged During Delivery,1,1346.99
R000279,O002698,P0360,C00825,2025-10-30,Product Defect,1,3298.75
R000280,O002698,P0483,C00825,2025-11-05,Not as Expected,1,1983.43
R000281,O002714,P0256,C06976,2026-11-15,Wrong Product,1,5594.15
R000282,O002729,P0252,C03756,2025-09-20,Not as Expected,1,5671.46
R000283,O002729,P0276,C03756,2025-09-08,Late Delivery,1,6220.18
R000284,O002758,P0036,C02857,2026-08-25,Not as Expected,1,2594.59
R000285,O002758,P0114,C02857,2026-09-01,Wrong Product,1,2092.03
R000286,O002773,P0417,C01616,2026-11-20,Not as Expected,1,7043.44
R000287,O002776,P0324,C04197,2025-04-29,Wrong Product,1,623.5
R000288,O002794,P0006,C08626,2025-10-04,Size Issue,1,23593.56
R000289,O002794,P0256,C08626,2025-10-10,Changed Mind,1,5716.74
R000290,O002801,P0320,C04912,2025-07-26,Not as Expected,1,3434.18
R000291,O002801,P0284,C04912,2025-07-30,Late Delivery,2,7315.79
R000292,O002801,P0298,C04912,2025-07-18,Changed Mind,1,3210.39
R000293,O002808,P0039,C06673,2025-02-08,Damaged During Delivery,2,48244.55
R000294,O002834,P0430,C06661,2026-11-17,Not as Expected,1,5990.59
R000295,O002861,P0202,C09957,2025-02-20,Damaged During Delivery,2,13561.39
R000296,O002863,P0117,C06919,2026-05-19,Size Issue,1,7046.39
R000297,O002863,P0418,C06919,2026-05-13,Not as Expected,1,7678.31
R000298,O002863,P0316,C06919,2026-05-03,Size Issue,2,8286.25
R000299,O002878,P0351,C02193,2025-09-04,Changed Mind,1,2007.93
R000300,O002878,P0224,C02193,2025-09-08,Product Defect,1,1783.96
R000301,O002878,P0373,C02193,2025-09-04,Not as Expected,1,1787.3
R000302,O002884,P0291,C05765,2025-11-14,Not as Expected,2,4943.97
R000303,O002884,P0152,C05765,2025-10-31,Product Defect,2,5253.51
R000304,O002891,P0108,C03311,2025-03-13,Changed Mind,1,11056.52
R000305,O002907,P0033,C01250,2026-02-12,Size Issue,1,7436.18
R000306,O002936,P0067,C01397,2027-01-02,Product Defect,1,23082.45
R000307,O002959,P0009,C07994,2026-09-03,Product Defect,1,22909.79
R000308,O002959,P0143,C07994,2026-08-26,Not as Expected,1,7609.47
R000309,O002959,P0487,C07994,2026-08-26,Damaged During Delivery,1,5060.82
R000310,O002973,P0177,C09975,2025-02-25,Changed Mind,1,8903.26
R000311,O002973,P0118,C09975,2025-02-23,Changed Mind,1,2097.67
R000312,O002981,P0390,C03304,2025-04-24,Damaged During Delivery,1,765.72
R000313,O002984,P0289,C04829,2026-04-28,Changed Mind,1,5443.83
R000314,O002984,P0288,C04829,2026-04-30,Late Delivery,2,3681.0
R000315,O002989,P0447,C01667,2025-11-01,Changed Mind,1,2143.51
R000316,O003000,P0426,C03908,2026-08-02,Size Issue,1,721.93
R000317,O003010,P0331,C09046,2026-09-23,Size Issue,1,1934.01
R000318,O003018,P0046,C08635,2026-08-21,Size Issue,2,14627.17
R000319,O003018,P0106,C08635,2026-09-02,Damaged During Delivery,2,12193.7
R000320,O003029,P0034,C05869,2026-09-28,Size Issue,2,33877.52
R000321,O003034,P0414,C05581,2026-04-14,Not as Expected,1,3830.07
R000322,O003046,P0185,C02248,2025-02-19,Size Issue,1,8539.57
R000323,O003053,P0248,C04935,2025-02-25,Size Issue,1,4216.5
R000324,O003053,P0441,C04935,2025-03-05,Product Defect,1,7718.25
R000325,O003059,P0443,C03497,2025-11-17,Late Delivery,1,8265.27
R000326,O003059,P0164,C03497,2025-11-11,Product Defect,1,16157.9
R000327,O003097,P0306,C09128,2025-07-07,Damaged During Delivery,1,1566.84
R000328,O003115,P0488,C03674,2025-04-22,Not as Expected,1,8493.51
R000329,O003134,P0471,C02391,2026-09-03,Changed Mind,1,2037.05
R000330,O003151,P0346,C07553,2025-05-22,Size Issue,1,505.9
R000331,O003151,P0224,C07553,2025-05-26,Wrong Product,1,1697.0
R000332,O003161,P0369,C07411,2026-02-17,Size Issue,1,2984.46
R000333,O003173,P0282,C06550,2026-07-10,Not as Expected,1,4801.08
R000334,O003179,P0103,C00103,2025-10-10,Size Issue,1,1577.8
R000335,O003208,P0452,C07934,2027-01-08,Not as Expected,2,3435.24
R000336,O003210,P0243,C08225,2026-12-18,Size Issue,1,5352.96
R000337,O003216,P0118,C04010,2025-11-16,Not as Expected,1,1883.14
R000338,O003223,P0425,C09588,2026-07-28,Product Defect,1,7593.44
R000339,O003223,P0023,C09588,2026-07-29,Damaged During Delivery,3,62747.36
R000340,O003223,P0025,C09588,2026-08-07,Damaged During Delivery,2,55637.12
R000341,O003225,P0319,C02105,2026-01-05,Late Delivery,1,2874.61
R000342,O003226,P0148,C09502,2026-08-28,Late Delivery,1,1568.77
R000343,O003232,P0399,C09942,2026-10-23,Product Defect,1,3982.83
R000344,O003232,P0312,C09942,2026-10-22,Damaged During Delivery,1,470.64
R000345,O003232,P0149,C09942,2026-10-31,Not as Expected,1,10814.58
R000346,O003247,P0409,C05166,2025-08-10,Not as Expected,1,9939.08
R000347,O003248,P0242,C05986,2026-10-12,Wrong Product,1,3660.01
R000348,O003259,P0324,C06200,2025-03-01,Damaged During Delivery,1,586.84
R000349,O003260,P0160,C05156,2026-09-29,Wrong Product,1,7165.33
R000350,O003260,P0291,C05156,2026-10-05,Wrong Product,1,2220.85
R000351,O003286,P0399,C06490,2025-07-31,Product Defect,1,4225.62
R000352,O003286,P0476,C06490,2025-08-05,Not as Expected,1,2179.89
R000353,O003286,P0348,C06490,2025-07-29,Product Defect,1,3446.67
R000354,O003294,P0193,C05577,2025-12-16,Size Issue,2,4719.84
R000355,O003304,P0064,C04128,2025-11-22,Late Delivery,2,25889.79
R000356,O003319,P0471,C06436,2025-08-24,Changed Mind,2,3836.49
R000357,O003334,P0474,C05641,2025-03-30,Size Issue,1,3570.31
R000358,O003347,P0111,C09041,2026-09-24,Size Issue,1,15641.94
R000359,O003349,P0324,C04336,2025-12-02,Damaged During Delivery,2,1193.91
R000360,O003360,P0282,C02773,2026-11-14,Changed Mind,1,4856.17
R000361,O003402,P0212,C02985,2026-08-06,Not as Expected,1,4643.23
R000362,O003402,P0156,C02985,2026-08-15,Size Issue,1,2594.75
R000363,O003415,P0223,C08427,2026-08-19,Changed Mind,1,4694.32
R000364,O003415,P0193,C08427,2026-08-06,Product Defect,1,2496.15
R000365,O003424,P0020,C06399,2025-09-30,Changed Mind,1,6406.78
R000366,O003444,P0228,C04759,2027-01-17,Size Issue,1,1190.16
R000367,O003456,P0242,C04234,2025-08-23,Not as Expected,1,3774.81
R000368,O003456,P0406,C04234,2025-08-27,Not as Expected,1,11445.47
R000369,O003473,P0176,C08232,2026-04-16,Not as Expected,1,12774.05
R000370,O003517,P0042,C05610,2025-12-26,Changed Mind,1,11492.39
R000371,O003524,P0499,C01748,2025-05-27,Size Issue,1,9826.53
R000372,O003524,P0475,C01748,2025-05-23,Size Issue,1,3514.01
R000373,O003546,P0288,C01316,2025-03-21,Not as Expected,1,1849.6
R000374,O003546,P0030,C01316,2025-03-20,Wrong Product,1,22218.43
R000375,O003546,P0228,C01316,2025-03-22,Product Defect,1,1178.04
R000376,O003551,P0084,C02759,2025-05-05,Not as Expected,1,7559.14
R000377,O003563,P0129,C02544,2025-07-14,Changed Mind,1,6802.82
R000378,O003572,P0011,C00364,2026-06-13,Changed Mind,2,47944.58
R000379,O003582,P0144,C07892,2026-02-26,Product Defect,1,12652.88
R000380,O003612,P0334,C06987,2026-09-24,Not as Expected,1,2143.61
R000381,O003629,P0293,C05010,2026-02-06,Changed Mind,1,2934.68
R000382,O003629,P0096,C05010,2026-02-04,Late Delivery,1,2843.32
R000383,O003631,P0332,C04683,2025-01-17,Changed Mind,1,2307.3
R000384,O003666,P0472,C06132,2025-01-12,Changed Mind,1,7217.19
R000385,O003673,P0310,C07367,2025-05-04,Product Defect,1,2758.16
R000386,O003673,P0131,C07367,2025-04-27,Changed Mind,1,14308.31
R000387,O003675,P0470,C00299,2026-02-08,Size Issue,2,10425.4
R000388,O003680,P0184,C05846,2026-09-08,Changed Mind,1,9545.91
R000389,O003680,P0408,C05846,2026-09-15,Size Issue,2,19662.99
R000390,O003722,P0147,C09879,2026-07-25,Product Defect,1,6079.3
R000391,O003722,P0130,C09879,2026-08-01,Size Issue,2,7965.86
R000392,O003724,P0385,C04262,2026-12-16,Product Defect,1,4146.7
R000393,O003724,P0397,C04262,2026-12-22,Product Defect,1,4432.46
R000394,O003741,P0336,C05292,2025-06-21,Changed Mind,1,2421.17
R000395,O003741,P0095,C05292,2025-06-18,Changed Mind,2,11560.5
R000396,O003743,P0308,C05255,2025-07-11,Wrong Product,1,2575.79
R000397,O003774,P0048,C09536,2026-11-15,Damaged During Delivery,1,8872.21
R000398,O003776,P0370,C04281,2025-01-29,Size Issue,1,904.53
R000399,O003798,P0145,C01339,2025-07-31,Not as Expected,1,14240.05
R000400,O003802,P0209,C05431,2026-11-08,Not as Expected,2,8934.78
R000401,O003802,P0144,C05431,2026-11-04,Size Issue,2,25029.75
R000402,O003840,P0381,C05236,2025-12-02,Not as Expected,1,3585.87
R000403,O003840,P0312,C05236,2025-11-21,Not as Expected,1,465.62
R000404,O003850,P0476,C00097,2025-11-13,Size Issue,1,2166.82
R000405,O003850,P0090,C00097,2025-11-04,Not as Expected,1,21604.68
R000406,O003850,P0213,C00097,2025-10-30,Not as Expected,1,4887.57
R000407,O003856,P0356,C01924,2025-12-20,Changed Mind,1,4045.88
R000408,O003871,P0032,C06146,2025-03-01,Not as Expected,2,1406.13
R000409,O003943,P0373,C01005,2026-05-25,Late Delivery,2,3510.18
R000410,O003951,P0155,C05713,2025-11-15,Not as Expected,1,11549.29
R000411,O003991,P0183,C01897,2025-02-06,Size Issue,1,14404.95
R000412,O003991,P0281,C01897,2025-02-12,Not as Expected,1,3253.49
R000413,O003995,P0308,C00451,2026-04-17,Late Delivery,1,2510.88
R000414,O003995,P0111,C00451,2026-04-21,Damaged During Delivery,1,16017.1
R000415,O004012,P0123,C00854,2025-11-14,Wrong Product,1,13205.55
R000416,O004017,P0116,C03895,2027-01-02,Changed Mind,1,12856.06
R000417,O004017,P0150,C03895,2026-12-28,Not as Expected,1,1667.75
R000418,O004020,P0039,C08268,2025-09-14,Not as Expected,2,45179.45
R000419,O004022,P0005,C02236,2025-10-23,Changed Mind,1,25494.72
R000420,O004029,P0214,C09229,2026-03-31,Size Issue,1,5851.06
R000421,O004045,P0384,C08120,2025-03-05,Product Defect,1,4490.57
R000422,O004053,P0059,C01648,2026-08-10,Size Issue,1,26209.44
R000423,O004054,P0130,C02261,2026-01-07,Size Issue,1,3550.22
R000424,O004054,P0318,C02261,2026-01-06,Product Defect,1,361.08
R000425,O004061,P0196,C05283,2026-10-14,Wrong Product,2,1602.59
R000426,O004091,P0402,C00642,2025-03-04,Product Defect,2,3189.98
R000427,O004094,P0147,C02744,2025-10-07,Product Defect,1,6204.74
R000428,O004110,P0369,C00249,2026-10-11,Not as Expected,2,6065.1
R000429,O004121,P0454,C00164,2025-02-03,Product Defect,1,10224.83
R000430,O004140,P0434,C01338,2025-02-19,Size Issue,3,5280.73
R000431,O004142,P0104,C02290,2026-12-01,Damaged During Delivery,2,28104.4
R000432,O004142,P0029,C02290,2026-11-20,Size Issue,1,27237.8
R000433,O004150,P0018,C00966,2026-09-24,Changed Mind,1,13930.41
R000434,O004150,P0401,C00966,2026-09-26,Not as Expected,2,7089.03
R000435,O004167,P0230,C05754,2026-10-17,Changed Mind,2,8757.9
R000436,O004167,P0116,C05754,2026-10-14,Wrong Product,1,12538.01
R000437,O004188,P0113,C06850,2026-02-19,Product Defect,1,14428.0
R000438,O004189,P0265,C03190,2025-03-18,Product Defect,1,5419.92
R000439,O004203,P0253,C09560,2026-06-01,Changed Mind,1,3266.81
R000440,O004204,P0247,C05703,2025-09-23,Not as Expected,2,1685.48
R000441,O004228,P0030,C09711,2025-08-05,Not as Expected,1,22384.78
R000442,O004231,P0111,C04893,2025-11-06,Not as Expected,1,16279.12
R000443,O004246,P0264,C09088,2025-03-28,Changed Mind,2,5484.58
R000444,O004256,P0025,C01574,2025-05-09,Size Issue,2,56632.62
R000445,O004257,P0352,C06349,2026-11-11,Size Issue,1,2158.11
R000446,O004300,P0026,C03869,2025-01-14,Damaged During Delivery,1,12994.71
R000447,O004304,P0143,C08975,2025-09-08,Changed Mind,1,6943.6
R000448,O004339,P0221,C00436,2026-11-18,Late Delivery,1,6620.95
R000449,O004346,P0404,C03030,2026-07-06,Not as Expected,1,6897.29
R000450,O004354,P0186,C04239,2025-12-10,Size Issue,2,17992.64
R000451,O004354,P0403,C04239,2025-12-12,Damaged During Delivery,1,10301.89
R000452,O004356,P0339,C08783,2026-02-18,Size Issue,1,1359.33
R000453,O004361,P0199,C01314,2025-07-13,Damaged During Delivery,1,12101.57
R000454,O004386,P0049,C02972,2025-09-03,Changed Mind,1,7167.16
R000455,O004407,P0273,C01355,2025-04-22,Size Issue,1,3924.53
R000456,O004416,P0033,C05154,2026-04-30,Product Defect,1,7240.17
R000457,O004420,P0221,C03113,2026-08-25,Size Issue,1,5851.36
R000458,O004444,P0378,C09402,2026-10-26,Changed Mind,1,1322.13
R000459,O004458,P0352,C09721,2025-06-16,Not as Expected,1,2107.53
R000460,O004459,P0171,C02806,2026-03-02,Size Issue,3,9237.58
R000461,O004467,P0339,C04962,2026-04-28,Changed Mind,1,1383.44
R000462,O004472,P0471,C04376,2025-04-18,Not as Expected,1,2006.94
R000463,O004475,P0127,C02952,2025-03-11,Not as Expected,3,40806.92
R000464,O004482,P0468,C08020,2025-02-17,Size Issue,1,9605.45
R000465,O004483,P0347,C01649,2026-09-30,Changed Mind,1,1137.88
R000466,O004508,P0343,C08556,2026-05-07,Not as Expected,2,4402.67
R000467,O004512,P0191,C04164,2025-02-01,Product Defect,1,12961.43
R000468,O004522,P0347,C04647,2026-11-26,Size Issue,1,1228.04
R000469,O004549,P0251,C03653,2026-07-05,Size Issue,1,977.4
R000470,O004549,P0044,C03653,2026-07-03,Damaged During Delivery,1,6276.64
R000471,O004599,P0370,C01701,2025-07-02,Not as Expected,1,924.54
R000472,O004624,P0090,C06577,2026-10-27,Late Delivery,1,21826.77
R000473,O004629,P0424,C09929,2026-10-31,Wrong Product,1,2439.65
R000474,O004631,P0266,C08803,2026-04-14,Wrong Product,2,7810.29
R000475,O004631,P0227,C08803,2026-04-24,Not as Expected,2,12425.27
R000476,O004651,P0382,C06675,2027-01-09,Changed Mind,1,2149.92
R000477,O004671,P0356,C09847,2025-04-26,Not as Expected,2,9069.49
R000478,O004700,P0077,C08535,2026-08-30,Wrong Product,1,7931.63
R000479,O004707,P0342,C08420,2025-09-10,Changed Mind,3,3334.57
R000480,O004713,P0283,C00741,2025-11-10,Size Issue,3,13749.06
R000481,O004714,P0237,C05924,2025-03-30,Late Delivery,1,5855.57
R000482,O004714,P0453,C05924,2025-03-17,Late Delivery,1,3350.65
R000483,O004721,P0409,C01579,2025-02-18,Not as Expected,1,9974.28
R000484,O004721,P0083,C01579,2025-02-19,Changed Mind,1,2431.62
R000485,O004733,P0456,C02764,2025-09-08,Not as Expected,1,872.47
R000486,O004741,P0249,C02134,2027-01-05,Late Delivery,1,3361.6
R000487,O004746,P0095,C09107,2025-11-29,Damaged During Delivery,1,6054.69
R000488,O004746,P0486,C09107,2025-11-24,Late Delivery,1,7815.43
R000489,O004749,P0470,C00670,2026-06-06,Size Issue,2,10696.18
R000490,O004757,P0011,C04657,2025-08-01,Size Issue,2,46795.44
R000491,O004778,P0358,C07734,2025-12-09,Damaged During Delivery,2,2609.55
R000492,O004778,P0017,C07734,2025-12-02,Changed Mind,2,2416.49
R000493,O004829,P0083,C04555,2025-05-02,Late Delivery,1,2195.47
R000494,O004859,P0220,C01950,2025-02-04,Size Issue,1,1046.16
R000495,O004896,P0438,C06352,2025-04-30,Product Defect,1,7955.95
R000496,O004910,P0420,C08787,2026-12-14,Changed Mind,1,1411.53
R000497,O004951,P0024,C05710,2025-07-05,Wrong Product,1,14653.09
R000498,O004951,P0338,C05710,2025-07-08,Damaged During Delivery,1,486.57
R000499,O004951,P0201,C05710,2025-07-03,Changed Mind,1,1350.44
R000500,O004973,P0485,C07096,2025-11-19,Damaged During Delivery,1,8184.15
R000501,O004982,P0229,C00162,2026-01-21,Not as Expected,1,2053.52
R000502,O004982,P0272,C00162,2026-01-31,Late Delivery,1,2200.22
R000503,O005003,P0435,C08566,2026-01-19,Not as Expected,1,4561.36
R000504,O005005,P0459,C01963,2025-11-26,Changed Mind,1,9089.48
R000505,O005015,P0305,C01971,2026-06-08,Product Defect,1,3335.04
R000506,O005015,P0086,C01971,2026-06-04,Size Issue,2,37734.42
R000507,O005015,P0478,C01971,2026-05-30,Not as Expected,1,3334.92
R000508,O005041,P0102,C05432,2025-09-20,Damaged During Delivery,1,1862.39
R000509,O005042,P0378,C04031,2025-12-02,Damaged During Delivery,1,1273.71
R000510,O005042,P0248,C04031,2025-11-27,Wrong Product,1,4764.83
R000511,O005056,P0041,C08925,2025-03-25,Damaged During Delivery,2,30995.72
R000512,O005056,P0207,C08925,2025-04-05,Product Defect,1,2908.96
R000513,O005063,P0193,C04470,2025-03-19,Product Defect,1,2377.61
R000514,O005067,P0439,C05539,2027-01-11,Changed Mind,1,11015.57
R000515,O005067,P0246,C05539,2027-01-07,Damaged During Delivery,1,3016.87
R000516,O005074,P0310,C05386,2026-02-16,Wrong Product,1,3043.7
R000517,O005081,P0059,C06651,2026-06-02,Not as Expected,1,28991.51
R000518,O005086,P0281,C06268,2026-08-17,Damaged During Delivery,2,6526.05
R000519,O005100,P0071,C05053,2026-04-16,Not as Expected,3,74462.07
R000520,O005106,P0135,C03100,2026-03-15,Not as Expected,2,10726.78
R000521,O005125,P0179,C03353,2025-09-09,Changed Mind,1,1137.12
R000522,O005126,P0174,C08128,2025-06-19,Not as Expected,1,12785.75
R000523,O005172,P0251,C00958,2026-02-22,Not as Expected,1,1079.1
R000524,O005208,P0003,C07658,2026-05-17,Damaged During Delivery,1,6757.9
R000525,O005232,P0075,C06399,2025-10-05,Product Defect,1,29791.38
R000526,O005259,P0140,C03400,2025-07-25,Changed Mind,1,1346.82
R000527,O005268,P0333,C02115,2025-04-21,Size Issue,1,3831.25
R000528,O005273,P0465,C02123,2026-09-05,Late Delivery,1,4273.39
R000529,O005273,P0452,C02123,2026-09-04,Changed Mind,1,1741.81
R000530,O005294,P0486,C06497,2026-10-16,Changed Mind,1,7836.61
R000531,O005294,P0471,C06497,2026-10-10,Size Issue,2,4006.77
R000532,O005309,P0290,C09906,2026-09-09,Not as Expected,1,4919.68
R000533,O005309,P0486,C09906,2026-09-07,Damaged During Delivery,1,8744.22
R000534,O005310,P0373,C01766,2025-02-11,Product Defect,2,3494.46
R000535,O005310,P0068,C01766,2025-01-29,Not as Expected,2,61610.86
R000536,O005320,P0053,C01845,2025-04-05,Changed Mind,1,4096.36
R000537,O005328,P0240,C01754,2025-10-15,Late Delivery,2,688.58
R000538,O005328,P0150,C01754,2025-10-25,Late Delivery,2,3634.9
R000539,O005328,P0437,C01754,2025-10-23,Product Defect,2,15250.15
R000540,O005341,P0479,C06228,2026-09-24,Not as Expected,1,4404.9
R000541,O005341,P0455,C06228,2026-09-16,Changed Mind,1,5577.12
R000542,O005369,P0173,C04429,2025-07-23,Changed Mind,1,10196.84
R000543,O005369,P0117,C04429,2025-08-06,Product Defect,1,6613.39
R000544,O005380,P0258,C02895,2025-04-08,Damaged During Delivery,1,5334.2
R000545,O005380,P0333,C02895,2025-04-03,Damaged During Delivery,1,3551.61
R000546,O005380,P0343,C02895,2025-04-10,Product Defect,1,2151.67
R000547,O005402,P0446,C06493,2026-08-06,Size Issue,1,3737.85
R000548,O005402,P0294,C06493,2026-08-14,Size Issue,1,2121.52
R000549,O005444,P0472,C09403,2026-07-20,Product Defect,1,6887.1
R000550,O005455,P0290,C01839,2026-11-28,Late Delivery,1,4519.02
R000551,O005476,P0415,C04230,2026-02-02,Damaged During Delivery,1,6823.57
R000552,O005480,P0297,C06866,2026-04-29,Damaged During Delivery,1,727.16
R000553,O005480,P0015,C06866,2026-04-27,Damaged During Delivery,2,24552.41
R000554,O005507,P0252,C04486,2026-08-25,Size Issue,1,5540.91
R000555,O005522,P0287,C09377,2025-02-25,Size Issue,1,759.18
R000556,O005529,P0471,C09798,2026-11-27,Not as Expected,1,2076.85
R000557,O005541,P0259,C06155,2026-09-05,Product Defect,1,5653.62
R000558,O005567,P0185,C04881,2025-05-16,Wrong Product,1,9329.86
R000559,O005568,P0151,C09177,2025-03-16,Late Delivery,2,9012.85
R000560,O005568,P0490,C09177,2025-03-12,Damaged During Delivery,1,5361.62
R000561,O005594,P0380,C07926,2026-03-02,Size Issue,2,6040.34
R000562,O005616,P0420,C02828,2025-11-06,Not as Expected,1,1455.79
R000563,O005635,P0289,C06120,2025-07-03,Changed Mind,1,5720.3
R000564,O005653,P0247,C05931,2025-04-28,Late Delivery,1,829.85
R000565,O005653,P0348,C05931,2025-04-28,Size Issue,1,3187.15
R000566,O005663,P0424,C08367,2026-02-23,Size Issue,1,2334.17
R000567,O005663,P0158,C08367,2026-02-27,Not as Expected,1,750.17
R000568,O005671,P0461,C09492,2025-04-05,Product Defect,2,5072.95
R000569,O005675,P0285,C04647,2026-08-16,Size Issue,1,4092.35
R000570,O005682,P0472,C07198,2025-09-20,Size Issue,1,6666.93
R000571,O005694,P0415,C02246,2025-10-28,Changed Mind,1,7273.96
R000572,O005748,P0271,C09516,2026-01-29,Not as Expected,1,1740.55
R000573,O005787,P0238,C06115,2026-02-07,Wrong Product,1,3013.27
R000574,O005790,P0181,C01951,2026-05-11,Not as Expected,1,13590.8
R000575,O005802,P0337,C04588,2026-05-16,Wrong Product,1,3596.02
R000576,O005802,P0038,C04588,2026-05-26,Changed Mind,1,1475.49
R000577,O005802,P0011,C04588,2026-05-27,Size Issue,1,22565.8
R000578,O005810,P0389,C01975,2026-11-17,Not as Expected,2,1897.54
R000579,O005810,P0439,C01975,2026-11-03,Changed Mind,1,10665.01
R000580,O005819,P0377,C08411,2026-11-02,Damaged During Delivery,1,3719.89
R000581,O005829,P0103,C06286,2026-08-11,Not as Expected,1,1620.06
R000582,O005838,P0047,C08145,2026-07-05,Changed Mind,1,1483.65
R000583,O005849,P0197,C04225,2025-02-18,Size Issue,1,6535.42
R000584,O005856,P0478,C09687,2026-06-08,Size Issue,1,3160.78
R000585,O005857,P0424,C05553,2026-08-28,Wrong Product,1,2304.35
R000586,O005858,P0170,C00194,2026-07-19,Late Delivery,1,8872.08
R000587,O005872,P0028,C01890,2025-12-23,Product Defect,1,14111.02
R000588,O005872,P0226,C01890,2025-12-25,Not as Expected,1,4738.24
R000589,O005882,P0352,C06185,2026-02-17,Product Defect,2,4142.16
R000590,O005898,P0485,C00096,2026-03-04,Product Defect,1,8077.14
R000591,O005900,P0060,C00673,2026-12-05,Not as Expected,1,14374.66
R000592,O005900,P0400,C00673,2026-12-03,Changed Mind,1,3618.23
R000593,O005971,P0159,C06698,2025-08-29,Size Issue,1,3337.27
R000594,O005971,P0267,C06698,2025-09-10,Product Defect,1,6791.03
R000595,O005976,P0286,C05040,2025-01-30,Wrong Product,1,1545.86
R000596,O005993,P0211,C06835,2025-12-15,Not as Expected,1,1481.91
R000597,O005993,P0150,C06835,2025-12-14,Size Issue,1,1810.07
R000598,O005996,P0188,C06195,2025-07-21,Size Issue,1,10462.37
R000599,O006001,P0184,C09992,2025-08-10,Changed Mind,2,17954.13
R000600,O006005,P0220,C05881,2026-08-18,Wrong Product,2,1933.03
R000601,O006010,P0200,C04586,2026-10-26,Damaged During Delivery,1,11543.28
R000602,O006019,P0045,C00798,2026-12-30,Changed Mind,1,1975.58
R000603,O006045,P0350,C07564,2026-12-24,Not as Expected,2,6332.22
R000604,O006061,P0381,C02203,2026-09-09,Changed Mind,1,3797.43
R000605,O006063,P0109,C06008,2026-03-26,Size Issue,1,13924.57
R000606,O006083,P0230,C08614,2025-01-23,Product Defect,1,4196.38
R000607,O006099,P0192,C05148,2025-08-29,Not as Expected,1,3559.84
R000608,O006099,P0429,C05148,2025-08-24,Late Delivery,1,2698.18
R000609,O006134,P0148,C09740,2026-05-29,Size Issue,1,1525.01
R000610,O006170,P0038,C02278,2026-10-27,Late Delivery,1,1448.2
R000611,O006179,P0415,C07190,2026-03-20,Late Delivery,1,6602.83
R000612,O006227,P0131,C01774,2026-10-01,Not as Expected,1,15206.06
R000613,O006234,P0345,C08800,2026-09-16,Not as Expected,2,8352.7
R000614,O006234,P0147,C08800,2026-09-10,Size Issue,1,5710.88
R000615,O006248,P0305,C09396,2025-01-27,Changed Mind,1,3553.21
R000616,O006248,P0010,C09396,2025-01-21,Not as Expected,2,32955.72
R000617,O006253,P0470,C04579,2026-12-16,Changed Mind,1,4817.16
R000618,O006253,P0258,C04579,2026-12-27,Damaged During Delivery,1,5736.18
R000619,O006254,P0358,C05272,2025-04-22,Not as Expected,1,1444.75
R000620,O006254,P0264,C05272,2025-04-18,Product Defect,1,2656.77
R000621,O006254,P0042,C05272,2025-04-25,Size Issue,1,11350.56
R000622,O006259,P0346,C09229,2025-10-20,Changed Mind,2,1007.67
R000623,O006259,P0238,C09229,2025-10-13,Product Defect,1,3181.16
R000624,O006261,P0362,C00289,2026-06-27,Not as Expected,1,2750.83
R000625,O006270,P0415,C09786,2025-01-31,Wrong Product,1,6790.08
R000626,O006270,P0005,C09786,2025-01-23,Not as Expected,1,27980.16
R000627,O006274,P0143,C00836,2025-12-23,Product Defect,1,7262.48
R000628,O006274,P0229,C00836,2026-01-06,Not as Expected,1,1978.65
R000629,O006274,P0228,C00836,2025-12-25,Product Defect,1,1237.87
R000630,O006286,P0365,C07571,2025-09-13,Not as Expected,1,911.5
R000631,O006309,P0181,C08485,2025-04-20,Not as Expected,2,27629.48
R000632,O006312,P0105,C05533,2025-03-31,Damaged During Delivery,1,9862.31
R000633,O006312,P0419,C05533,2025-04-02,Size Issue,1,9306.83
R000634,O006312,P0476,C05533,2025-03-30,Changed Mind,1,2104.75
R000635,O006319,P0021,C07825,2026-10-04,Not as Expected,1,15960.22
R000636,O006325,P0494,C06595,2026-06-26,Size Issue,1,4994.57
R000637,O006327,P0251,C05206,2026-03-30,Changed Mind,1,962.82
R000638,O006335,P0389,C06902,2025-02-17,Size Issue,2,1842.16
R000639,O006349,P0369,C08640,2026-07-21,Product Defect,1,3293.71
R000640,O006352,P0195,C09769,2026-06-07,Damaged During Delivery,1,14019.09
R000641,O006357,P0329,C07117,2025-09-21,Damaged During Delivery,2,3830.43
R000642,O006378,P0368,C09410,2025-10-02,Not as Expected,1,273.82
R000643,O006396,P0228,C03201,2026-11-06,Size Issue,1,1170.68
R000644,O006413,P0414,C04028,2026-06-14,Size Issue,1,3898.86
R000645,O006413,P0373,C04028,2026-06-12,Changed Mind,2,3496.47
R000646,O006415,P0134,C05238,2026-11-22,Not as Expected,2,33794.25
R000647,O006415,P0069,C05238,2026-11-15,Damaged During Delivery,2,20224.91
R000648,O006418,P0396,C07601,2026-02-28,Size Issue,1,1570.48
R000649,O006432,P0457,C07824,2025-11-28,Size Issue,1,4593.1
R000650,O006441,P0336,C00729,2025-04-10,Wrong Product,1,2501.52
R000651,O006451,P0082,C09741,2025-02-14,Wrong Product,1,12511.35
R000652,O006451,P0330,C09741,2025-02-20,Not as Expected,1,3900.6
R000653,O006476,P0097,C07990,2026-02-20,Size Issue,1,30416.34
R000654,O006478,P0289,C08887,2025-05-05,Product Defect,2,11098.23
R000655,O006484,P0160,C05158,2026-01-20,Not as Expected,1,7820.12
R000656,O006484,P0387,C05158,2026-01-24,Not as Expected,1,317.18
R000657,O006484,P0345,C05158,2026-01-22,Size Issue,2,8884.8
R000658,O006498,P0060,C00799,2026-04-25,Late Delivery,1,13637.47
R000659,O006498,P0359,C00799,2026-04-23,Size Issue,3,824.81
R000660,O006498,P0174,C00799,2026-05-04,Wrong Product,1,12005.55
R000661,O006520,P0175,C02451,2026-01-16,Not as Expected,1,12495.49
R000662,O006559,P0456,C02271,2026-03-15,Size Issue,1,942.84
R000663,O006570,P0429,C07177,2026-03-11,Changed Mind,1,2421.02
R000664,O006580,P0493,C07829,2026-01-27,Changed Mind,1,2759.87
R000665,O006584,P0194,C01440,2025-02-03,Size Issue,2,10109.53
R000666,O006584,P0430,C01440,2025-01-29,Changed Mind,1,5810.87
R000667,O006584,P0258,C01440,2025-02-05,Wrong Product,1,6029.22
R000668,O006593,P0191,C04752,2026-12-15,Product Defect,1,12340.05
R000669,O006594,P0217,C05355,2026-01-10,Late Delivery,1,4775.0
R000670,O006599,P0386,C00261,2025-10-04,Changed Mind,1,2005.82
R000671,O006599,P0185,C00261,2025-09-25,Not as Expected,1,8948.34
R000672,O006611,P0284,C00714,2026-07-14,Late Delivery,1,3956.79
R000673,O006649,P0202,C02227,2025-03-23,Changed Mind,1,6418.5
R000674,O006649,P0272,C02227,2025-03-16,Wrong Product,1,2505.26
R000675,O006654,P0148,C05885,2025-07-14,Wrong Product,1,1490.15
R000676,O006654,P0484,C05885,2025-07-17,Not as Expected,1,6594.97
R000677,O006655,P0453,C02838,2025-05-21,Changed Mind,1,3555.7
R000678,O006657,P0341,C06416,2025-12-29,Not as Expected,3,989.4
R000679,O006660,P0398,C00640,2026-09-04,Product Defect,2,2129.44
R000680,O006660,P0347,C00640,2026-08-30,Product Defect,1,1187.3
R000681,O006662,P0013,C06008,2025-09-30,Changed Mind,2,53902.01
R000682,O006707,P0447,C07828,2025-06-12,Product Defect,2,3988.87
R000683,O006707,P0320,C07828,2025-06-19,Not as Expected,1,3281.36
R000684,O006724,P0417,C04455,2026-03-24,Size Issue,1,7541.88
R000685,O006724,P0350,C04455,2026-03-22,Late Delivery,1,3186.61
R000686,O006787,P0105,C07011,2025-07-11,Changed Mind,1,9841.83
R000687,O006787,P0237,C07011,2025-07-14,Changed Mind,1,5471.05
R000688,O006800,P0346,C00274,2025-09-06,Changed Mind,1,500.38
R000689,O006804,P0017,C02293,2026-02-03,Not as Expected,1,1267.05
R000690,O006818,P0269,C03183,2026-07-28,Product Defect,1,1394.46
R000691,O006822,P0415,C07590,2026-05-20,Size Issue,1,6850.3
R000692,O006832,P0108,C06197,2026-12-25,Wrong Product,1,12403.77
R000693,O006874,P0151,C03940,2026-04-17,Late Delivery,2,9723.27
R000694,O006901,P0314,C01215,2025-02-20,Damaged During Delivery,3,7973.25
R000695,O006905,P0208,C04745,2025-05-05,Size Issue,2,869.15
R000696,O006908,P0345,C07634,2025-08-07,Wrong Product,2,9042.88
R000697,O006933,P0021,C07458,2025-05-26,Late Delivery,1,19833.95
R000698,O006935,P0154,C00239,2025-10-03,Not as Expected,1,6204.95
R000699,O006941,P0231,C00143,2025-11-15,Size Issue,1,3490.99
R000700,O006949,P0053,C00361,2025-10-19,Product Defect,1,4429.71
R000701,O006951,P0313,C02556,2025-10-25,Product Defect,1,272.0
R000702,O007007,P0258,C05378,2025-07-27,Not as Expected,1,6037.56
R000703,O007007,P0388,C05378,2025-08-05,Damaged During Delivery,2,8021.03
R000704,O007007,P0408,C05378,2025-08-07,Changed Mind,1,9655.47
R000705,O007046,P0191,C05119,2026-09-12,Product Defect,2,23834.91
R000706,O007049,P0306,C04776,2025-09-27,Not as Expected,1,1583.15
R000707,O007100,P0067,C09915,2025-09-02,Product Defect,1,24018.74
R000708,O007124,P0200,C04143,2026-08-19,Size Issue,1,11915.86
R000709,O007168,P0001,C08273,2025-09-20,Size Issue,1,22414.26
R000710,O007180,P0290,C06093,2026-10-11,Late Delivery,2,9107.61
R000711,O007180,P0196,C06093,2026-10-17,Changed Mind,2,1547.13
R000712,O007186,P0130,C00900,2025-07-14,Product Defect,1,3996.05
R000713,O007186,P0289,C00900,2025-07-15,Damaged During Delivery,1,5642.56
R000714,O007186,P0436,C00900,2025-07-17,Changed Mind,1,5979.44
R000715,O007188,P0384,C06145,2025-04-15,Changed Mind,1,4523.0
R000716,O007222,P0213,C03008,2025-05-30,Changed Mind,1,4830.9
R000717,O007242,P0199,C08448,2026-07-02,Late Delivery,2,25242.52
R000718,O007277,P0463,C00641,2025-02-17,Not as Expected,1,3250.09
R000719,O007277,P0082,C00641,2025-02-26,Not as Expected,1,13252.84
R000720,O007295,P0056,C05915,2025-03-19,Wrong Product,1,9132.71
R000721,O007295,P0498,C05915,2025-03-28,Product Defect,2,3014.38
R000722,O007304,P0364,C06630,2025-08-07,Not as Expected,1,367.99
R000723,O007317,P0311,C07136,2026-07-18,Changed Mind,2,7618.04
R000724,O007332,P0232,C01730,2025-08-09,Damaged During Delivery,1,4985.01
R000725,O007343,P0193,C09392,2026-08-16,Not as Expected,2,4434.97
R000726,O007350,P0399,C08328,2026-09-08,Not as Expected,1,3945.55
R000727,O007396,P0071,C02688,2025-08-16,Changed Mind,1,24786.35
R000728,O007418,P0467,C03907,2026-11-20,Changed Mind,1,2542.67
R000729,O007427,P0468,C03048,2026-08-26,Damaged During Delivery,1,9557.97
R000730,O007435,P0469,C07770,2026-12-27,Size Issue,1,10704.69
R000731,O007440,P0449,C03939,2026-11-29,Not as Expected,1,10168.16
R000732,O007441,P0183,C03252,2025-03-07,Not as Expected,2,29733.88
R000733,O007443,P0367,C04525,2025-11-01,Damaged During Delivery,1,1128.3
R000734,O007443,P0026,C04525,2025-11-04,Product Defect,1,14356.2
R000735,O007466,P0292,C08648,2026-07-28,Product Defect,1,496.89
R000736,O007466,P0264,C08648,2026-07-31,Damaged During Delivery,1,2851.59
R000737,O007470,P0092,C00955,2026-02-05,Late Delivery,1,3238.97
R000738,O007473,P0345,C09177,2025-11-29,Size Issue,2,8157.4
R000739,O007478,P0021,C03049,2025-09-14,Product Defect,1,18213.1
R000740,O007478,P0298,C03049,2025-09-24,Size Issue,1,3288.59
R000741,O007478,P0249,C03049,2025-09-20,Damaged During Delivery,1,3448.47
R000742,O007492,P0067,C07690,2025-04-15,Late Delivery,1,21658.6
R000743,O007505,P0084,C08423,2026-08-17,Not as Expected,1,6915.81
R000744,O007513,P0385,C01805,2025-05-09,Product Defect,1,4118.35
R000745,O007513,P0440,C01805,2025-05-05,Size Issue,2,7800.73
R000746,O007530,P0097,C03336,2025-11-24,Not as Expected,1,31842.22
R000747,O007535,P0458,C00192,2025-04-15,Late Delivery,1,9454.12
R000748,O007538,P0213,C03823,2025-04-29,Changed Mind,1,5107.52
R000749,O007538,P0272,C03823,2025-05-07,Changed Mind,1,2252.83
R000750,O007539,P0211,C08241,2026-11-27,Size Issue,1,1436.07
R000751,O007540,P0472,C00521,2025-01-19,Not as Expected,1,6692.86
R000752,O007544,P0365,C05982,2026-11-21,Size Issue,2,1837.87
R000753,O007544,P0373,C05982,2026-11-26,Late Delivery,1,1839.32
R000754,O007544,P0091,C05982,2026-12-03,Size Issue,2,23448.22
R000755,O007595,P0469,C04740,2025-09-07,Wrong Product,1,10555.37
R000756,O007613,P0415,C03335,2026-03-03,Damaged During Delivery,1,7039.11
R000757,O007613,P0266,C03335,2026-03-06,Size Issue,2,7720.46
R000758,O007659,P0194,C06408,2025-06-01,Not as Expected,1,5488.8
R000759,O007661,P0263,C07430,2026-11-11,Late Delivery,2,11278.36
R000760,O007682,P0355,C08935,2026-10-25,Not as Expected,1,914.57
R000761,O007702,P0067,C08622,2025-04-16,Not as Expected,1,24018.89
R000762,O007710,P0442,C02575,2026-09-19,Size Issue,1,8753.83
R000763,O007711,P0238,C09651,2026-05-09,Size Issue,2,6003.98
R000764,O007717,P0339,C03695,2026-10-08,Changed Mind,1,1379.88
R000765,O007723,P0461,C08495,2026-02-03,Damaged During Delivery,1,2707.63
R000766,O007782,P0032,C04908,2026-07-30,Not as Expected,1,606.86
R000767,O007797,P0344,C06277,2026-07-15,Late Delivery,2,909.17
R000768,O007799,P0275,C03129,2025-05-22,Size Issue,1,6196.45
R000769,O007819,P0346,C02410,2025-07-01,Late Delivery,2,1033.34
R000770,O007819,P0204,C02410,2025-07-01,Wrong Product,1,4212.35
R000771,O007819,P0266,C02410,2025-07-05,Changed Mind,2,7583.96
R000772,O007839,P0275,C05809,2026-07-05,Late Delivery,1,6677.26
R000773,O007854,P0206,C03231,2025-07-01,Damaged During Delivery,1,5234.26
R000774,O007896,P0219,C09940,2026-09-12,Wrong Product,2,4101.8
R000775,O007913,P0342,C05164,2026-12-25,Damaged During Delivery,1,1197.13
R000776,O007917,P0172,C01839,2026-05-07,Changed Mind,1,11523.2
R000777,O007917,P0416,C01839,2026-05-03,Changed Mind,1,9941.73
R000778,O007917,P0109,C01839,2026-05-08,Not as Expected,1,13137.21
R000779,O007948,P0388,C04115,2026-06-11,Changed Mind,1,4128.38
R000780,O007967,P0276,C08788,2025-02-03,Changed Mind,1,6225.71
R000781,O007980,P0256,C06810,2025-09-14,Changed Mind,1,6015.63
R000782,O007986,P0454,C01383,2026-12-25,Changed Mind,1,9466.92
R000783,O007986,P0201,C01383,2026-12-20,Wrong Product,2,2614.0
R000784,O008056,P0461,C04396,2025-08-20,Changed Mind,1,2481.09
R000785,O008059,P0036,C04647,2026-06-23,Product Defect,1,3128.03
R000786,O008069,P0488,C09588,2025-05-22,Damaged During Delivery,1,9466.26
R000787,O008081,P0158,C07337,2026-01-27,Late Delivery,2,1435.88
R000788,O008092,P0422,C06611,2025-03-06,Product Defect,1,8162.41
R000789,O008107,P0087,C07071,2026-12-09,Changed Mind,2,27882.4
R000790,O008140,P0331,C04881,2027-01-11,Not as Expected,1,1720.09
R000791,O008140,P0152,C04881,2026-12-30,Damaged During Delivery,1,2342.21
R000792,O008160,P0419,C04554,2025-09-17,Product Defect,1,8590.51
R000793,O008160,P0477,C04554,2025-09-05,Size Issue,1,5423.8
R000794,O008161,P0206,C06255,2025-05-26,Changed Mind,1,5410.03
R000795,O008164,P0143,C03412,2025-10-08,Damaged During Delivery,2,14299.63
R000796,O008188,P0493,C01819,2026-01-03,Changed Mind,1,2960.44
R000797,O008192,P0006,C00201,2025-03-14,Changed Mind,1,24317.7
R000798,O008200,P0223,C01367,2026-07-16,Changed Mind,1,4422.74
R000799,O008200,P0181,C01367,2026-07-26,Size Issue,1,13385.39
R000800,O008203,P0083,C02739,2025-11-24,Damaged During Delivery,1,2290.07
R000801,O008212,P0286,C03574,2025-06-14,Late Delivery,2,3241.59
R000802,O008229,P0405,C08199,2026-03-02,Not as Expected,1,10531.95
R000803,O008272,P0444,C08378,2026-02-04,Product Defect,1,1732.6
R000804,O008272,P0422,C08378,2026-02-13,Changed Mind,2,15266.56
R000805,O008272,P0039,C08378,2026-02-07,Changed Mind,1,24639.23
R000806,O008276,P0456,C01360,2026-11-07,Product Defect,1,932.66
R000807,O008293,P0135,C03764,2025-12-09,Size Issue,1,5943.31
R000808,O008293,P0375,C03764,2025-12-11,Wrong Product,2,5128.08
R000809,O008293,P0271,C03764,2025-12-10,Not as Expected,1,1749.87
R000810,O008297,P0373,C08259,2026-08-25,Not as Expected,2,3340.55
R000811,O008297,P0129,C08259,2026-09-03,Not as Expected,1,6722.05
R000812,O008297,P0210,C08259,2026-08-19,Changed Mind,1,6174.42
R000813,O008298,P0104,C08420,2025-10-01,Wrong Product,1,13624.33
R000814,O008298,P0260,C08420,2025-10-03,Wrong Product,1,375.36
R000815,O008304,P0448,C00936,2026-12-13,Wrong Product,2,5151.95
R000816,O008304,P0354,C00936,2026-12-09,Size Issue,1,2414.48
R000817,O008304,P0411,C00936,2026-12-08,Changed Mind,1,7652.83
R000818,O008337,P0166,C00867,2026-04-21,Not as Expected,2,14857.38
R000819,O008339,P0168,C05008,2025-03-13,Size Issue,1,2502.35
R000820,O008339,P0489,C05008,2025-03-13,Not as Expected,1,4713.53
R000821,O008355,P0305,C01155,2026-09-09,Product Defect,1,3586.98
R000822,O008362,P0051,C03159,2026-05-10,Size Issue,1,9764.75
R000823,O008362,P0193,C03159,2026-05-10,Not as Expected,1,2329.54
R000824,O008364,P0075,C05160,2026-12-27,Damaged During Delivery,2,56364.01
R000825,O008390,P0276,C08846,2027-01-06,Wrong Product,1,5857.61
R000826,O008407,P0460,C00161,2026-04-01,Not as Expected,2,9704.41
R000827,O008410,P0136,C08733,2026-01-09,Size Issue,1,11762.28
R000828,O008410,P0164,C08733,2026-01-06,Not as Expected,1,15953.91
R000829,O008410,P0423,C08733,2026-01-07,Late Delivery,1,1819.49
R000830,O008426,P0228,C09034,2026-01-07,Not as Expected,2,2478.95
R000831,O008437,P0390,C08753,2026-08-28,Size Issue,1,807.04
R000832,O008449,P0362,C05962,2027-01-02,Size Issue,1,2914.87
R000833,O008457,P0309,C01095,2026-09-03,Product Defect,1,3474.06
R000834,O008461,P0480,C07350,2025-09-09,Late Delivery,1,1450.19
R000835,O008503,P0365,C08906,2025-11-30,Wrong Product,1,909.06
R000836,O008503,P0367,C08906,2025-11-21,Damaged During Delivery,2,2143.65
R000837,O008503,P0223,C08906,2025-11-23,Product Defect,1,4828.52
R000838,O008526,P0335,C07625,2026-12-17,Not as Expected,1,198.48
R000839,O008527,P0155,C02170,2026-08-31,Late Delivery,1,11955.96
R000840,O008574,P0191,C08568,2026-06-27,Damaged During Delivery,3,37766.88
R000841,O008606,P0063,C05446,2026-06-18,Changed Mind,1,9032.83
R000842,O008612,P0156,C01674,2025-08-29,Size Issue,1,2532.04
R000843,O008620,P0322,C06115,2026-08-12,Product Defect,1,3958.76
R000844,O008620,P0168,C06115,2026-08-07,Product Defect,1,2391.83
R000845,O008620,P0037,C06115,2026-08-05,Not as Expected,1,648.64
R000846,O008623,P0354,C07883,2026-03-06,Changed Mind,2,4376.16
R000847,O008662,P0273,C00763,2025-11-21,Size Issue,2,7870.14
R000848,O008663,P0419,C02795,2027-01-05,Late Delivery,1,8513.24
R000849,O008663,P0231,C02795,2027-01-12,Late Delivery,1,3550.89
R000850,O008667,P0136,C07133,2025-10-11,Not as Expected,1,12249.5
R000851,O008667,P0314,C07133,2025-10-07,Damaged During Delivery,1,2662.21
R000852,O008688,P0265,C00043,2025-05-26,Size Issue,1,5145.14
R000853,O008688,P0085,C00043,2025-05-31,Damaged During Delivery,2,2291.07
R000854,O008693,P0439,C01965,2026-03-24,Changed Mind,1,10031.54
R000855,O008702,P0089,C05464,2025-12-28,Wrong Product,1,12613.46
R000856,O008715,P0257,C07488,2026-01-18,Changed Mind,1,5139.96
R000857,O008740,P0264,C04019,2026-01-02,Changed Mind,1,2858.93
R000858,O008740,P0056,C04019,2026-01-11,Size Issue,1,9773.0
R000859,O008740,P0094,C04019,2026-01-10,Product Defect,2,31758.49
R000860,O008743,P0100,C03838,2025-03-21,Changed Mind,1,18169.34
R000861,O008747,P0412,C06430,2025-06-13,Late Delivery,1,6131.52
R000862,O008771,P0196,C08454,2025-11-05,Late Delivery,3,2462.4
R000863,O008825,P0352,C03992,2026-11-17,Size Issue,1,2231.44
R000864,O008834,P0245,C02358,2025-07-23,Changed Mind,1,5150.41
R000865,O008834,P0424,C02358,2025-07-30,Not as Expected,1,2477.98
R000866,O008836,P0109,C05024,2026-11-05,Size Issue,1,14018.0
R000867,O008836,P0079,C05024,2026-11-13,Size Issue,1,2748.85
R000868,O008841,P0062,C03249,2025-04-02,Size Issue,1,27212.55
R000869,O008859,P0127,C07455,2025-10-29,Not as Expected,1,13559.96
R000870,O008880,P0042,C07927,2026-11-08,Size Issue,1,12730.73
R000871,O008881,P0213,C08612,2026-10-03,Damaged During Delivery,1,5211.57
R000872,O008884,P0079,C04864,2025-03-04,Damaged During Delivery,1,2640.84
R000873,O008897,P0392,C06002,2025-11-23,Wrong Product,2,5497.44
R000874,O008897,P0222,C06002,2025-11-09,Product Defect,1,2358.19
R000875,O008917,P0268,C06849,2026-02-23,Size Issue,1,5710.48
R000876,O008938,P0429,C01586,2025-11-16,Size Issue,1,2558.97
R000877,O008939,P0029,C05243,2025-01-10,Size Issue,1,27473.89
R000878,O008953,P0384,C00870,2025-11-11,Size Issue,1,4521.25
R000879,O008976,P0481,C02547,2025-10-18,Not as Expected,1,9979.77
R000880,O008976,P0360,C02547,2025-10-22,Product Defect,1,3131.74
R000881,O008980,P0372,C03674,2026-12-14,Product Defect,1,2925.36
R000882,O008980,P0108,C03674,2026-12-21,Size Issue,1,12166.87
R000883,O008981,P0430,C04138,2025-06-21,Not as Expected,2,12596.94
R000884,O008985,P0286,C03372,2025-02-18,Changed Mind,1,1664.41
R000885,O008985,P0385,C03372,2025-02-10,Damaged During Delivery,1,4137.74
R000886,O009008,P0241,C05668,2026-03-14,Size Issue,2,12350.6
R000887,O009008,P0199,C05668,2026-03-26,Size Issue,1,12346.39
R000888,O009027,P0362,C02387,2026-04-28,Late Delivery,2,5939.43
R000889,O009030,P0323,C03725,2027-01-11,Product Defect,1,475.21
R000890,O009035,P0219,C03802,2025-12-22,Size Issue,1,2336.02
R000891,O009048,P0244,C07888,2026-04-25,Changed Mind,1,2200.3
R000892,O009048,P0019,C07888,2026-05-02,Size Issue,1,18409.47
R000893,O009050,P0218,C00891,2026-05-21,Damaged During Delivery,1,1924.41
R000894,O009065,P0412,C02267,2025-07-24,Changed Mind,1,6201.72
R000895,O009100,P0375,C07086,2025-03-15,Changed Mind,1,2387.59
R000896,O009102,P0489,C00404,2026-07-22,Damaged During Delivery,1,4952.96
R000897,O009110,P0224,C02746,2026-09-06,Not as Expected,1,1731.1
R000898,O009115,P0478,C07802,2026-11-18,Changed Mind,1,3180.48
R000899,O009126,P0383,C05416,2025-03-19,Changed Mind,1,2761.4
R000900,O009142,P0184,C00247,2026-08-18,Changed Mind,1,9660.61
R000901,O009142,P0259,C00247,2026-08-20,Damaged During Delivery,1,5875.31
R000902,O009159,P0108,C09082,2026-02-16,Not as Expected,1,11071.24
R000903,O009159,P0164,C09082,2026-02-18,Wrong Product,2,34052.05
R000904,O009186,P0363,C00573,2025-04-10,Damaged During Delivery,1,2860.11
R000905,O009210,P0463,C09895,2026-03-26,Size Issue,1,3180.06
R000906,O009210,P0464,C09895,2026-03-23,Product Defect,1,6853.79
R000907,O009225,P0013,C02330,2026-01-22,Changed Mind,2,52839.84
R000908,O009225,P0441,C02330,2026-01-18,Damaged During Delivery,1,8010.78
R000909,O009244,P0251,C05477,2026-06-13,Size Issue,2,2079.26
R000910,O009250,P0230,C01759,2026-04-12,Product Defect,1,4165.87
R000911,O009251,P0310,C00153,2025-06-03,Damaged During Delivery,1,2870.5
R000912,O009251,P0166,C00153,2025-06-02,Product Defect,1,6922.12
R000913,O009264,P0349,C06330,2026-04-14,Wrong Product,2,7959.06
R000914,O009275,P0345,C07230,2026-02-20,Not as Expected,1,4318.7
R000915,O009291,P0086,C05156,2025-04-01,Product Defect,1,19773.37
R000916,O009314,P0248,C01150,2026-10-05,Not as Expected,2,9272.93
R000917,O009330,P0116,C09323,2025-12-08,Not as Expected,1,12994.26
R000918,O009330,P0371,C09323,2025-12-13,Product Defect,3,7077.56
R000919,O009330,P0003,C09323,2025-12-11,Product Defect,1,6250.48
R000920,O009356,P0227,C08100,2026-05-22,Size Issue,1,5727.0
R000921,O009356,P0222,C08100,2026-06-03,Changed Mind,1,2136.72
R000922,O009361,P0436,C05507,2026-11-03,Size Issue,1,6133.42
R000923,O009361,P0119,C05507,2026-11-01,Product Defect,2,22887.34
R000924,O009361,P0272,C05507,2026-10-24,Changed Mind,1,2196.82
R000925,O009369,P0407,C07552,2026-12-30,Late Delivery,2,13891.9
R000926,O009369,P0291,C07552,2026-12-30,Not as Expected,2,4621.38
R000927,O009372,P0224,C00205,2025-07-16,Wrong Product,1,1890.85
R000928,O009376,P0085,C01111,2026-02-26,Size Issue,1,1100.9
R000929,O009376,P0388,C01111,2026-02-20,Size Issue,3,12397.92
R000930,O009387,P0436,C00921,2026-08-19,Not as Expected,2,12375.16
R000931,O009396,P0477,C05091,2025-05-03,Size Issue,2,10765.92
R000932,O009397,P0090,C02630,2025-12-27,Changed Mind,1,21764.0
R000933,O009397,P0268,C02630,2025-12-31,Product Defect,1,5568.27
R000934,O009406,P0292,C06393,2025-07-18,Damaged During Delivery,1,469.36
R000935,O009410,P0125,C09111,2025-07-07,Not as Expected,1,14670.17
R000936,O009412,P0057,C02967,2025-06-19,Damaged During Delivery,1,8792.95
R000937,O009413,P0191,C07575,2025-09-06,Changed Mind,1,12922.37
R000938,O009415,P0475,C06336,2025-06-28,Size Issue,1,3554.86
R000939,O009415,P0268,C06336,2025-06-21,Damaged During Delivery,1,5966.31
R000940,O009441,P0184,C03799,2025-08-11,Changed Mind,1,9055.05
R000941,O009442,P0360,C08517,2025-10-23,Changed Mind,3,10111.4
R000942,O009450,P0291,C04973,2025-10-09,Not as Expected,1,2280.22
R000943,O009492,P0253,C03125,2025-06-10,Not as Expected,1,3355.14
R000944,O009497,P0426,C09591,2025-10-20,Not as Expected,1,750.78
R000945,O009497,P0052,C09591,2025-10-14,Not as Expected,2,32513.26
R000946,O009500,P0087,C06679,2026-12-16,Damaged During Delivery,1,15036.44
R000947,O009503,P0109,C07350,2025-02-12,Not as Expected,1,13144.26
R000948,O009508,P0269,C08691,2026-02-19,Not as Expected,1,1421.29
R000949,O009596,P0245,C08782,2026-06-11,Product Defect,2,10310.8
R000950,O009596,P0328,C08782,2026-06-12,Damaged During Delivery,1,4009.28
R000951,O009598,P0124,C03288,2025-05-12,Wrong Product,1,562.12
R000952,O009630,P0332,C08030,2025-03-15,Damaged During Delivery,1,2157.11
R000953,O009639,P0480,C02385,2026-02-12,Not as Expected,1,1552.75
R000954,O009648,P0335,C08046,2026-02-04,Late Delivery,1,195.61
R000955,O009679,P0077,C07677,2026-01-21,Size Issue,1,8601.83
R000956,O009679,P0391,C07677,2026-01-08,Changed Mind,1,972.84
R000957,O009690,P0064,C08748,2026-10-23,Product Defect,1,11752.81
R000958,O009697,P0228,C09758,2026-01-11,Changed Mind,2,2459.65
R000959,O009713,P0469,C04632,2026-08-12,Product Defect,2,22042.78
R000960,O009719,P0334,C09493,2025-11-13,Not as Expected,1,2217.84
R000961,O009720,P0491,C08201,2025-01-11,Size Issue,1,9621.73
R000962,O009743,P0030,C03296,2025-12-24,Damaged During Delivery,2,43104.42
R000963,O009753,P0147,C01657,2025-11-05,Not as Expected,1,6220.34
R000964,O009753,P0004,C01657,2025-10-25,Not as Expected,1,14134.24
R000965,O009753,P0146,C01657,2025-11-04,Changed Mind,1,16056.28
R000966,O009765,P0246,C02286,2025-08-13,Product Defect,1,3151.52
R000967,O009772,P0498,C00381,2025-12-10,Size Issue,1,1601.22
R000968,O009774,P0364,C09659,2025-08-27,Damaged During Delivery,1,345.17
R000969,O009793,P0444,C01047,2027-01-01,Changed Mind,1,1626.62
R000970,O009809,P0497,C02676,2025-08-20,Changed Mind,3,25553.32
R000971,O009810,P0167,C05362,2025-08-05,Damaged During Delivery,1,5132.33
R000972,O009826,P0354,C02658,2025-12-30,Changed Mind,1,2172.64
R000973,O009826,P0313,C02658,2026-01-03,Wrong Product,1,258.28
R000974,O009830,P0254,C05075,2025-07-07,Damaged During Delivery,1,3776.7
R000975,O009835,P0498,C04974,2026-10-20,Changed Mind,1,1440.43
R000976,O009835,P0407,C04974,2026-11-01,Damaged During Delivery,1,6705.62
R000977,O009835,P0209,C04974,2026-10-31,Product Defect,1,5049.53
R000978,O009840,P0042,C07608,2026-09-28,Damaged During Delivery,1,9507.17
R000979,O009897,P0120,C09646,2025-04-27,Damaged During Delivery,1,3203.08
R000980,O009911,P0043,C09545,2026-02-07,Not as Expected,1,24628.45
R000981,O009911,P0337,C09545,2026-01-30,Not as Expected,1,3993.03
R000982,O009915,P0265,C06296,2026-06-29,Size Issue,1,4975.66
R000983,O009919,P0322,C00694,2025-11-29,Wrong Product,1,4381.41
R000984,O009926,P0276,C08565,2026-03-07,Damaged During Delivery,1,5894.86
R000985,O009933,P0383,C03856,2025-03-25,Size Issue,1,2874.06
R000986,O009933,P0101,C03856,2025-03-17,Damaged During Delivery,1,9954.62
R000987,O009981,P0454,C00186,2025-02-25,Size Issue,1,10555.59
R000988,O009982,P0171,C02286,2025-05-02,Product Defect,1,3114.94
R000989,O009982,P0015,C02286,2025-04-18,Damaged During Delivery,1,12499.86
R000990,O009984,P0393,C00254,2025-04-19,Size Issue,1,1303.52
R000991,O009999,P0005,C06455,2026-05-25,Late Delivery,1,28080.19
R000992,O010004,P0434,C08377,2025-12-02,Size Issue,1,1762.0
R000993,O010009,P0074,C06035,2025-11-05,Damaged During Delivery,1,29356.88
R000994,O010009,P0396,C06035,2025-11-10,Not as Expected,1,1446.86
R000995,O010011,P0470,C03712,2026-02-14,Not as Expected,1,4798.53
R000996,O010014,P0302,C06553,2026-12-28,Changed Mind,1,1201.14
R000997,O010014,P0016,C06553,2026-12-18,Changed Mind,1,14660.45
R000998,O010023,P0466,C08576,2026-03-23,Not as Expected,1,7503.05
R000999,O010023,P0271,C08576,2026-03-21,Not as Expected,1,1676.48
R001000,O010037,P0157,C06326,2026-09-26,Product Defect,1,11717.42
R001001,O010037,P0471,C06326,2026-09-23,Not as Expected,1,1969.72
R001002,O010037,P0431,C06326,2026-09-30,Not as Expected,3,22550.88
R001003,O010090,P0161,C00814,2026-03-26,Product Defect,1,12788.36
R001004,O010090,P0353,C00814,2026-03-24,Changed Mind,1,2300.38
R001005,O010106,P0431,C02074,2026-06-26,Changed Mind,3,23534.75
R001006,O010106,P0304,C02074,2026-06-26,Wrong Product,1,3855.65
R001007,O010119,P0232,C02533,2025-09-04,Size Issue,3,15298.34
R001008,O010119,P0466,C02533,2025-08-25,Damaged During Delivery,1,7183.26
R001009,O010177,P0118,C04448,2026-09-15,Not as Expected,1,2012.08
R001010,O010177,P0037,C04448,2026-09-16,Product Defect,1,691.65
R001011,O010179,P0287,C07523,2025-04-07,Wrong Product,1,702.22
R001012,O010182,P0226,C06387,2026-02-15,Size Issue,1,4964.53
R001013,O010188,P0446,C07415,2026-11-05,Size Issue,1,3891.67
R001014,O010195,P0370,C06163,2026-04-15,Not as Expected,1,929.98
R001015,O010201,P0002,C04726,2026-06-19,Late Delivery,1,25903.67
R001016,O010201,P0432,C04726,2026-06-24,Product Defect,1,4676.66
R001017,O010201,P0011,C04726,2026-06-25,Changed Mind,1,22901.41
R001018,O010207,P0137,C03810,2026-12-18,Size Issue,1,7019.56
R001019,O010245,P0365,C06001,2025-05-03,Not as Expected,1,900.0
R001020,O010267,P0469,C08447,2025-01-27,Size Issue,1,9767.91
R001021,O010269,P0457,C03102,2026-02-16,Damaged During Delivery,1,5055.86
R001022,O010303,P0142,C02110,2026-04-04,Not as Expected,1,2312.02
R001023,O010307,P0065,C09230,2026-07-21,Late Delivery,1,17608.92
R001024,O010307,P0432,C09230,2026-07-23,Product Defect,1,4565.46
R001025,O010307,P0071,C09230,2026-07-27,Size Issue,1,20174.8
R001026,O010313,P0357,C06818,2026-10-02,Late Delivery,1,3514.79
R001027,O010313,P0388,C06818,2026-09-26,Wrong Product,1,4196.63
R001028,O010314,P0064,C05211,2025-12-06,Damaged During Delivery,1,12909.97
R001029,O010325,P0436,C02224,2025-12-07,Not as Expected,2,11924.69
R001030,O010337,P0168,C03801,2025-03-06,Changed Mind,1,2676.22
R001031,O010347,P0041,C02244,2025-10-06,Changed Mind,1,15737.37
R001032,O010361,P0180,C03121,2025-03-24,Size Issue,1,1681.01
R001033,O010362,P0100,C06440,2026-08-26,Size Issue,1,14916.41
R001034,O010370,P0366,C01855,2026-06-02,Size Issue,1,1295.03
R001035,O010370,P0352,C01855,2026-06-02,Not as Expected,1,2039.87
R001036,O010462,P0303,C09855,2026-02-16,Not as Expected,1,3686.05
R001037,O010465,P0331,C06695,2026-02-10,Damaged During Delivery,1,1914.69
R001038,O010468,P0181,C05509,2025-02-18,Product Defect,1,13166.46
R001039,O010471,P0127,C07129,2025-03-19,Late Delivery,1,13987.69
R001040,O010477,P0178,C03775,2026-02-09,Not as Expected,1,15542.22
R001041,O010481,P0100,C08661,2026-05-08,Not as Expected,1,16815.41
R001042,O010481,P0475,C08661,2026-05-07,Wrong Product,1,3488.0
R001043,O010499,P0171,C09886,2025-04-20,Product Defect,1,3293.94
R001044,O010530,P0465,C04599,2025-10-23,Not as Expected,1,4316.5
R001045,O010533,P0192,C07479,2025-05-21,Not as Expected,1,3354.11
R001046,O010538,P0420,C03452,2026-08-17,Wrong Product,1,1531.73
R001047,O010538,P0146,C03452,2026-08-13,Size Issue,3,48202.43
R001048,O010538,P0068,C03452,2026-08-16,Late Delivery,1,27550.0
R001049,O010540,P0160,C03698,2025-12-18,Size Issue,1,7875.77
R001050,O010582,P0472,C02075,2025-07-08,Damaged During Delivery,1,7167.83
R001051,O010582,P0015,C02075,2025-07-04,Changed Mind,1,12815.0
R001052,O010613,P0439,C07356,2026-11-17,Product Defect,1,10057.11
R001053,O010643,P0236,C08848,2025-12-31,Not as Expected,2,6275.23
R001054,O010651,P0080,C03051,2026-03-09,Changed Mind,1,23067.34
R001055,O010687,P0489,C08313,2025-06-21,Product Defect,1,4841.78
R001056,O010693,P0222,C08155,2025-04-04,Damaged During Delivery,1,2057.9
R001057,O010693,P0013,C08155,2025-04-02,Not as Expected,2,50507.06
R001058,O010693,P0209,C08155,2025-03-23,Size Issue,1,5046.3
R001059,O010763,P0056,C05418,2025-05-09,Wrong Product,2,18306.97
R001060,O010780,P0078,C09182,2025-01-22,Not as Expected,1,21652.09
R001061,O010780,P0105,C09182,2025-01-14,Changed Mind,2,17417.2
R001062,O010791,P0140,C00731,2025-07-23,Wrong Product,1,1457.27
R001063,O010804,P0180,C08161,2026-06-22,Not as Expected,1,1777.01
R001064,O010804,P0457,C08161,2026-06-11,Late Delivery,2,9445.4
R001065,O010806,P0225,C09678,2025-04-17,Damaged During Delivery,1,5565.71
R001066,O010810,P0483,C02371,2025-02-28,Not as Expected,1,1977.74
R001067,O010815,P0254,C03078,2026-01-22,Not as Expected,1,3523.19
R001068,O010815,P0451,C03078,2026-01-17,Size Issue,2,1684.15
R001069,O010831,P0458,C09798,2026-09-25,Changed Mind,2,17344.4
R001070,O010838,P0279,C01559,2026-09-03,Damaged During Delivery,3,8472.54
R001071,O010849,P0173,C00741,2025-02-27,Size Issue,1,8949.13
R001072,O010849,P0449,C00741,2025-02-25,Product Defect,1,10806.69
R001073,O010849,P0266,C00741,2025-02-27,Size Issue,1,3751.06
R001074,O010860,P0410,C07573,2026-09-23,Product Defect,3,31828.07
R001075,O010868,P0306,C06373,2025-12-20,Changed Mind,1,1755.42
R001076,O010873,P0468,C00632,2025-09-02,Changed Mind,2,20727.62
R001077,O010873,P0297,C00632,2025-09-03,Not as Expected,1,748.81
R001078,O010873,P0036,C00632,2025-09-05,Late Delivery,2,6263.08
R001079,O010885,P0400,C08518,2025-12-24,Product Defect,1,3402.74
R001080,O010885,P0193,C08518,2025-12-23,Changed Mind,1,2239.14
R001081,O010896,P0134,C06067,2025-01-22,Changed Mind,1,16515.57
R001082,O010896,P0453,C06067,2025-01-14,Late Delivery,1,3402.31
R001083,O010914,P0356,C00739,2026-04-12,Product Defect,1,4164.38
R001084,O010948,P0024,C09345,2025-08-01,Wrong Product,2,28400.12
R001085,O010954,P0060,C00017,2026-03-23,Size Issue,1,13624.77
R001086,O010954,P0332,C00017,2026-03-11,Late Delivery,1,2204.62
R001087,O010964,P0252,C06874,2026-11-11,Size Issue,1,5857.75
R001088,O010970,P0455,C09143,2026-05-25,Size Issue,1,6058.38
R001089,O010975,P0083,C09562,2026-07-20,Product Defect,1,2124.3
R001090,O010984,P0039,C04122,2025-07-29,Changed Mind,2,50521.15
R001091,O010999,P0160,C03343,2025-06-27,Late Delivery,1,7054.35
R001092,O010999,P0495,C03343,2025-07-02,Size Issue,1,8667.91
R001093,O011034,P0272,C06256,2025-03-30,Not as Expected,1,2238.44
R001094,O011080,P0112,C07907,2025-05-04,Wrong Product,2,1145.01
R001095,O011080,P0047,C07907,2025-05-09,Changed Mind,1,1397.27
R001096,O011123,P0296,C08311,2025-05-18,Size Issue,1,6131.09
R001097,O011128,P0024,C03285,2026-09-12,Changed Mind,1,11775.69
R001098,O011128,P0176,C03285,2026-09-24,Late Delivery,1,11380.69
R001099,O011134,P0035,C00396,2026-07-05,Size Issue,1,25512.22
R001100,O011137,P0373,C03188,2025-08-02,Size Issue,1,1799.7
R001101,O011150,P0433,C00924,2025-12-04,Size Issue,1,1048.5
R001102,O011152,P0286,C01484,2026-05-11,Late Delivery,2,3375.87
R001103,O011168,P0061,C04601,2026-08-27,Size Issue,1,2931.18
R001104,O011178,P0101,C08785,2025-05-08,Changed Mind,1,10048.96
R001105,O011178,P0164,C08785,2025-05-08,Damaged During Delivery,1,15968.3
R001106,O011239,P0354,C03749,2025-06-23,Changed Mind,1,2178.05
R001107,O011250,P0204,C04762,2025-03-17,Wrong Product,1,4192.69
R001108,O011250,P0495,C04762,2025-03-05,Size Issue,1,8840.1
R001109,O011278,P0067,C02859,2026-10-06,Damaged During Delivery,1,20090.17
R001110,O011286,P0450,C09491,2025-11-16,Damaged During Delivery,1,10537.14
R001111,O011292,P0259,C07426,2025-01-31,Late Delivery,1,5833.74
R001112,O011292,P0186,C07426,2025-02-09,Product Defect,2,18537.94
R001113,O011292,P0409,C07426,2025-02-01,Changed Mind,1,9016.83
R001114,O011319,P0204,C02071,2026-04-02,Changed Mind,1,4119.52
R001115,O011321,P0132,C06751,2026-07-12,Wrong Product,1,15347.46
R001116,O011327,P0127,C07429,2026-07-02,Wrong Product,2,28868.77
R001117,O011337,P0452,C05951,2025-11-28,Size Issue,1,1916.09
R001118,O011337,P0474,C05951,2025-11-22,Wrong Product,2,7332.49
R001119,O011344,P0384,C05501,2026-11-13,Late Delivery,1,4734.32
R001120,O011355,P0264,C08316,2025-08-14,Size Issue,2,5482.19
R001121,O011355,P0423,C08316,2025-08-15,Product Defect,1,1988.33
R001122,O011381,P0062,C01535,2025-05-24,Not as Expected,2,53423.82
R001123,O011382,P0225,C00053,2026-11-04,Late Delivery,2,10640.4
R001124,O011398,P0306,C09588,2025-07-09,Damaged During Delivery,1,1576.35
R001125,O011407,P0300,C00864,2025-12-24,Changed Mind,1,1916.36
R001126,O011418,P0056,C02333,2027-01-01,Not as Expected,2,18685.09
R001127,O011419,P0341,C07379,2026-01-04,Damaged During Delivery,1,332.11
R001128,O011419,P0160,C07379,2026-01-18,Not as Expected,1,7330.71
R001129,O011419,P0393,C07379,2026-01-13,Size Issue,3,4276.8
R001130,O011432,P0414,C01434,2025-09-24,Product Defect,2,8563.96
R001131,O011434,P0259,C09728,2026-06-18,Damaged During Delivery,2,11242.41
R001132,O011434,P0132,C09728,2026-06-15,Changed Mind,3,49846.16
R001133,O011449,P0257,C03705,2025-11-13,Damaged During Delivery,1,5589.55
R001134,O011454,P0491,C09488,2026-04-29,Late Delivery,1,10656.17
R001135,O011463,P0127,C09607,2026-07-29,Not as Expected,1,15241.6
R001136,O011463,P0076,C09607,2026-07-31,Not as Expected,2,40726.18
R001137,O011477,P0079,C08320,2026-11-10,Product Defect,1,2650.69
R001138,O011477,P0026,C08320,2026-11-17,Damaged During Delivery,1,13740.1
R001139,O011499,P0450,C00847,2026-11-13,Size Issue,1,10084.1
R001140,O011501,P0293,C02262,2025-05-26,Damaged During Delivery,1,3012.34
R001141,O011502,P0171,C05702,2026-12-30,Size Issue,1,3145.83
R001142,O011502,P0071,C05702,2026-12-30,Not as Expected,1,25070.59
R001143,O011525,P0041,C03920,2026-12-15,Size Issue,1,14278.15
R001144,O011525,P0077,C03920,2026-12-05,Not as Expected,2,17786.82
R001145,O011538,P0199,C03521,2025-05-01,Damaged During Delivery,2,27780.45
R001146,O011550,P0177,C02965,2025-11-14,Damaged During Delivery,1,8795.13
R001147,O011550,P0055,C02965,2025-11-20,Changed Mind,1,10404.5
R001148,O011550,P0428,C02965,2025-11-24,Wrong Product,1,3365.65
R001149,O011569,P0162,C09844,2025-11-13,Not as Expected,1,3336.63
R001150,O011588,P0404,C00790,2026-04-04,Not as Expected,1,6139.05
R001151,O011632,P0350,C01808,2026-02-11,Changed Mind,2,6231.35
R001152,O011644,P0011,C09341,2025-10-11,Not as Expected,2,49388.94
R001153,O011651,P0223,C07550,2026-02-19,Damaged During Delivery,1,4735.37
R001154,O011708,P0200,C06769,2025-06-14,Size Issue,1,12525.74
R001155,O011763,P0499,C07045,2025-09-23,Product Defect,1,10676.26
R001156,O011767,P0389,C06907,2026-06-25,Not as Expected,1,926.82
R001157,O011790,P0213,C03373,2025-07-19,Size Issue,1,4938.81
R001158,O011790,P0424,C03373,2025-07-14,Changed Mind,1,2214.01
R001159,O011820,P0091,C00467,2025-07-07,Changed Mind,1,11274.2
R001160,O011829,P0100,C00538,2025-02-21,Changed Mind,2,32247.49
R001161,O011829,P0364,C00538,2025-03-03,Size Issue,1,357.89
R001162,O011844,P0260,C05003,2025-03-07,Wrong Product,1,374.82
R001163,O011844,P0009,C05003,2025-03-09,Damaged During Delivery,1,31390.41
R001164,O011850,P0152,C00358,2025-08-29,Changed Mind,2,5254.02
R001165,O011856,P0269,C07097,2026-08-14,Changed Mind,2,2697.94
R001166,O011856,P0351,C07097,2026-08-09,Changed Mind,1,2035.24
R001167,O011885,P0280,C00761,2026-01-02,Wrong Product,1,1932.97
R001168,O011885,P0352,C00761,2026-01-04,Product Defect,1,2040.12
R001169,O011897,P0266,C03878,2025-07-17,Size Issue,1,3812.71
R001170,O011897,P0158,C03878,2025-07-04,Not as Expected,1,804.42
R001171,O011919,P0025,C03948,2026-08-03,Changed Mind,1,24808.47
R001172,O011928,P0409,C00181,2025-01-18,Not as Expected,1,8733.95
R001173,O011929,P0065,C01734,2025-09-04,Size Issue,1,19847.57
R001174,O011929,P0223,C01734,2025-08-24,Late Delivery,1,4820.35
R001175,O011929,P0489,C01734,2025-08-29,Changed Mind,1,4371.65
R001176,O011931,P0323,C02447,2025-12-14,Damaged During Delivery,1,466.62
R001177,O011941,P0097,C09383,2025-02-17,Changed Mind,1,32934.95
R001178,O011946,P0028,C07078,2026-04-18,Size Issue,1,14964.65
R001179,O011948,P0396,C02025,2026-03-26,Wrong Product,1,1568.39
R001180,O011965,P0117,C01398,2026-12-25,Size Issue,2,12775.68
R001181,O011975,P0078,C07498,2025-05-04,Damaged During Delivery,1,24757.18
R001182,O011981,P0086,C04670,2026-03-21,Changed Mind,2,39546.14
R001183,O011981,P0019,C04670,2026-03-21,Late Delivery,1,18940.11
R001184,O011985,P0443,C04418,2026-07-03,Product Defect,1,8334.63
R001185,O011986,P0394,C00290,2025-10-17,Product Defect,2,1415.87
R001186,O012013,P0140,C05418,2025-09-29,Changed Mind,1,1330.37
R001187,O012013,P0154,C05418,2025-10-02,Product Defect,1,6435.08
R001188,O012036,P0145,C04110,2025-07-23,Changed Mind,2,29242.14
R001189,O012051,P0339,C05519,2026-04-04,Not as Expected,1,1378.12
R001190,O012067,P0319,C05973,2025-03-14,Not as Expected,1,2941.54
R001191,O012067,P0221,C05973,2025-03-20,Not as Expected,1,5990.0
R001192,O012077,P0423,C00168,2026-02-13,Size Issue,1,1967.66
R001193,O012141,P0443,C02051,2025-06-04,Not as Expected,1,8405.45
R001194,O012141,P0423,C02051,2025-06-03,Changed Mind,1,1846.41
R001195,O012142,P0298,C01076,2025-02-23,Wrong Product,1,3319.11
R001196,O012142,P0047,C01076,2025-02-22,Size Issue,1,1471.69
R001197,O012169,P0150,C02338,2025-07-30,Damaged During Delivery,1,1850.28
R001198,O012178,P0039,C00538,2026-08-05,Size Issue,3,65239.05
R001199,O012187,P0293,C05164,2026-01-22,Damaged During Delivery,2,6698.12
R001200,O012187,P0355,C05164,2026-01-22,Damaged During Delivery,2,1629.13
R001201,O012189,P0251,C07710,2025-08-22,Size Issue,1,1052.22
R001202,O012203,P0303,C05711,2025-05-25,Wrong Product,1,3755.03
R001203,O012203,P0070,C05711,2025-05-22,Wrong Product,1,2720.89
R001204,O012219,P0014,C01531,2026-11-22,Damaged During Delivery,1,9319.99
R001205,O012236,P0402,C01478,2026-03-08,Damaged During Delivery,1,1433.12
R001206,O012241,P0260,C06110,2026-04-29,Late Delivery,1,372.65
R001207,O012241,P0096,C06110,2026-04-21,Changed Mind,1,2976.22
R001208,O012241,P0143,C06110,2026-04-20,Product Defect,1,7454.59
R001209,O012281,P0195,C04723,2026-03-20,Damaged During Delivery,1,15276.65
R001210,O012281,P0425,C04723,2026-03-21,Late Delivery,1,7929.75
R001211,O012281,P0476,C04723,2026-03-24,Wrong Product,1,2369.55
R001212,O012297,P0316,C06647,2026-02-11,Product Defect,1,4103.48
R001213,O012308,P0248,C00081,2026-02-13,Not as Expected,1,4382.41
R001214,O012322,P0430,C03260,2025-09-15,Product Defect,2,11370.72
R001215,O012337,P0258,C00206,2025-07-26,Changed Mind,2,11685.76
R001216,O012337,P0424,C00206,2025-07-30,Damaged During Delivery,1,2471.4
R001217,O012340,P0219,C07678,2025-10-07,Late Delivery,1,2079.73
R001218,O012344,P0235,C00636,2026-09-09,Changed Mind,1,1919.36
R001219,O012355,P0252,C00674,2026-01-26,Late Delivery,1,5246.74
R001220,O012388,P0445,C09311,2025-12-22,Changed Mind,1,10015.16
R001221,O012411,P0051,C04238,2025-05-22,Product Defect,3,27199.53
R001222,O012502,P0262,C00558,2025-04-09,Product Defect,1,1742.76
R001223,O012502,P0496,C00558,2025-04-22,Size Issue,1,4405.01
R001224,O012513,P0402,C09613,2025-07-02,Size Issue,2,3136.93
R001225,O012524,P0164,C07249,2025-02-05,Changed Mind,1,16534.15
R001226,O012524,P0452,C07249,2025-02-16,Damaged During Delivery,1,1760.9
R001227,O012531,P0151,C06833,2026-02-22,Size Issue,1,4999.51
R001228,O012549,P0181,C06926,2026-11-25,Not as Expected,1,12845.38
R001229,O012575,P0202,C01814,2026-03-09,Not as Expected,1,6235.08
R001230,O012575,P0438,C01814,2026-03-03,Wrong Product,1,8093.28
R001231,O012581,P0033,C03805,2025-05-17,Changed Mind,3,22723.48
R001232,O012602,P0370,C09473,2027-01-01,Changed Mind,1,822.2
R001233,O012613,P0346,C04509,2026-08-05,Changed Mind,1,530.96
R001234,O012615,P0365,C05759,2026-05-04,Product Defect,3,2691.82
R001235,O012615,P0414,C05759,2026-05-01,Size Issue,1,3832.65
R001236,O012617,P0146,C06350,2026-08-11,Product Defect,2,30439.99
R001237,O012617,P0260,C06350,2026-08-20,Damaged During Delivery,2,710.15
R001238,O012621,P0362,C01656,2026-11-07,Not as Expected,2,6022.4
R001239,O012624,P0493,C04947,2026-02-17,Product Defect,2,6113.67
R001240,O012624,P0051,C04947,2026-02-12,Damaged During Delivery,2,17710.37
R001241,O012640,P0481,C01810,2026-03-12,Size Issue,2,18873.73
R001242,O012640,P0023,C01810,2026-02-26,Late Delivery,1,24505.15
R001243,O012674,P0078,C07657,2026-08-12,Not as Expected,2,37964.3
R001244,O012675,P0458,C04188,2026-01-06,Late Delivery,2,19506.01
R001245,O012700,P0222,C00541,2026-09-05,Not as Expected,1,2065.46
R001246,O012714,P0371,C06989,2025-12-12,Size Issue,1,2480.89
R001247,O012714,P0321,C06989,2025-11-30,Changed Mind,2,4258.11
R001248,O012714,P0362,C06989,2025-12-12,Size Issue,1,2681.9
R001249,O012774,P0389,C08198,2026-02-24,Late Delivery,1,1005.76
R001250,O012785,P0372,C01313,2025-03-31,Not as Expected,1,2646.95
R001251,O012799,P0348,C03581,2025-12-12,Changed Mind,1,3189.04
R001252,O012800,P0406,C05600,2025-09-04,Size Issue,1,10638.35
R001253,O012800,P0227,C05600,2025-09-12,Size Issue,1,5725.96
R001254,O012805,P0145,C02162,2026-12-08,Size Issue,1,13997.25
R001255,O012827,P0079,C03724,2026-04-04,Size Issue,1,2846.21
R001256,O012877,P0430,C08939,2025-03-02,Damaged During Delivery,1,6288.86
R001257,O012929,P0252,C01802,2026-02-02,Not as Expected,2,11562.12
R001258,O012929,P0488,C01802,2026-02-08,Size Issue,1,8455.52
R001259,O012947,P0438,C06478,2025-03-21,Late Delivery,1,7298.0
R001260,O012949,P0232,C07384,2025-03-25,Changed Mind,1,5306.85
R001261,O012949,P0445,C07384,2025-03-26,Not as Expected,1,10216.38
R001262,O012949,P0141,C07384,2025-03-22,Product Defect,2,30368.44
R001263,O012956,P0094,C09628,2025-03-08,Product Defect,1,14719.34
R001264,O012956,P0378,C09628,2025-03-21,Changed Mind,1,1353.06
R001265,O012959,P0381,C02251,2026-04-15,Not as Expected,1,3628.96
R001266,O012981,P0164,C05364,2025-05-17,Not as Expected,1,17073.88
R001267,O013020,P0035,C09713,2025-03-20,Not as Expected,1,25268.24
R001268,O013050,P0215,C06303,2025-11-24,Changed Mind,1,4748.8
R001269,O013076,P0443,C04694,2026-02-24,Not as Expected,1,7466.74
R001270,O013087,P0215,C07960,2025-06-14,Size Issue,1,4931.4
R001271,O013129,P0380,C07508,2025-10-27,Wrong Product,2,6799.41
R001272,O013129,P0279,C07508,2025-10-19,Product Defect,1,2917.7
R001273,O013176,P0030,C01443,2025-10-13,Changed Mind,1,22264.06
R001274,O013187,P0230,C07990,2025-12-07,Changed Mind,1,4107.3
R001275,O013187,P0302,C07990,2025-12-08,Size Issue,1,1198.9
R001276,O013195,P0327,C00116,2025-03-29,Damaged During Delivery,1,267.93
R001277,O013211,P0022,C08197,2025-03-03,Size Issue,2,23863.23
R001278,O013257,P0017,C07771,2025-07-20,Product Defect,1,1115.04
R001279,O013257,P0021,C07771,2025-07-27,Size Issue,1,19483.43
R001280,O013262,P0111,C08179,2026-01-09,Size Issue,1,15734.71
R001281,O013262,P0370,C08179,2025-12-27,Not as Expected,1,892.48
R001282,O013262,P0030,C08179,2026-01-02,Damaged During Delivery,2,42066.35
R001283,O013271,P0153,C06552,2026-10-09,Wrong Product,1,4922.57
R001284,O013274,P0004,C04373,2025-04-29,Late Delivery,1,13812.16
R001285,O013275,P0106,C00739,2026-08-24,Not as Expected,1,6086.1
R001286,O013275,P0387,C00739,2026-09-02,Not as Expected,1,309.0
R001287,O013313,P0064,C06581,2026-11-17,Changed Mind,1,11818.86
R001288,O013313,P0296,C06581,2026-11-16,Not as Expected,1,5968.7
R001289,O013325,P0134,C06176,2025-06-27,Product Defect,1,15031.53
R001290,O013330,P0062,C07442,2025-01-28,Size Issue,1,28167.52
R001291,O013341,P0464,C08438,2025-05-20,Product Defect,1,7228.55
R001292,O013354,P0469,C03271,2026-08-25,Wrong Product,1,11121.03
R001293,O013354,P0365,C03271,2026-08-21,Size Issue,3,2842.79
R001294,O013358,P0212,C04364,2026-05-19,Changed Mind,2,9140.94
R001295,O013376,P0500,C08624,2025-08-19,Not as Expected,1,2350.58
R001296,O013376,P0300,C08624,2025-08-22,Size Issue,1,1729.71
R001297,O013384,P0328,C08085,2025-03-16,Not as Expected,2,7876.46
R001298,O013384,P0451,C08085,2025-03-24,Late Delivery,1,775.55
R001299,O013384,P0439,C08085,2025-03-13,Size Issue,1,10242.21
R001300,O013397,P0173,C01125,2026-08-08,Changed Mind,1,9696.79
R001301,O013399,P0342,C01091,2026-03-14,Not as Expected,1,1257.46
R001302,O013448,P0340,C07244,2025-07-20,Damaged During Delivery,1,2199.37
R001303,O013448,P0062,C07244,2025-07-14,Size Issue,3,75899.5
R001304,O013448,P0168,C07244,2025-07-18,Wrong Product,1,2362.24
R001305,O013457,P0248,C02617,2025-09-05,Damaged During Delivery,2,8851.19
R001306,O013473,P0179,C08223,2026-08-25,Not as Expected,2,2167.42
R001307,O013475,P0292,C06304,2025-08-13,Size Issue,1,449.52
R001308,O013479,P0493,C02639,2025-05-15,Size Issue,2,5818.44
R001309,O013479,P0498,C02639,2025-05-22,Not as Expected,1,1439.84
R001310,O013487,P0098,C06706,2025-08-19,Late Delivery,1,10212.54
R001311,O013487,P0390,C06706,2025-08-09,Size Issue,1,805.55
R001312,O013487,P0016,C06706,2025-08-14,Not as Expected,1,15406.22
R001313,O013488,P0307,C09548,2026-04-12,Size Issue,2,5978.01
R001314,O013488,P0086,C09548,2026-04-15,Late Delivery,1,17825.33
R001315,O013508,P0127,C02968,2026-08-28,Wrong Product,1,14446.7
R001316,O013508,P0130,C02968,2026-08-26,Size Issue,1,3997.45
R001317,O013521,P0163,C04267,2026-10-05,Not as Expected,1,13441.99
R001318,O013521,P0192,C04267,2026-10-02,Size Issue,1,3275.69
R001319,O013521,P0112,C04267,2026-09-30,Late Delivery,1,613.87
R001320,O013547,P0070,C00427,2025-01-31,Changed Mind,1,2724.67
R001321,O013573,P0322,C07307,2026-06-25,Not as Expected,1,4102.3
R001322,O013594,P0441,C03838,2025-10-06,Not as Expected,1,7773.51
R001323,O013607,P0477,C09018,2025-05-04,Not as Expected,2,10992.28
R001324,O013639,P0356,C09041,2025-05-08,Wrong Product,1,4307.09
R001325,O013642,P0258,C02515,2026-07-16,Size Issue,1,5835.8
R001326,O013689,P0183,C04226,2026-02-09,Product Defect,1,13733.15
R001327,O013696,P0218,C05796,2026-11-10,Size Issue,3,5224.37
R001328,O013702,P0313,C02930,2025-10-29,Changed Mind,1,273.2
R001329,O013706,P0408,C01278,2026-04-02,Changed Mind,2,19567.04
R001330,O013706,P0413,C01278,2026-03-26,Not as Expected,2,14402.88
R001331,O013726,P0470,C01310,2026-05-12,Not as Expected,2,10387.09
R001332,O013747,P0025,C08192,2026-12-06,Not as Expected,1,29062.73
R001333,O013747,P0322,C08192,2026-11-25,Size Issue,1,4222.42
R001334,O013747,P0092,C08192,2026-12-06,Late Delivery,1,3213.41
R001335,O013748,P0297,C06120,2026-06-24,Size Issue,1,715.38
R001336,O013750,P0362,C05538,2025-04-26,Product Defect,2,5739.52
R001337,O013750,P0094,C05538,2025-04-16,Wrong Product,1,14537.05
R001338,O013758,P0321,C05617,2026-07-08,Not as Expected,1,2220.02
R001339,O013770,P0049,C08728,2026-05-09,Product Defect,1,7888.63
R001340,O013770,P0222,C08728,2026-05-04,Changed Mind,2,4288.05
R001341,O013770,P0147,C08728,2026-05-14,Not as Expected,2,12265.58
R001342,O013775,P0152,C09145,2025-01-23,Product Defect,2,5107.24
R001343,O013788,P0222,C07131,2026-04-27,Not as Expected,1,2050.41
R001344,O013797,P0068,C06636,2025-05-30,Not as Expected,1,30986.88
R001345,O013812,P0130,C08143,2025-07-19,Wrong Product,1,3667.4
R001346,O013813,P0215,C04923,2025-01-18,Not as Expected,1,4505.88
R001347,O013829,P0101,C00848,2026-01-18,Wrong Product,1,8861.23
R001348,O013829,P0208,C00848,2026-01-23,Damaged During Delivery,1,414.63
R001349,O013850,P0313,C07926,2026-05-26,Size Issue,1,279.05
R001350,O013851,P0350,C04682,2026-04-24,Late Delivery,1,3121.34
R001351,O013878,P0036,C02535,2026-10-20,Changed Mind,1,2986.17
R001352,O013898,P0494,C08913,2026-06-11,Changed Mind,1,4713.36
R001353,O013898,P0180,C08913,2026-06-17,Product Defect,1,1772.59
R001354,O013905,P0145,C00908,2026-05-25,Size Issue,1,14416.18
R001355,O013941,P0284,C02955,2026-12-12,Damaged During Delivery,1,3537.76
R001356,O013946,P0089,C01043,2026-09-17,Damaged During Delivery,1,11256.72
R001357,O013948,P0152,C06182,2026-04-12,Size Issue,2,4626.14
R001358,O013970,P0321,C02316,2025-08-27,Not as Expected,1,2119.64
R001359,O013986,P0449,C08131,2025-06-17,Late Delivery,1,11011.74
R001360,O013993,P0298,C00865,2025-10-05,Damaged During Delivery,1,3347.99
R001361,O013993,P0463,C00865,2025-10-04,Product Defect,1,3562.27
R001362,O013996,P0283,C04061,2026-03-04,Wrong Product,3,14003.63
R001363,O014055,P0437,C06027,2026-11-08,Changed Mind,2,16689.51
R001364,O014061,P0151,C08301,2025-12-24,Late Delivery,1,4587.96
R001365,O014061,P0273,C08301,2025-12-15,Size Issue,1,4212.44
R001366,O014088,P0001,C09313,2026-12-04,Size Issue,1,24193.16
R001367,O014109,P0458,C07985,2026-07-05,Not as Expected,1,8782.37
R001368,O014119,P0046,C08981,2025-03-21,Damaged During Delivery,2,18827.27
R001369,O014133,P0392,C03361,2026-10-11,Not as Expected,1,2691.33
R001370,O014133,P0011,C03361,2026-10-08,Wrong Product,1,20325.4
R001371,O014138,P0483,C03415,2025-08-14,Size Issue,1,1921.58
R001372,O014143,P0468,C08370,2026-01-13,Not as Expected,2,20488.24
R001373,O014149,P0274,C02615,2026-04-20,Wrong Product,1,4803.58
R001374,O014149,P0005,C02615,2026-04-18,Changed Mind,1,27866.76
R001375,O014150,P0404,C04867,2025-08-31,Size Issue,1,6169.41
R001376,O014153,P0338,C04439,2026-12-14,Size Issue,2,954.37
R001377,O014166,P0128,C05253,2025-01-10,Late Delivery,2,19226.12
R001378,O014166,P0321,C05253,2025-01-12,Size Issue,2,4393.74
R001379,O014172,P0008,C01797,2025-03-27,Size Issue,3,6392.18
R001380,O014172,P0053,C01797,2025-03-29,Not as Expected,2,9163.5
R001381,O014176,P0092,C00096,2026-08-12,Not as Expected,1,3120.0
R001382,O014176,P0013,C00096,2026-08-10,Damaged During Delivery,1,24035.59
R001383,O014200,P0114,C03517,2025-04-26,Not as Expected,1,2064.99
R001384,O014203,P0397,C04922,2026-08-20,Changed Mind,1,4222.52
R001385,O014221,P0314,C02982,2026-12-27,Changed Mind,2,5242.93
R001386,O014224,P0004,C06422,2025-04-16,Not as Expected,1,13076.16
R001387,O014236,P0107,C08501,2026-12-09,Product Defect,1,4169.94
R001388,O014255,P0339,C09512,2025-04-24,Damaged During Delivery,1,1396.39
R001389,O014288,P0448,C02607,2026-10-29,Changed Mind,1,2692.92
R001390,O014288,P0059,C02607,2026-10-28,Changed Mind,1,29655.07
R001391,O014293,P0112,C08042,2026-12-19,Changed Mind,1,613.62
R001392,O014313,P0379,C01503,2025-10-19,Late Delivery,1,457.9
R001393,O014313,P0123,C01503,2025-10-16,Not as Expected,1,11957.03
R001394,O014338,P0128,C04422,2026-11-22,Product Defect,1,9583.01
R001395,O014338,P0311,C04422,2026-11-27,Size Issue,1,3970.83
R001396,O014363,P0296,C07657,2025-08-18,Not as Expected,1,5909.58
R001397,O014363,P0380,C07657,2025-08-27,Not as Expected,3,9819.57
R001398,O014367,P0099,C06610,2025-02-23,Late Delivery,2,63897.84
R001399,O014393,P0366,C07483,2025-07-05,Late Delivery,1,1231.1
R001400,O014402,P0269,C06627,2025-06-25,Product Defect,2,2960.62
R001401,O014416,P0051,C07697,2026-06-26,Changed Mind,2,17804.93
R001402,O014422,P0035,C02432,2027-01-03,Not as Expected,1,25479.55
R001403,O014462,P0424,C09624,2026-05-30,Not as Expected,1,2294.13
R001404,O014471,P0057,C05811,2025-11-21,Not as Expected,1,8491.26
R001405,O014472,P0105,C00058,2025-03-26,Damaged During Delivery,1,9571.98
R001406,O014472,P0301,C00058,2025-04-02,Changed Mind,1,2890.14
R001407,O014472,P0130,C00058,2025-03-23,Wrong Product,1,3860.8
R001408,O014473,P0200,C01503,2025-01-17,Damaged During Delivery,1,11616.38
R001409,O014475,P0235,C06484,2026-11-07,Not as Expected,3,5715.68
R001410,O014517,P0020,C00790,2025-09-11,Late Delivery,2,12627.95
R001411,O014528,P0184,C07098,2026-02-03,Late Delivery,1,9457.89
R001412,O014528,P0182,C07098,2026-02-07,Not as Expected,1,13029.53
R001413,O014528,P0482,C07098,2026-01-26,Size Issue,1,11434.37
R001414,O014530,P0092,C02698,2025-12-26,Not as Expected,2,6359.72
R001415,O014539,P0265,C02131,2025-01-12,Size Issue,1,5432.62
R001416,O014545,P0497,C04312,2026-05-13,Not as Expected,2,18038.01
R001417,O014612,P0113,C05201,2026-07-30,Wrong Product,1,15287.63
R001418,O014640,P0176,C00898,2026-10-15,Not as Expected,1,11914.83
R001419,O014652,P0252,C08893,2025-05-02,Not as Expected,1,5293.5
R001420,O014660,P0428,C00537,2025-11-04,Product Defect,2,6561.81
R001421,O014676,P0150,C06032,2026-01-22,Product Defect,1,1756.99
R001422,O014676,P0076,C06032,2026-01-31,Late Delivery,3,71583.63
R001423,O014684,P0480,C07116,2026-08-22,Not as Expected,1,1541.5
R001424,O014684,P0484,C07116,2026-08-21,Not as Expected,1,6754.14
R001425,O014684,P0196,C07116,2026-08-17,Damaged During Delivery,1,857.32
R001426,O014694,P0372,C09012,2025-07-28,Product Defect,2,5164.85
R001427,O014700,P0487,C08617,2025-04-06,Product Defect,1,4685.63
R001428,O014780,P0065,C04789,2025-08-17,Size Issue,1,20258.6
R001429,O014781,P0318,C03060,2025-08-08,Product Defect,1,374.21
R001430,O014817,P0254,C05279,2025-08-14,Wrong Product,1,3534.22
R001431,O014817,P0376,C05279,2025-08-12,Not as Expected,1,2484.63
R001432,O014818,P0372,C04343,2026-08-06,Damaged During Delivery,1,2860.08
R001433,O014825,P0301,C02528,2026-04-09,Late Delivery,1,3317.39
R001434,O014832,P0257,C06663,2026-04-18,Product Defect,1,5865.48
R001435,O014841,P0236,C08154,2025-09-04,Size Issue,1,3274.49
R001436,O014850,P0030,C05900,2025-04-24,Changed Mind,1,20766.51
R001437,O014852,P0194,C00059,2025-09-28,Not as Expected,2,10628.4
R001438,O014852,P0186,C00059,2025-09-25,Changed Mind,1,9074.26
R001439,O014908,P0220,C02165,2026-08-23,Not as Expected,1,1010.11
R001440,O014923,P0180,C08210,2026-11-16,Damaged During Delivery,1,1814.58
R001441,O014923,P0282,C08210,2026-11-16,Wrong Product,1,4968.66
R001442,O014949,P0330,C06379,2026-10-20,Damaged During Delivery,1,3855.31
R001443,O014959,P0032,C04700,2026-12-07,Product Defect,1,699.75
R001444,O014959,P0377,C04700,2026-11-24,Size Issue,1,3731.3
R001445,O015010,P0014,C02553,2026-11-21,Late Delivery,1,9730.37
R001446,O015011,P0370,C02375,2025-11-24,Changed Mind,1,917.39
R001447,O015011,P0081,C02375,2025-11-21,Damaged During Delivery,1,29458.67
R001448,O015042,P0055,C07899,2026-04-28,Wrong Product,1,9576.16
R001449,O015050,P0063,C03880,2026-02-15,Product Defect,1,9457.36
R001450,O015050,P0310,C03880,2026-02-14,Changed Mind,1,2870.7
R001451,O015054,P0425,C04213,2025-05-08,Product Defect,1,8204.8
R001452,O015064,P0179,C05392,2025-09-07,Size Issue,1,1076.38
R001453,O015064,P0404,C05392,2025-08-29,Not as Expected,2,14076.02
R001454,O015077,P0244,C09841,2025-10-02,Not as Expected,1,2094.2
R001455,O015078,P0291,C06122,2026-06-08,Wrong Product,1,2270.03
R001456,O015081,P0494,C06175,2025-07-14,Size Issue,1,4781.74
R001457,O015097,P0093,C09711,2025-07-21,Wrong Product,1,14384.08
R001458,O015097,P0265,C09711,2025-07-17,Changed Mind,2,10604.51
R001459,O015097,P0221,C09711,2025-07-12,Late Delivery,1,6546.68
R001460,O015123,P0022,C02709,2026-09-17,Product Defect,1,9850.9
R001461,O015123,P0333,C02709,2026-09-17,Product Defect,1,3943.17
R001462,O015141,P0045,C08105,2026-12-07,Product Defect,1,1962.71
R001463,O015141,P0218,C08105,2026-11-29,Size Issue,1,1807.3
R001464,O015145,P0312,C02856,2026-02-17,Wrong Product,1,482.6
R001465,O015165,P0072,C02612,2026-01-10,Not as Expected,1,20799.94
R001466,O015165,P0236,C02612,2026-01-15,Not as Expected,1,3174.98
R001467,O015165,P0145,C02612,2026-01-14,Changed Mind,1,14873.13
R001468,O015166,P0349,C02294,2026-11-08,Late Delivery,1,3979.55
R001469,O015166,P0068,C02294,2026-11-05,Changed Mind,1,33004.07
R001470,O015172,P0422,C01443,2025-07-24,Size Issue,1,7857.2
R001471,O015172,P0325,C01443,2025-07-15,Not as Expected,1,4516.82
R001472,O015203,P0280,C07404,2025-07-28,Size Issue,1,1929.25
R001473,O015241,P0304,C01952,2026-04-10,Wrong Product,1,3632.83
R001474,O015241,P0293,C01952,2026-04-03,Not as Expected,1,3267.28
R001475,O015267,P0088,C04835,2025-06-03,Wrong Product,1,10477.14
R001476,O015274,P0064,C07830,2025-05-16,Damaged During Delivery,1,11969.44
R001477,O015274,P0380,C07830,2025-05-19,Changed Mind,2,6209.36
R001478,O015279,P0404,C07423,2025-04-19,Size Issue,1,6341.83
R001479,O015287,P0296,C07475,2026-08-02,Damaged During Delivery,1,6534.5
R001480,O015287,P0017,C07475,2026-07-23,Not as Expected,1,1011.5
R001481,O015287,P0142,C07475,2026-07-21,Damaged During Delivery,1,2273.13
R001482,O015301,P0127,C06867,2025-02-15,Not as Expected,2,27815.76
R001483,O015383,P0312,C00602,2025-06-05,Changed Mind,1,431.06
R001484,O015387,P0221,C01024,2026-06-01,Not as Expected,1,5831.14
R001485,O015387,P0148,C01024,2026-06-06,Size Issue,2,2879.95
R001486,O015399,P0426,C03298,2026-10-16,Late Delivery,2,1499.76
R001487,O015400,P0200,C01319,2025-06-19,Changed Mind,2,22447.93
R001488,O015400,P0263,C01319,2025-06-17,Changed Mind,1,5589.66
R001489,O015460,P0123,C09733,2025-07-02,Product Defect,2,24635.66
R001490,O015491,P0169,C01415,2025-02-13,Wrong Product,1,4062.24
R001491,O015491,P0007,C01415,2025-02-22,Damaged During Delivery,1,8586.12
R001492,O015514,P0372,C04799,2026-05-24,Changed Mind,1,2567.05
R001493,O015525,P0089,C05608,2026-01-17,Size Issue,2,27907.09
R001494,O015531,P0005,C02281,2025-07-19,Not as Expected,1,26176.39
R001495,O015597,P0047,C04319,2025-06-11,Not as Expected,1,1510.54
R001496,O015609,P0483,C02246,2026-05-28,Wrong Product,1,2037.96
R001497,O015609,P0494,C02246,2026-05-21,Late Delivery,1,4580.56
R001498,O015631,P0052,C09894,2025-11-21,Product Defect,1,17175.38
R001499,O015663,P0195,C09212,2026-10-24,Late Delivery,1,13565.5
R001500,O015667,P0452,C00423,2025-11-19,Size Issue,1,1845.52
R001501,O015679,P0373,C08554,2025-11-14,Late Delivery,1,1740.41
R001502,O015679,P0028,C08554,2025-11-13,Not as Expected,1,13715.0
R001503,O015679,P0245,C08554,2025-11-17,Wrong Product,1,4879.16
R001504,O015685,P0340,C02031,2026-07-05,Product Defect,1,2368.76
R001505,O015690,P0140,C09004,2026-07-21,Damaged During Delivery,1,1400.53
R001506,O015696,P0047,C06131,2025-03-14,Not as Expected,2,2736.85
R001507,O015702,P0043,C07254,2026-06-27,Not as Expected,1,26564.38
R001508,O015705,P0141,C04824,2026-06-07,Damaged During Delivery,1,15614.2
R001509,O015708,P0472,C02759,2025-08-05,Wrong Product,1,6767.11
R001510,O015708,P0088,C02759,2025-08-10,Damaged During Delivery,1,10792.34
R001511,O015708,P0393,C02759,2025-07-25,Damaged During Delivery,1,1417.25
R001512,O015719,P0105,C03775,2026-12-27,Size Issue,3,27704.98
R001513,O015725,P0498,C01250,2026-11-22,Damaged During Delivery,1,1431.73
R001514,O015757,P0095,C08218,2027-01-04,Changed Mind,1,5707.72
R001515,O015757,P0425,C08218,2027-01-08,Size Issue,1,8407.35
R001516,O015768,P0208,C06041,2026-04-07,Not as Expected,1,396.42
R001517,O015785,P0199,C09074,2025-12-30,Not as Expected,1,13875.08
R001518,O015812,P0338,C04830,2026-11-18,Wrong Product,1,492.82
R001519,O015842,P0295,C09531,2026-01-23,Changed Mind,1,2102.68
R001520,O015855,P0047,C09796,2025-08-01,Size Issue,1,1454.96
R001521,O015880,P0013,C02685,2026-01-20,Not as Expected,1,28533.34
R001522,O015939,P0409,C08527,2026-05-17,Product Defect,1,9197.04
R001523,O015939,P0300,C08527,2026-05-29,Damaged During Delivery,1,1764.58
R001524,O015949,P0075,C00122,2026-03-30,Changed Mind,1,29756.7
R001525,O015969,P0116,C04264,2025-12-27,Size Issue,1,13009.84
R001526,O015969,P0284,C04264,2025-12-28,Size Issue,1,3538.78
R001527,O015969,P0446,C04264,2026-01-05,Wrong Product,3,12050.21
R001528,O015970,P0216,C02897,2027-01-07,Product Defect,2,4102.98
R001529,O015994,P0121,C05708,2025-04-21,Damaged During Delivery,2,5178.8
R001530,O015994,P0042,C05708,2025-04-30,Wrong Product,1,12847.24
R001531,O016013,P0184,C01006,2025-10-14,Changed Mind,1,9995.0
R001532,O016018,P0187,C06853,2025-11-09,Size Issue,1,1752.2
R001533,O016022,P0411,C01413,2025-12-09,Late Delivery,1,7084.69
R001534,O016022,P0389,C01413,2025-11-30,Not as Expected,2,1922.27
R001535,O016030,P0436,C09972,2025-05-25,Not as Expected,1,5772.88
R001536,O016030,P0146,C09972,2025-05-16,Changed Mind,1,14166.09
R001537,O016030,P0193,C09972,2025-05-23,Late Delivery,2,4539.4
R001538,O016034,P0131,C01992,2026-08-28,Changed Mind,1,14654.75
R001539,O016034,P0101,C01992,2026-09-02,Size Issue,1,9385.3
R001540,O016034,P0187,C01992,2026-09-03,Size Issue,1,1806.04
R001541,O016091,P0009,C01690,2026-02-06,Changed Mind,1,27769.31
R001542,O016091,P0417,C01690,2026-02-09,Damaged During Delivery,1,6636.43
R001543,O016092,P0500,C08396,2026-09-06,Changed Mind,1,2529.38
R001544,O016092,P0425,C08396,2026-09-11,Late Delivery,1,7777.31
R001545,O016122,P0291,C08179,2025-10-20,Late Delivery,1,2453.88
R001546,O016122,P0356,C08179,2025-10-26,Damaged During Delivery,1,4529.11
R001547,O016229,P0036,C09097,2026-09-24,Damaged During Delivery,1,2796.2
R001548,O016243,P0264,C05684,2026-10-24,Product Defect,1,2687.8
R001549,O016243,P0442,C05684,2026-10-24,Changed Mind,1,8816.67
R001550,O016244,P0198,C04265,2026-03-10,Changed Mind,2,28353.9
R001551,O016244,P0491,C04265,2026-03-11,Size Issue,1,10474.57
R001552,O016288,P0360,C05885,2025-06-19,Changed Mind,1,3284.69
R001553,O016297,P0365,C00731,2025-12-10,Size Issue,1,931.61
R001554,O016297,P0421,C00731,2025-12-21,Size Issue,1,1401.74
R001555,O016314,P0460,C02046,2025-09-12,Changed Mind,2,9107.48
R001556,O016314,P0273,C02046,2025-09-07,Changed Mind,3,12791.24
R001557,O016320,P0344,C06012,2026-06-23,Not as Expected,2,974.15
R001558,O016329,P0068,C09732,2025-06-29,Product Defect,1,30772.78
R001559,O016333,P0161,C07169,2025-04-12,Size Issue,1,12204.91
R001560,O016333,P0222,C07169,2025-04-13,Damaged During Delivery,1,2322.42
R001561,O016333,P0100,C07169,2025-04-13,Wrong Product,1,16810.3
R001562,O016346,P0479,C08863,2025-11-22,Not as Expected,1,3970.06
R001563,O016346,P0161,C08863,2025-12-03,Wrong Product,1,12097.77
R001564,O016361,P0289,C01896,2025-09-27,Damaged During Delivery,1,5355.71
R001565,O016369,P0159,C09890,2025-04-09,Damaged During Delivery,1,3014.89
R001566,O016370,P0179,C05722,2025-09-06,Changed Mind,1,1143.81
R001567,O016375,P0212,C00732,2026-11-28,Late Delivery,1,4605.46
R001568,O016382,P0339,C01361,2026-10-01,Wrong Product,1,1375.44
R001569,O016382,P0215,C01361,2026-10-10,Not as Expected,1,4890.91
R001570,O016392,P0428,C05645,2026-12-15,Wrong Product,1,3035.15
R001571,O016434,P0454,C01151,2026-11-11,Not as Expected,1,9365.68
R001572,O016437,P0082,C01468,2025-09-06,Not as Expected,1,11774.05
R001573,O016437,P0447,C01468,2025-09-07,Product Defect,1,2144.62
R001574,O016442,P0478,C02278,2025-02-15,Changed Mind,1,3319.81
R001575,O016442,P0286,C02278,2025-02-25,Wrong Product,1,1762.43
R001576,O016443,P0357,C06598,2025-04-27,Product Defect,2,7734.36
R001577,O016456,P0253,C02032,2026-12-14,Not as Expected,2,6531.95
R001578,O016470,P0118,C06312,2025-03-04,Changed Mind,1,1994.44
R001579,O016470,P0421,C06312,2025-03-04,Damaged During Delivery,2,2681.79
R001580,O016470,P0189,C06312,2025-02-22,Changed Mind,1,1024.46
R001581,O016471,P0371,C08523,2026-04-25,Damaged During Delivery,1,2439.76
R001582,O016476,P0176,C07455,2025-05-03,Changed Mind,1,11715.89
R001583,O016484,P0034,C06951,2026-11-24,Damaged During Delivery,1,19879.86
R001584,O016503,P0110,C08829,2025-03-25,Wrong Product,2,8157.49
R001585,O016504,P0084,C06321,2026-04-15,Wrong Product,1,7978.28
R001586,O016504,P0178,C06321,2026-04-21,Changed Mind,1,14600.82
R001587,O016513,P0092,C03873,2026-11-09,Changed Mind,3,9420.23
R001588,O016513,P0245,C03873,2026-11-05,Changed Mind,1,5145.63
R001589,O016513,P0466,C03873,2026-11-02,Product Defect,1,7343.53
R001590,O016534,P0244,C03252,2026-06-29,Not as Expected,1,2340.36
R001591,O016545,P0172,C05572,2026-06-06,Damaged During Delivery,1,12180.0
R001592,O016545,P0099,C05572,2026-06-13,Product Defect,1,31496.94
R001593,O016551,P0361,C00531,2025-11-06,Not as Expected,1,3376.97
R001594,O016551,P0197,C00531,2025-11-14,Changed Mind,1,6040.45
R001595,O016569,P0314,C08666,2026-11-17,Damaged During Delivery,1,2565.29
R001596,O016571,P0421,C02085,2026-08-07,Changed Mind,1,1406.73
R001597,O016571,P0239,C02085,2026-08-07,Product Defect,2,6066.59
R001598,O016591,P0109,C03782,2025-12-13,Not as Expected,1,13312.35
R001599,O016591,P0071,C03782,2025-12-11,Product Defect,1,26449.02
R001600,O016599,P0362,C06477,2026-03-13,Wrong Product,1,2890.62
R001601,O016615,P0375,C03130,2025-07-10,Product Defect,1,2538.77
R001602,O016615,P0135,C03130,2025-07-13,Damaged During Delivery,1,5551.38
R001603,O016617,P0214,C07991,2026-11-17,Changed Mind,1,6383.3
R001604,O016617,P0141,C07991,2026-11-11,Damaged During Delivery,1,17021.71
R001605,O016624,P0147,C08321,2026-10-06,Wrong Product,1,6199.82
R001606,O016624,P0295,C08321,2026-10-01,Late Delivery,1,2144.75
R001607,O016634,P0159,C09134,2026-09-27,Damaged During Delivery,1,3241.11
R001608,O016645,P0130,C08605,2026-12-16,Size Issue,1,3932.3
R001609,O016645,P0341,C08605,2026-12-10,Size Issue,1,325.84
R001610,O016648,P0330,C09570,2025-10-04,Not as Expected,1,3968.52
R001611,O016656,P0079,C08821,2025-12-08,Changed Mind,1,2858.07
R001612,O016665,P0081,C05492,2025-12-03,Size Issue,2,60074.82
R001613,O016673,P0187,C01423,2026-02-06,Size Issue,3,5390.87
R001614,O016673,P0052,C01423,2026-02-16,Damaged During Delivery,1,16684.99
R001615,O016676,P0285,C02455,2026-08-29,Damaged During Delivery,1,4011.38
R001616,O016676,P0298,C02455,2026-09-03,Changed Mind,1,3296.88
R001617,O016677,P0303,C03132,2025-11-19,Wrong Product,1,3575.79
R001618,O016678,P0268,C02877,2025-03-20,Not as Expected,1,5675.78
R001619,O016678,P0193,C02877,2025-03-06,Product Defect,2,4652.23
R001620,O016686,P0328,C07881,2026-10-29,Changed Mind,1,4121.94
R001621,O016686,P0409,C07881,2026-10-24,Wrong Product,1,9693.02
R001622,O016705,P0049,C00552,2025-12-14,Damaged During Delivery,1,7461.51
R001623,O016705,P0431,C00552,2025-12-20,Damaged During Delivery,1,7890.6
R001624,O016705,P0009,C00552,2025-12-21,Damaged During Delivery,1,29623.28
R001625,O016716,P0319,C01122,2026-09-24,Product Defect,2,5824.7
R001626,O016721,P0016,C08265,2026-10-13,Product Defect,1,15045.47
R001627,O016726,P0176,C09862,2025-05-05,Product Defect,1,11506.07
R001628,O016726,P0097,C09862,2025-05-05,Damaged During Delivery,1,32385.23
R001629,O016726,P0189,C09862,2025-05-10,Size Issue,2,2056.68
R001630,O016765,P0223,C05023,2025-03-17,Late Delivery,2,9531.7
R001631,O016769,P0123,C05352,2026-06-28,Changed Mind,1,13557.22
R001632,O016778,P0198,C01226,2025-02-24,Size Issue,1,14060.65
R001633,O016781,P0332,C02022,2026-10-31,Changed Mind,1,2299.27
R001634,O016815,P0287,C08964,2025-06-22,Wrong Product,1,770.91
R001635,O016849,P0154,C01193,2025-12-15,Product Defect,1,6655.05
R001636,O016849,P0080,C01193,2025-12-14,Damaged During Delivery,1,20110.73
R001637,O016873,P0454,C01197,2026-03-14,Size Issue,2,20489.94
R001638,O016874,P0031,C09441,2025-10-22,Product Defect,1,30086.56
R001639,O016874,P0145,C09441,2025-10-31,Changed Mind,1,14320.63
R001640,O016878,P0200,C06646,2027-01-03,Not as Expected,2,24196.6
R001641,O016878,P0468,C06646,2027-01-06,Damaged During Delivery,1,9599.68
R001642,O016896,P0244,C08113,2026-05-13,Product Defect,1,2324.9
R001643,O016905,P0271,C09811,2026-06-30,Damaged During Delivery,2,3507.64
R001644,O016923,P0245,C00281,2025-04-27,Damaged During Delivery,1,4923.85
R001645,O016923,P0357,C00281,2025-04-20,Changed Mind,1,3563.07
R001646,O016957,P0319,C00914,2026-10-10,Not as Expected,1,2851.17
R001647,O016959,P0424,C09055,2025-04-28,Product Defect,1,2279.65
R001648,O016962,P0338,C09732,2025-12-31,Size Issue,1,497.59
R001649,O016974,P0394,C01217,2025-10-19,Late Delivery,1,718.7
R001650,O016974,P0017,C01217,2025-10-27,Product Defect,1,1162.25
R001651,O016978,P0294,C00527,2025-02-03,Size Issue,1,2331.51
R001652,O016980,P0490,C02334,2027-01-07,Changed Mind,1,5207.83
R001653,O016983,P0204,C03365,2025-11-24,Size Issue,1,4253.69
R001654,O017006,P0212,C06360,2025-09-01,Size Issue,1,4615.62
R001655,O017052,P0209,C06356,2025-03-08,Late Delivery,1,4578.45
R001656,O017052,P0089,C06356,2025-03-18,Not as Expected,1,14307.24
R001657,O017053,P0192,C02714,2025-04-30,Damaged During Delivery,2,6902.15
R001658,O017071,P0461,C06533,2025-02-04,Changed Mind,2,5411.55
R001659,O017072,P0265,C05183,2027-01-04,Not as Expected,1,5398.48
R001660,O017095,P0055,C02584,2026-07-17,Damaged During Delivery,2,16649.12
R001661,O017099,P0312,C03805,2026-04-20,Damaged During Delivery,1,457.01
R001662,O017138,P0006,C04444,2025-02-18,Changed Mind,1,21801.21
R001663,O017147,P0411,C09010,2025-04-05,Not as Expected,1,7345.67
R001664,O017168,P0057,C09395,2026-06-26,Product Defect,1,8428.44
R001665,O017176,P0007,C03328,2026-09-04,Late Delivery,1,7582.37
R001666,O017176,P0329,C03328,2026-08-21,Not as Expected,1,1780.47
R001667,O017183,P0005,C03528,2026-02-05,Damaged During Delivery,1,25251.06
R001668,O017183,P0207,C03528,2026-01-31,Late Delivery,1,2824.37
R001669,O017211,P0483,C04426,2026-01-06,Changed Mind,1,2022.16
R001670,O017211,P0121,C04426,2026-01-02,Changed Mind,1,2899.16
R001671,O017219,P0404,C04548,2026-10-30,Not as Expected,1,6680.24
R001672,O017219,P0378,C04548,2026-11-05,Not as Expected,1,1280.0
R001673,O017219,P0293,C04548,2026-11-01,Size Issue,2,6666.29
R001674,O017227,P0209,C04984,2026-10-19,Not as Expected,1,4889.37
R001675,O017227,P0488,C04984,2026-10-19,Wrong Product,1,9195.56
R001676,O017227,P0072,C04984,2026-10-16,Late Delivery,2,43365.7
R001677,O017228,P0122,C04693,2026-06-08,Late Delivery,1,6139.31
R001678,O017229,P0347,C06440,2026-11-21,Changed Mind,1,1119.14
R001679,O017229,P0197,C06440,2026-11-21,Product Defect,1,6044.6
R001680,O017259,P0229,C01079,2026-02-25,Damaged During Delivery,1,1879.36
R001681,O017266,P0201,C01628,2026-01-14,Size Issue,2,2921.76
R001682,O017268,P0158,C08929,2025-05-27,Changed Mind,3,2162.89
R001683,O017294,P0397,C08460,2026-03-09,Damaged During Delivery,2,9066.86
R001684,O017301,P0291,C03782,2026-02-14,Size Issue,1,2429.34
R001685,O017322,P0451,C04586,2025-09-10,Size Issue,1,789.45
R001686,O017324,P0154,C00305,2025-11-06,Damaged During Delivery,1,6436.69
R001687,O017342,P0412,C03158,2026-04-17,Late Delivery,1,5918.57
R001688,O017349,P0132,C05022,2026-11-28,Late Delivery,1,17238.03
R001689,O017380,P0263,C06924,2025-02-16,Changed Mind,1,5912.29
R001690,O017387,P0443,C06959,2025-04-28,Changed Mind,1,7803.77
R001691,O017412,P0129,C02192,2025-06-29,Not as Expected,2,13956.98
R001692,O017415,P0307,C04859,2026-07-07,Size Issue,1,2883.07
R001693,O017415,P0140,C04859,2026-06-29,Wrong Product,1,1468.38
R001694,O017439,P0084,C04954,2026-03-12,Changed Mind,1,7410.6
R001695,O017448,P0448,C05394,2026-09-25,Damaged During Delivery,1,2458.8
R001696,O017448,P0418,C05394,2026-09-11,Damaged During Delivery,1,8564.92
R001697,O017459,P0033,C09572,2026-12-14,Wrong Product,1,7495.74
R001698,O017462,P0293,C05843,2026-04-22,Damaged During Delivery,1,3256.07
R001699,O017486,P0277,C04784,2026-09-15,Damaged During Delivery,1,2446.59
R001700,O017507,P0405,C02232,2026-05-30,Not as Expected,1,10457.28
R001701,O017510,P0089,C02300,2026-07-21,Changed Mind,1,11988.89
R001702,O017530,P0214,C07268,2025-03-08,Product Defect,1,6342.35
R001703,O017531,P0033,C07667,2026-04-29,Size Issue,1,7696.78
R001704,O017549,P0007,C04437,2026-12-21,Wrong Product,1,9041.39
R001705,O017566,P0062,C00744,2026-08-26,Size Issue,1,22666.57
R001706,O017578,P0109,C08022,2025-12-20,Damaged During Delivery,1,14800.43
R001707,O017580,P0045,C08019,2026-05-25,Changed Mind,1,1970.21
R001708,O017585,P0449,C05690,2025-04-19,Late Delivery,1,11187.17
R001709,O017585,P0183,C05690,2025-04-15,Not as Expected,1,14617.55
R001710,O017641,P0351,C08176,2026-03-07,Not as Expected,1,2214.71
R001711,O017641,P0026,C08176,2026-03-07,Damaged During Delivery,2,25403.39
R001712,O017644,P0435,C08415,2026-04-29,Damaged During Delivery,1,4341.9
R001713,O017667,P0277,C02417,2025-03-18,Size Issue,2,4868.65
R001714,O017673,P0272,C01110,2026-03-10,Size Issue,1,2500.84
R001715,O017675,P0099,C06580,2026-12-22,Damaged During Delivery,1,33174.76
R001716,O017675,P0165,C06580,2026-12-18,Changed Mind,1,4645.81
R001717,O017684,P0200,C04757,2026-01-02,Changed Mind,1,11487.28
R001718,O017707,P0406,C03921,2026-08-30,Damaged During Delivery,2,20734.39
R001719,O017726,P0417,C01292,2025-09-20,Changed Mind,1,6713.61
R001720,O017726,P0260,C01292,2025-10-01,Product Defect,1,367.09
R001721,O017726,P0123,C01292,2025-10-02,Size Issue,1,12872.54
R001722,O017727,P0469,C06325,2026-01-27,Changed Mind,1,10940.0
R001723,O017742,P0352,C09283,2026-06-01,Not as Expected,1,2076.22
R001724,O017743,P0395,C01200,2026-12-11,Product Defect,1,1531.01
R001725,O017743,P0113,C01200,2026-12-07,Product Defect,1,14375.98
R001726,O017743,P0173,C01200,2026-12-08,Not as Expected,2,19747.59
R001727,O017752,P0358,C04750,2025-09-07,Changed Mind,2,2657.31
R001728,O017756,P0305,C03985,2025-05-21,Product Defect,1,3505.03
R001729,O017756,P0448,C03985,2025-05-18,Changed Mind,2,5343.29
R001730,O017756,P0122,C03985,2025-05-14,Damaged During Delivery,1,6780.25
R001731,O017785,P0182,C01825,2025-08-14,Late Delivery,1,13214.47
R001732,O017797,P0452,C03416,2026-03-26,Damaged During Delivery,1,1755.29
R001733,O017797,P0104,C03416,2026-04-07,Size Issue,1,14219.35
R001734,O017821,P0354,C08566,2025-07-22,Damaged During Delivery,1,2338.67
R001735,O017821,P0458,C08566,2025-07-30,Not as Expected,1,9179.12
R001736,O017837,P0151,C04710,2025-01-19,Changed Mind,1,4710.26
R001737,O017863,P0201,C05104,2026-11-24,Size Issue,1,1389.38
R001738,O017863,P0099,C05104,2026-11-20,Size Issue,1,32781.47
R001739,O017894,P0114,C04632,2026-01-15,Wrong Product,1,1908.89
R001740,O017915,P0020,C04541,2025-02-04,Product Defect,1,6641.96
R001741,O017923,P0260,C04095,2027-01-17,Changed Mind,1,361.76
R001742,O017931,P0118,C02778,2025-08-29,Changed Mind,1,2107.06
R001743,O017931,P0371,C02778,2025-08-22,Damaged During Delivery,1,2417.32
R001744,O017938,P0201,C00101,2025-03-03,Size Issue,1,1454.57
R001745,O017942,P0324,C07735,2025-09-12,Damaged During Delivery,1,580.43
R001746,O017949,P0182,C06096,2026-05-16,Late Delivery,1,13176.9
R001747,O017974,P0068,C07129,2026-12-16,Changed Mind,1,31351.55
R001748,O017982,P0264,C09286,2026-11-03,Changed Mind,1,2659.62
R001749,O017989,P0308,C08942,2025-12-06,Damaged During Delivery,1,2426.32
R001750,O017996,P0365,C02877,2025-11-19,Size Issue,1,993.75
R001751,O017996,P0424,C02877,2025-11-20,Size Issue,1,2221.76
R001752,O017996,P0148,C02877,2025-11-20,Wrong Product,1,1565.15
R001753,O018008,P0142,C08394,2026-06-04,Late Delivery,2,5005.15
R001754,O018035,P0330,C04629,2025-05-31,Late Delivery,1,3925.17
R001755,O018035,P0105,C04629,2025-06-04,Wrong Product,1,9008.05
R001756,O018035,P0196,C04629,2025-06-06,Wrong Product,1,819.72
R001757,O018047,P0078,C07864,2026-10-01,Damaged During Delivery,1,18257.97
R001758,O018101,P0449,C03462,2026-12-15,Changed Mind,1,10982.99
R001759,O018125,P0265,C02687,2026-06-11,Changed Mind,1,5110.42
R001760,O018128,P0125,C00083,2026-11-13,Damaged During Delivery,2,29697.11
R001761,O018159,P0126,C02968,2026-08-11,Product Defect,1,12047.93
R001762,O018159,P0493,C02968,2026-08-12,Size Issue,1,2876.9
R001763,O018187,P0388,C03364,2025-11-30,Not as Expected,1,3939.78
R001764,O018191,P0387,C06359,2026-01-10,Late Delivery,1,307.36
R001765,O018198,P0051,C04179,2025-04-13,Size Issue,1,8964.69
R001766,O018209,P0115,C09549,2025-05-13,Changed Mind,1,6276.95
R001767,O018235,P0288,C02047,2026-10-22,Wrong Product,2,3638.69
R001768,O018243,P0216,C00004,2025-09-21,Size Issue,1,2151.27
R001769,O018276,P0457,C05035,2025-02-16,Not as Expected,1,4554.21
R001770,O018297,P0275,C02133,2025-03-28,Changed Mind,2,11925.77
R001771,O018304,P0363,C06885,2025-10-24,Size Issue,1,2972.4
R001772,O018368,P0180,C08905,2026-07-26,Product Defect,1,1753.97
R001773,O018370,P0480,C02043,2026-01-18,Size Issue,1,1416.36
R001774,O018370,P0208,C02043,2026-01-17,Size Issue,3,1172.46
R001775,O018374,P0444,C09539,2026-01-30,Size Issue,1,1589.44
R001776,O018384,P0010,C05698,2026-10-13,Product Defect,1,16801.72
R001777,O018394,P0344,C07294,2026-12-05,Late Delivery,1,479.81
R001778,O018436,P0430,C03847,2026-03-18,Late Delivery,2,11514.65
R001779,O018436,P0131,C03847,2026-03-20,Product Defect,1,14645.23
R001780,O018436,P0034,C03847,2026-03-26,Wrong Product,1,18437.45
R001781,O018439,P0172,C09178,2026-03-31,Size Issue,1,11921.84
R001782,O018448,P0267,C03215,2025-05-17,Size Issue,1,6691.71
R001783,O018455,P0197,C01650,2026-12-30,Late Delivery,1,6244.04
R001784,O018455,P0469,C01650,2027-01-03,Damaged During Delivery,1,9758.05
R001785,O018464,P0496,C06229,2026-11-26,Late Delivery,1,3938.66
R001786,O018464,P0120,C06229,2026-11-18,Not as Expected,1,3301.76
R001787,O018523,P0021,C00520,2026-11-30,Late Delivery,1,19292.62
R001788,O018537,P0324,C01830,2025-04-14,Size Issue,1,605.53
R001789,O018539,P0075,C07695,2026-09-20,Not as Expected,1,25786.29
R001790,O018539,P0068,C07695,2026-09-28,Damaged During Delivery,1,25589.67
R001791,O018542,P0421,C07652,2026-02-06,Changed Mind,2,2744.58
R001792,O018543,P0236,C08704,2025-06-15,Product Defect,1,3032.17
R001793,O018566,P0027,C01477,2025-07-18,Not as Expected,1,16626.21
R001794,O018566,P0248,C01477,2025-07-18,Product Defect,1,4279.01
R001795,O018569,P0406,C02890,2026-03-14,Product Defect,1,11091.11
R001796,O018597,P0064,C02018,2026-12-28,Size Issue,2,23256.11
R001797,O018603,P0391,C05536,2025-04-25,Changed Mind,1,949.26
R001798,O018622,P0194,C06476,2025-04-08,Size Issue,1,4962.96
R001799,O018653,P0195,C00187,2026-06-13,Not as Expected,1,13684.15
R001800,O018662,P0190,C03672,2025-05-05,Wrong Product,2,30036.89
R001801,O018663,P0158,C04680,2025-05-12,Damaged During Delivery,1,760.06
R001802,O018669,P0335,C07987,2025-02-16,Changed Mind,1,199.53
R001803,O018669,P0103,C07987,2025-02-22,Not as Expected,1,1578.35
R001804,O018678,P0227,C06308,2027-01-01,Late Delivery,2,11098.07
R001805,O018678,P0493,C06308,2026-12-30,Size Issue,2,5953.68
R001806,O018700,P0144,C09757,2026-01-12,Changed Mind,1,12190.37
R001807,O018711,P0240,C01131,2026-05-24,Not as Expected,1,327.51
R001808,O018711,P0483,C01131,2026-05-19,Late Delivery,1,1990.85
R001809,O018713,P0425,C03124,2025-12-26,Damaged During Delivery,1,8262.29
R001810,O018722,P0470,C00505,2026-10-31,Size Issue,2,10385.49
R001811,O018722,P0208,C00505,2026-10-26,Changed Mind,1,422.6
R001812,O018727,P0421,C07327,2025-05-03,Product Defect,1,1365.14
R001813,O018728,P0384,C03862,2026-11-05,Not as Expected,1,4358.82
R001814,O018728,P0351,C03862,2026-11-08,Wrong Product,2,4470.56
R001815,O018731,P0194,C04943,2026-06-26,Damaged During Delivery,1,4995.13
R001816,O018739,P0211,C08055,2025-07-09,Product Defect,1,1512.19
R001817,O018739,P0087,C08055,2025-07-20,Damaged During Delivery,2,28352.78
R001818,O018751,P0469,C08383,2025-03-29,Not as Expected,2,20448.37
R001819,O018751,P0102,C08383,2025-04-08,Wrong Product,2,4031.98
R001820,O018752,P0492,C01161,2025-08-22,Not as Expected,1,10731.31
R001821,O018773,P0065,C09111,2025-09-02,Not as Expected,1,21903.91
R001822,O018776,P0324,C03701,2027-01-01,Product Defect,2,1219.4
R001823,O018786,P0425,C09147,2025-10-20,Changed Mind,2,15397.93
R001824,O018792,P0024,C09600,2025-10-27,Wrong Product,1,13585.43
R001825,O018795,P0161,C01611,2025-05-28,Late Delivery,1,12080.7
R001826,O018795,P0347,C01611,2025-05-12,Not as Expected,1,1136.61
R001827,O018820,P0261,C01382,2025-12-28,Damaged During Delivery,1,330.11
R001828,O018829,P0412,C01681,2025-04-22,Not as Expected,1,5994.24
R001829,O018830,P0333,C05818,2025-04-27,Not as Expected,1,3846.86
R001830,O018831,P0337,C03111,2026-12-17,Size Issue,3,12165.56
R001831,O018833,P0427,C03422,2026-10-02,Product Defect,1,8918.36
R001832,O018848,P0046,C06621,2027-01-13,Not as Expected,1,9626.55
R001833,O018848,P0230,C06621,2027-01-12,Product Defect,1,4466.16
R001834,O018850,P0164,C04111,2025-07-29,Changed Mind,3,50968.7
R001835,O018880,P0280,C02212,2025-06-19,Size Issue,1,1928.46
R001836,O018880,P0471,C02212,2025-06-25,Product Defect,1,1987.04
R001837,O018895,P0333,C06414,2025-01-16,Not as Expected,1,3600.51
R001838,O018895,P0205,C06414,2025-01-24,Wrong Product,1,794.04
R001839,O018919,P0282,C02889,2025-11-12,Not as Expected,1,5014.71
R001840,O018919,P0171,C02889,2025-11-11,Size Issue,1,3453.64
R001841,O018919,P0170,C02889,2025-11-15,Product Defect,1,8376.08
R001842,O018927,P0008,C02245,2026-01-15,Wrong Product,2,4011.9
R001843,O018927,P0218,C02245,2026-01-06,Not as Expected,2,3730.63
R001844,O018927,P0464,C02245,2026-01-12,Damaged During Delivery,2,14063.26
R001845,O018972,P0485,C01531,2026-01-19,Not as Expected,1,7382.21
R001846,O018987,P0336,C05542,2026-04-29,Size Issue,1,2715.03
R001847,O018987,P0035,C05542,2026-05-09,Late Delivery,1,25295.1
R001848,O019051,P0024,C09077,2026-10-04,Not as Expected,1,11579.68
R001849,O019061,P0469,C01924,2026-09-21,Changed Mind,1,10784.13
R001850,O019084,P0260,C05053,2025-12-06,Not as Expected,1,357.22
R001851,O019100,P0295,C05860,2026-11-27,Late Delivery,1,1915.96
R001852,O019101,P0225,C01261,2025-11-05,Size Issue,2,10645.42
R001853,O019101,P0485,C01261,2025-11-11,Not as Expected,1,7145.88
R001854,O019136,P0470,C05633,2026-03-28,Size Issue,1,5019.69
R001855,O019137,P0265,C06486,2025-07-22,Changed Mind,1,5221.89
R001856,O019156,P0411,C01819,2026-02-23,Damaged During Delivery,1,7486.92
R001857,O019156,P0155,C01819,2026-02-13,Late Delivery,1,11030.19
R001858,O019187,P0446,C05303,2026-10-13,Not as Expected,1,3853.86
R001859,O019194,P0328,C09726,2025-01-22,Size Issue,1,4258.95
R001860,O019236,P0166,C09391,2025-03-25,Not as Expected,2,14372.29
R001861,O019236,P0117,C09391,2025-04-03,Product Defect,2,13820.53
R001862,O019238,P0351,C07078,2026-05-05,Product Defect,1,2077.66
R001863,O019238,P0243,C07078,2026-04-29,Product Defect,1,4888.82
R001864,O019238,P0401,C07078,2026-05-07,Wrong Product,1,3298.52
R001865,O019243,P0360,C01242,2025-09-21,Product Defect,2,6681.78
R001866,O019288,P0464,C09976,2026-12-21,Size Issue,1,6722.85
R001867,O019288,P0056,C09976,2026-12-27,Not as Expected,2,19535.45
R001868,O019288,P0284,C09976,2026-12-31,Product Defect,1,3784.8
R001869,O019298,P0325,C04383,2025-02-26,Late Delivery,1,4156.34
R001870,O019319,P0368,C02095,2025-12-11,Damaged During Delivery,1,291.87
R001871,O019328,P0101,C01338,2026-08-18,Wrong Product,1,9955.55
R001872,O019328,P0320,C01338,2026-08-18,Changed Mind,1,3406.59
R001873,O019334,P0233,C04126,2026-09-20,Changed Mind,1,3760.07
R001874,O019334,P0487,C04126,2026-09-29,Changed Mind,1,4900.94
R001875,O019366,P0098,C02920,2026-02-24,Damaged During Delivery,1,9841.22
R001876,O019366,P0186,C02920,2026-02-25,Product Defect,2,19752.56
R001877,O019366,P0026,C02920,2026-02-28,Wrong Product,1,13055.3
R001878,O019384,P0048,C04483,2026-01-18,Changed Mind,1,8845.57
R001879,O019384,P0228,C04483,2026-01-24,Not as Expected,1,1137.05
R001880,O019404,P0088,C00260,2025-12-11,Late Delivery,1,11598.28
R001881,O019411,P0045,C05243,2026-05-16,Product Defect,1,2191.23
R001882,O019416,P0096,C08072,2025-04-11,Late Delivery,3,8688.48
R001883,O019429,P0479,C04994,2025-10-07,Changed Mind,1,4300.07
R001884,O019429,P0414,C04994,2025-10-09,Not as Expected,1,4238.39
R001885,O019453,P0451,C02632,2026-10-30,Not as Expected,1,866.82
R001886,O019453,P0248,C02632,2026-10-30,Wrong Product,1,4796.77
R001887,O019456,P0034,C09772,2025-12-18,Changed Mind,1,20114.09
R001888,O019458,P0345,C05659,2026-03-23,Damaged During Delivery,2,8059.39
R001889,O019458,P0181,C05659,2026-03-18,Product Defect,1,12949.01
R001890,O019458,P0352,C05659,2026-03-21,Wrong Product,1,2055.55
R001891,O019487,P0452,C02968,2026-01-12,Product Defect,1,1885.76
R001892,O019509,P0443,C07080,2025-08-11,Late Delivery,1,7377.15
R001893,O019525,P0053,C09880,2025-03-18,Changed Mind,1,4268.48
R001894,O019526,P0482,C07837,2026-02-05,Damaged During Delivery,1,10199.27
R001895,O019527,P0092,C04360,2026-01-29,Size Issue,1,3417.23
R001896,O019531,P0309,C09833,2026-09-08,Not as Expected,1,3597.32
R001897,O019542,P0310,C00424,2025-09-18,Changed Mind,1,2873.23
R001898,O019543,P0117,C01810,2026-12-24,Product Defect,2,12670.43
R001899,O019543,P0035,C01810,2026-12-28,Size Issue,1,23528.18
R001900,O019555,P0114,C01385,2026-02-07,Late Delivery,1,2067.07
R001901,O019568,P0391,C05899,2025-07-28,Changed Mind,1,1064.29
R001902,O019575,P0256,C01484,2026-12-22,Product Defect,1,5928.94
R001903,O019576,P0302,C07250,2026-12-27,Size Issue,1,1224.08
R001904,O019576,P0056,C07250,2026-12-21,Not as Expected,1,10113.84
R001905,O019576,P0305,C07250,2026-12-16,Changed Mind,3,10040.93
R001906,O019598,P0392,C00235,2025-08-15,Product Defect,1,2762.55
R001907,O019599,P0449,C00371,2026-07-27,Size Issue,1,11355.48
R001908,O019599,P0289,C00371,2026-07-27,Changed Mind,1,5508.5
R001909,O019603,P0440,C08797,2025-03-05,Changed Mind,1,4012.07
R001910,O019609,P0484,C02682,2026-11-06,Not as Expected,2,14387.81
R001911,O019623,P0064,C03173,2025-04-23,Wrong Product,1,11782.76
R001912,O019640,P0046,C07906,2026-05-16,Size Issue,1,9451.21
R001913,O019654,P0065,C03852,2026-03-22,Product Defect,2,42918.61
R001914,O019678,P0125,C03086,2026-09-29,Late Delivery,1,15642.94
R001915,O019678,P0482,C03086,2026-09-19,Size Issue,1,10679.88
R001916,O019690,P0047,C04738,2025-10-07,Late Delivery,1,1455.29
R001917,O019700,P0277,C01947,2025-11-19,Not as Expected,2,4864.31
R001918,O019700,P0264,C01947,2025-11-22,Not as Expected,1,2838.08
R001919,O019725,P0272,C06876,2025-08-15,Size Issue,1,2418.8
R001920,O019740,P0051,C08433,2025-05-23,Wrong Product,1,9042.74
R001921,O019758,P0484,C02594,2026-10-03,Changed Mind,2,14293.85
R001922,O019766,P0189,C00623,2026-06-27,Not as Expected,2,1999.37
R001923,O019766,P0362,C00623,2026-06-20,Product Defect,1,2934.03
R001924,O019783,P0039,C06670,2026-06-29,Not as Expected,1,25854.1
R001925,O019795,P0285,C03525,2025-11-28,Damaged During Delivery,1,4109.3
R001926,O019800,P0225,C01799,2025-12-29,Damaged During Delivery,1,5564.62
R001927,O019800,P0412,C01799,2025-12-23,Not as Expected,2,12739.45
R001928,O019824,P0102,C01765,2026-09-25,Not as Expected,2,3894.15
R001929,O019835,P0203,C01918,2026-03-13,Damaged During Delivery,1,5941.29
R001930,O019835,P0233,C01918,2026-03-03,Late Delivery,2,7510.03
R001931,O019857,P0217,C02677,2025-10-08,Not as Expected,2,8674.41
R001932,O019862,P0112,C01750,2026-05-12,Product Defect,1,567.82
R001933,O019867,P0008,C01133,2025-07-02,Late Delivery,1,2086.65
R001934,O019867,P0248,C01133,2025-06-25,Late Delivery,1,4258.78
R001935,O019867,P0467,C01133,2025-07-02,Damaged During Delivery,1,2464.8
R001936,O019875,P0189,C05338,2025-11-15,Not as Expected,2,2090.69
R001937,O019875,P0293,C05338,2025-11-26,Changed Mind,2,6418.09
R001938,O019888,P0145,C03763,2026-04-08,Damaged During Delivery,2,26865.88
R001939,O019942,P0090,C05836,2025-09-29,Not as Expected,1,21227.92
R001940,O019948,P0063,C02950,2025-06-14,Size Issue,1,9464.46
R001941,O019984,P0289,C09029,2026-10-20,Not as Expected,1,5521.6
R001942,O019984,P0378,C09029,2026-10-23,Not as Expected,1,1420.95
R001943,O019984,P0257,C09029,2026-10-24,Product Defect,2,11749.2
R001944,O019998,P0428,C02022,2025-07-21,Product Defect,2,6060.7
R001945,O020017,P0189,C05701,2025-09-28,Not as Expected,2,2076.81
R001946,O020017,P0139,C05701,2025-09-12,Late Delivery,2,11556.48
R001947,O020024,P0448,C07481,2026-05-09,Size Issue,1,2495.72
R001948,O020029,P0095,C08594,2026-12-09,Late Delivery,1,6012.85
R001949,O020029,P0135,C08594,2026-12-21,Not as Expected,1,5651.98
R001950,O020029,P0251,C08594,2026-12-21,Damaged During Delivery,1,1089.16
R001951,O020040,P0193,C02934,2025-08-07,Not as Expected,1,2366.2
R001952,O020040,P0365,C02934,2025-08-11,Not as Expected,1,1008.4
R001953,O020063,P0472,C05211,2026-02-02,Late Delivery,1,6987.23
R001954,O020090,P0189,C01671,2025-09-18,Late Delivery,1,934.71
R001955,O020090,P0106,C01671,2025-09-15,Damaged During Delivery,1,6090.21
R001956,O020090,P0427,C01671,2025-09-18,Not as Expected,2,17087.58
R001957,O020096,P0419,C02236,2026-07-18,Late Delivery,1,8659.44
R001958,O020096,P0354,C02236,2026-07-15,Not as Expected,2,4582.09
R001959,O020108,P0392,C05067,2025-06-12,Product Defect,1,2763.13
R001960,O020108,P0013,C05067,2025-06-12,Changed Mind,1,25307.71
R001961,O020109,P0184,C05128,2026-04-15,Changed Mind,1,9255.69
R001962,O020112,P0391,C05928,2025-12-18,Changed Mind,1,1054.87
R001963,O020113,P0330,C08568,2026-10-01,Product Defect,1,3520.68
R001964,O020118,P0388,C03008,2026-04-23,Changed Mind,1,3913.06
R001965,O020132,P0440,C09909,2025-04-11,Not as Expected,1,3764.8
R001966,O020135,P0039,C01395,2025-03-30,Damaged During Delivery,2,45524.64
R001967,O020169,P0098,C09121,2026-01-02,Size Issue,2,20076.2
R001968,O020169,P0140,C09121,2025-12-30,Not as Expected,1,1383.63
R001969,O020193,P0075,C08073,2026-09-20,Product Defect,1,25230.45
R001970,O020203,P0444,C08729,2025-03-22,Damaged During Delivery,1,1624.85
R001971,O020204,P0103,C03950,2026-10-16,Changed Mind,1,1685.96
R001972,O020208,P0038,C00745,2026-08-09,Wrong Product,2,2373.64
R001973,O020209,P0215,C01207,2025-11-19,Changed Mind,1,4720.38
R001974,O020219,P0321,C05964,2025-05-13,Product Defect,1,2278.45
R001975,O020247,P0345,C07624,2026-08-16,Changed Mind,2,7963.95
R001976,O020253,P0115,C01152,2025-03-05,Damaged During Delivery,1,6955.33
R001977,O020280,P0012,C09938,2026-10-15,Size Issue,1,31377.65
R001978,O020280,P0204,C09938,2026-10-23,Size Issue,1,4421.6
R001979,O020280,P0263,C09938,2026-10-27,Damaged During Delivery,1,6356.03
R001980,O020283,P0407,C03234,2025-08-04,Product Defect,1,6966.79
R001981,O020286,P0404,C02807,2026-10-30,Product Defect,1,6881.26
R001982,O020289,P0233,C07222,2026-08-09,Changed Mind,1,4015.54
R001983,O020289,P0250,C07222,2026-08-05,Changed Mind,1,5621.07
R001984,O020294,P0311,C05447,2025-09-18,Size Issue,1,3700.35
R001985,O020306,P0076,C09281,2026-07-29,Late Delivery,1,19574.12
R001986,O020313,P0332,C01703,2026-01-14,Product Defect,2,4045.13
R001987,O020338,P0463,C08063,2025-11-17,Late Delivery,3,9472.26
R001988,O020343,P0473,C00692,2025-09-18,Not as Expected,1,10721.28
R001989,O020392,P0150,C09096,2025-03-20,Product Defect,1,1707.88
R001990,O020392,P0307,C09096,2025-03-18,Not as Expected,1,2841.62
R001991,O020399,P0112,C00138,2025-09-28,Damaged During Delivery,2,1205.15
R001992,O020399,P0157,C00138,2025-09-20,Product Defect,3,35441.33
R001993,O020440,P0133,C04733,2025-04-23,Product Defect,1,2944.57
R001994,O020468,P0406,C01765,2026-04-02,Not as Expected,1,11222.05
R001995,O020468,P0129,C01765,2026-03-28,Product Defect,3,22692.33
R001996,O020515,P0113,C08075,2025-11-22,Wrong Product,1,14489.12
R001997,O020515,P0438,C08075,2025-11-14,Size Issue,1,7245.77
R001998,O020515,P0265,C08075,2025-11-29,Size Issue,1,5574.65
R001999,O020553,P0365,C02456,2025-11-12,Size Issue,1,955.29
R002000,O020553,P0182,C02456,2025-11-08,Not as Expected,1,12200.61
R002001,O020570,P0340,C00287,2025-05-25,Product Defect,1,2402.5
R002002,O020599,P0315,C09709,2026-06-24,Wrong Product,1,1713.83
R002003,O020599,P0235,C09709,2026-07-06,Changed Mind,1,1807.61
R002004,O020636,P0150,C08823,2025-03-16,Damaged During Delivery,1,1764.48
R002005,O020643,P0470,C07398,2026-02-11,Size Issue,1,5150.49
R002006,O020643,P0487,C07398,2026-02-16,Size Issue,1,4932.78
R002007,O020653,P0492,C06777,2025-02-20,Changed Mind,2,20362.04
R002008,O020660,P0328,C04331,2025-06-06,Not as Expected,1,4195.63
R002009,O020661,P0142,C04286,2026-07-03,Product Defect,2,5007.52
R002010,O020665,P0244,C01601,2025-07-02,Product Defect,1,2275.7
R002011,O020665,P0099,C01601,2025-06-28,Damaged During Delivery,1,31361.42
R002012,O020672,P0060,C08912,2025-05-31,Size Issue,2,27378.29
R002013,O020672,P0325,C08912,2025-05-29,Changed Mind,1,4143.31
R002014,O020690,P0108,C01870,2026-05-07,Changed Mind,1,11419.0
R002015,O020696,P0328,C01167,2026-06-23,Changed Mind,1,3772.54
R002016,O020699,P0183,C04859,2025-07-18,Not as Expected,2,27487.28
R002017,O020701,P0418,C01248,2025-10-31,Damaged During Delivery,1,7737.32
R002018,O020701,P0321,C01248,2025-11-05,Not as Expected,1,2407.49
R002019,O020708,P0201,C02792,2025-07-25,Changed Mind,1,1388.65
R002020,O020710,P0209,C02661,2026-08-22,Not as Expected,2,9202.3
R002021,O020710,P0058,C02661,2026-08-22,Late Delivery,1,8255.08
R002022,O020739,P0486,C07231,2026-09-12,Wrong Product,1,8967.83
R002023,O020785,P0365,C03397,2026-04-30,Not as Expected,1,1019.72
R002024,O020785,P0219,C03397,2026-04-28,Not as Expected,1,2280.82
R002025,O020786,P0083,C05545,2026-03-07,Size Issue,1,2268.83
R002026,O020792,P0087,C03315,2026-10-31,Size Issue,2,29244.95
R002027,O020798,P0250,C02462,2026-01-27,Size Issue,1,5497.87
R002028,O020801,P0492,C05133,2026-09-01,Wrong Product,2,22227.76
R002029,O020815,P0279,C02286,2025-04-01,Not as Expected,2,5278.27
R002030,O020815,P0284,C02286,2025-04-01,Late Delivery,1,3772.61
R002031,O020815,P0094,C02286,2025-03-28,Damaged During Delivery,1,15584.61
R002032,O020852,P0384,C01199,2026-12-24,Damaged During Delivery,1,4671.0
R002033,O020871,P0337,C05434,2025-07-19,Product Defect,1,3903.47
R002034,O020871,P0045,C05434,2025-07-24,Damaged During Delivery,2,4233.93
R002035,O020872,P0235,C08132,2025-11-25,Changed Mind,1,1875.58
R002036,O020872,P0026,C08132,2025-11-20,Wrong Product,1,12798.97
R002037,O020879,P0130,C03967,2026-10-01,Product Defect,2,7111.13
R002038,O020904,P0023,C01573,2026-02-09,Product Defect,1,25339.67
R002039,O020906,P0373,C03843,2025-11-20,Size Issue,2,3474.97
R002040,O020911,P0424,C05552,2025-08-11,Size Issue,1,2481.19
R002041,O020911,P0331,C05552,2025-08-17,Late Delivery,1,1937.73
R002042,O020928,P0215,C08264,2026-01-16,Damaged During Delivery,1,5092.43
R002043,O020928,P0286,C08264,2026-01-13,Product Defect,2,3245.91
R002044,O020989,P0315,C00700,2026-05-29,Product Defect,1,1811.41
R002045,O021006,P0360,C04191,2025-12-29,Late Delivery,1,3300.19
R002046,O021009,P0062,C02754,2026-07-21,Not as Expected,2,41393.82
R002047,O021011,P0358,C03491,2025-03-11,Size Issue,1,1463.62
R002048,O021011,P0280,C03491,2025-03-08,Late Delivery,1,2104.83
R002049,O021011,P0439,C03491,2025-03-11,Product Defect,1,10406.85
R002050,O021030,P0340,C07036,2026-09-15,Not as Expected,1,2243.38
R002051,O021035,P0324,C06347,2025-11-07,Changed Mind,1,579.11
R002052,O021042,P0167,C05845,2026-04-30,Late Delivery,1,5010.79
R002053,O021042,P0094,C05845,2026-04-26,Size Issue,2,30015.42
R002054,O021072,P0446,C09202,2026-10-19,Size Issue,1,4048.25
R002055,O021072,P0159,C09202,2026-10-14,Not as Expected,1,2904.72
R002056,O021088,P0089,C09013,2026-10-16,Changed Mind,1,12782.46
R002057,O021107,P0497,C07912,2025-10-14,Changed Mind,1,8818.78
R002058,O021114,P0466,C00972,2026-04-23,Product Defect,2,14179.63
R002059,O021129,P0125,C07163,2026-10-26,Not as Expected,1,15072.68
R002060,O021149,P0428,C02263,2026-12-05,Damaged During Delivery,1,3371.39
R002061,O021199,P0270,C00363,2026-06-21,Changed Mind,1,1145.62
R002062,O021201,P0138,C01021,2026-07-25,Product Defect,1,2742.22
R002063,O021216,P0197,C09072,2026-04-07,Size Issue,1,6270.85
R002064,O021220,P0048,C08683,2026-07-13,Changed Mind,2,17657.42
R002065,O021220,P0343,C08683,2026-07-11,Damaged During Delivery,1,2239.52
R002066,O021232,P0290,C04388,2026-02-02,Size Issue,1,4800.37
R002067,O021248,P0195,C07024,2026-01-29,Late Delivery,2,29227.49
R002068,O021249,P0186,C00303,2025-06-14,Changed Mind,1,9476.09
R002069,O021256,P0246,C05526,2026-08-26,Late Delivery,1,3263.35
R002070,O021256,P0057,C05526,2026-09-09,Not as Expected,2,15448.14
R002071,O021309,P0088,C07066,2025-12-15,Wrong Product,2,20896.6
R002072,O021318,P0054,C00775,2025-11-28,Damaged During Delivery,1,4851.79
R002073,O021328,P0397,C02336,2025-03-26,Product Defect,2,8346.75
R002074,O021331,P0087,C09076,2025-10-06,Changed Mind,1,13506.38
R002075,O021337,P0170,C06929,2025-11-01,Size Issue,1,9176.75
R002076,O021348,P0219,C00843,2026-09-10,Product Defect,2,4278.26
R002077,O021348,P0406,C00843,2026-09-17,Not as Expected,2,20523.06
R002078,O021361,P0384,C05486,2025-12-07,Wrong Product,1,4280.39
R002079,O021371,P0077,C09784,2026-10-25,Product Defect,2,18025.22
R002080,O021375,P0314,C04849,2026-12-09,Changed Mind,1,2426.22
R002081,O021397,P0065,C01052,2026-11-04,Product Defect,1,20568.65
R002082,O021397,P0425,C01052,2026-10-30,Size Issue,1,8046.72
R002083,O021417,P0320,C02277,2025-07-03,Damaged During Delivery,1,3291.54
R002084,O021417,P0459,C02277,2025-07-09,Not as Expected,1,8642.49
R002085,O021429,P0289,C04719,2026-02-05,Size Issue,1,5297.79
R002086,O021434,P0103,C03206,2025-06-12,Wrong Product,1,1644.9
R002087,O021434,P0048,C03206,2025-06-04,Size Issue,1,8948.77
R002088,O021434,P0070,C03206,2025-06-04,Wrong Product,1,2835.78
R002089,O021439,P0263,C06306,2025-08-23,Size Issue,1,6001.07
R002090,O021453,P0228,C05137,2026-04-21,Late Delivery,1,1188.0
R002091,O021453,P0445,C05137,2026-04-13,Damaged During Delivery,2,19764.51
R002092,O021480,P0245,C04345,2026-10-20,Product Defect,1,5228.41
R002093,O021496,P0340,C06061,2025-06-23,Size Issue,1,2345.26
R002094,O021496,P0425,C06061,2025-06-25,Not as Expected,1,8137.99
R002095,O021504,P0264,C06232,2026-02-10,Not as Expected,1,2821.27
R002096,O021504,P0292,C06232,2026-02-06,Not as Expected,1,487.5
R002097,O021533,P0372,C01428,2025-12-26,Changed Mind,1,2770.33
R002098,O021543,P0380,C00316,2026-08-03,Changed Mind,2,6680.84
R002099,O021547,P0484,C00959,2025-12-02,Not as Expected,1,7054.19
R002100,O021552,P0354,C08969,2026-07-22,Product Defect,2,4416.11
R002101,O021552,P0100,C08969,2026-07-26,Size Issue,1,14582.67
R002102,O021557,P0167,C06133,2026-08-24,Damaged During Delivery,1,5043.54
R002103,O021557,P0034,C06133,2026-08-28,Damaged During Delivery,1,16661.54
R002104,O021557,P0146,C06133,2026-08-29,Not as Expected,1,14767.44
R002105,O021564,P0148,C05991,2026-12-19,Wrong Product,1,1507.42
R002106,O021564,P0240,C05991,2026-12-29,Not as Expected,1,338.91
R002107,O021610,P0323,C07914,2026-11-15,Product Defect,1,460.62
R002108,O021624,P0320,C00186,2025-07-25,Wrong Product,1,3185.24
R002109,O021631,P0353,C07083,2026-02-12,Size Issue,1,2255.08
R002110,O021649,P0330,C02971,2025-05-09,Changed Mind,1,3595.89
R002111,O021662,P0249,C06942,2025-10-05,Changed Mind,2,6725.71
R002112,O021662,P0312,C06942,2025-09-29,Not as Expected,1,483.25
R002113,O021690,P0114,C06348,2026-04-25,Not as Expected,1,2074.72
R002114,O021690,P0317,C06348,2026-05-04,Product Defect,1,2318.44
R002115,O021698,P0496,C02917,2025-10-22,Not as Expected,1,4137.32
R002116,O021706,P0064,C05638,2025-05-26,Product Defect,2,24895.72
R002117,O021707,P0028,C01636,2026-04-01,Late Delivery,1,14928.36
R002118,O021711,P0106,C08111,2026-06-09,Not as Expected,1,6161.28
R002119,O021711,P0251,C08111,2026-06-12,Size Issue,1,1029.87
R002120,O021717,P0412,C00741,2026-11-26,Late Delivery,1,6455.89
R002121,O021721,P0473,C06997,2026-09-15,Product Defect,2,21860.8
R002122,O021727,P0265,C05578,2025-06-28,Damaged During Delivery,1,4975.46
R002123,O021734,P0445,C06226,2025-09-25,Not as Expected,1,10773.03
R002124,O021734,P0408,C06226,2025-09-17,Size Issue,1,10170.65
R002125,O021753,P0069,C05063,2026-04-30,Damaged During Delivery,1,9340.81
R002126,O021781,P0243,C00027,2025-03-26,Changed Mind,1,4696.99
R002127,O021786,P0397,C09054,2026-03-28,Size Issue,2,9314.55
R002128,O021786,P0121,C09054,2026-03-30,Not as Expected,1,2581.73
R002129,O021794,P0456,C02364,2026-07-04,Not as Expected,2,1744.93
R002130,O021797,P0286,C08026,2026-01-30,Size Issue,1,1583.41
R002131,O021798,P0419,C09356,2026-12-27,Not as Expected,1,8647.12
R002132,O021803,P0394,C00800,2026-05-09,Size Issue,2,1513.9
R002133,O021805,P0277,C02419,2025-12-07,Size Issue,2,4615.13
R002134,O021813,P0196,C03738,2025-08-31,Not as Expected,1,795.29
R002135,O021813,P0109,C03738,2025-08-27,Changed Mind,1,13333.58
R002136,O021813,P0205,C03738,2025-08-27,Size Issue,1,737.95
R002137,O021823,P0161,C05138,2025-06-30,Wrong Product,2,25192.95
R002138,O021823,P0372,C05138,2025-06-24,Late Delivery,2,5142.36
R002139,O021823,P0311,C05138,2025-06-22,Not as Expected,1,3872.55
R002140,O021827,P0176,C00498,2025-03-15,Product Defect,1,11926.31
R002141,O021831,P0035,C03177,2025-10-07,Product Defect,1,24723.67
R002142,O021831,P0440,C03177,2025-10-02,Size Issue,1,3683.34
R002143,O021847,P0336,C06248,2025-01-26,Not as Expected,1,2402.7
R002144,O021847,P0404,C06248,2025-01-24,Size Issue,1,6153.56
R002145,O021860,P0316,C02139,2025-11-12,Damaged During Delivery,1,4276.88
R002146,O021864,P0451,C04359,2025-10-13,Size Issue,2,1542.89
R002147,O021868,P0393,C04582,2026-11-03,Not as Expected,1,1290.73
R002148,O021883,P0264,C06197,2026-06-09,Late Delivery,1,2939.27
R002149,O021883,P0075,C06197,2026-06-18,Not as Expected,2,52499.69
R002150,O021894,P0062,C08971,2026-04-06,Late Delivery,1,26449.8
R002151,O021896,P0347,C04419,2026-08-03,Changed Mind,1,1151.29
R002152,O021897,P0134,C00388,2026-10-01,Not as Expected,1,15472.94
R002153,O021897,P0146,C00388,2026-09-25,Not as Expected,2,30561.72
R002154,O021897,P0198,C00388,2026-10-04,Not as Expected,1,13679.8
R002155,O021917,P0101,C02151,2025-11-26,Size Issue,2,18587.91
R002156,O021929,P0127,C08575,2026-12-05,Late Delivery,1,15115.18
R002157,O021929,P0376,C08575,2026-11-22,Size Issue,2,4678.08
R002158,O021929,P0156,C08575,2026-11-27,Not as Expected,1,2535.55
R002159,O021934,P0334,C03306,2026-01-04,Not as Expected,1,2164.46
R002160,O021936,P0024,C08686,2025-12-22,Late Delivery,1,15023.41
R002161,O021944,P0279,C00565,2026-05-28,Size Issue,1,2876.86
R002162,O021947,P0086,C09803,2026-06-17,Changed Mind,1,19505.38
R002163,O021947,P0355,C09803,2026-06-14,Not as Expected,1,839.95
R002164,O021956,P0472,C00376,2025-07-26,Wrong Product,2,14444.99
R002165,O021965,P0203,C00407,2026-07-03,Changed Mind,2,10932.49
R002166,O021965,P0489,C00407,2026-06-30,Damaged During Delivery,1,4452.25
R002167,O021965,P0125,C00407,2026-07-10,Changed Mind,1,15516.03
R002168,O021982,P0310,C03848,2026-03-11,Not as Expected,1,2962.23
R002169,O021986,P0166,C02758,2026-10-11,Damaged During Delivery,1,6973.77
R002170,O022028,P0189,C00446,2026-05-15,Not as Expected,1,966.18
R002171,O022028,P0470,C00446,2026-05-09,Changed Mind,1,5325.05
R002172,O022039,P0354,C05836,2026-09-07,Not as Expected,1,2287.52
R002173,O022047,P0402,C07035,2026-03-31,Damaged During Delivery,1,1471.49
R002174,O022049,P0272,C00736,2025-11-27,Damaged During Delivery,1,2486.86
R002175,O022058,P0093,C01449,2026-04-18,Changed Mind,2,28053.33
R002176,O022061,P0166,C06503,2025-11-03,Damaged During Delivery,1,7688.44
R002177,O022078,P0495,C07952,2025-04-18,Not as Expected,1,8875.07
R002178,O022084,P0235,C06486,2026-08-25,Wrong Product,1,1885.52
R002179,O022084,P0185,C06486,2026-08-29,Changed Mind,1,8658.67
R002180,O022112,P0157,C07817,2026-01-22,Not as Expected,1,11653.83
R002181,O022118,P0350,C03833,2026-08-01,Damaged During Delivery,1,3132.23
R002182,O022128,P0241,C06548,2026-11-26,Not as Expected,1,6023.7
R002183,O022147,P0376,C02721,2026-02-12,Changed Mind,1,2535.62
R002184,O022177,P0163,C08601,2025-06-04,Not as Expected,2,28644.74
R002185,O022247,P0084,C04852,2025-10-14,Not as Expected,1,8275.07
R002186,O022250,P0162,C05907,2025-10-21,Changed Mind,1,3118.6
R002187,O022250,P0438,C05907,2025-10-24,Damaged During Delivery,1,7541.86
R002188,O022263,P0100,C05462,2026-07-19,Changed Mind,1,14577.82
R002189,O022284,P0343,C09736,2025-10-28,Not as Expected,3,6698.16
R002190,O022318,P0029,C07355,2026-11-11,Not as Expected,1,26467.39
R002191,O022351,P0323,C09365,2027-01-10,Not as Expected,2,841.05
R002192,O022366,P0299,C03410,2026-02-10,Product Defect,1,5304.47
R002193,O022415,P0269,C05885,2025-10-13,Product Defect,1,1402.78
R002194,O022424,P0396,C02835,2026-06-11,Not as Expected,2,2792.55
R002195,O022436,P0427,C06629,2026-03-07,Changed Mind,1,9558.54
R002196,O022436,P0496,C06629,2026-02-25,Wrong Product,1,4458.61
R002197,O022451,P0111,C09153,2025-11-07,Not as Expected,1,16843.13
R002198,O022459,P0199,C00963,2025-12-22,Product Defect,1,13557.77
R002199,O022459,P0208,C00963,2025-12-22,Changed Mind,1,415.91
R002200,O022468,P0047,C03792,2025-12-30,Product Defect,1,1418.4
R002201,O022477,P0471,C01545,2025-11-26,Damaged During Delivery,1,1929.45
R002202,O022477,P0084,C01545,2025-12-01,Damaged During Delivery,1,8196.26
R002203,O022477,P0359,C01545,2025-12-05,Not as Expected,1,295.95
R002204,O022480,P0320,C00728,2025-12-06,Size Issue,1,3408.06
R002205,O022489,P0471,C02178,2025-09-22,Late Delivery,1,1955.01
R002206,O022492,P0357,C03432,2026-09-14,Not as Expected,1,3502.7
R002207,O022493,P0230,C09077,2025-11-15,Not as Expected,1,4092.3
R002208,O022493,P0305,C09077,2025-11-15,Wrong Product,1,3430.23
R002209,O022513,P0007,C07835,2025-06-03,Size Issue,1,8466.23
R002210,O022513,P0130,C07835,2025-06-16,Late Delivery,1,3755.02
R002211,O022543,P0383,C09472,2025-07-30,Not as Expected,2,5843.55
R002212,O022561,P0494,C02491,2026-06-18,Not as Expected,2,9640.04
R002213,O022561,P0325,C02491,2026-06-21,Not as Expected,3,13755.99
R002214,O022569,P0244,C01242,2025-08-07,Wrong Product,2,4636.21
R002215,O022571,P0400,C03818,2026-06-21,Product Defect,1,3298.95
R002216,O022571,P0061,C03818,2026-07-03,Changed Mind,2,7243.99
R002217,O022571,P0402,C03818,2026-06-27,Changed Mind,1,1468.42
R002218,O022572,P0450,C07914,2026-06-27,Changed Mind,2,20562.15
R002219,O022581,P0426,C07138,2026-10-09,Not as Expected,1,809.36
R002220,O022584,P0421,C04233,2026-12-19,Size Issue,1,1395.81
R002221,O022584,P0105,C04233,2026-12-29,Damaged During Delivery,1,9284.96
R002222,O022613,P0441,C02955,2025-05-14,Not as Expected,1,7973.34
R002223,O022620,P0353,C09207,2026-04-27,Not as Expected,1,2218.26
R002224,O022658,P0239,C09209,2026-11-17,Not as Expected,1,2985.28
R002225,O022663,P0152,C00212,2025-12-26,Late Delivery,2,5138.06
R002226,O022667,P0460,C04311,2026-12-22,Changed Mind,2,9417.39
R002227,O022677,P0257,C03924,2025-05-08,Size Issue,1,5474.16
R002228,O022677,P0390,C03924,2025-05-03,Changed Mind,1,842.78
R002229,O022684,P0395,C04476,2026-06-01,Not as Expected,1,1551.65
R002230,O022686,P0213,C08968,2025-11-27,Not as Expected,2,9866.39
R002231,O022689,P0306,C06547,2025-06-23,Changed Mind,2,3373.27
R002232,O022689,P0343,C06547,2025-06-11,Damaged During Delivery,1,2105.94
R002233,O022695,P0269,C02947,2025-10-25,Product Defect,1,1429.14
R002234,O022695,P0058,C02947,2025-10-30,Not as Expected,2,21290.69
R002235,O022698,P0053,C00265,2026-01-21,Changed Mind,1,4430.49
R002236,O022750,P0248,C00758,2026-03-22,Damaged During Delivery,1,4283.61
R002237,O022765,P0265,C08529,2025-08-01,Not as Expected,1,5042.19
R002238,O022781,P0398,C04040,2025-08-07,Changed Mind,1,1104.07
R002239,O022781,P0472,C04040,2025-08-15,Wrong Product,1,6992.88
R002240,O022783,P0279,C01570,2025-07-12,Size Issue,1,2639.24
R002241,O022787,P0051,C04701,2025-12-17,Wrong Product,1,8644.06
R002242,O022787,P0119,C04701,2025-12-31,Damaged During Delivery,1,11523.72
R002243,O022798,P0206,C05995,2026-06-29,Size Issue,1,5132.96
R002244,O022798,P0274,C05995,2026-06-30,Size Issue,1,5055.92
R002245,O022799,P0371,C03160,2025-04-25,Not as Expected,1,2296.73
R002246,O022799,P0078,C03160,2025-04-27,Product Defect,1,22716.21
R002247,O022850,P0273,C00451,2025-02-24,Wrong Product,1,4057.28
R002248,O022861,P0491,C07159,2025-09-02,Size Issue,1,10152.18
R002249,O022861,P0243,C07159,2025-08-31,Product Defect,1,5120.47
R002250,O022861,P0439,C07159,2025-09-03,Not as Expected,1,10579.11
R002251,O022872,P0130,C03163,2025-06-11,Changed Mind,1,3913.18
R002252,O022887,P0379,C06317,2025-10-28,Size Issue,1,452.05
R002253,O022887,P0283,C06317,2025-10-29,Late Delivery,1,4216.58
R002254,O022927,P0010,C06194,2026-04-13,Size Issue,1,14911.25
R002255,O022938,P0195,C04525,2026-02-17,Not as Expected,2,26958.73
R002256,O022943,P0266,C02045,2026-10-29,Size Issue,1,3627.11
R002257,O022946,P0310,C05840,2026-07-24,Late Delivery,2,6119.59
R002258,O022946,P0438,C05840,2026-07-19,Changed Mind,3,22346.18
R002259,O022946,P0038,C05840,2026-07-22,Not as Expected,1,1309.82
R002260,O022966,P0407,C04297,2026-06-09,Not as Expected,1,7127.45
R002261,O022975,P0442,C00539,2026-10-02,Changed Mind,1,8496.25
R002262,O022980,P0391,C07857,2025-02-19,Not as Expected,1,1000.88
R002263,O022996,P0402,C06763,2026-10-08,Size Issue,1,1585.8
R002264,O022996,P0150,C06763,2026-10-08,Not as Expected,1,1688.6
R002265,O023003,P0343,C02567,2026-06-03,Not as Expected,1,2115.44
R002266,O023007,P0071,C06617,2025-08-12,Not as Expected,1,26640.43
R002267,O023016,P0122,C03750,2026-05-05,Changed Mind,2,13455.56
R002268,O023039,P0237,C03799,2025-05-15,Size Issue,1,5576.24
R002269,O023057,P0091,C06271,2026-11-29,Product Defect,2,23500.86
R002270,O023066,P0325,C09913,2025-08-12,Damaged During Delivery,1,4211.49
R002271,O023066,P0187,C09913,2025-07-28,Size Issue,1,1744.89
R002272,O023066,P0013,C09913,2025-08-06,Changed Mind,2,57185.02
R002273,O023079,P0249,C03212,2026-05-03,Damaged During Delivery,1,3393.58
R002274,O023079,P0130,C03212,2026-04-28,Not as Expected,1,3924.11
R002275,O023079,P0077,C03212,2026-05-04,Late Delivery,1,8779.67
R002276,O023081,P0215,C04241,2026-12-24,Wrong Product,1,5053.46
R002277,O023091,P0008,C08119,2025-02-18,Late Delivery,1,2103.67
R002278,O023092,P0125,C04168,2025-04-12,Size Issue,2,30922.98
R002279,O023092,P0149,C04168,2025-04-11,Changed Mind,1,10818.84
R002280,O023092,P0278,C04168,2025-04-05,Wrong Product,3,17578.44
R002281,O023115,P0067,C02727,2026-05-18,Size Issue,1,21935.05
R002282,O023120,P0204,C09845,2025-08-13,Not as Expected,1,4157.2
R002283,O023124,P0201,C01565,2026-05-06,Not as Expected,1,1286.97
R002284,O023138,P0030,C02959,2025-03-12,Late Delivery,1,23306.22
R002285,O023152,P0085,C01080,2026-06-15,Not as Expected,1,1061.73
R002286,O023152,P0405,C01080,2026-06-19,Size Issue,2,19455.33
R002287,O023165,P0192,C07195,2026-11-01,Product Defect,2,7041.58
R002288,O023193,P0037,C01893,2026-02-01,Changed Mind,1,775.03
R002289,O023217,P0466,C09743,2025-06-05,Changed Mind,1,7863.81
R002290,O023217,P0106,C09743,2025-06-16,Late Delivery,1,5690.59
R002291,O023229,P0193,C02085,2025-02-05,Damaged During Delivery,1,2341.35
R002292,O023229,P0254,C02085,2025-02-08,Not as Expected,1,3779.2
R002293,O023237,P0116,C05926,2026-12-17,Size Issue,1,12571.29
R002294,O023237,P0095,C05926,2026-12-12,Damaged During Delivery,1,5361.64
R002295,O023265,P0186,C04592,2025-06-22,Wrong Product,1,9786.01
R002296,O023266,P0358,C04937,2026-09-25,Changed Mind,1,1396.06
R002297,O023275,P0035,C04607,2026-06-09,Wrong Product,2,50415.87
R002298,O023275,P0174,C04607,2026-06-03,Damaged During Delivery,2,25793.53
R002299,O023275,P0475,C04607,2026-06-08,Damaged During Delivery,1,3271.4
R002300,O023313,P0454,C09564,2025-06-04,Damaged During Delivery,1,10263.35
R002301,O023313,P0500,C09564,2025-05-29,Not as Expected,1,2235.1
R002302,O023336,P0058,C02773,2025-12-30,Damaged During Delivery,1,9842.26
R002303,O023336,P0164,C02773,2025-12-25,Changed Mind,1,17347.35
R002304,O023348,P0219,C00036,2026-01-07,Wrong Product,1,2264.92
R002305,O023350,P0113,C02091,2026-04-23,Changed Mind,1,14940.59
R002306,O023366,P0258,C08741,2025-08-25,Product Defect,1,5615.68
R002307,O023366,P0395,C08741,2025-09-05,Changed Mind,1,1694.48
R002308,O023366,P0320,C08741,2025-08-31,Product Defect,1,3443.47
R002309,O023374,P0320,C01154,2026-08-08,Damaged During Delivery,1,3326.3
R002310,O023392,P0170,C01965,2026-10-27,Size Issue,2,18174.08
R002311,O023400,P0227,C01191,2026-10-14,Wrong Product,1,5722.11
R002312,O023400,P0188,C01191,2026-10-18,Not as Expected,1,9655.18
R002313,O023451,P0484,C02623,2025-06-10,Changed Mind,1,6849.08
R002314,O023452,P0116,C08556,2026-01-17,Not as Expected,1,12520.68
R002315,O023452,P0315,C08556,2026-01-08,Size Issue,1,1802.99
R002316,O023454,P0164,C05572,2026-05-30,Not as Expected,1,16217.95
R002317,O023476,P0361,C05336,2025-12-19,Product Defect,1,3551.79
R002318,O023476,P0414,C05336,2025-12-29,Damaged During Delivery,2,8318.41
R002319,O023476,P0201,C05336,2025-12-27,Not as Expected,2,2697.01
R002320,O023493,P0142,C03393,2026-06-18,Product Defect,1,2537.88
R002321,O023495,P0096,C01225,2025-07-05,Not as Expected,1,2940.5
R002322,O023495,P0309,C01225,2025-07-12,Product Defect,1,3556.72
R002323,O023503,P0342,C05053,2026-07-12,Product Defect,1,1156.55
R002324,O023536,P0384,C00146,2025-08-07,Product Defect,1,4220.52
R002325,O023543,P0158,C03814,2026-08-26,Size Issue,1,794.97
R002326,O023553,P0157,C09021,2026-02-28,Not as Expected,1,12136.92
R002327,O023563,P0415,C03407,2026-11-29,Size Issue,1,6830.73
R002328,O023563,P0131,C03407,2026-11-27,Size Issue,1,15310.04
R002329,O023578,P0327,C05431,2025-01-31,Wrong Product,1,275.45
R002330,O023591,P0215,C09932,2025-07-01,Changed Mind,3,14899.28
R002331,O023611,P0438,C03760,2025-06-12,Wrong Product,1,8004.3
R002332,O023612,P0090,C01506,2025-09-07,Not as Expected,1,20992.41
R002333,O023623,P0474,C03017,2026-09-13,Damaged During Delivery,1,3598.93
R002334,O023636,P0363,C02159,2025-11-27,Damaged During Delivery,1,3199.23
R002335,O023645,P0433,C05408,2026-06-01,Not as Expected,2,2163.67
R002336,O023657,P0463,C02432,2026-03-06,Changed Mind,1,3598.43
R002337,O023669,P0203,C08794,2025-07-24,Damaged During Delivery,1,5927.95
R002338,O023676,P0381,C01657,2026-06-06,Late Delivery,1,3527.79
R002339,O023686,P0435,C09124,2025-07-07,Product Defect,1,4464.28
R002340,O023716,P0485,C04596,2026-06-02,Not as Expected,3,21989.16
R002341,O023719,P0254,C05513,2025-05-13,Product Defect,1,3847.21
R002342,O023719,P0263,C05513,2025-05-14,Late Delivery,1,5882.84
R002343,O023728,P0412,C05532,2026-02-04,Not as Expected,2,12887.38
R002344,O023728,P0338,C05532,2026-02-03,Wrong Product,1,487.64
R002345,O023728,P0253,C05532,2026-02-02,Damaged During Delivery,1,3542.8
R002346,O023735,P0400,C05801,2026-05-21,Changed Mind,1,3633.66
R002347,O023742,P0291,C04407,2026-01-26,Late Delivery,1,2408.02
R002348,O023743,P0141,C00028,2025-12-02,Changed Mind,2,31882.2
R002349,O023743,P0145,C00028,2025-12-01,Size Issue,3,42375.32
R002350,O023743,P0164,C00028,2025-12-08,Changed Mind,1,15537.24
R002351,O023748,P0164,C02089,2025-07-10,Changed Mind,2,33934.03
R002352,O023748,P0315,C02089,2025-07-22,Not as Expected,1,1675.5
R002353,O023752,P0404,C07363,2026-04-08,Not as Expected,1,6694.62
R002354,O023763,P0151,C05942,2025-06-08,Product Defect,1,5057.53
R002355,O023764,P0377,C04897,2026-01-04,Not as Expected,1,3763.78
R002356,O023764,P0309,C04897,2025-12-27,Not as Expected,1,3294.59
R002357,O023764,P0084,C04897,2026-01-10,Changed Mind,1,7318.51
R002358,O023766,P0041,C00650,2026-04-12,Size Issue,1,13846.33
R002359,O023776,P0028,C05712,2026-01-17,Damaged During Delivery,2,29130.28
R002360,O023837,P0269,C04455,2025-12-10,Late Delivery,1,1437.25
R002361,O023839,P0179,C00443,2026-10-08,Changed Mind,1,1075.88
R002362,O023850,P0127,C02547,2025-12-02,Product Defect,1,14902.11
R002363,O023887,P0392,C07646,2026-11-29,Damaged During Delivery,1,2889.65
R002364,O023887,P0280,C07646,2026-12-14,Late Delivery,1,1933.96
R002365,O023928,P0352,C02644,2026-03-09,Not as Expected,1,2190.07
R002366,O023928,P0125,C02644,2026-02-22,Changed Mind,1,14932.27
R002367,O023930,P0327,C06650,2025-08-07,Size Issue,1,282.87
R002368,O023969,P0425,C09697,2025-12-20,Size Issue,1,7742.8
R002369,O023969,P0434,C09697,2025-12-19,Damaged During Delivery,1,1638.31
R002370,O023973,P0229,C07725,2026-12-01,Product Defect,2,4078.8
R002371,O023974,P0109,C07631,2026-10-06,Wrong Product,1,14707.49
R002372,O023981,P0236,C05574,2026-09-10,Not as Expected,1,3191.85
R002373,O023981,P0418,C05574,2026-09-07,Size Issue,1,7731.63
R002374,O023981,P0135,C05574,2026-09-05,Late Delivery,1,5756.23
R002375,O024002,P0040,C04877,2025-09-05,Not as Expected,1,11604.59
R002376,O024022,P0022,C05500,2026-02-09,Wrong Product,1,12458.76
R002377,O024038,P0382,C01278,2027-01-11,Changed Mind,1,1910.7
R002378,O024038,P0050,C01278,2027-01-11,Size Issue,2,32628.53
R002379,O024062,P0138,C07290,2025-11-11,Changed Mind,1,2654.68
R002380,O024080,P0098,C04167,2025-04-15,Not as Expected,1,10187.84
R002381,O024085,P0326,C05009,2026-11-26,Changed Mind,1,283.45
R002382,O024085,P0483,C05009,2026-12-04,Not as Expected,1,1921.23
R002383,O024091,P0031,C03079,2025-10-04,Changed Mind,3,91407.54
R002384,O024094,P0401,C03751,2026-11-30,Changed Mind,2,6829.17
R002385,O024115,P0119,C02707,2025-05-28,Changed Mind,1,11231.02
R002386,O024127,P0090,C01651,2026-03-24,Not as Expected,1,23254.89
R002387,O024141,P0125,C05181,2026-07-17,Not as Expected,1,14142.36
R002388,O024157,P0491,C09055,2025-08-03,Damaged During Delivery,1,10423.05
R002389,O024157,P0042,C09055,2025-08-04,Product Defect,1,12245.41
R002390,O024172,P0478,C00561,2026-04-20,Size Issue,1,3350.71
R002391,O024172,P0114,C00561,2026-04-16,Late Delivery,1,2007.45
R002392,O024203,P0151,C08603,2026-11-08,Not as Expected,2,9575.78
R002393,O024222,P0356,C03718,2026-04-25,Changed Mind,1,4251.7
R002394,O024231,P0226,C05687,2026-03-24,Changed Mind,1,4681.21
R002395,O024252,P0203,C08184,2026-04-09,Size Issue,1,5515.41
R002396,O024278,P0364,C05067,2026-03-19,Product Defect,1,372.58
R002397,O024294,P0264,C08479,2026-07-14,Late Delivery,1,2833.68
R002398,O024298,P0344,C02439,2026-04-22,Wrong Product,1,509.17
R002399,O024336,P0469,C09457,2025-07-22,Product Defect,1,10531.4
R002400,O024345,P0191,C06511,2025-01-17,Changed Mind,1,12232.09
R002401,O024347,P0361,C02959,2026-09-24,Wrong Product,1,3492.27
R002402,O024347,P0322,C02959,2026-10-01,Product Defect,1,4519.43
R002403,O024347,P0461,C02959,2026-09-29,Size Issue,1,2655.81
R002404,O024359,P0409,C05084,2025-02-06,Product Defect,1,8829.14
R002405,O024362,P0475,C05491,2026-08-17,Product Defect,1,3389.48
R002406,O024378,P0107,C09319,2025-08-05,Late Delivery,1,4036.62
R002407,O024378,P0090,C09319,2025-08-05,Damaged During Delivery,1,23144.0
R002408,O024390,P0063,C05739,2026-10-19,Not as Expected,2,18584.05
R002409,O024413,P0320,C03600,2026-03-29,Not as Expected,1,3553.36
R002410,O024426,P0048,C04931,2026-08-18,Product Defect,1,7381.01
R002411,O024426,P0040,C04931,2026-08-13,Size Issue,2,19421.55
R002412,O024427,P0129,C00421,2026-08-22,Size Issue,1,7658.29
R002413,O024435,P0055,C09224,2025-12-11,Product Defect,2,18964.04
R002414,O024435,P0278,C09224,2025-12-07,Late Delivery,1,5282.34
R002415,O024438,P0499,C04912,2026-10-02,Changed Mind,1,10245.11
R002416,O024446,P0381,C01360,2026-12-18,Product Defect,1,3468.42
R002417,O024447,P0212,C06263,2025-02-17,Not as Expected,1,4683.52
R002418,O024458,P0114,C02566,2025-08-03,Size Issue,1,1976.08
R002419,O024463,P0030,C02820,2025-07-29,Not as Expected,1,23142.28
R002420,O024463,P0010,C02820,2025-08-06,Damaged During Delivery,1,15740.4
R002421,O024481,P0365,C00017,2025-10-17,Late Delivery,1,1019.78
R002422,O024502,P0110,C02836,2025-06-26,Wrong Product,1,3923.4
R002423,O024554,P0462,C00312,2026-11-04,Changed Mind,3,27949.66
R002424,O024554,P0133,C00312,2026-11-12,Changed Mind,1,3124.82
R002425,O024554,P0433,C00312,2026-10-31,Changed Mind,1,1079.67
R002426,O024569,P0040,C05444,2026-10-08,Wrong Product,2,20787.64
R002427,O024588,P0481,C00298,2026-08-29,Size Issue,1,9186.13
R002428,O024588,P0070,C00298,2026-09-03,Not as Expected,1,2516.02
R002429,O024607,P0453,C02641,2026-10-20,Not as Expected,1,3401.92
R002430,O024607,P0164,C02641,2026-10-21,Size Issue,2,34246.62
R002431,O024637,P0329,C01986,2026-02-12,Not as Expected,1,1778.24
R002432,O024644,P0156,C06633,2026-11-16,Not as Expected,1,2630.26
R002433,O024646,P0369,C03698,2025-11-30,Size Issue,2,5925.66
R002434,O024652,P0260,C07321,2027-01-06,Not as Expected,1,393.47
R002435,O024652,P0346,C07321,2027-01-03,Not as Expected,3,1658.29
R002436,O024653,P0390,C01612,2026-04-27,Product Defect,3,2519.67
R002437,O024654,P0368,C06640,2026-01-09,Wrong Product,1,305.0
R002438,O024676,P0411,C06461,2025-10-27,Changed Mind,1,7328.04
R002439,O024687,P0397,C04004,2025-07-01,Late Delivery,1,4190.97
R002440,O024690,P0175,C03889,2026-12-26,Changed Mind,2,28600.34
R002441,O024690,P0023,C03889,2026-12-26,Changed Mind,1,26552.84
R002442,O024690,P0287,C03889,2026-12-28,Not as Expected,1,757.28
R002443,O024691,P0261,C01268,2026-02-08,Late Delivery,1,316.81
R002444,O024737,P0339,C06602,2026-03-30,Late Delivery,1,1277.34
R002445,O024747,P0446,C06858,2025-04-15,Damaged During Delivery,1,3744.15
R002446,O024758,P0412,C01984,2025-06-27,Size Issue,1,6444.89
R002447,O024777,P0353,C04368,2025-11-22,Product Defect,2,4644.53
R002448,O024777,P0064,C04368,2025-11-16,Not as Expected,2,25022.67
R002449,O024777,P0446,C04368,2025-11-25,Product Defect,1,3965.02
R002450,O024788,P0317,C09825,2025-07-22,Size Issue,1,2220.95
R002451,O024788,P0269,C09825,2025-07-11,Size Issue,1,1457.11
R002452,O024795,P0249,C00643,2026-04-19,Changed Mind,1,3389.42
R002453,O024829,P0377,C01671,2026-09-23,Late Delivery,1,4026.37
R002454,O024831,P0434,C07798,2026-02-25,Damaged During Delivery,1,1701.9
R002455,O024864,P0250,C08354,2026-10-13,Product Defect,1,5677.55
R002456,O024864,P0367,C08354,2026-10-13,Product Defect,1,1139.5
R002457,O024877,P0296,C06541,2025-11-29,Product Defect,1,6428.43
R002458,O024877,P0287,C06541,2025-12-03,Size Issue,2,1518.48
R002459,O024893,P0061,C04203,2025-02-06,Changed Mind,1,3373.76
R002460,O024905,P0152,C06175,2025-04-04,Not as Expected,2,5078.59
R002461,O024969,P0308,C06271,2025-02-24,Size Issue,2,4841.72
R002462,O024976,P0321,C00402,2025-06-01,Product Defect,1,2168.43
R002463,O024976,P0349,C00402,2025-05-29,Late Delivery,1,4004.15
R002464,O024976,P0149,C00402,2025-05-24,Size Issue,1,10058.52
R002465,O024990,P0373,C01018,2025-09-05,Size Issue,2,3366.73
R002466,O024992,P0423,C08180,2026-10-20,Size Issue,1,1939.54
R002467,O025007,P0347,C08179,2025-01-14,Changed Mind,1,1237.36
R002468,O025007,P0224,C08179,2025-01-09,Product Defect,1,1866.32
R002469,O025013,P0404,C02735,2026-03-11,Damaged During Delivery,3,20549.48
R002470,O025026,P0172,C04557,2025-12-12,Late Delivery,1,11571.78
R002471,O025050,P0293,C09212,2025-07-07,Size Issue,1,3261.65
R002472,O025050,P0057,C09212,2025-06-26,Damaged During Delivery,1,7934.7
R002473,O025077,P0321,C01043,2027-01-03,Late Delivery,1,2429.09
R002474,O025077,P0070,C01043,2026-12-31,Changed Mind,1,2853.42
R002475,O025098,P0255,C09685,2025-04-24,Not as Expected,2,11499.52
R002476,O025098,P0351,C09685,2025-04-26,Late Delivery,1,2121.57
R002477,O025105,P0371,C09087,2025-04-10,Not as Expected,1,2395.03
R002478,O025118,P0414,C04853,2026-09-29,Not as Expected,1,4344.13
R002479,O025120,P0465,C09106,2026-03-18,Late Delivery,1,4596.71
R002480,O025126,P0363,C01861,2025-02-26,Size Issue,1,3191.27
R002481,O025150,P0044,C01909,2025-10-18,Wrong Product,1,6327.35
R002482,O025150,P0450,C01909,2025-11-03,Damaged During Delivery,2,21833.68
R002483,O025155,P0216,C05759,2026-08-26,Not as Expected,2,4241.36
R002484,O025157,P0139,C06408,2025-03-25,Changed Mind,1,6272.32
R002485,O025157,P0085,C06408,2025-04-04,Late Delivery,1,1080.54
R002486,O025164,P0209,C00251,2026-01-21,Not as Expected,1,4937.83
R002487,O025167,P0493,C07129,2026-10-08,Not as Expected,1,2864.15
R002488,O025192,P0079,C09823,2026-02-15,Size Issue,1,2863.62
R002489,O025192,P0338,C09823,2026-02-10,Not as Expected,1,465.49
R002490,O025235,P0256,C09994,2025-11-15,Size Issue,1,6316.86
R002491,O025235,P0230,C09994,2025-11-14,Product Defect,1,4318.14
R002492,O025251,P0153,C07626,2026-03-29,Wrong Product,1,4886.69
R002493,O025258,P0269,C05459,2025-04-04,Late Delivery,1,1376.41
R002494,O025262,P0042,C06426,2025-10-19,Changed Mind,1,12548.04
R002495,O025262,P0206,C06426,2025-10-12,Size Issue,1,4943.25
R002496,O025273,P0260,C07167,2026-11-09,Wrong Product,1,382.92
R002497,O025287,P0020,C05079,2025-12-26,Size Issue,2,12832.93
R002498,O025288,P0249,C01598,2025-01-12,Damaged During Delivery,2,6542.33
R002499,O025292,P0239,C05798,2026-07-01,Size Issue,1,3058.0
R002500,O025297,P0039,C09473,2026-10-11,Size Issue,1,24123.69
R002501,O025299,P0233,C06386,2026-11-14,Not as Expected,1,4120.75
R002502,O025299,P0261,C06386,2026-11-23,Not as Expected,1,314.79
R002503,O025299,P0142,C06386,2026-11-24,Damaged During Delivery,1,2439.51
R002504,O025346,P0281,C08270,2026-12-23,Size Issue,1,2891.98
R002505,O025377,P0205,C07273,2025-11-15,Size Issue,1,726.93
R002506,O025395,P0120,C00599,2025-05-04,Not as Expected,1,3146.25
R002507,O025406,P0286,C08654,2026-12-16,Not as Expected,2,3076.7
R002508,O025406,P0126,C08654,2026-12-19,Not as Expected,2,23886.95
R002509,O025406,P0171,C08654,2026-12-17,Size Issue,1,3113.61
R002510,O025410,P0366,C03044,2025-01-24,Changed Mind,2,2722.29
R002511,O025410,P0242,C03044,2025-01-29,Damaged During Delivery,2,7247.51
R002512,O025411,P0465,C05216,2026-06-23,Wrong Product,1,4565.65
R002513,O025411,P0466,C05216,2026-06-25,Late Delivery,1,7194.12
R002514,O025426,P0077,C00966,2025-12-07,Changed Mind,1,8758.21
R002515,O025439,P0247,C06875,2025-04-10,Product Defect,1,849.58
R002516,O025441,P0265,C02943,2026-07-01,Changed Mind,1,5112.82
R002517,O025441,P0452,C02943,2026-07-08,Not as Expected,1,1860.69
R002518,O025441,P0024,C02943,2026-07-03,Late Delivery,1,14550.04
R002519,O025444,P0435,C03869,2027-01-01,Late Delivery,1,4394.16
R002520,O025444,P0154,C03869,2026-12-29,Size Issue,2,13176.36
R002521,O025479,P0137,C09585,2025-12-21,Not as Expected,1,6340.49
R002522,O025484,P0269,C08337,2026-03-14,Size Issue,1,1326.26
R002523,O025484,P0377,C08337,2026-03-29,Size Issue,1,4099.35
R002524,O025490,P0027,C00599,2026-03-25,Not as Expected,1,16829.37
R002525,O025499,P0011,C06941,2026-10-30,Changed Mind,1,25146.25
R002526,O025507,P0365,C06849,2025-07-06,Wrong Product,1,1009.69
R002527,O025537,P0172,C06094,2025-10-28,Late Delivery,1,12433.72
R002528,O025561,P0027,C06207,2025-05-07,Size Issue,2,34335.44
R002529,O025572,P0128,C01812,2025-11-26,Size Issue,2,20189.79
R002530,O025591,P0259,C01818,2025-10-09,Not as Expected,2,11130.94
R002531,O025604,P0110,C03599,2026-11-28,Changed Mind,1,3900.28
R002532,O025606,P0396,C09016,2027-01-03,Not as Expected,1,1481.59
R002533,O025614,P0409,C00209,2025-05-17,Size Issue,1,10054.99
R002534,O025619,P0104,C00690,2025-05-02,Changed Mind,1,12793.43
R002535,O025637,P0075,C08622,2026-08-05,Changed Mind,1,23926.23
R002536,O025637,P0291,C08622,2026-07-31,Changed Mind,1,2475.25
R002537,O025644,P0488,C01856,2025-03-06,Changed Mind,2,17812.53
R002538,O025644,P0134,C01856,2025-03-18,Damaged During Delivery,1,16719.52
R002539,O025660,P0092,C06478,2026-04-22,Changed Mind,1,3485.34
R002540,O025660,P0488,C06478,2026-04-22,Changed Mind,2,17573.47
R002541,O025696,P0189,C03196,2026-02-05,Size Issue,1,1024.02
R002542,O025735,P0016,C07818,2026-12-23,Not as Expected,1,15273.06
R002543,O025738,P0195,C01039,2025-05-26,Not as Expected,1,14922.1
R002544,O025745,P0104,C08264,2025-06-18,Late Delivery,1,13421.6
R002545,O025745,P0342,C08264,2025-06-18,Late Delivery,1,1269.27
R002546,O025745,P0336,C08264,2025-06-14,Size Issue,1,2557.95
R002547,O025752,P0197,C02689,2025-06-02,Changed Mind,2,12533.02
R002548,O025752,P0347,C02689,2025-06-03,Changed Mind,1,1154.49
R002549,O025752,P0307,C02689,2025-06-04,Damaged During Delivery,2,6058.62
R002550,O025757,P0042,C07348,2026-01-08,Late Delivery,1,11426.32
R002551,O025757,P0363,C07348,2026-01-13,Product Defect,1,2947.11
R002552,O025778,P0200,C07253,2026-09-19,Changed Mind,1,11768.78
R002553,O025806,P0382,C01812,2025-01-26,Late Delivery,1,2054.03
R002554,O025820,P0203,C07753,2025-08-21,Changed Mind,2,11293.1
R002555,O025832,P0184,C01216,2025-03-12,Size Issue,2,19781.32
R002556,O025842,P0214,C04438,2026-09-01,Changed Mind,1,5974.42
R002557,O025849,P0336,C05257,2025-05-31,Late Delivery,2,4885.24
R002558,O025861,P0199,C06462,2026-05-26,Wrong Product,1,13428.57
R002559,O025861,P0008,C06462,2026-05-25,Not as Expected,1,1993.7
R002560,O025863,P0465,C07679,2025-05-04,Product Defect,1,4122.27
R002561,O025871,P0215,C09764,2026-06-29,Changed Mind,1,4759.5
R002562,O025958,P0084,C02741,2026-12-17,Changed Mind,2,15820.94
R002563,O025960,P0344,C04952,2026-10-04,Wrong Product,1,494.88
R002564,O025982,P0120,C03714,2025-10-09,Not as Expected,1,3130.08
R002565,O025982,P0073,C03714,2025-10-11,Not as Expected,1,28150.83
R002566,O025982,P0359,C03714,2025-10-18,Size Issue,1,281.64
R002567,O026001,P0497,C07502,2026-03-26,Changed Mind,2,18372.38
R002568,O026003,P0460,C09581,2026-05-13,Changed Mind,1,4718.34
R002569,O026003,P0074,C09581,2026-05-16,Not as Expected,1,27221.54
R002570,O026003,P0169,C09581,2026-05-07,Damaged During Delivery,1,3820.8
R002571,O026049,P0098,C08804,2026-09-27,Not as Expected,1,7951.81
R002572,O026059,P0350,C06299,2025-11-22,Damaged During Delivery,1,3426.8
R002573,O026059,P0183,C06299,2025-11-22,Size Issue,2,26962.72
R002574,O026076,P0190,C08852,2026-12-17,Product Defect,2,32818.46
R002575,O026076,P0248,C08852,2026-12-22,Changed Mind,1,4444.55
R002576,O026076,P0490,C08852,2026-12-22,Not as Expected,1,5502.3
R002577,O026079,P0124,C04271,2026-04-03,Changed Mind,1,522.56
R002578,O026097,P0039,C03605,2026-04-01,Size Issue,2,46422.25
R002579,O026105,P0188,C04182,2026-03-25,Late Delivery,2,20525.47
R002580,O026127,P0335,C00593,2025-10-03,Product Defect,1,185.75
R002581,O026145,P0276,C03638,2026-07-25,Late Delivery,2,11003.17
R002582,O026154,P0238,C09946,2025-04-29,Late Delivery,1,2852.99
R002583,O026154,P0355,C09946,2025-05-03,Not as Expected,2,1692.86
R002584,O026170,P0291,C00310,2025-11-11,Late Delivery,1,2189.57
R002585,O026180,P0124,C00086,2026-03-31,Late Delivery,1,523.84
R002586,O026181,P0006,C02735,2025-01-17,Product Defect,2,48700.09
R002587,O026181,P0491,C02735,2025-01-22,Late Delivery,1,10662.72
R002588,O026196,P0182,C07224,2026-07-27,Changed Mind,1,12648.73
R002589,O026206,P0407,C02384,2025-04-18,Changed Mind,2,13716.29
R002590,O026224,P0075,C02888,2025-06-24,Damaged During Delivery,1,29136.49
R002591,O026245,P0392,C07836,2026-06-04,Product Defect,2,5419.09
R002592,O026268,P0015,C08864,2025-09-20,Not as Expected,1,12005.78
R002593,O026278,P0451,C06642,2026-09-18,Wrong Product,2,1547.67
R002594,O026280,P0317,C05823,2025-05-03,Not as Expected,1,2200.38
R002595,O026280,P0475,C05823,2025-04-26,Size Issue,1,3479.91
R002596,O026286,P0170,C03737,2026-12-26,Size Issue,1,8588.13
R002597,O026286,P0302,C03737,2026-12-14,Size Issue,1,1278.62
R002598,O026295,P0051,C03647,2026-07-13,Damaged During Delivery,1,7618.87
R002599,O026295,P0476,C03647,2026-07-22,Product Defect,1,2212.11
R002600,O026295,P0297,C03647,2026-07-12,Product Defect,2,1588.81
R002601,O026299,P0040,C03955,2026-10-03,Not as Expected,2,18380.49
R002602,O026315,P0452,C02936,2026-04-05,Product Defect,2,3523.38
R002603,O026315,P0473,C02936,2026-03-30,Late Delivery,1,10423.26
R002604,O026319,P0165,C05764,2025-06-14,Changed Mind,1,4707.83
R002605,O026319,P0155,C05764,2025-06-04,Wrong Product,1,10619.76
R002606,O026321,P0347,C03262,2026-06-04,Not as Expected,1,1107.05
R002607,O026321,P0395,C03262,2026-06-04,Not as Expected,1,1635.71
R002608,O026322,P0357,C01431,2026-07-06,Product Defect,1,3686.84
R002609,O026358,P0329,C05490,2026-12-13,Wrong Product,1,1966.63
R002610,O026361,P0377,C07089,2026-10-25,Not as Expected,1,3877.13
R002611,O026378,P0372,C02983,2026-06-14,Not as Expected,1,2758.62
R002612,O026378,P0011,C02983,2026-06-03,Not as Expected,1,22473.65
R002613,O026378,P0398,C02983,2026-06-03,Damaged During Delivery,1,1044.46
R002614,O026379,P0100,C05323,2025-08-03,Size Issue,2,33806.09
R002615,O026379,P0403,C05323,2025-08-12,Wrong Product,2,20166.58
R002616,O026403,P0398,C08717,2025-07-13,Late Delivery,1,1027.31
R002617,O026403,P0314,C08717,2025-07-06,Changed Mind,1,2670.96
R002618,O026403,P0481,C08717,2025-07-14,Size Issue,1,8725.74
R002619,O026417,P0280,C08452,2026-02-26,Not as Expected,1,2120.74
R002620,O026428,P0235,C01631,2026-07-15,Changed Mind,2,3714.17
R002621,O026428,P0008,C01631,2026-07-03,Product Defect,1,2155.62
R002622,O026428,P0499,C01631,2026-07-16,Size Issue,1,9846.49
R002623,O026437,P0059,C08788,2026-03-25,Changed Mind,3,91296.39
R002624,O026443,P0010,C09403,2026-05-28,Product Defect,1,15698.9
R002625,O026482,P0254,C04342,2026-08-16,Not as Expected,1,3632.96
R002626,O026487,P0220,C00085,2025-04-05,Not as Expected,2,1989.59
R002627,O026497,P0187,C07664,2025-03-12,Damaged During Delivery,2,3450.42
R002628,O026521,P0175,C08188,2026-12-05,Not as Expected,1,13898.52
R002629,O026522,P0307,C06375,2026-08-14,Not as Expected,1,2876.31
R002630,O026522,P0268,C06375,2026-08-27,Product Defect,2,11921.71
R002631,O026527,P0156,C08518,2025-04-10,Not as Expected,2,5167.77
R002632,O026538,P0152,C01161,2025-07-22,Size Issue,1,2314.58
R002633,O026541,P0399,C08266,2026-12-22,Damaged During Delivery,1,4373.37
R002634,O026541,P0183,C08266,2026-12-30,Not as Expected,1,13870.71
R002635,O026551,P0063,C01229,2025-11-30,Product Defect,1,8836.18
R002636,O026551,P0235,C01229,2025-12-09,Size Issue,1,1720.13
R002637,O026576,P0449,C01154,2025-04-09,Changed Mind,1,10256.05
R002638,O026600,P0187,C03340,2025-09-06,Not as Expected,1,1822.18
R002639,O026608,P0082,C09220,2026-11-06,Damaged During Delivery,2,24282.03
R002640,O026620,P0034,C04831,2026-05-25,Damaged During Delivery,1,20223.72
R002641,O026636,P0307,C03159,2026-01-12,Size Issue,1,2819.09
R002642,O026636,P0024,C03159,2026-01-15,Changed Mind,1,14770.54
R002643,O026636,P0062,C03159,2026-01-17,Size Issue,1,26304.28
R002644,O026650,P0236,C08803,2026-11-06,Not as Expected,1,2934.83
R002645,O026650,P0052,C08803,2026-11-05,Size Issue,1,17700.86
R002646,O026665,P0498,C07757,2026-05-04,Not as Expected,1,1470.85
R002647,O026670,P0126,C01094,2025-09-27,Damaged During Delivery,1,11083.92
R002648,O026690,P0268,C06758,2026-04-12,Not as Expected,1,5379.05
R002649,O026697,P0301,C06395,2026-05-24,Damaged During Delivery,1,3199.47
R002650,O026717,P0103,C05079,2026-01-23,Damaged During Delivery,1,1600.39
R002651,O026721,P0303,C04701,2026-01-19,Product Defect,1,3789.65
R002652,O026727,P0246,C06127,2025-07-18,Product Defect,1,3109.41
R002653,O026733,P0310,C08914,2026-04-04,Damaged During Delivery,1,2945.98
R002654,O026751,P0044,C01674,2025-07-04,Damaged During Delivery,1,6279.24
R002655,O026762,P0329,C06106,2025-09-09,Changed Mind,2,3633.09
R002656,O026765,P0230,C05840,2026-07-12,Wrong Product,3,11876.68
R002657,O026780,P0181,C05608,2026-07-29,Not as Expected,1,12991.55
R002658,O026780,P0091,C05608,2026-07-21,Size Issue,1,9266.33
R002659,O026784,P0366,C05566,2026-08-31,Not as Expected,1,1263.7
R002660,O026784,P0271,C05566,2026-09-05,Changed Mind,1,1764.56
R002661,O026815,P0046,C03374,2026-09-09,Size Issue,1,7806.61
R002662,O026815,P0035,C03374,2026-09-13,Not as Expected,1,21865.82
R002663,O026816,P0015,C01375,2026-10-02,Changed Mind,1,11452.81
R002664,O026849,P0245,C09603,2026-04-22,Late Delivery,1,4887.03
R002665,O026854,P0061,C06480,2026-04-26,Not as Expected,3,11039.47
R002666,O026854,P0078,C06480,2026-05-08,Size Issue,1,24637.64
R002667,O026864,P0099,C05449,2026-12-18,Not as Expected,1,30443.29
R002668,O026864,P0322,C05449,2026-12-11,Product Defect,1,3985.17
R002669,O026864,P0197,C05449,2026-12-08,Size Issue,2,12745.09
R002670,O026872,P0163,C09950,2026-02-25,Damaged During Delivery,3,45016.69
R002671,O026884,P0438,C06849,2026-05-30,Product Defect,1,7178.07
R002672,O026889,P0281,C04678,2025-01-15,Size Issue,1,2876.8
R002673,O026892,P0267,C08755,2025-02-22,Late Delivery,2,13395.44
R002674,O026895,P0231,C09136,2026-12-13,Late Delivery,1,3822.4
R002675,O026909,P0018,C02707,2025-04-13,Size Issue,1,16841.12
R002676,O026917,P0340,C05245,2025-03-19,Not as Expected,1,2353.95
R002677,O026930,P0166,C09404,2025-08-13,Product Defect,1,7392.06
R002678,O026952,P0483,C07666,2026-05-26,Size Issue,2,4082.44
R002679,O026952,P0160,C07666,2026-06-02,Damaged During Delivery,1,7691.04
R002680,O026954,P0204,C07746,2026-12-24,Size Issue,1,4066.15
R002681,O026956,P0276,C00051,2025-06-21,Late Delivery,2,12311.58
R002682,O026956,P0415,C00051,2025-06-29,Damaged During Delivery,1,7248.32
R002683,O026986,P0297,C09253,2026-11-08,Changed Mind,1,767.23
R002684,O027013,P0472,C08102,2026-05-14,Size Issue,1,6915.69
R002685,O027024,P0214,C07301,2026-12-19,Late Delivery,1,5958.57
R002686,O027024,P0128,C07301,2026-12-18,Damaged During Delivery,1,9702.19
R002687,O027024,P0140,C07301,2026-12-26,Wrong Product,1,1428.43
R002688,O027030,P0426,C08986,2026-11-25,Size Issue,1,741.47
R002689,O027035,P0116,C09128,2025-05-02,Not as Expected,1,12699.98
R002690,O027065,P0013,C04255,2026-11-24,Late Delivery,2,53176.43
R002691,O027068,P0218,C02819,2025-03-10,Changed Mind,1,1955.71
R002692,O027137,P0247,C09816,2025-01-23,Damaged During Delivery,1,815.16
R002693,O027162,P0032,C07731,2025-06-19,Wrong Product,1,753.45
R002694,O027172,P0300,C04287,2025-02-24,Size Issue,1,1911.33
R002695,O027172,P0247,C04287,2025-02-14,Late Delivery,1,834.21
R002696,O027179,P0190,C07644,2025-12-09,Size Issue,1,16640.07
R002697,O027179,P0033,C07644,2025-12-07,Not as Expected,1,8120.91
R002698,O027180,P0413,C08768,2025-01-18,Not as Expected,1,7887.74
R002699,O027188,P0001,C07915,2025-07-05,Product Defect,1,24417.76
R002700,O027189,P0014,C00153,2026-07-12,Late Delivery,1,9183.63
R002701,O027222,P0173,C03351,2026-11-25,Not as Expected,1,9663.54
R002702,O027254,P0035,C01757,2025-07-02,Product Defect,1,24753.28
R002703,O027254,P0339,C01757,2025-07-02,Changed Mind,1,1299.59
R002704,O027254,P0400,C01757,2025-07-09,Changed Mind,1,3361.34
R002705,O027262,P0421,C03798,2026-12-31,Damaged During Delivery,1,1487.52
R002706,O027262,P0356,C03798,2027-01-04,Damaged During Delivery,1,4429.26
R002707,O027273,P0049,C00520,2026-03-18,Wrong Product,1,7038.09
R002708,O027292,P0482,C01264,2025-06-18,Damaged During Delivery,1,10364.06
R002709,O027310,P0016,C01520,2026-10-29,Size Issue,1,15316.5
R002710,O027311,P0418,C01416,2026-04-13,Not as Expected,1,8226.1
R002711,O027311,P0386,C01416,2026-04-18,Damaged During Delivery,1,1921.19
R002712,O027312,P0320,C06911,2026-02-20,Late Delivery,1,3271.35
R002713,O027312,P0110,C06911,2026-02-12,Not as Expected,2,8069.28
R002714,O027322,P0303,C06635,2026-09-05,Size Issue,2,7234.47
R002715,O027353,P0428,C05639,2025-01-29,Changed Mind,2,6238.42
R002716,O027353,P0138,C05639,2025-01-25,Not as Expected,2,5331.37
R002717,O027353,P0376,C05639,2025-02-01,Wrong Product,2,4939.5
R002718,O027361,P0399,C05436,2026-01-27,Changed Mind,1,4042.48
R002719,O027363,P0048,C09914,2026-01-07,Not as Expected,1,9728.31
R002720,O027379,P0332,C04448,2025-11-04,Changed Mind,1,2045.0
R002721,O027379,P0492,C04448,2025-11-07,Damaged During Delivery,1,10506.52
R002722,O027379,P0382,C04448,2025-11-09,Not as Expected,1,2166.68
R002723,O027388,P0096,C08072,2026-04-26,Late Delivery,1,3230.41
R002724,O027388,P0012,C08072,2026-05-04,Not as Expected,1,30506.21
R002725,O027390,P0053,C08704,2025-08-19,Wrong Product,2,8329.79
R002726,O027391,P0275,C03422,2026-01-06,Size Issue,2,12993.61
R002727,O027391,P0482,C03422,2025-12-30,Not as Expected,1,11476.34
R002728,O027393,P0085,C02608,2026-07-31,Wrong Product,2,2035.7
R002729,O027413,P0353,C01317,2025-12-13,Wrong Product,1,2203.64
R002730,O027421,P0043,C03735,2025-09-15,Product Defect,1,26891.11
R002731,O027429,P0199,C03382,2025-01-29,Size Issue,1,13320.04
R002732,O027430,P0268,C06035,2027-01-04,Changed Mind,1,5724.99
R002733,O027454,P0106,C08577,2025-12-09,Not as Expected,2,11027.27
R002734,O027506,P0155,C04996,2025-11-28,Product Defect,1,11699.68
R002735,O027506,P0205,C04996,2025-11-23,Changed Mind,1,786.28
R002736,O027514,P0453,C01877,2026-02-20,Not as Expected,1,3444.22
R002737,O027521,P0055,C03145,2025-09-03,Late Delivery,2,19699.98
R002738,O027554,P0127,C06202,2026-07-09,Not as Expected,1,14990.38
R002739,O027554,P0069,C06202,2026-07-17,Wrong Product,1,8262.71
R002740,O027566,P0231,C09620,2026-11-15,Wrong Product,1,3577.98
R002741,O027568,P0206,C07721,2025-05-20,Not as Expected,1,5059.9
R002742,O027577,P0017,C05328,2025-02-03,Size Issue,1,1164.83
R002743,O027580,P0398,C01204,2025-12-16,Changed Mind,1,992.44
R002744,O027603,P0057,C08714,2025-01-12,Wrong Product,1,8659.91
R002745,O027620,P0305,C07802,2025-12-14,Product Defect,1,3561.49
R002746,O027620,P0113,C07802,2025-12-06,Wrong Product,2,27440.54
R002747,O027620,P0293,C07802,2025-12-17,Changed Mind,1,3242.33
R002748,O027633,P0468,C04144,2025-02-21,Changed Mind,1,10509.87
R002749,O027652,P0240,C08719,2026-07-07,Product Defect,2,705.48
R002750,O027669,P0315,C00158,2026-07-27,Late Delivery,1,1700.41
R002751,O027680,P0173,C04280,2025-02-09,Wrong Product,1,9058.14
R002752,O027680,P0243,C04280,2025-01-30,Late Delivery,1,4869.83
R002753,O027688,P0312,C08546,2025-07-02,Changed Mind,1,479.02
R002754,O027688,P0478,C08546,2025-07-08,Not as Expected,1,3317.05
R002755,O027707,P0255,C06796,2026-01-11,Damaged During Delivery,1,5761.02
R002756,O027715,P0025,C00277,2026-11-26,Changed Mind,1,28990.38
R002757,O027728,P0048,C06484,2025-09-17,Size Issue,1,9408.08
R002758,O027728,P0276,C06484,2025-09-20,Not as Expected,1,5820.82
R002759,O027800,P0383,C07022,2025-07-27,Late Delivery,1,2782.71
R002760,O027847,P0157,C05815,2025-06-25,Changed Mind,1,12262.38
R002761,O027851,P0177,C06421,2025-06-05,Changed Mind,1,9315.2
R002762,O027855,P0282,C05697,2025-07-15,Changed Mind,1,4789.36
R002763,O027860,P0296,C09212,2025-11-25,Wrong Product,1,6059.33
R002764,O027864,P0408,C08038,2026-07-07,Late Delivery,2,20762.97
R002765,O027877,P0079,C05569,2026-10-14,Wrong Product,1,2850.96
R002766,O027881,P0218,C04623,2026-12-27,Size Issue,1,1830.26
R002767,O027881,P0257,C04623,2026-12-31,Damaged During Delivery,1,5550.29
R002768,O027885,P0390,C04835,2025-06-23,Changed Mind,1,832.34
R002769,O027885,P0113,C04835,2025-06-24,Size Issue,1,14886.66
R002770,O027895,P0303,C00616,2025-12-22,Size Issue,2,7906.3
R002771,O027899,P0372,C09639,2025-01-16,Not as Expected,1,2702.24
R002772,O027899,P0301,C09639,2025-01-26,Late Delivery,2,5808.33
R002773,O027901,P0461,C07684,2025-10-05,Not as Expected,1,2598.85
R002774,O027908,P0168,C01494,2025-08-04,Late Delivery,1,2387.22
R002775,O027932,P0278,C05246,2026-06-19,Late Delivery,2,10520.99
R002776,O027932,P0310,C05246,2026-06-24,Not as Expected,1,2878.41
R002777,O027937,P0207,C06685,2025-07-11,Not as Expected,1,2682.67
R002778,O027960,P0270,C02912,2026-05-09,Size Issue,1,1155.06
R002779,O027960,P0259,C02912,2026-05-06,Size Issue,1,5485.79
R002780,O027960,P0093,C02912,2026-05-13,Late Delivery,1,13849.6
R002781,O027980,P0214,C01803,2025-03-09,Changed Mind,1,6198.54
R002782,O027980,P0126,C01803,2025-03-10,Wrong Product,1,10703.27
R002783,O027989,P0052,C09460,2026-08-21,Damaged During Delivery,1,14659.55
R002784,O027989,P0029,C09460,2026-08-18,Not as Expected,3,59557.62
R002785,O027998,P0319,C02973,2025-04-15,Size Issue,1,3013.62
R002786,O028008,P0078,C04120,2026-02-17,Not as Expected,2,45990.23
R002787,O028008,P0279,C04120,2026-02-25,Product Defect,1,2680.91
R002788,O028008,P0099,C04120,2026-02-15,Product Defect,1,31170.45
R002789,O028018,P0119,C02962,2025-10-15,Damaged During Delivery,1,12202.62
R002790,O028018,P0402,C02962,2025-10-12,Product Defect,1,1531.61
R002791,O028018,P0490,C02962,2025-10-13,Size Issue,1,5563.59
R002792,O028025,P0148,C06539,2025-12-25,Size Issue,1,1382.01
R002793,O028033,P0087,C04177,2026-07-17,Not as Expected,2,26464.04
R002794,O028033,P0275,C04177,2026-07-25,Size Issue,1,6167.87
R002795,O028033,P0386,C04177,2026-07-19,Late Delivery,1,1847.7
R002796,O028044,P0217,C09930,2026-08-18,Late Delivery,2,9188.67
R002797,O028044,P0278,C09930,2026-08-16,Wrong Product,1,5802.76
R002798,O028044,P0395,C09930,2026-08-19,Damaged During Delivery,2,3145.43
R002799,O028091,P0424,C09913,2026-08-15,Not as Expected,2,4892.32
R002800,O028091,P0138,C09913,2026-08-13,Wrong Product,1,2766.82
R002801,O028092,P0167,C09303,2026-03-15,Not as Expected,1,4903.01
R002802,O028093,P0459,C07389,2026-04-17,Size Issue,2,17967.32
R002803,O028093,P0024,C07389,2026-04-10,Late Delivery,1,13157.33
R002804,O028102,P0408,C09345,2026-11-15,Product Defect,1,9207.5
R002805,O028109,P0411,C06441,2026-09-15,Size Issue,1,7108.94
R002806,O028136,P0051,C04718,2025-06-13,Not as Expected,1,9891.27
R002807,O028136,P0464,C04718,2025-06-28,Changed Mind,1,7509.1
R002808,O028143,P0461,C07079,2026-03-21,Damaged During Delivery,1,2473.17
R002809,O028143,P0267,C07079,2026-03-23,Size Issue,1,6790.26
R002810,O028151,P0397,C05207,2026-03-03,Damaged During Delivery,2,8924.05
R002811,O028154,P0337,C01342,2026-01-10,Changed Mind,1,3957.15
R002812,O028154,P0400,C01342,2026-01-18,Wrong Product,2,6655.4
R002813,O028166,P0066,C03023,2025-08-29,Not as Expected,1,16067.74
R002814,O028201,P0326,C00699,2026-04-16,Late Delivery,1,287.32
R002815,O028222,P0416,C01101,2025-02-14,Size Issue,1,10535.1
R002816,O028222,P0428,C01101,2025-02-08,Wrong Product,2,6839.67
R002817,O028222,P0250,C01101,2025-02-10,Changed Mind,1,5513.46
R002818,O028225,P0424,C01748,2026-01-19,Changed Mind,1,2396.89
R002819,O028228,P0239,C08369,2026-07-01,Changed Mind,1,3160.98
R002820,O028228,P0012,C08369,2026-06-30,Late Delivery,1,32608.08
R002821,O028228,P0062,C08369,2026-06-30,Product Defect,2,55769.83
R002822,O028252,P0275,C02870,2025-07-29,Late Delivery,2,13073.28
R002823,O028254,P0243,C05932,2026-07-16,Late Delivery,1,4668.31
R002824,O028288,P0241,C02750,2026-10-16,Late Delivery,1,6018.37
R002825,O028290,P0071,C03526,2026-04-23,Product Defect,1,24236.33
R002826,O028291,P0497,C03312,2025-11-05,Damaged During Delivery,2,18430.94
R002827,O028292,P0025,C03898,2025-11-06,Changed Mind,1,29942.47
R002828,O028310,P0224,C04903,2026-09-04,Not as Expected,1,1828.11
R002829,O028322,P0218,C07442,2025-09-28,Not as Expected,1,1919.63
R002830,O028322,P0188,C07442,2025-10-01,Damaged During Delivery,2,19370.49
R002831,O028322,P0229,C07442,2025-09-24,Wrong Product,1,2032.26
R002832,O028348,P0423,C08347,2026-10-27,Damaged During Delivery,1,2071.05
R002833,O028368,P0469,C02637,2026-07-30,Product Defect,1,10083.43
R002834,O028369,P0052,C03538,2026-08-02,Wrong Product,1,15214.65
R002835,O028377,P0202,C09450,2025-10-26,Not as Expected,2,13055.16
R002836,O028410,P0345,C02845,2025-04-11,Changed Mind,1,4524.19
R002837,O028410,P0371,C02845,2025-04-07,Wrong Product,2,4628.79
R002838,O028410,P0074,C02845,2025-04-09,Damaged During Delivery,1,28737.91
R002839,O028450,P0162,C01420,2026-01-18,Changed Mind,2,6255.68
R002840,O028473,P0209,C04379,2026-02-07,Damaged During Delivery,2,10207.57
R002841,O028493,P0067,C09167,2026-02-11,Size Issue,1,22719.9
R002842,O028493,P0070,C09167,2026-02-01,Not as Expected,1,2808.72
R002843,O028498,P0274,C06502,2026-03-26,Not as Expected,1,5148.42
R002844,O028571,P0053,C00477,2025-12-08,Changed Mind,1,4311.39
R002845,O028587,P0120,C05007,2025-12-11,Wrong Product,1,2913.83
R002846,O028591,P0086,C09560,2025-10-23,Damaged During Delivery,1,19374.86
R002847,O028633,P0291,C05879,2026-08-16,Changed Mind,1,2484.74
R002848,O028633,P0357,C05879,2026-08-22,Changed Mind,2,7194.15
R002849,O028633,P0123,C05879,2026-08-23,Wrong Product,1,12909.14
R002850,O028636,P0004,C06785,2026-07-14,Damaged During Delivery,2,27512.35
R002851,O028636,P0082,C06785,2026-07-04,Not as Expected,1,12681.94
R002852,O028636,P0055,C06785,2026-07-04,Changed Mind,1,10055.72
R002853,O028637,P0046,C06806,2026-06-30,Not as Expected,3,27881.11
R002854,O028649,P0301,C01337,2026-12-13,Wrong Product,1,3105.51
R002855,O028662,P0376,C09528,2025-06-15,Wrong Product,1,2304.15
R002856,O028679,P0282,C05623,2025-02-20,Changed Mind,1,4549.52
R002857,O028690,P0103,C02012,2026-06-22,Wrong Product,2,3192.97
R002858,O028697,P0380,C08026,2025-09-09,Not as Expected,2,6078.12
R002859,O028700,P0201,C08892,2026-07-27,Size Issue,2,2612.9
R002860,O028722,P0483,C06336,2025-06-02,Size Issue,1,1922.34
R002861,O028722,P0037,C06336,2025-06-16,Size Issue,1,770.43
R002862,O028732,P0123,C08036,2026-09-19,Size Issue,1,12935.2
R002863,O028732,P0061,C08036,2026-09-30,Product Defect,1,3112.56
R002864,O028732,P0200,C08036,2026-09-18,Product Defect,2,22150.98
R002865,O028740,P0330,C02037,2025-06-16,Product Defect,2,7507.42
R002866,O028756,P0173,C03929,2026-08-18,Not as Expected,2,19456.2
R002867,O028760,P0217,C06955,2026-09-22,Damaged During Delivery,1,4614.78
R002868,O028774,P0050,C02710,2025-11-10,Product Defect,1,16641.61
R002869,O028780,P0225,C03383,2026-09-10,Size Issue,2,10304.24
R002870,O028786,P0101,C01151,2026-11-08,Product Defect,2,18641.18
R002871,O028786,P0479,C01151,2026-11-13,Damaged During Delivery,1,4534.21
R002872,O028786,P0021,C01151,2026-11-08,Not as Expected,2,36518.95
R002873,O028802,P0029,C04284,2025-11-22,Changed Mind,1,25846.91
R002874,O028806,P0208,C06950,2026-03-27,Size Issue,1,405.29
R002875,O028806,P0342,C06950,2026-04-05,Product Defect,1,1108.13
R002876,O028826,P0252,C00220,2025-05-19,Not as Expected,1,5767.38
R002877,O028848,P0366,C00709,2026-04-25,Not as Expected,2,2482.65
R002878,O028848,P0118,C00709,2026-04-28,Changed Mind,1,2026.13
R002879,O028877,P0421,C01029,2025-08-13,Product Defect,1,1417.14
R002880,O028890,P0141,C09601,2025-08-10,Late Delivery,1,15713.96
R002881,O028901,P0444,C00144,2025-04-15,Damaged During Delivery,1,1619.57
R002882,O028901,P0171,C00144,2025-04-21,Not as Expected,1,3163.95
R002883,O028901,P0187,C00144,2025-04-20,Not as Expected,1,1791.78
R002884,O028905,P0127,C06592,2025-12-26,Not as Expected,1,14269.0
R002885,O028905,P0359,C06592,2025-12-23,Damaged During Delivery,1,286.2
R002886,O028932,P0209,C02796,2025-06-03,Size Issue,2,9181.81
R002887,O028932,P0363,C02796,2025-06-04,Product Defect,1,3130.54
R002888,O028950,P0285,C02513,2026-01-18,Size Issue,1,4330.37
R002889,O028950,P0416,C02513,2026-01-30,Late Delivery,1,10073.46
R002890,O028954,P0472,C01309,2025-07-31,Damaged During Delivery,1,7022.71
R002891,O028982,P0496,C01174,2026-10-12,Not as Expected,1,4276.48
R002892,O028987,P0354,C05676,2025-05-19,Product Defect,1,2190.56
R002893,O028990,P0258,C08822,2026-03-05,Changed Mind,1,6103.44
R002894,O028999,P0224,C02581,2025-10-08,Size Issue,1,1795.49
R002895,O029017,P0477,C02662,2026-05-07,Changed Mind,1,5324.79
R002896,O029019,P0267,C08292,2026-04-20,Size Issue,1,6246.12
R002897,O029019,P0313,C08292,2026-04-16,Size Issue,1,275.16
R002898,O029022,P0129,C07825,2025-08-16,Changed Mind,1,6904.85
R002899,O029022,P0181,C07825,2025-08-15,Not as Expected,1,12901.97
R002900,O029050,P0267,C01278,2025-04-04,Wrong Product,1,6642.56
R002901,O029053,P0444,C01408,2025-12-05,Not as Expected,1,1764.3
R002902,O029053,P0212,C01408,2025-12-11,Size Issue,1,4870.47
R002903,O029053,P0254,C01408,2025-12-10,Changed Mind,1,3799.54
R002904,O029091,P0395,C03773,2026-04-21,Not as Expected,2,3470.81
R002905,O029091,P0498,C03773,2026-04-27,Not as Expected,1,1452.27
R002906,O029104,P0026,C09966,2026-05-17,Changed Mind,3,42222.98
R002907,O029128,P0423,C07819,2026-06-07,Product Defect,1,2019.26
R002908,O029128,P0352,C07819,2026-06-15,Product Defect,1,2158.53
R002909,O029137,P0374,C03467,2026-11-22,Changed Mind,1,3834.95
R002910,O029144,P0453,C02834,2025-06-19,Wrong Product,2,7367.77
R002911,O029174,P0236,C07938,2026-05-01,Not as Expected,1,2996.2
R002912,O029174,P0496,C07938,2026-04-24,Product Defect,1,4281.95
R002913,O029185,P0120,C02195,2026-11-23,Product Defect,1,3001.52
R002914,O029185,P0424,C02195,2026-11-19,Product Defect,2,4553.74
R002915,O029229,P0250,C08752,2026-09-14,Not as Expected,1,5325.19
R002916,O029232,P0052,C02206,2026-10-30,Damaged During Delivery,1,18005.27
R002917,O029232,P0159,C02206,2026-11-03,Damaged During Delivery,2,6519.05
R002918,O029249,P0342,C07484,2026-06-06,Changed Mind,1,1258.99
R002919,O029274,P0149,C00714,2026-11-08,Product Defect,1,10009.56
R002920,O029274,P0211,C00714,2026-11-02,Changed Mind,1,1438.69
R002921,O029323,P0026,C01854,2026-03-27,Size Issue,1,12870.89
R002922,O029328,P0493,C03447,2026-10-20,Changed Mind,1,3062.23
R002923,O029328,P0291,C03447,2026-11-05,Not as Expected,1,2248.01
R002924,O029328,P0259,C03447,2026-10-21,Wrong Product,1,5755.71
R002925,O029331,P0398,C08741,2026-08-28,Changed Mind,1,1087.56
R002926,O029352,P0121,C03437,2025-05-02,Changed Mind,2,5719.74
R002927,O029352,P0097,C03437,2025-04-19,Wrong Product,1,31702.41
R002928,O029353,P0239,C01368,2026-02-14,Size Issue,1,3216.62
R002929,O029394,P0023,C06023,2025-08-04,Size Issue,1,25600.82
R002930,O029394,P0037,C06023,2025-08-10,Product Defect,3,2400.68
R002931,O029400,P0361,C00858,2026-12-14,Late Delivery,1,3288.63
R002932,O029444,P0081,C06233,2026-06-19,Changed Mind,2,59797.87
R002933,O029445,P0128,C02564,2026-02-15,Wrong Product,1,9412.98
R002934,O029470,P0182,C01558,2025-10-24,Not as Expected,1,11715.14
R002935,O029515,P0204,C04193,2025-02-16,Changed Mind,1,4219.25
R002936,O029520,P0005,C01229,2026-04-14,Wrong Product,1,27229.92
R002937,O029574,P0247,C00293,2026-04-27,Not as Expected,1,892.84
R002938,O029615,P0176,C08030,2026-09-17,Product Defect,1,12248.57
R002939,O029621,P0306,C07730,2026-08-03,Damaged During Delivery,3,4695.14
R002940,O029625,P0059,C09770,2025-09-30,Size Issue,1,29662.14
R002941,O029631,P0388,C08517,2026-10-22,Not as Expected,1,4109.2
R002942,O029632,P0089,C08220,2026-01-01,Changed Mind,3,37768.26
R002943,O029676,P0048,C02393,2026-09-29,Product Defect,1,8100.52
R002944,O029685,P0100,C02358,2025-06-24,Size Issue,1,17631.74
R002945,O029686,P0196,C04842,2025-01-27,Not as Expected,2,1726.89
R002946,O029704,P0052,C02081,2026-05-13,Late Delivery,2,37210.68
R002947,O029704,P0357,C02081,2026-05-16,Not as Expected,1,3612.38
R002948,O029705,P0263,C00341,2026-11-16,Changed Mind,2,12172.93
R002949,O029745,P0175,C01210,2025-12-26,Damaged During Delivery,2,26792.56
R002950,O029745,P0291,C01210,2025-12-27,Not as Expected,1,2415.12
R002951,O029810,P0268,C01844,2025-07-06,Product Defect,1,5968.42
R002952,O029822,P0230,C01716,2025-03-20,Wrong Product,1,4117.31
R002953,O029822,P0270,C01716,2025-03-16,Late Delivery,1,1127.53
R002954,O029831,P0377,C07628,2025-06-23,Size Issue,1,4110.31
R002955,O029832,P0399,C08958,2026-08-02,Wrong Product,1,4041.58
R002956,O029845,P0329,C00217,2025-07-06,Not as Expected,1,1967.94
R002957,O029845,P0008,C00217,2025-07-02,Not as Expected,1,1981.01
R002958,O029860,P0046,C00879,2025-03-17,Not as Expected,1,9052.81
R002959,O029872,P0407,C05351,2026-03-23,Damaged During Delivery,2,14214.92
R002960,O029877,P0160,C00977,2026-10-27,Late Delivery,1,7013.29
R002961,O029916,P0405,C06569,2025-09-03,Not as Expected,2,20767.34
R002962,O029940,P0314,C04725,2026-04-07,Not as Expected,1,2636.76
R002963,O029943,P0198,C08481,2026-04-15,Late Delivery,1,14838.38
R002964,O029949,P0007,C01551,2025-02-13,Size Issue,1,9055.33
R002965,O029968,P0305,C00089,2026-01-26,Changed Mind,1,3455.53
R002966,O029979,P0446,C07406,2026-05-24,Product Defect,2,7402.69
R002967,O030012,P0466,C05085,2026-11-15,Size Issue,1,7063.66
R002968,O030040,P0402,C05617,2025-09-09,Wrong Product,1,1505.9
R002969,O030040,P0483,C05617,2025-08-28,Damaged During Delivery,2,3734.77
R002970,O030056,P0437,C02534,2025-03-07,Damaged During Delivery,1,7484.59
R002971,O030064,P0070,C03022,2026-09-25,Size Issue,1,2180.76
R002972,O030064,P0102,C03022,2026-10-05,Product Defect,1,2049.8
R002973,O030064,P0149,C03022,2026-09-29,Changed Mind,1,10093.26
R002974,O030076,P0301,C07332,2025-01-27,Size Issue,1,2988.01
R002975,O030097,P0075,C01663,2025-02-13,Wrong Product,1,27915.19
R002976,O030113,P0243,C01720,2025-11-13,Changed Mind,1,5131.17
R002977,O030113,P0268,C01720,2025-11-06,Product Defect,1,6128.18
R002978,O030113,P0476,C01720,2025-11-15,Size Issue,2,4797.18
R002979,O030116,P0460,C07442,2026-12-29,Damaged During Delivery,1,4779.5
R002980,O030149,P0466,C08831,2025-05-17,Damaged During Delivery,1,7559.49
R002981,O030153,P0157,C01310,2026-05-08,Changed Mind,1,12890.99
R002982,O030153,P0469,C01310,2026-04-25,Damaged During Delivery,1,10069.64
R002983,O030154,P0390,C06633,2026-01-13,Size Issue,1,827.21
R002984,O030166,P0152,C02326,2025-07-26,Changed Mind,1,2331.5
R002985,O030166,P0187,C02326,2025-07-18,Not as Expected,2,3367.5
R002986,O030174,P0183,C00680,2026-07-16,Wrong Product,1,13909.2
R002987,O030192,P0259,C07819,2025-12-17,Product Defect,1,5519.76
R002988,O030195,P0003,C06093,2026-07-07,Size Issue,1,6701.27
R002989,O030210,P0297,C07270,2026-06-12,Not as Expected,3,2319.68
R002990,O030210,P0363,C07270,2026-06-13,Late Delivery,1,3190.83
R002991,O030210,P0004,C07270,2026-06-09,Wrong Product,1,13694.75
R002992,O030233,P0198,C08926,2026-06-16,Damaged During Delivery,1,14496.46
R002993,O030238,P0223,C08205,2026-07-17,Damaged During Delivery,1,4362.28
R002994,O030248,P0194,C01898,2025-01-17,Late Delivery,2,10775.38
R002995,O030248,P0149,C01898,2025-01-19,Wrong Product,1,10315.81
R002996,O030249,P0339,C07781,2026-08-08,Not as Expected,2,2617.04
R002997,O030251,P0087,C01615,2025-03-07,Changed Mind,2,29804.69
R002998,O030251,P0365,C01615,2025-02-28,Damaged During Delivery,1,1004.44
R002999,O030266,P0258,C08361,2026-12-09,Size Issue,2,10886.09
R003000,O030266,P0068,C08361,2026-12-21,Late Delivery,1,33809.47
R003001,O030297,P0054,C07936,2026-03-21,Wrong Product,2,10131.86
R003002,O030297,P0203,C07936,2026-03-15,Changed Mind,1,5502.94
R003003,O030314,P0362,C06214,2025-03-04,Not as Expected,1,2697.69
R003004,O030314,P0364,C06214,2025-02-25,Size Issue,2,762.96
R003005,O030327,P0492,C07624,2025-04-04,Product Defect,2,20392.33
R003006,O030364,P0115,C06219,2026-04-28,Wrong Product,1,6197.01
R003007,O030387,P0491,C07857,2025-01-27,Changed Mind,1,9974.57
R003008,O030406,P0044,C02291,2026-04-23,Not as Expected,1,6190.54
R003009,O030422,P0258,C05015,2025-12-25,Not as Expected,1,5946.01
R003010,O030433,P0329,C05518,2026-08-09,Changed Mind,3,5985.05
R003011,O030443,P0203,C01383,2026-01-30,Changed Mind,1,5316.5
R003012,O030443,P0092,C01383,2026-02-10,Not as Expected,1,3544.33
R003013,O030447,P0093,C09157,2025-09-30,Size Issue,2,29974.18
R003014,O030464,P0282,C00495,2025-11-22,Size Issue,1,4862.35
R003015,O030467,P0105,C02683,2025-12-27,Wrong Product,1,9434.12
R003016,O030469,P0130,C03018,2026-08-27,Wrong Product,2,7416.25
R003017,O030482,P0023,C03321,2026-09-12,Changed Mind,1,22227.85
R003018,O030482,P0459,C03321,2026-09-16,Product Defect,1,9097.57
R003019,O030501,P0203,C08526,2025-11-15,Product Defect,2,11928.69
R003020,O030501,P0008,C08526,2025-11-22,Wrong Product,1,1916.82
R003021,O030501,P0451,C08526,2025-11-16,Changed Mind,1,814.51
R003022,O030502,P0234,C05016,2025-12-24,Size Issue,1,4105.2
R003023,O030507,P0430,C06878,2025-05-13,Damaged During Delivery,1,5660.69
R003024,O030507,P0480,C06878,2025-05-02,Product Defect,1,1561.99
R003025,O030530,P0306,C02023,2026-05-08,Not as Expected,1,1623.21
R003026,O030537,P0269,C05726,2025-11-11,Size Issue,1,1469.81
R003027,O030545,P0084,C04474,2026-01-08,Damaged During Delivery,2,15956.39
R003028,O030549,P0134,C00762,2025-11-07,Late Delivery,1,16168.39
R003029,O030553,P0188,C09926,2026-01-16,Changed Mind,1,10436.91
R003030,O030595,P0044,C05740,2026-09-30,Damaged During Delivery,1,5147.94
R003031,O030595,P0186,C05740,2026-10-02,Size Issue,1,8776.74
R003032,O030610,P0282,C04755,2026-08-03,Not as Expected,2,9513.83
R003033,O030611,P0264,C01611,2026-04-01,Damaged During Delivery,1,2743.84
R003034,O030674,P0040,C03781,2027-01-13,Product Defect,1,11462.72
R003035,O030694,P0255,C00636,2025-04-13,Product Defect,1,5517.98
R003036,O030709,P0105,C08500,2025-05-23,Damaged During Delivery,1,9198.82
R003037,O030709,P0262,C08500,2025-05-26,Late Delivery,1,1638.33
R003038,O030712,P0447,C02335,2026-11-07,Changed Mind,1,1965.92
R003039,O030716,P0153,C08381,2025-04-21,Wrong Product,1,4905.81
R003040,O030724,P0073,C03501,2026-01-01,Late Delivery,1,27957.68
R003041,O030744,P0008,C08315,2025-08-09,Damaged During Delivery,1,2130.74
R003042,O030745,P0318,C08929,2025-10-02,Changed Mind,1,360.49
R003043,O030762,P0262,C02261,2026-11-10,Not as Expected,3,5014.47
R003044,O030767,P0363,C08448,2026-01-10,Late Delivery,1,3091.4
R003045,O030778,P0023,C02070,2025-11-12,Size Issue,1,25224.74
R003046,O030778,P0095,C02070,2025-11-14,Damaged During Delivery,1,6037.67
R003047,O030782,P0083,C01754,2026-05-17,Damaged During Delivery,1,2401.41
R003048,O030782,P0368,C01754,2026-05-22,Changed Mind,1,303.11
R003049,O030857,P0131,C02981,2025-12-05,Changed Mind,1,15307.68
R003050,O030859,P0104,C03044,2026-11-14,Changed Mind,1,13738.85
R003051,O030859,P0125,C03044,2026-11-27,Not as Expected,2,32081.91
R003052,O030859,P0028,C03044,2026-11-21,Not as Expected,1,13772.42
R003053,O030878,P0122,C02402,2025-01-26,Late Delivery,1,6607.46
R003054,O030878,P0060,C02402,2025-01-14,Size Issue,1,13681.21
R003055,O030891,P0075,C08924,2026-12-22,Late Delivery,1,27493.82
R003056,O030891,P0279,C08924,2026-12-15,Late Delivery,1,2562.23
R003057,O030891,P0211,C08924,2026-12-08,Changed Mind,2,2680.88
R003058,O030899,P0435,C05302,2025-04-19,Changed Mind,2,9235.36
R003059,O030900,P0477,C05268,2025-12-18,Not as Expected,3,16972.29
R003060,O030904,P0204,C06852,2025-12-06,Damaged During Delivery,1,4268.93
R003061,O030904,P0396,C06852,2025-12-03,Not as Expected,1,1450.83
R003062,O030909,P0200,C08618,2025-02-28,Size Issue,2,23909.0
R003063,O030925,P0408,C09709,2025-07-04,Damaged During Delivery,1,10421.53
R003064,O030937,P0367,C05695,2026-09-01,Changed Mind,1,1087.15
R003065,O030948,P0334,C07295,2025-12-24,Changed Mind,1,1985.61
R003066,O030971,P0224,C05713,2025-03-08,Late Delivery,2,3504.69
R003067,O030971,P0263,C05713,2025-03-07,Size Issue,1,5992.06
R003068,O030991,P0412,C04806,2026-04-27,Late Delivery,2,12555.38
R003069,O030997,P0439,C08557,2026-01-14,Damaged During Delivery,2,20435.66
R003070,O030997,P0260,C08557,2026-01-17,Damaged During Delivery,1,373.42
R003071,O031003,P0106,C03536,2025-07-18,Not as Expected,1,5695.01
R003072,O031003,P0473,C03536,2025-07-24,Not as Expected,1,10176.24
R003073,O031017,P0029,C08954,2025-10-07,Not as Expected,2,52173.12
R003074,O031024,P0355,C09044,2025-01-14,Not as Expected,2,1841.7
R003075,O031024,P0111,C09044,2025-01-12,Size Issue,3,49414.68
R003076,O031029,P0166,C08125,2027-01-02,Not as Expected,2,14417.63
R003077,O031029,P0439,C08125,2027-01-06,Wrong Product,1,11138.8
R003078,O031029,P0170,C08125,2026-12-30,Product Defect,1,8389.39
R003079,O031035,P0341,C03939,2025-01-13,Changed Mind,1,356.55
R003080,O031039,P0116,C00929,2026-07-02,Changed Mind,1,12007.55
R003081,O031047,P0403,C07068,2026-06-04,Wrong Product,1,11274.55
R003082,O031049,P0338,C02418,2025-07-03,Damaged During Delivery,2,1020.75
R003083,O031062,P0164,C08170,2026-03-07,Late Delivery,2,33388.17
R003084,O031076,P0410,C00533,2025-05-27,Damaged During Delivery,1,10996.82
R003085,O031078,P0106,C00399,2025-07-30,Not as Expected,2,11876.61
R003086,O031084,P0402,C02867,2025-07-29,Not as Expected,3,4723.24
R003087,O031101,P0315,C08659,2026-09-01,Changed Mind,2,3292.88
R003088,O031116,P0333,C00332,2025-08-09,Size Issue,1,3551.58
R003089,O031118,P0499,C05429,2025-12-30,Not as Expected,1,9970.99
R003090,O031131,P0219,C00997,2026-01-10,Product Defect,1,2229.85
R003091,O031138,P0133,C06505,2026-06-20,Not as Expected,2,6453.84
R003092,O031151,P0194,C01897,2026-05-26,Damaged During Delivery,2,9658.29
R003093,O031177,P0249,C05620,2025-01-21,Size Issue,1,3475.25
R003094,O031179,P0489,C09355,2026-11-13,Not as Expected,1,4592.82
R003095,O031192,P0444,C02532,2025-06-24,Product Defect,1,1786.16
R003096,O031262,P0277,C09981,2025-04-08,Not as Expected,1,2234.38
R003097,O031263,P0206,C01867,2026-10-07,Product Defect,1,5386.48
R003098,O031263,P0420,C01867,2026-09-25,Product Defect,1,1369.27
R003099,O031263,P0204,C01867,2026-09-25,Late Delivery,1,4634.63
R003100,O031286,P0396,C08426,2025-12-31,Changed Mind,1,1567.88
R003101,O031332,P0109,C07543,2025-12-29,Wrong Product,1,13882.7
R003102,O031332,P0055,C07543,2026-01-07,Not as Expected,2,20780.85
R003103,O031348,P0309,C05550,2026-01-20,Size Issue,1,3209.8
R003104,O031353,P0101,C04844,2026-05-12,Product Defect,3,29880.56
R003105,O031353,P0303,C04844,2026-05-19,Changed Mind,1,3699.42
R003106,O031365,P0086,C04848,2025-07-08,Damaged During Delivery,1,19649.9
R003107,O031410,P0204,C09634,2026-01-19,Product Defect,1,4135.73
R003108,O031410,P0176,C09634,2026-01-20,Not as Expected,1,12695.31
R003109,O031410,P0359,C09634,2026-01-13,Damaged During Delivery,1,308.72
R003110,O031434,P0295,C00789,2025-06-30,Not as Expected,1,1912.71
R003111,O031434,P0102,C00789,2025-06-22,Damaged During Delivery,1,2046.14
R003112,O031447,P0341,C02072,2026-04-06,Changed Mind,1,343.12
R003113,O031481,P0379,C06350,2026-12-20,Size Issue,1,421.22
R003114,O031508,P0059,C08803,2026-04-29,Late Delivery,1,32041.31
R003115,O031508,P0365,C08803,2026-05-06,Size Issue,2,1811.71
R003116,O031508,P0056,C08803,2026-05-08,Damaged During Delivery,2,19096.33
R003117,O031546,P0432,C08414,2025-05-15,Size Issue,2,9237.27
R003118,O031579,P0181,C01038,2026-11-24,Product Defect,1,14302.63
R003119,O031602,P0229,C01838,2026-12-11,Size Issue,1,2150.72
R003120,O031602,P0480,C01838,2026-12-24,Product Defect,1,1596.21
R003121,O031618,P0411,C05600,2025-04-29,Changed Mind,2,15317.94
R003122,O031623,P0382,C00629,2026-10-04,Product Defect,1,1927.06
R003123,O031623,P0174,C00629,2026-10-16,Not as Expected,3,38287.21
R003124,O031647,P0486,C04464,2026-01-18,Late Delivery,1,7918.94
R003125,O031647,P0497,C04464,2026-01-16,Late Delivery,1,8897.61
R003126,O031655,P0431,C06421,2025-12-27,Changed Mind,1,7711.42
R003127,O031655,P0106,C06421,2025-12-19,Not as Expected,1,6048.47
R003128,O031672,P0438,C07359,2026-06-04,Changed Mind,1,7925.74
R003129,O031672,P0203,C07359,2026-06-14,Damaged During Delivery,1,5885.6
R003130,O031672,P0497,C07359,2026-06-11,Not as Expected,1,9006.03
R003131,O031684,P0143,C03384,2025-08-04,Damaged During Delivery,1,7775.29
R003132,O031693,P0167,C02985,2025-05-24,Wrong Product,2,9376.45
R003133,O031720,P0088,C08912,2026-12-24,Changed Mind,1,11362.83
R003134,O031725,P0076,C05207,2025-08-13,Not as Expected,1,23448.62
R003135,O031726,P0107,C08423,2026-10-23,Not as Expected,1,3853.83
R003136,O031726,P0285,C08423,2026-10-28,Changed Mind,1,4073.23
R003137,O031749,P0117,C03411,2026-06-21,Changed Mind,1,6287.26
R003138,O031757,P0138,C09528,2025-08-16,Not as Expected,2,5468.62
R003139,O031757,P0133,C09528,2025-08-11,Product Defect,1,3076.02
R003140,O031757,P0193,C09528,2025-08-10,Wrong Product,1,2200.07
R003141,O031770,P0402,C00321,2026-08-24,Product Defect,1,1583.59
R003142,O031781,P0088,C08498,2025-02-21,Late Delivery,1,11563.05
R003143,O031781,P0026,C08498,2025-03-03,Not as Expected,1,13462.23
R003144,O031807,P0448,C05573,2026-01-31,Size Issue,1,2463.67
R003145,O031838,P0278,C07020,2026-02-16,Size Issue,1,5829.73
R003146,O031838,P0486,C07020,2026-02-19,Late Delivery,1,7968.03
R003147,O031840,P0136,C05698,2025-01-26,Size Issue,1,11874.67
R003148,O031851,P0276,C02468,2026-01-09,Damaged During Delivery,1,6033.49
R003149,O031857,P0329,C04778,2025-03-18,Damaged During Delivery,1,1863.46
R003150,O031881,P0127,C00959,2026-05-05,Size Issue,1,14736.78
R003151,O031922,P0150,C07048,2025-08-18,Not as Expected,1,1750.55
R003152,O031930,P0246,C02461,2026-01-02,Size Issue,1,3281.75
R003153,O031940,P0290,C03353,2025-02-24,Not as Expected,1,4652.69
R003154,O031947,P0094,C00466,2025-05-18,Size Issue,1,14631.7
R003155,O031964,P0363,C05384,2026-07-24,Size Issue,1,2960.95
R003156,O031972,P0151,C07347,2026-02-26,Size Issue,2,9379.38
R003157,O031974,P0222,C06875,2026-12-06,Not as Expected,2,4511.65
R003158,O031981,P0219,C06560,2025-09-25,Not as Expected,1,2259.04
R003159,O031981,P0343,C06560,2025-09-27,Product Defect,1,2224.28
R003160,O031999,P0144,C02987,2026-08-31,Not as Expected,1,12386.76
R003161,O032002,P0421,C03450,2026-01-13,Size Issue,1,1329.19
R003162,O032022,P0167,C06600,2025-05-21,Not as Expected,1,5277.24
R003163,O032039,P0083,C02582,2025-06-22,Product Defect,1,2396.95
R003164,O032039,P0402,C02582,2025-06-16,Wrong Product,2,3174.53
R003165,O032039,P0193,C02582,2025-06-18,Size Issue,1,2470.17
R003166,O032043,P0292,C07543,2026-05-20,Not as Expected,1,497.22
R003167,O032044,P0259,C06162,2026-07-31,Not as Expected,1,6173.31
R003168,O032047,P0429,C07310,2025-09-26,Late Delivery,1,2567.31
R003169,O032053,P0214,C00358,2026-05-17,Changed Mind,1,6237.26
R003170,O032074,P0251,C02433,2025-04-14,Changed Mind,2,2013.55
R003171,O032080,P0136,C00057,2025-11-02,Size Issue,1,12739.0
R003172,O032087,P0259,C08828,2026-03-23,Product Defect,1,6098.37
R003173,O032087,P0294,C08828,2026-03-22,Damaged During Delivery,1,2233.99
R003174,O032087,P0130,C08828,2026-03-21,Not as Expected,1,4039.8
R003175,O032102,P0103,C05206,2026-11-03,Product Defect,2,3310.76
R003176,O032121,P0406,C08653,2025-12-11,Product Defect,1,11198.79
R003177,O032135,P0378,C02862,2025-09-02,Damaged During Delivery,1,1295.87
R003178,O032135,P0313,C02862,2025-09-06,Size Issue,2,519.74
R003179,O032183,P0037,C04075,2026-07-07,Size Issue,1,815.38
R003180,O032236,P0090,C08222,2026-08-27,Size Issue,1,17395.86
R003181,O032240,P0284,C09227,2025-03-16,Size Issue,1,3536.69
R003182,O032269,P0254,C04693,2026-01-18,Product Defect,2,7579.35
R003183,O032284,P0230,C04983,2025-06-26,Changed Mind,1,3920.94
R003184,O032284,P0431,C04983,2025-06-25,Not as Expected,2,14530.73
R003185,O032289,P0387,C09142,2025-03-16,Not as Expected,1,312.6
R003186,O032293,P0042,C02462,2025-07-01,Size Issue,3,34269.59
R003187,O032293,P0174,C02462,2025-06-27,Not as Expected,2,23564.54
R003188,O032295,P0032,C02118,2025-09-05,Size Issue,1,770.34
R003189,O032322,P0160,C04507,2026-05-07,Not as Expected,1,7487.66
R003190,O032331,P0393,C07731,2025-11-01,Damaged During Delivery,1,1410.08
R003191,O032359,P0071,C04789,2026-07-06,Not as Expected,1,24920.47
R003192,O032359,P0493,C04789,2026-06-24,Not as Expected,1,2888.38
R003193,O032359,P0363,C04789,2026-06-21,Not as Expected,1,3232.11
R003194,O032367,P0488,C03422,2026-11-18,Product Defect,1,9086.3
R003195,O032367,P0245,C03422,2026-11-16,Wrong Product,1,5489.07
R003196,O032369,P0265,C08146,2025-06-05,Late Delivery,1,5440.26
R003197,O032382,P0097,C04643,2026-02-18,Not as Expected,2,65978.1
R003198,O032385,P0210,C05047,2025-02-19,Not as Expected,2,12046.52
R003199,O032411,P0317,C08917,2026-10-30,Wrong Product,1,2382.87
R003200,O032411,P0416,C08917,2026-11-03,Size Issue,1,10776.35
R003201,O032411,P0475,C08917,2026-11-02,Not as Expected,1,3495.5
R003202,O032432,P0384,C09241,2025-05-17,Changed Mind,1,4804.7
R003203,O032438,P0323,C08447,2025-03-16,Late Delivery,2,932.77
R003204,O032472,P0195,C07995,2026-09-06,Changed Mind,1,15181.06
R003205,O032508,P0403,C08415,2025-03-13,Not as Expected,1,10849.09
R003206,O032515,P0420,C05268,2026-04-08,Changed Mind,1,1455.19
R003207,O032515,P0179,C05268,2026-03-30,Damaged During Delivery,1,1162.73
R003208,O032534,P0282,C02498,2026-03-06,Not as Expected,1,4879.86
R003209,O032541,P0142,C06315,2026-11-26,Size Issue,1,2569.65
R003210,O032577,P0149,C07768,2025-02-07,Size Issue,1,10216.33
R003211,O032591,P0245,C07722,2025-05-01,Not as Expected,1,5054.72
R003212,O032591,P0316,C07722,2025-04-26,Size Issue,1,4426.73
R003213,O032591,P0207,C07722,2025-04-26,Size Issue,1,2621.38
R003214,O032611,P0180,C02034,2026-08-10,Size Issue,1,1772.83
R003215,O032611,P0326,C02034,2026-07-30,Not as Expected,1,316.34
R003216,O032613,P0385,C05963,2027-01-10,Changed Mind,1,4338.96
R003217,O032613,P0163,C05963,2027-01-03,Damaged During Delivery,2,29949.53
R003218,O032613,P0018,C05963,2027-01-05,Wrong Product,1,15153.22
R003219,O032629,P0089,C04952,2025-05-05,Size Issue,1,12507.67
R003220,O032674,P0201,C06680,2026-05-02,Not as Expected,1,1330.52
R003221,O032674,P0353,C06680,2026-05-05,Size Issue,2,4427.9
R003222,O032675,P0141,C05983,2026-11-12,Size Issue,2,32303.23
R003223,O032675,P0074,C05983,2026-11-10,Not as Expected,1,29595.38
R003224,O032737,P0129,C08252,2026-02-02,Not as Expected,1,6856.8
R003225,O032737,P0281,C08252,2026-02-01,Size Issue,1,3073.76
R003226,O032744,P0146,C07103,2026-01-11,Changed Mind,2,30717.21
R003227,O032749,P0465,C01891,2027-01-12,Damaged During Delivery,1,4505.29
R003228,O032774,P0306,C01819,2025-11-14,Changed Mind,2,3157.48
R003229,O032778,P0469,C00572,2025-12-15,Changed Mind,1,10874.3
R003230,O032780,P0123,C07819,2025-04-03,Product Defect,1,12822.99
R003231,O032780,P0268,C07819,2025-03-25,Product Defect,2,10821.17
R003232,O032785,P0130,C07754,2025-04-03,Product Defect,1,3831.94
R003233,O032785,P0103,C07754,2025-04-02,Product Defect,2,3169.57
R003234,O032804,P0164,C01663,2026-03-03,Not as Expected,1,16117.87
R003235,O032804,P0306,C01663,2026-03-01,Size Issue,1,1576.13
R003236,O032864,P0461,C02746,2025-03-29,Size Issue,1,2552.76
R003237,O032866,P0319,C09211,2025-07-20,Changed Mind,1,2761.48
R003238,O032866,P0334,C09211,2025-07-14,Damaged During Delivery,1,1977.02
R003239,O032871,P0036,C08497,2027-01-16,Changed Mind,1,3228.45
R003240,O032871,P0466,C08497,2027-01-10,Damaged During Delivery,2,15324.37
R003241,O032894,P0290,C06183,2026-03-10,Damaged During Delivery,2,9085.95
R003242,O032894,P0029,C06183,2026-03-13,Not as Expected,1,24326.01
R003243,O032900,P0145,C00209,2025-03-05,Size Issue,1,13600.23
R003244,O032905,P0191,C05160,2026-02-09,Not as Expected,1,11571.12
R003245,O032905,P0261,C05160,2026-02-02,Damaged During Delivery,1,326.15
R003246,O032913,P0170,C04558,2026-12-03,Not as Expected,2,18199.38
R003247,O032914,P0022,C00545,2026-06-25,Size Issue,1,13498.8
R003248,O032932,P0332,C04562,2026-07-13,Not as Expected,2,4514.18
R003249,O032936,P0020,C04237,2026-03-08,Size Issue,1,6832.44
R003250,O032936,P0215,C04237,2026-03-14,Not as Expected,1,4487.45
R003251,O032942,P0471,C06867,2025-09-21,Product Defect,3,5915.97
R003252,O032942,P0304,C06867,2025-09-24,Changed Mind,1,3620.98
R003253,O032959,P0108,C02924,2025-02-02,Changed Mind,1,11564.62
R003254,O032965,P0311,C08757,2025-06-07,Changed Mind,1,3901.85
R003255,O032965,P0416,C08757,2025-06-19,Late Delivery,1,9889.65
R003256,O033001,P0358,C06200,2025-06-18,Size Issue,2,2803.37
R003257,O033001,P0115,C06200,2025-06-15,Changed Mind,1,6275.7
R003258,O033010,P0081,C08766,2026-02-26,Size Issue,1,30883.52
R003259,O033073,P0159,C04136,2025-04-15,Damaged During Delivery,1,3144.89
R003260,O033082,P0029,C01295,2026-06-07,Late Delivery,3,75414.19
R003261,O033085,P0336,C07612,2025-09-14,Damaged During Delivery,1,2401.64
R003262,O033085,P0357,C07612,2025-09-15,Changed Mind,1,3872.35
R003263,O033098,P0174,C04576,2026-05-05,Wrong Product,1,12964.42
R003264,O033149,P0440,C07201,2025-08-18,Late Delivery,1,3942.45
R003265,O033160,P0288,C00767,2026-08-05,Late Delivery,1,1782.49
R003266,O033167,P0477,C00685,2026-08-08,Changed Mind,3,16355.4
R003267,O033167,P0180,C00685,2026-08-12,Damaged During Delivery,1,1872.02
R003268,O033167,P0016,C00685,2026-08-10,Size Issue,1,13326.57
R003269,O033173,P0372,C02441,2026-10-03,Size Issue,1,2579.17
R003270,O033173,P0261,C02441,2026-10-06,Not as Expected,1,295.93
R003271,O033184,P0252,C00922,2025-08-30,Not as Expected,1,5883.8
R003272,O033188,P0377,C06711,2025-02-15,Wrong Product,1,3975.56
R003273,O033188,P0385,C06711,2025-02-13,Damaged During Delivery,1,4208.71
R003274,O033208,P0356,C06735,2026-08-25,Not as Expected,1,4119.42
R003275,O033218,P0092,C07116,2025-09-26,Not as Expected,2,6719.73
R003276,O033228,P0328,C04191,2025-12-06,Not as Expected,2,8411.81
R003277,O033233,P0170,C00135,2025-05-29,Wrong Product,1,8921.27
R003278,O033255,P0182,C02968,2026-02-10,Product Defect,1,12163.56
R003279,O033298,P0414,C00817,2025-07-01,Changed Mind,1,4163.54
R003280,O033298,P0091,C00817,2025-07-10,Product Defect,1,11627.37
R003281,O033298,P0227,C00817,2025-07-01,Not as Expected,1,5998.3
R003282,O033303,P0220,C09247,2025-12-11,Size Issue,1,1017.31
R003283,O033322,P0455,C04188,2026-06-09,Product Defect,2,12513.48
R003284,O033360,P0112,C04493,2026-10-01,Not as Expected,1,567.39
R003285,O033360,P0222,C04493,2026-10-06,Product Defect,1,2169.41
R003286,O033389,P0441,C04533,2026-01-15,Not as Expected,1,7977.23
R003287,O033399,P0126,C01493,2025-08-16,Not as Expected,2,22197.12
R003288,O033399,P0217,C01493,2025-07-31,Size Issue,2,9473.17
R003289,O033400,P0308,C00941,2026-01-15,Changed Mind,1,2470.29
R003290,O033422,P0124,C05931,2026-08-16,Size Issue,1,562.23
R003291,O033448,P0343,C02687,2026-10-14,Late Delivery,1,2354.05
R003292,O033476,P0353,C09415,2025-11-26,Size Issue,1,2349.08
R003293,O033479,P0432,C03688,2025-06-29,Changed Mind,2,9069.07
R003294,O033479,P0346,C03688,2025-06-24,Size Issue,1,544.07
R003295,O033479,P0267,C03688,2025-06-17,Changed Mind,1,6190.6
R003296,O033486,P0202,C00272,2025-02-15,Product Defect,1,6651.16
R003297,O033517,P0025,C02650,2027-01-07,Product Defect,2,59955.94
R003298,O033519,P0326,C08099,2025-01-13,Not as Expected,1,300.36
R003299,O033535,P0254,C01741,2025-08-29,Product Defect,1,3993.33
R003300,O033535,P0435,C01741,2025-08-21,Wrong Product,1,4310.2
R003301,O033535,P0234,C01741,2025-08-24,Late Delivery,2,8957.16
R003302,O033544,P0322,C04755,2026-01-24,Wrong Product,1,4159.02
R003303,O033544,P0287,C04755,2026-02-05,Wrong Product,1,733.04
R003304,O033544,P0446,C04755,2026-02-07,Late Delivery,1,3939.83
R003305,O033546,P0123,C07925,2025-11-19,Not as Expected,2,25141.98
R003306,O033547,P0245,C08987,2026-02-04,Not as Expected,1,4865.43
R003307,O033581,P0278,C07500,2026-07-08,Not as Expected,1,5646.24
R003308,O033589,P0165,C03918,2026-10-21,Damaged During Delivery,2,9305.16
R003309,O033611,P0412,C06605,2026-01-31,Size Issue,1,6263.46
R003310,O033611,P0394,C06605,2026-02-02,Size Issue,1,753.02
R003311,O033676,P0196,C01780,2026-12-10,Size Issue,1,811.77
R003312,O033684,P0327,C03189,2025-01-27,Not as Expected,1,287.26
R003313,O033690,P0492,C05868,2025-02-22,Changed Mind,1,11480.53
R003314,O033697,P0460,C04080,2025-04-10,Not as Expected,1,4613.29
R003315,O033699,P0406,C01114,2026-02-01,Late Delivery,1,10597.8
R003316,O033711,P0415,C06066,2025-06-10,Changed Mind,2,13449.73
R003317,O033711,P0260,C06066,2025-06-26,Changed Mind,1,377.06
R003318,O033742,P0361,C04872,2025-07-16,Late Delivery,2,6587.62
R003319,O033742,P0300,C04872,2025-07-11,Size Issue,1,1812.19
R003320,O033748,P0347,C00689,2025-10-26,Not as Expected,1,1091.86
R003321,O033748,P0096,C00689,2025-10-24,Damaged During Delivery,3,9742.78
R003322,O033764,P0345,C09492,2026-09-09,Changed Mind,2,8428.53
R003323,O033836,P0286,C08965,2025-01-28,Size Issue,1,1661.52
R003324,O033845,P0019,C07697,2026-05-04,Late Delivery,2,38705.76
R003325,O033852,P0062,C09480,2025-03-10,Not as Expected,1,27287.53
R003326,O033858,P0452,C00382,2025-05-21,Damaged During Delivery,1,1742.0
R003327,O033879,P0120,C04722,2025-11-03,Not as Expected,1,3003.77
R003328,O033879,P0256,C04722,2025-11-08,Product Defect,1,5732.26
R003329,O033890,P0290,C08298,2026-12-23,Size Issue,1,4678.78
R003330,O033893,P0161,C00026,2026-10-29,Size Issue,1,12883.66
R003331,O033895,P0305,C08518,2025-02-26,Size Issue,1,3608.11
R003332,O033895,P0470,C08518,2025-03-01,Changed Mind,1,5494.95
R003333,O033897,P0469,C01138,2025-04-23,Size Issue,2,19375.72
R003334,O033898,P0227,C02502,2026-11-05,Not as Expected,1,5689.24
R003335,O033919,P0493,C07702,2025-03-19,Wrong Product,1,2891.56
R003336,O033937,P0286,C03530,2025-08-18,Late Delivery,1,1640.77
R003337,O033937,P0231,C03530,2025-08-06,Not as Expected,3,10661.56
R003338,O033969,P0340,C03628,2025-05-12,Changed Mind,1,2389.2
R003339,O033979,P0284,C04835,2025-09-24,Size Issue,1,3804.2
R003340,O033979,P0061,C04835,2025-09-10,Changed Mind,1,3686.1
R003341,O033986,P0486,C06966,2025-08-04,Late Delivery,1,8731.67
R003342,O034017,P0180,C09253,2026-10-24,Late Delivery,1,1771.05
R003343,O034127,P0078,C01808,2026-05-16,Damaged During Delivery,1,24815.0
R003344,O034127,P0388,C01808,2026-05-27,Wrong Product,2,7382.82
R003345,O034139,P0206,C06852,2026-04-11,Damaged During Delivery,1,5040.88
R003346,O034143,P0431,C08750,2025-08-06,Size Issue,1,7026.51
R003347,O034151,P0476,C00746,2026-02-05,Damaged During Delivery,2,4552.19
R003348,O034165,P0493,C02301,2026-06-28,Damaged During Delivery,2,5755.03
R003349,O034165,P0294,C02301,2026-06-28,Size Issue,1,2133.7
R003350,O034166,P0319,C08983,2025-06-25,Not as Expected,1,2781.52
R003351,O034188,P0384,C02897,2025-09-24,Changed Mind,1,4312.56
R003352,O034190,P0396,C05796,2026-07-03,Not as Expected,1,1478.38
R003353,O034190,P0426,C05796,2026-06-19,Damaged During Delivery,1,739.66
R003354,O034197,P0384,C03058,2026-02-07,Size Issue,1,4796.69
R003355,O034205,P0358,C04808,2026-09-29,Not as Expected,1,1290.57
R003356,O034214,P0458,C04556,2026-06-07,Not as Expected,1,9208.19
R003357,O034214,P0111,C04556,2026-05-23,Changed Mind,1,15558.41
R003358,O034241,P0196,C04833,2025-06-12,Product Defect,1,837.07
R003359,O034275,P0436,C03552,2025-10-31,Not as Expected,1,5626.53
R003360,O034277,P0327,C03117,2026-08-31,Changed Mind,1,270.2
R003361,O034277,P0421,C03117,2026-08-27,Damaged During Delivery,1,1480.76
R003362,O034293,P0465,C01147,2025-12-18,Wrong Product,2,8917.6
R003363,O034299,P0193,C00224,2026-10-16,Product Defect,1,2192.26
R003364,O034310,P0480,C08013,2026-11-22,Not as Expected,1,1526.38
R003365,O034322,P0245,C04015,2026-07-26,Not as Expected,1,5408.33
R003366,O034322,P0209,C04015,2026-07-19,Not as Expected,1,4659.35
R003367,O034324,P0498,C07365,2026-10-23,Changed Mind,1,1512.07
R003368,O034326,P0050,C08990,2026-02-20,Product Defect,1,16747.3
R003369,O034376,P0069,C07474,2025-12-21,Not as Expected,1,9022.63
R003370,O034376,P0396,C07474,2025-12-18,Changed Mind,3,4621.17
R003371,O034384,P0264,C09969,2025-07-06,Product Defect,1,2682.02
R003372,O034400,P0045,C05666,2026-06-15,Late Delivery,1,2131.76
R003373,O034400,P0399,C05666,2026-06-11,Not as Expected,2,8432.96
R003374,O034425,P0406,C05831,2026-12-14,Damaged During Delivery,1,11700.56
R003375,O034437,P0186,C07719,2026-11-17,Size Issue,1,9776.54
R003376,O034469,P0495,C04388,2025-06-26,Changed Mind,1,8743.52
R003377,O034477,P0305,C07696,2025-06-24,Changed Mind,1,3644.21
R003378,O034491,P0415,C00015,2026-02-11,Not as Expected,1,6520.5
R003379,O034491,P0123,C00015,2026-02-13,Not as Expected,1,12902.04
R003380,O034493,P0418,C02673,2026-02-11,Product Defect,1,7766.13
R003381,O034498,P0341,C01851,2025-07-05,Late Delivery,1,359.73
R003382,O034498,P0235,C01851,2025-07-03,Wrong Product,1,1805.51
R003383,O034516,P0160,C00528,2026-03-14,Wrong Product,1,7446.12
R003384,O034548,P0014,C05026,2025-09-03,Not as Expected,1,8967.76
R003385,O034555,P0081,C04538,2025-11-06,Damaged During Delivery,1,31159.31
R003386,O034568,P0153,C03396,2026-06-22,Changed Mind,1,4957.75
R003387,O034591,P0076,C06589,2025-05-14,Changed Mind,1,26651.19
R003388,O034593,P0258,C03792,2025-09-12,Late Delivery,1,5950.12
R003389,O034593,P0136,C03792,2025-09-16,Damaged During Delivery,2,23636.55
R003390,O034647,P0349,C07105,2026-04-30,Damaged During Delivery,1,4042.2
R003391,O034647,P0478,C07105,2026-05-10,Changed Mind,1,3530.28
R003392,O034650,P0100,C06894,2026-09-28,Not as Expected,2,26654.87
R003393,O034672,P0379,C08332,2025-11-21,Size Issue,1,427.11
R003394,O034676,P0366,C05604,2025-10-18,Damaged During Delivery,3,4110.12
R003395,O034680,P0237,C02798,2026-11-07,Changed Mind,1,6014.8
R003396,O034697,P0241,C05113,2025-01-21,Product Defect,1,6035.49
R003397,O034708,P0162,C05331,2025-10-04,Not as Expected,1,3157.6
R003398,O034708,P0264,C05331,2025-10-17,Product Defect,1,2708.48
R003399,O034756,P0451,C04391,2026-12-22,Not as Expected,1,773.44
R003400,O034758,P0383,C07548,2026-03-06,Changed Mind,1,2875.98
R003401,O034772,P0361,C09865,2026-08-05,Not as Expected,1,3317.96
R003402,O034776,P0335,C05719,2026-10-04,Changed Mind,1,183.94
R003403,O034776,P0144,C05719,2026-09-30,Not as Expected,1,12594.73
R003404,O034789,P0119,C03047,2025-04-11,Changed Mind,1,12167.59
R003405,O034789,P0434,C03047,2025-04-14,Size Issue,1,1688.74
R003406,O034799,P0330,C05253,2027-01-11,Changed Mind,1,3787.28
R003407,O034813,P0083,C08703,2025-12-08,Not as Expected,1,2373.51
R003408,O034813,P0212,C08703,2025-11-26,Damaged During Delivery,1,4819.23
R003409,O034828,P0287,C04677,2026-02-07,Damaged During Delivery,2,1421.85
R003410,O034828,P0118,C04677,2026-02-13,Not as Expected,1,2037.45
R003411,O034844,P0145,C09274,2025-03-11,Not as Expected,1,13751.93
R003412,O034845,P0294,C07762,2025-10-13,Damaged During Delivery,1,2125.17
R003413,O034845,P0051,C07762,2025-10-24,Damaged During Delivery,2,19392.73
R003414,O034850,P0058,C08347,2026-09-08,Product Defect,1,8642.0
R003415,O034856,P0069,C04352,2025-08-23,Changed Mind,1,9503.54
R003416,O034871,P0394,C08251,2026-02-17,Product Defect,2,1340.71
R003417,O034917,P0316,C02448,2025-01-25,Changed Mind,1,4246.92
R003418,O034917,P0130,C02448,2025-01-15,Not as Expected,2,8049.16
R003419,O034930,P0456,C01734,2025-09-16,Wrong Product,1,898.86
R003420,O034930,P0019,C01734,2025-09-23,Product Defect,1,19555.46
R003421,O035007,P0155,C01939,2025-05-03,Not as Expected,2,21530.7
R003422,O035007,P0022,C01939,2025-05-05,Changed Mind,1,13567.91
R003423,O035042,P0088,C07015,2025-01-25,Size Issue,1,11428.8
R003424,O035042,P0402,C07015,2025-01-27,Product Defect,3,4806.88
R003425,O035047,P0107,C09783,2026-01-31,Not as Expected,2,7875.7
R003426,O035070,P0447,C03636,2026-06-12,Changed Mind,1,2007.3
R003427,O035073,P0308,C01365,2026-11-28,Late Delivery,1,2652.74
R003428,O035075,P0191,C07094,2026-01-15,Not as Expected,1,12653.31
R003429,O035129,P0307,C07826,2025-02-22,Changed Mind,1,2940.82
R003430,O035137,P0322,C03503,2025-01-25,Wrong Product,1,3963.79
R003431,O035139,P0232,C07655,2026-06-17,Changed Mind,2,10453.53
R003432,O035139,P0199,C07655,2026-06-06,Late Delivery,1,12358.54
R003433,O035151,P0404,C09624,2026-05-12,Not as Expected,1,6227.32
R003434,O035176,P0331,C09958,2026-12-15,Product Defect,1,1726.06
R003435,O035176,P0137,C09958,2026-12-10,Late Delivery,2,13679.95
R003436,O035248,P0196,C00684,2025-11-04,Changed Mind,1,798.57
R003437,O035255,P0189,C08183,2025-12-03,Damaged During Delivery,1,1022.19
R003438,O035255,P0448,C08183,2025-12-15,Product Defect,2,5062.78
R003439,O035255,P0264,C08183,2025-12-15,Product Defect,1,2728.26
R003440,O035266,P0015,C03026,2026-06-14,Not as Expected,2,24780.23
R003441,O035280,P0200,C00828,2025-09-29,Size Issue,1,12158.96
R003442,O035290,P0165,C00039,2026-01-18,Wrong Product,1,4448.06
R003443,O035293,P0295,C08246,2026-01-22,Damaged During Delivery,1,1978.89
R003444,O035293,P0076,C08246,2026-01-16,Changed Mind,1,23782.94
R003445,O035296,P0428,C04440,2025-03-07,Late Delivery,1,3127.57
R003446,O035301,P0419,C04541,2026-01-10,Wrong Product,1,8453.13
R003447,O035301,P0208,C04541,2026-01-13,Product Defect,1,424.99
R003448,O035301,P0025,C04541,2026-01-14,Product Defect,1,28721.01
R003449,O035305,P0462,C01164,2026-01-23,Not as Expected,2,16984.42
R003450,O035305,P0228,C01164,2026-01-25,Changed Mind,1,1205.49
R003451,O035307,P0376,C06473,2026-05-09,Changed Mind,1,2530.0
R003452,O035307,P0253,C06473,2026-05-02,Changed Mind,1,3630.84
R003453,O035312,P0137,C05423,2026-11-05,Not as Expected,1,6879.02
R003454,O035312,P0396,C05423,2026-11-15,Not as Expected,1,1491.43
R003455,O035338,P0362,C05784,2025-02-25,Product Defect,1,2814.92
R003456,O035345,P0054,C07169,2026-05-31,Size Issue,1,4847.73
R003457,O035345,P0233,C07169,2026-05-27,Not as Expected,1,4178.03
R003458,O035345,P0446,C07169,2026-06-04,Not as Expected,1,3668.39
R003459,O035353,P0256,C02104,2025-05-08,Size Issue,1,5824.47
R003460,O035378,P0104,C08818,2026-10-19,Not as Expected,2,26799.26
R003461,O035384,P0165,C04017,2026-11-26,Size Issue,1,4554.66
R003462,O035392,P0371,C03848,2026-06-19,Late Delivery,1,2501.17
R003463,O035399,P0098,C08153,2026-12-06,Not as Expected,1,10244.0
R003464,O035447,P0315,C05381,2025-12-30,Product Defect,2,3620.91
R003465,O035452,P0097,C04579,2025-03-22,Size Issue,1,32606.01
R003466,O035455,P0485,C09600,2025-06-16,Wrong Product,1,7172.28
R003467,O035457,P0442,C02824,2026-04-19,Damaged During Delivery,1,8375.34
R003468,O035466,P0449,C08302,2026-03-24,Changed Mind,1,10566.08
R003469,O035466,P0003,C08302,2026-03-28,Changed Mind,1,6794.86
R003470,O035488,P0302,C08589,2026-02-08,Not as Expected,1,1200.82
R003471,O035489,P0416,C08644,2026-11-09,Not as Expected,1,10477.78
R003472,O035495,P0433,C08003,2025-05-22,Changed Mind,3,3129.44
R003473,O035506,P0135,C04872,2025-10-25,Size Issue,1,6090.46
R003474,O035514,P0394,C01988,2026-02-20,Changed Mind,1,696.34
R003475,O035546,P0105,C03694,2026-09-07,Product Defect,1,9430.49
R003476,O035546,P0130,C03694,2026-09-10,Late Delivery,1,3760.06
R003477,O035549,P0396,C00099,2026-05-13,Wrong Product,2,3077.35
R003478,O035567,P0053,C04745,2026-07-29,Product Defect,1,4051.22
R003479,O035573,P0098,C07785,2025-10-23,Not as Expected,1,10491.72
R003480,O035573,P0360,C07785,2025-10-25,Changed Mind,1,3430.71
R003481,O035577,P0256,C01115,2026-03-02,Changed Mind,2,12689.21
R003482,O035587,P0421,C07786,2026-11-01,Changed Mind,1,1373.13
R003483,O035596,P0450,C02498,2025-09-06,Size Issue,1,11453.38
R003484,O035597,P0370,C06729,2025-10-17,Changed Mind,1,878.85
R003485,O035620,P0159,C09545,2025-05-16,Size Issue,1,2992.35
R003486,O035620,P0203,C09545,2025-05-16,Not as Expected,1,5511.56
R003487,O035627,P0152,C01811,2026-10-09,Size Issue,1,2308.09
R003488,O035636,P0037,C09825,2025-11-19,Size Issue,1,745.98
R003489,O035652,P0348,C00480,2026-08-13,Not as Expected,1,3578.63
R003490,O035652,P0420,C00480,2026-08-15,Not as Expected,1,1502.19
R003491,O035658,P0183,C09591,2026-04-19,Damaged During Delivery,1,14528.91
R003492,O035658,P0027,C09591,2026-04-14,Size Issue,2,31356.39
R003493,O035661,P0303,C06600,2025-10-24,Changed Mind,1,3566.87
R003494,O035661,P0285,C06600,2025-10-23,Late Delivery,1,4066.8
R003495,O035670,P0463,C02599,2025-08-21,Late Delivery,2,7050.61
R003496,O035670,P0460,C02599,2025-08-24,Wrong Product,1,4892.2
R003497,O035670,P0103,C02599,2025-08-27,Damaged During Delivery,1,1589.42
R003498,O035688,P0033,C03742,2025-06-02,Size Issue,2,14522.23
R003499,O035759,P0377,C02135,2025-12-09,Late Delivery,1,3913.68
R003500,O035759,P0095,C02135,2025-12-05,Changed Mind,1,5652.27
R003501,O035759,P0317,C02135,2025-12-03,Size Issue,1,2433.64
R003502,O035784,P0403,C06327,2025-01-16,Changed Mind,1,10322.71
R003503,O035784,P0041,C06327,2025-01-28,Wrong Product,2,29649.23
R003504,O035784,P0151,C06327,2025-01-19,Changed Mind,1,4445.75
R003505,O035786,P0158,C06707,2026-07-24,Changed Mind,2,1617.21
R003506,O035797,P0154,C08510,2025-07-05,Not as Expected,1,5889.4
R003507,O035816,P0120,C05464,2025-06-17,Size Issue,1,3240.44
R003508,O035820,P0026,C06728,2026-09-10,Size Issue,1,12282.3
R003509,O035834,P0474,C00407,2025-06-15,Late Delivery,1,3501.45
R003510,O035843,P0413,C04305,2026-02-23,Product Defect,1,7905.31
R003511,O035843,P0406,C04305,2026-02-26,Changed Mind,1,10336.28
R003512,O035857,P0461,C02029,2025-12-26,Changed Mind,1,2405.58
R003513,O035861,P0128,C01843,2026-07-23,Size Issue,2,19437.77
R003514,O035866,P0107,C04646,2026-12-13,Not as Expected,3,12572.75
R003515,O035873,P0054,C01912,2025-03-08,Product Defect,1,5174.02
R003516,O035887,P0217,C00667,2025-11-11,Changed Mind,1,4508.15
R003517,O035887,P0445,C00667,2025-11-13,Not as Expected,2,20967.03
R003518,O035887,P0114,C00667,2025-11-22,Changed Mind,1,2044.49
R003519,O035907,P0070,C05606,2025-09-21,Damaged During Delivery,1,2704.61
R003520,O035909,P0287,C09868,2026-11-19,Size Issue,1,710.68
R003521,O035909,P0333,C09868,2026-11-19,Changed Mind,1,3633.27
R003522,O035909,P0062,C09868,2026-11-17,Size Issue,1,25174.22
R003523,O035930,P0056,C07093,2025-05-12,Changed Mind,1,9601.15
R003524,O035930,P0215,C07093,2025-05-15,Damaged During Delivery,2,9588.33
R003525,O035937,P0447,C09811,2025-06-07,Not as Expected,1,2076.33
R003526,O035937,P0079,C09811,2025-06-09,Damaged During Delivery,3,9023.78
R003527,O035949,P0340,C09099,2025-08-21,Changed Mind,1,2211.03
R003528,O035970,P0426,C00184,2026-08-24,Changed Mind,2,1426.45
R003529,O035970,P0295,C00184,2026-08-22,Not as Expected,1,1959.44
R003530,O035973,P0183,C08859,2025-06-29,Not as Expected,1,14058.14
R003531,O035973,P0208,C08859,2025-07-06,Size Issue,1,399.82
R003532,O035980,P0170,C06483,2027-01-02,Not as Expected,1,8222.26
R003533,O035981,P0384,C03620,2026-02-13,Late Delivery,2,9011.55
R003534,O035992,P0148,C07764,2026-08-06,Late Delivery,1,1515.64
R003535,O036008,P0049,C03811,2026-10-27,Size Issue,1,6981.08
R003536,O036018,P0357,C08190,2026-06-10,Changed Mind,1,3878.69
R003537,O036033,P0101,C01251,2025-09-03,Size Issue,1,9377.86
R003538,O036048,P0378,C08664,2025-08-17,Not as Expected,2,2511.47
R003539,O036061,P0443,C05902,2026-09-04,Not as Expected,1,8031.8
R003540,O036066,P0166,C01943,2026-06-07,Product Defect,1,7074.57
R003541,O036066,P0409,C01943,2026-06-06,Late Delivery,1,9553.55
R003542,O036071,P0476,C03700,2026-03-18,Late Delivery,1,2389.52
R003543,O036071,P0058,C03700,2026-03-22,Late Delivery,1,9809.41
R003544,O036071,P0125,C03700,2026-04-01,Size Issue,2,31543.01
R003545,O036088,P0384,C04813,2026-06-11,Not as Expected,1,4644.77
R003546,O036099,P0021,C07839,2026-10-11,Size Issue,1,20084.85
R003547,O036108,P0280,C07333,2026-01-01,Size Issue,1,2056.75
R003548,O036110,P0281,C09315,2025-08-29,Size Issue,2,6473.14
R003549,O036122,P0437,C02316,2026-05-28,Size Issue,1,7809.87
R003550,O036159,P0069,C00168,2026-05-15,Wrong Product,1,9911.24
R003551,O036162,P0408,C01290,2026-04-12,Damaged During Delivery,1,10299.23
R003552,O036179,P0366,C00831,2026-07-20,Changed Mind,3,3953.63
R003553,O036181,P0415,C09863,2025-12-26,Damaged During Delivery,1,6987.51
R003554,O036213,P0275,C00706,2026-04-23,Product Defect,1,6489.18
R003555,O036213,P0300,C00706,2026-05-03,Damaged During Delivery,1,1777.93
R003556,O036221,P0479,C09520,2025-01-30,Late Delivery,1,4157.03
R003557,O036231,P0249,C06234,2026-01-17,Product Defect,1,3542.1
R003558,O036252,P0226,C02707,2025-12-16,Wrong Product,2,9955.03
R003559,O036298,P0075,C07759,2026-12-19,Changed Mind,2,56726.51
R003560,O036306,P0430,C07359,2025-06-13,Size Issue,1,5864.72
R003561,O036315,P0126,C07544,2025-06-07,Product Defect,1,10753.02
R003562,O036327,P0198,C04267,2026-07-19,Damaged During Delivery,1,14895.38
R003563,O036327,P0268,C04267,2026-07-17,Size Issue,1,6119.3
R003564,O036387,P0340,C05206,2025-03-20,Damaged During Delivery,1,2348.38
R003565,O036413,P0029,C04005,2025-03-20,Wrong Product,1,26473.84
R003566,O036413,P0424,C04005,2025-03-09,Product Defect,1,2426.97
R003567,O036468,P0216,C05297,2025-02-07,Size Issue,1,2057.19
R003568,O036468,P0447,C05297,2025-02-06,Damaged During Delivery,1,2116.17
R003569,O036484,P0339,C08381,2025-09-19,Damaged During Delivery,1,1242.1
R003570,O036484,P0050,C08381,2025-09-29,Changed Mind,1,16589.24
R003571,O036487,P0033,C00505,2025-01-28,Wrong Product,2,14340.69
R003572,O036519,P0303,C09397,2026-01-03,Late Delivery,2,7400.36
R003573,O036526,P0081,C06923,2026-01-18,Size Issue,1,28304.93
R003574,O036543,P0463,C02581,2026-12-21,Damaged During Delivery,1,3465.01
R003575,O036584,P0392,C04434,2026-08-17,Damaged During Delivery,1,2753.74
R003576,O036589,P0237,C04010,2026-10-17,Late Delivery,1,6190.76
R003577,O036593,P0350,C04697,2026-01-31,Size Issue,1,3325.42
R003578,O036639,P0123,C07115,2025-10-19,Damaged During Delivery,1,12537.19
R003579,O036640,P0202,C02549,2025-03-10,Changed Mind,1,6610.97
R003580,O036640,P0288,C02549,2025-03-09,Not as Expected,1,1861.82
R003581,O036641,P0376,C04268,2025-09-20,Changed Mind,1,2287.91
R003582,O036643,P0099,C05658,2026-03-31,Damaged During Delivery,1,29155.11
R003583,O036662,P0415,C08750,2025-02-08,Changed Mind,1,6662.97
R003584,O036683,P0085,C07790,2025-03-09,Not as Expected,1,1186.15
R003585,O036703,P0328,C06756,2025-04-11,Not as Expected,1,4306.32
R003586,O036703,P0008,C06756,2025-04-08,Size Issue,2,4352.18
R003587,O036704,P0129,C01747,2026-06-11,Damaged During Delivery,2,15159.99
R003588,O036705,P0172,C02188,2025-06-26,Changed Mind,1,11673.14
R003589,O036728,P0049,C07276,2026-08-09,Size Issue,1,6878.2
R003590,O036728,P0002,C07276,2026-08-09,Changed Mind,2,44854.2
R003591,O036734,P0170,C05048,2026-03-30,Late Delivery,3,27222.22
R003592,O036736,P0390,C03782,2025-07-05,Changed Mind,1,793.57
R003593,O036766,P0323,C07489,2026-10-07,Damaged During Delivery,1,473.02
R003594,O036780,P0331,C01938,2025-03-15,Changed Mind,1,1892.62
R003595,O036788,P0213,C07408,2026-03-23,Not as Expected,2,10302.71
R003596,O036812,P0009,C09478,2025-06-10,Product Defect,1,29333.62
R003597,O036820,P0279,C03186,2026-04-29,Changed Mind,1,2870.17
R003598,O036849,P0179,C07042,2025-08-27,Size Issue,3,3267.89
R003599,O036868,P0346,C07534,2025-05-11,Late Delivery,1,496.29
R003600,O036871,P0128,C09793,2025-06-08,Size Issue,1,9716.58
R003601,O036877,P0341,C09337,2025-04-11,Not as Expected,1,359.43
R003602,O036890,P0184,C00840,2025-11-26,Not as Expected,1,9501.14
R003603,O036897,P0036,C04669,2025-10-24,Late Delivery,1,2998.86
R003604,O036902,P0151,C01908,2025-09-13,Late Delivery,1,4645.27
R003605,O036903,P0078,C04912,2025-05-29,Not as Expected,2,43664.4
R003606,O036914,P0422,C00218,2025-03-08,Size Issue,1,7732.78
R003607,O036914,P0318,C00218,2025-03-05,Damaged During Delivery,1,357.49
R003608,O036939,P0173,C06787,2026-01-24,Size Issue,1,9583.3
R003609,O036949,P0076,C02094,2025-02-10,Size Issue,2,48648.46
R003610,O036958,P0215,C07400,2026-04-12,Changed Mind,1,5005.7
R003611,O036958,P0129,C07400,2026-04-19,Wrong Product,1,7042.15
R003612,O036980,P0002,C05689,2026-07-14,Not as Expected,1,19758.47
R003613,O036996,P0187,C05958,2026-01-14,Not as Expected,1,1735.6
R003614,O037004,P0032,C03404,2026-11-28,Damaged During Delivery,2,1396.9
R003615,O037004,P0318,C03404,2026-12-03,Not as Expected,1,379.27
R003616,O037007,P0293,C08049,2025-09-29,Product Defect,1,2988.49
R003617,O037045,P0244,C00612,2025-11-11,Size Issue,2,4215.99
R003618,O037073,P0483,C00547,2025-10-28,Changed Mind,1,2048.04
R003619,O037073,P0260,C00547,2025-10-29,Product Defect,1,361.2
R003620,O037092,P0036,C02231,2026-08-13,Changed Mind,1,2611.58
R003621,O037099,P0426,C07828,2025-08-10,Not as Expected,2,1536.86
R003622,O037106,P0305,C08551,2026-04-29,Changed Mind,1,3332.66
R003623,O037124,P0075,C02035,2025-12-23,Size Issue,1,29904.62
R003624,O037124,P0244,C02035,2025-12-30,Not as Expected,3,6645.78
R003625,O037132,P0139,C03170,2025-12-18,Not as Expected,1,5689.53
R003626,O037135,P0195,C07760,2025-02-25,Changed Mind,2,28550.03
R003627,O037135,P0221,C07760,2025-02-20,Not as Expected,1,5866.22
R003628,O037136,P0415,C07251,2025-11-12,Changed Mind,1,7196.54
R003629,O037136,P0143,C07251,2025-10-31,Product Defect,1,7595.12
R003630,O037162,P0498,C08044,2026-09-24,Changed Mind,1,1442.65
R003631,O037165,P0471,C01499,2025-01-29,Size Issue,2,4115.35
R003632,O037165,P0173,C01499,2025-01-26,Late Delivery,1,9942.78
R003633,O037167,P0359,C06385,2026-08-28,Damaged During Delivery,1,279.49
R003634,O037167,P0075,C06385,2026-08-18,Size Issue,1,24736.71
R003635,O037168,P0029,C03157,2025-07-11,Changed Mind,1,24153.71
R003636,O037184,P0164,C01415,2025-11-20,Late Delivery,1,16960.88
R003637,O037188,P0323,C00683,2026-03-06,Size Issue,1,433.32
R003638,O037237,P0297,C01529,2025-03-03,Size Issue,1,713.23
R003639,O037237,P0175,C01529,2025-02-27,Size Issue,3,39444.77
R003640,O037240,P0275,C07060,2026-05-15,Not as Expected,1,6235.36
R003641,O037246,P0146,C06976,2026-11-06,Not as Expected,1,14425.54
R003642,O037246,P0432,C06976,2026-11-06,Size Issue,1,4203.3
R003643,O037246,P0397,C06976,2026-10-27,Product Defect,1,4428.13
R003644,O037253,P0269,C08026,2025-03-28,Product Defect,1,1417.68
R003645,O037255,P0248,C07454,2025-07-31,Changed Mind,1,4453.6
R003646,O037255,P0459,C07454,2025-08-01,Wrong Product,1,9253.91
R003647,O037257,P0270,C04693,2027-01-17,Wrong Product,1,1173.71
R003648,O037257,P0110,C04693,2027-01-05,Product Defect,1,4093.44
R003649,O037257,P0284,C04693,2027-01-05,Not as Expected,1,3574.77
R003650,O037280,P0483,C03262,2026-03-12,Late Delivery,1,1860.47
R003651,O037301,P0195,C00421,2025-02-03,Wrong Product,1,14420.98
R003652,O037303,P0330,C05984,2025-10-19,Size Issue,1,3937.64
R003653,O037303,P0008,C05984,2025-10-30,Damaged During Delivery,2,3924.16
R003654,O037335,P0150,C01856,2026-06-03,Not as Expected,2,3387.2
R003655,O037340,P0120,C08786,2026-01-04,Late Delivery,1,2992.95
R003656,O037340,P0084,C08786,2026-01-09,Product Defect,1,8251.58
R003657,O037350,P0420,C06765,2025-11-07,Changed Mind,1,1525.52
R003658,O037350,P0023,C06765,2025-11-02,Product Defect,1,26419.95
R003659,O037381,P0203,C09416,2025-12-18,Late Delivery,2,10920.58
R003660,O037418,P0075,C06154,2026-11-25,Size Issue,1,29757.46
R003661,O037423,P0098,C09919,2025-03-08,Damaged During Delivery,2,18853.92
R003662,O037432,P0421,C01755,2025-12-04,Wrong Product,1,1501.75
R003663,O037449,P0206,C05335,2025-04-08,Product Defect,1,4942.89
R003664,O037475,P0479,C04976,2025-11-11,Changed Mind,1,4260.13
R003665,O037475,P0470,C04976,2025-11-15,Not as Expected,1,4892.15
R003666,O037498,P0046,C02572,2026-09-25,Size Issue,2,15807.61
R003667,O037511,P0448,C00840,2025-01-16,Product Defect,3,8268.83
R003668,O037511,P0217,C00840,2025-01-16,Not as Expected,1,4966.29
R003669,O037515,P0193,C05174,2026-09-28,Damaged During Delivery,1,2515.24
R003670,O037539,P0281,C09422,2026-05-04,Size Issue,1,3027.67
R003671,O037539,P0423,C09422,2026-04-30,Late Delivery,1,1934.43
R003672,O037539,P0236,C09422,2026-04-21,Not as Expected,1,3117.85
R003673,O037545,P0446,C07681,2026-04-27,Not as Expected,3,11473.94
R003674,O037545,P0232,C07681,2026-05-10,Size Issue,1,5197.89
R003675,O037556,P0326,C09989,2026-11-18,Not as Expected,1,297.2
R003676,O037563,P0059,C09896,2027-01-06,Product Defect,1,27988.99
R003677,O037579,P0470,C05285,2026-07-29,Size Issue,1,4814.6
R003678,O037579,P0161,C05285,2026-07-30,Product Defect,1,11731.16
R003679,O037579,P0107,C05285,2026-07-27,Not as Expected,1,3953.91
R003680,O037611,P0373,C07811,2025-10-12,Changed Mind,1,1879.14
R003681,O037611,P0103,C07811,2025-10-03,Size Issue,1,1675.68
R003682,O037618,P0314,C05048,2025-04-02,Product Defect,1,2518.19
R003683,O037631,P0361,C08541,2025-02-26,Size Issue,1,3510.28
R003684,O037631,P0296,C08541,2025-02-23,Not as Expected,1,6400.5
R003685,O037631,P0131,C08541,2025-02-14,Damaged During Delivery,1,13744.49
R003686,O037634,P0044,C04625,2025-11-23,Size Issue,1,6264.87
R003687,O037676,P0344,C04649,2026-04-08,Size Issue,3,1514.39
R003688,O037676,P0170,C04649,2026-03-26,Not as Expected,1,8582.97
R003689,O037676,P0186,C04649,2026-04-09,Not as Expected,1,8942.28
R003690,O037683,P0431,C06874,2025-02-16,Damaged During Delivery,1,7603.29
R003691,O037710,P0200,C03105,2026-02-16,Product Defect,1,12452.82
R003692,O037713,P0441,C06421,2025-03-03,Not as Expected,1,7769.48
R003693,O037713,P0167,C06421,2025-02-27,Not as Expected,1,4953.69
R003694,O037749,P0192,C05731,2025-03-03,Size Issue,1,3254.48
R003695,O037749,P0228,C05731,2025-02-24,Late Delivery,2,2405.74
R003696,O037751,P0380,C07794,2025-03-31,Not as Expected,1,3347.56
R003697,O037751,P0070,C07794,2025-04-01,Size Issue,1,2773.45
R003698,O037768,P0315,C01284,2025-12-22,Damaged During Delivery,2,3589.5
R003699,O037779,P0062,C09357,2026-07-21,Product Defect,1,22213.88
R003700,O037779,P0119,C09357,2026-07-13,Damaged During Delivery,2,24131.03
R003701,O037780,P0201,C06620,2025-09-24,Product Defect,1,1440.28
R003702,O037789,P0203,C07282,2026-04-28,Wrong Product,1,5539.25
R003703,O037808,P0088,C04889,2025-12-28,Size Issue,1,10886.5
R003704,O037817,P0334,C06974,2025-03-05,Changed Mind,1,2185.39
R003705,O037817,P0190,C06974,2025-03-04,Size Issue,1,16072.17
R003706,O037822,P0259,C03202,2026-06-10,Damaged During Delivery,1,5508.38
R003707,O037832,P0373,C00098,2026-12-23,Changed Mind,1,1703.72
R003708,O037860,P0344,C01584,2025-09-14,Changed Mind,1,484.32
R003709,O037861,P0448,C00526,2026-01-21,Late Delivery,1,2778.3
R003710,O037869,P0125,C01680,2025-11-28,Damaged During Delivery,1,15081.17
R003711,O037885,P0473,C07929,2025-09-11,Changed Mind,1,11050.34
R003712,O037904,P0051,C03381,2025-10-09,Size Issue,2,18183.04
R003713,O037926,P0310,C06692,2026-05-21,Size Issue,1,2733.3
R003714,O037950,P0243,C04048,2026-11-04,Product Defect,2,9817.73
R003715,O037951,P0373,C08399,2025-07-07,Changed Mind,2,3771.87
R003716,O037951,P0370,C08399,2025-07-04,Changed Mind,2,1782.38
R003717,O037951,P0267,C08399,2025-07-02,Not as Expected,1,6505.92
R003718,O037958,P0005,C02227,2026-05-15,Not as Expected,1,25697.74
R003719,O037958,P0446,C02227,2026-05-02,Damaged During Delivery,1,4033.01
R003720,O037970,P0240,C00133,2025-08-03,Not as Expected,1,314.41
R003721,O037987,P0376,C02774,2026-01-24,Not as Expected,2,4726.97
R003722,O037988,P0263,C09181,2026-06-01,Size Issue,1,6029.34
R003723,O038035,P0291,C05368,2026-04-28,Late Delivery,1,2239.38
R003724,O038043,P0468,C03093,2025-02-11,Product Defect,1,10132.26
R003725,O038055,P0153,C04648,2026-10-27,Size Issue,1,5125.88
R003726,O038057,P0271,C09609,2025-02-21,Product Defect,1,1604.74
R003727,O038071,P0352,C00155,2025-07-08,Late Delivery,1,2074.45
R003728,O038071,P0337,C00155,2025-06-30,Wrong Product,1,3877.97
R003729,O038075,P0173,C09694,2025-07-18,Wrong Product,1,9528.9
R003730,O038075,P0489,C09694,2025-07-11,Product Defect,1,4912.48
R003731,O038080,P0457,C02055,2025-02-21,Late Delivery,1,4587.23
R003732,O038086,P0170,C06745,2025-08-17,Damaged During Delivery,1,8594.29
R003733,O038086,P0071,C06745,2025-08-27,Late Delivery,2,51440.11
R003734,O038086,P0048,C06745,2025-08-16,Wrong Product,1,9791.01
R003735,O038089,P0225,C09401,2025-07-20,Not as Expected,1,5542.28
R003736,O038101,P0102,C04893,2025-07-23,Size Issue,1,1892.75
R003737,O038101,P0241,C04893,2025-07-12,Damaged During Delivery,1,5631.55
R003738,O038104,P0437,C08876,2026-03-25,Size Issue,1,7651.31
R003739,O038104,P0149,C08876,2026-04-02,Product Defect,1,11137.29
R003740,O038105,P0139,C01297,2026-10-19,Product Defect,1,6248.98
R003741,O038120,P0392,C03512,2026-04-06,Damaged During Delivery,1,2616.75
R003742,O038141,P0405,C09810,2026-01-22,Product Defect,1,10344.32
R003743,O038168,P0367,C01961,2026-06-12,Changed Mind,1,1167.4
R003744,O038168,P0043,C01961,2026-06-10,Size Issue,1,26878.42
R003745,O038173,P0311,C05215,2025-12-30,Changed Mind,1,3916.92
R003746,O038192,P0249,C00266,2025-07-11,Damaged During Delivery,1,3467.82
R003747,O038196,P0238,C02892,2026-01-24,Damaged During Delivery,1,3113.49
R003748,O038196,P0217,C02892,2026-01-26,Product Defect,1,4775.37
R003749,O038196,P0158,C02892,2026-01-31,Size Issue,2,1474.87
R003750,O038214,P0243,C01271,2026-10-05,Not as Expected,1,5081.08
R003751,O038220,P0303,C01428,2025-09-21,Late Delivery,1,3794.87
R003752,O038257,P0258,C03048,2026-01-06,Size Issue,1,6039.78
R003753,O038263,P0467,C08929,2026-10-15,Changed Mind,2,4818.88
R003754,O038265,P0283,C00043,2026-10-24,Changed Mind,1,4334.78
R003755,O038267,P0138,C01076,2026-07-05,Size Issue,3,7693.73
R003756,O038326,P0209,C00172,2025-04-07,Wrong Product,1,4728.06
R003757,O038332,P0451,C01894,2025-05-16,Changed Mind,1,843.87
R003758,O038336,P0028,C04002,2027-01-03,Wrong Product,1,14112.34
R003759,O038336,P0026,C04002,2026-12-24,Size Issue,1,14173.02
R003760,O038336,P0497,C04002,2026-12-20,Not as Expected,1,8745.0
R003761,O038339,P0387,C05555,2025-05-21,Product Defect,2,652.49
R003762,O038354,P0327,C03888,2025-05-29,Changed Mind,1,264.39
R003763,O038356,P0166,C07654,2025-04-22,Not as Expected,1,7392.44
R003764,O038366,P0379,C05992,2025-12-28,Product Defect,2,877.01
R003765,O038379,P0214,C04892,2026-06-23,Not as Expected,1,5670.01
R003766,O038406,P0095,C01521,2026-08-05,Size Issue,1,5146.74
R003767,O038425,P0226,C00725,2025-10-04,Not as Expected,1,4507.64
R003768,O038425,P0222,C00725,2025-09-29,Size Issue,1,2315.0
R003769,O038447,P0230,C03385,2026-02-20,Size Issue,1,4083.11
R003770,O038462,P0265,C08408,2026-05-19,Damaged During Delivery,1,5444.16
R003771,O038462,P0334,C08408,2026-05-20,Late Delivery,1,1995.11
R003772,O038477,P0134,C04970,2026-02-11,Not as Expected,1,16679.27
R003773,O038477,P0150,C04970,2026-02-08,Changed Mind,1,1704.6
R003774,O038477,P0142,C04970,2026-02-17,Damaged During Delivery,1,2363.81
R003775,O038486,P0126,C07760,2026-10-31,Product Defect,1,10851.05
R003776,O038498,P0244,C03016,2026-10-01,Wrong Product,1,2301.76
R003777,O038498,P0304,C03016,2026-10-08,Changed Mind,1,3452.94
R003778,O038528,P0225,C02719,2026-11-18,Size Issue,1,5447.03
R003779,O038528,P0315,C02719,2026-11-27,Late Delivery,1,1659.56
R003780,O038553,P0486,C07724,2025-11-11,Wrong Product,1,8460.79
R003781,O038561,P0421,C07502,2025-05-08,Changed Mind,2,2841.3
R003782,O038569,P0143,C01742,2026-06-11,Size Issue,1,7183.79
R003783,O038574,P0356,C02041,2026-04-28,Damaged During Delivery,1,4566.24
R003784,O038578,P0487,C00530,2025-02-25,Damaged During Delivery,1,5151.33
R003785,O038611,P0081,C03534,2026-12-14,Not as Expected,1,29317.4
R003786,O038611,P0316,C03534,2026-12-15,Changed Mind,1,4146.44
R003787,O038611,P0372,C03534,2026-12-05,Size Issue,1,2916.18
R003788,O038613,P0128,C09004,2026-06-13,Not as Expected,1,10264.19
R003789,O038645,P0299,C06174,2026-10-14,Not as Expected,1,4614.52
R003790,O038647,P0263,C04013,2025-12-10,Late Delivery,1,5980.85
R003791,O038685,P0329,C08755,2025-05-19,Late Delivery,3,5947.56
R003792,O038689,P0475,C01632,2025-12-24,Changed Mind,2,7181.69
R003793,O038732,P0010,C01903,2026-03-10,Changed Mind,1,15907.81
R003794,O038732,P0124,C01903,2026-03-23,Late Delivery,1,554.63
R003795,O038742,P0465,C00630,2026-11-07,Not as Expected,1,4510.04
R003796,O038760,P0305,C00932,2025-07-12,Product Defect,2,6732.05
R003797,O038760,P0241,C00932,2025-07-17,Changed Mind,1,6305.76
R003798,O038767,P0098,C01511,2026-11-05,Changed Mind,1,10300.98
R003799,O038775,P0199,C00681,2025-11-23,Late Delivery,1,12168.84
R003800,O038784,P0232,C05458,2026-10-24,Changed Mind,1,5173.49
R003801,O038798,P0462,C02450,2025-12-31,Damaged During Delivery,1,8362.73
R003802,O038798,P0198,C02450,2025-12-23,Size Issue,1,14730.44
R003803,O038812,P0464,C04708,2025-12-05,Size Issue,1,7363.91
R003804,O038824,P0161,C07175,2026-12-14,Damaged During Delivery,1,12995.25
R003805,O038831,P0246,C00007,2025-01-14,Not as Expected,2,6343.4
R003806,O038831,P0227,C00007,2025-01-08,Changed Mind,1,5506.85
R003807,O038832,P0203,C04345,2027-01-09,Late Delivery,1,5851.35
R003808,O038845,P0196,C00021,2026-09-07,Size Issue,2,1719.47
R003809,O038845,P0415,C00021,2026-09-03,Product Defect,1,6535.05
R003810,O038884,P0483,C01387,2025-03-13,Changed Mind,1,2031.91
R003811,O038884,P0197,C01387,2025-03-25,Not as Expected,1,5714.3
R003812,O038884,P0021,C01387,2025-03-10,Damaged During Delivery,1,19870.53
R003813,O038903,P0063,C07512,2025-06-06,Changed Mind,1,9554.51
R003814,O038904,P0200,C00311,2025-02-14,Not as Expected,1,11242.32
R003815,O038923,P0250,C01864,2026-02-23,Changed Mind,1,5766.14
R003816,O038923,P0203,C01864,2026-03-05,Not as Expected,1,5761.83
R003817,O038964,P0473,C07703,2026-09-16,Size Issue,1,11284.5
R003818,O038965,P0359,C04983,2026-12-02,Late Delivery,1,285.06
R003819,O038965,P0468,C04983,2026-12-14,Damaged During Delivery,1,10163.08
R003820,O038969,P0210,C01182,2026-02-25,Changed Mind,1,6179.51
R003821,O039011,P0146,C04766,2026-10-18,Size Issue,1,15985.57
R003822,O039014,P0393,C06451,2025-01-22,Product Defect,1,1315.72
R003823,O039022,P0291,C07614,2025-09-10,Changed Mind,1,2388.63
R003824,O039049,P0438,C09855,2026-10-24,Damaged During Delivery,1,7971.37
R003825,O039082,P0303,C01669,2027-01-15,Damaged During Delivery,1,3603.87
R003826,O039082,P0289,C01669,2027-01-07,Size Issue,1,5787.91
R003827,O039084,P0441,C00662,2025-03-26,Changed Mind,1,8341.9
R003828,O039099,P0413,C06753,2026-02-22,Late Delivery,1,7333.3
R003829,O039158,P0413,C03021,2025-10-22,Size Issue,1,7403.93
R003830,O039173,P0162,C03450,2025-04-14,Damaged During Delivery,2,6655.69
R003831,O039185,P0135,C06922,2026-09-07,Product Defect,1,5820.62
R003832,O039197,P0394,C02001,2025-04-20,Changed Mind,2,1470.78
R003833,O039242,P0129,C09822,2026-12-08,Wrong Product,1,6855.5
R003834,O039242,P0131,C09822,2026-12-03,Size Issue,2,29806.06
R003835,O039247,P0038,C06656,2025-05-15,Late Delivery,1,1356.78
R003836,O039282,P0444,C01477,2026-04-06,Not as Expected,1,1802.23
R003837,O039292,P0467,C04624,2026-05-16,Not as Expected,1,2554.55
R003838,O039305,P0472,C06948,2025-07-16,Damaged During Delivery,1,6348.37
R003839,O039316,P0078,C02245,2026-01-01,Product Defect,1,23770.76
R003840,O039320,P0374,C02362,2026-02-02,Changed Mind,1,4279.95
R003841,O039364,P0425,C04935,2026-12-14,Not as Expected,1,8338.88
R003842,O039405,P0091,C05262,2025-06-02,Changed Mind,2,23524.01
R003843,O039405,P0253,C05262,2025-06-08,Changed Mind,1,3442.33
R003844,O039413,P0494,C02714,2026-05-12,Damaged During Delivery,1,4690.85
R003845,O039413,P0058,C02714,2026-05-07,Not as Expected,1,9744.9
R003846,O039416,P0265,C06996,2026-10-05,Late Delivery,1,5006.16
R003847,O039420,P0358,C08659,2025-10-21,Wrong Product,1,1310.51
R003848,O039431,P0199,C07937,2025-11-22,Late Delivery,1,12451.52
R003849,O039453,P0319,C02722,2026-04-27,Product Defect,1,3063.48
R003850,O039491,P0220,C00248,2026-05-11,Size Issue,1,959.29
R003851,O039516,P0413,C09684,2025-03-14,Changed Mind,1,7401.68
R003852,O039519,P0073,C05072,2026-01-23,Damaged During Delivery,2,55735.59
R003853,O039519,P0353,C05072,2026-01-23,Wrong Product,1,2489.09
R003854,O039546,P0271,C04185,2025-06-17,Size Issue,3,4913.61
R003855,O039552,P0205,C07294,2025-04-16,Not as Expected,3,2211.7
R003856,O039581,P0039,C03833,2025-05-26,Not as Expected,1,24917.95
R003857,O039582,P0303,C09579,2026-12-22,Not as Expected,1,3938.42
R003858,O039601,P0053,C09603,2025-04-22,Not as Expected,1,4623.02
R003859,O039602,P0198,C04955,2026-06-08,Size Issue,1,13470.01
R003860,O039602,P0382,C04955,2026-06-10,Not as Expected,2,4017.35
R003861,O039606,P0387,C05659,2025-02-18,Late Delivery,2,657.8
R003862,O039612,P0237,C06102,2025-04-10,Not as Expected,1,5476.18
R003863,O039612,P0473,C06102,2025-04-13,Size Issue,1,11177.11
R003864,O039628,P0121,C03132,2025-08-14,Changed Mind,1,2568.44
R003865,O039643,P0074,C02831,2026-03-01,Not as Expected,1,27138.92
R003866,O039672,P0323,C01129,2026-01-13,Size Issue,1,438.04
R003867,O039672,P0008,C01129,2026-01-09,Size Issue,1,2015.04
R003868,O039693,P0322,C06080,2025-12-25,Size Issue,1,4543.7
R003869,O039693,P0093,C06080,2025-12-24,Product Defect,1,14501.58
R003870,O039696,P0413,C01666,2026-03-21,Product Defect,1,7784.05
R003871,O039699,P0225,C01302,2025-03-14,Not as Expected,1,4925.22
R003872,O039699,P0045,C01302,2025-03-14,Not as Expected,2,4283.9
R003873,O039718,P0115,C08088,2026-12-09,Wrong Product,2,13684.04
R003874,O039753,P0318,C05077,2025-12-29,Not as Expected,1,346.44
R003875,O039758,P0346,C07043,2026-08-26,Not as Expected,1,563.89
R003876,O039766,P0374,C01880,2026-06-11,Not as Expected,1,4183.69
R003877,O039773,P0266,C08620,2025-11-19,Not as Expected,1,3723.1
R003878,O039773,P0188,C08620,2025-11-14,Product Defect,1,9866.12
R003879,O039773,P0451,C08620,2025-11-26,Late Delivery,1,805.49
R003880,O039784,P0135,C05519,2026-04-17,Late Delivery,1,5610.3
R003881,O039838,P0198,C01162,2025-05-05,Changed Mind,2,29237.74
R003882,O039868,P0382,C04444,2026-04-03,Damaged During Delivery,1,1918.35
R003883,O039880,P0270,C05295,2026-04-22,Changed Mind,1,1085.69
R003884,O039885,P0325,C00307,2026-01-01,Changed Mind,1,4423.83
R003885,O039900,P0254,C05816,2025-08-03,Not as Expected,1,3972.08
R003886,O039900,P0248,C05816,2025-08-11,Damaged During Delivery,1,4526.63
R003887,O039902,P0319,C01987,2026-10-16,Product Defect,1,2818.14
R003888,O039908,P0099,C06744,2025-05-11,Wrong Product,1,30580.88
R003889,O039960,P0225,C00555,2026-12-02,Not as Expected,1,5099.97
R003890,O039961,P0002,C02039,2025-03-09,Not as Expected,1,24206.3
R003891,O039968,P0486,C07041,2025-10-01,Changed Mind,1,8322.28
R003892,O040003,P0038,C02994,2026-06-27,Late Delivery,2,2792.42
R003893,O040003,P0328,C02994,2026-06-16,Wrong Product,1,3808.3
R003894,O040033,P0286,C05624,2026-01-23,Late Delivery,2,3320.68
R003895,O040054,P0021,C02389,2025-02-03,Not as Expected,1,19450.79
R003896,O040056,P0279,C00453,2025-11-18,Product Defect,1,2768.18
R003897,O040068,P0068,C06535,2025-11-11,Size Issue,3,95148.92
R003898,O040075,P0236,C09016,2025-03-08,Changed Mind,1,3137.4
R003899,O040094,P0222,C01031,2026-01-12,Changed Mind,1,2351.86
R003900,O040094,P0083,C01031,2026-01-27,Not as Expected,2,4659.23
R003901,O040097,P0320,C07458,2025-08-05,Damaged During Delivery,3,10275.94
R003902,O040110,P0160,C08128,2026-08-27,Product Defect,1,7903.2
R003903,O040145,P0499,C08743,2025-02-17,Size Issue,1,11051.46
R003904,O040145,P0365,C08743,2025-02-18,Size Issue,2,1833.92
R003905,O040168,P0003,C05303,2025-07-24,Size Issue,1,6262.02
R003906,O040168,P0322,C05303,2025-08-01,Size Issue,1,4206.31
R003907,O040186,P0435,C07196,2025-11-08,Product Defect,2,8685.98
R003908,O040186,P0211,C07196,2025-11-03,Size Issue,1,1342.45
R003909,O040186,P0032,C07196,2025-11-07,Product Defect,1,786.4
R003910,O040188,P0265,C01850,2026-12-03,Changed Mind,1,5604.34
R003911,O040192,P0328,C07966,2025-12-01,Changed Mind,1,4090.22
R003912,O040193,P0234,C05805,2026-04-19,Not as Expected,1,4585.1
R003913,O040196,P0497,C03093,2025-07-18,Not as Expected,1,8867.32
R003914,O040196,P0131,C03093,2025-07-26,Size Issue,1,14814.6
R003915,O040207,P0355,C05409,2026-03-06,Damaged During Delivery,2,1613.56
R003916,O040228,P0368,C01330,2025-09-22,Not as Expected,1,279.86
R003917,O040228,P0033,C01330,2025-09-22,Product Defect,1,7165.4
R003918,O040228,P0393,C01330,2025-10-01,Not as Expected,1,1292.3
R003919,O040249,P0112,C02367,2025-07-20,Changed Mind,1,560.55
R003920,O040249,P0436,C02367,2025-07-20,Late Delivery,3,18687.56
R003921,O040263,P0156,C01382,2025-09-02,Damaged During Delivery,1,2707.81
R003922,O040277,P0085,C02454,2026-08-18,Product Defect,1,875.6
R003923,O040279,P0406,C04918,2025-04-19,Changed Mind,1,10321.18
R003924,O040279,P0425,C04918,2025-04-21,Size Issue,1,8440.56
R003925,O040318,P0308,C01176,2025-11-12,Product Defect,1,2480.96
R003926,O040318,P0392,C01176,2025-11-11,Damaged During Delivery,1,2655.13
R003927,O040318,P0108,C01176,2025-11-14,Not as Expected,2,24218.35
R003928,O040324,P0262,C04137,2027-01-12,Changed Mind,1,1823.72
R003929,O040324,P0304,C04137,2027-01-06,Wrong Product,3,10437.51
R003930,O040325,P0484,C00989,2025-11-03,Wrong Product,1,6922.41
R003931,O040326,P0478,C01489,2026-03-01,Damaged During Delivery,2,6999.64
R003932,O040335,P0140,C03461,2026-02-14,Wrong Product,3,4198.47
R003933,O040337,P0406,C07422,2026-12-18,Wrong Product,1,10760.48
R003934,O040384,P0024,C00554,2026-09-22,Size Issue,1,11060.27
R003935,O040406,P0160,C03893,2026-05-05,Damaged During Delivery,1,7624.85
R003936,O040413,P0457,C06541,2026-06-17,Size Issue,2,9142.94
R003937,O040433,P0094,C06620,2027-01-16,Wrong Product,1,15330.37
R003938,O040433,P0214,C06620,2027-01-07,Product Defect,1,5920.94
R003939,O040433,P0449,C06620,2027-01-11,Size Issue,1,10414.53
R003940,O040471,P0326,C04711,2026-03-09,Late Delivery,2,605.8
R003941,O040471,P0475,C04711,2026-02-27,Not as Expected,1,3395.3
R003942,O040488,P0497,C09707,2026-12-10,Product Defect,1,8299.49
R003943,O040488,P0130,C09707,2026-12-04,Changed Mind,1,3920.17
R003944,O040497,P0463,C02456,2026-10-28,Not as Expected,2,6887.37
R003945,O040524,P0150,C02145,2026-05-13,Changed Mind,1,1754.49
R003946,O040534,P0226,C09141,2025-01-25,Size Issue,1,4669.93
R003947,O040534,P0371,C09141,2025-01-20,Damaged During Delivery,1,2396.73
R003948,O040536,P0425,C09990,2025-12-28,Size Issue,1,8429.5
R003949,O040541,P0357,C08971,2025-05-30,Product Defect,1,3402.49
R003950,O040554,P0003,C06183,2026-08-13,Not as Expected,2,10561.41
R003951,O040562,P0158,C04318,2026-08-25,Wrong Product,1,797.28
R003952,O040567,P0364,C07050,2026-01-08,Size Issue,2,722.47
R003953,O040569,P0428,C03811,2025-03-23,Product Defect,1,3163.8
R003954,O040573,P0194,C05031,2025-11-02,Size Issue,1,4903.01
R003955,O040582,P0382,C03173,2026-06-05,Not as Expected,1,1968.4
R003956,O040582,P0270,C03173,2026-06-04,Not as Expected,1,1067.79
R003957,O040582,P0419,C03173,2026-06-11,Changed Mind,1,8912.33
R003958,O040590,P0347,C09440,2025-04-23,Not as Expected,1,1186.45
R003959,O040599,P0393,C04217,2026-02-11,Wrong Product,1,1385.51
R003960,O040599,P0398,C04217,2026-02-08,Changed Mind,1,1025.32
R003961,O040604,P0376,C05365,2025-12-22,Changed Mind,1,2259.55
R003962,O040611,P0149,C00818,2026-10-18,Not as Expected,1,10537.93
R003963,O040619,P0235,C00038,2026-11-05,Wrong Product,1,1751.03
R003964,O040620,P0115,C04230,2026-10-12,Size Issue,1,6774.92
R003965,O040620,P0198,C04230,2026-10-05,Size Issue,1,13444.19
R003966,O040643,P0115,C02756,2026-10-03,Damaged During Delivery,2,13297.32
R003967,O040686,P0460,C07670,2026-11-21,Changed Mind,1,4892.9
R003968,O040695,P0057,C05630,2025-04-23,Late Delivery,1,8643.56
R003969,O040752,P0252,C00204,2027-01-05,Product Defect,1,5545.72
R003970,O040760,P0395,C08731,2026-05-31,Size Issue,2,3225.37
R003971,O040760,P0110,C08731,2026-06-08,Wrong Product,2,7744.1
R003972,O040761,P0171,C04203,2026-08-11,Product Defect,1,3239.61
R003973,O040772,P0125,C02971,2025-07-01,Damaged During Delivery,1,14690.43
R003974,O040772,P0027,C02971,2025-06-30,Product Defect,1,17345.39
R003975,O040778,P0070,C02843,2026-03-07,Changed Mind,1,2894.2
R003976,O040778,P0042,C02843,2026-03-12,Late Delivery,1,12417.28
R003977,O040784,P0357,C06834,2026-08-06,Size Issue,1,3694.65
R003978,O040793,P0239,C09514,2025-01-25,Not as Expected,1,3111.83
R003979,O040793,P0404,C09514,2025-01-16,Not as Expected,2,12316.11
R003980,O040828,P0327,C05387,2026-04-08,Not as Expected,1,290.48
R003981,O040838,P0392,C07550,2026-11-29,Size Issue,1,2810.36
R003982,O040838,P0437,C07550,2026-12-06,Damaged During Delivery,1,7767.77
R003983,O040840,P0420,C03538,2026-11-29,Changed Mind,1,1488.64
R003984,O040840,P0028,C03538,2026-11-24,Changed Mind,1,15175.49
R003985,O040840,P0491,C03538,2026-11-28,Wrong Product,1,10242.76
R003986,O040855,P0363,C01990,2026-11-15,Damaged During Delivery,1,3116.49
R003987,O040858,P0193,C00382,2025-11-05,Changed Mind,1,2482.12
R003988,O040858,P0307,C00382,2025-11-09,Not as Expected,1,2988.56
R003989,O040890,P0283,C01157,2026-03-10,Wrong Product,2,8542.3
R003990,O040935,P0056,C00422,2026-11-17,Changed Mind,2,19700.94
R003991,O040967,P0415,C04101,2025-10-21,Changed Mind,1,7364.2
R003992,O040990,P0255,C06028,2026-06-29,Size Issue,1,6066.31
R003993,O040990,P0228,C06028,2026-06-24,Changed Mind,2,2291.13
R003994,O041018,P0310,C07550,2025-09-27,Wrong Product,1,2834.54
R003995,O041018,P0159,C07550,2025-09-28,Product Defect,2,5935.21
R003996,O041018,P0312,C07550,2025-09-28,Wrong Product,1,440.18
R003997,O041032,P0152,C08612,2026-05-12,Not as Expected,2,5043.11
R003998,O041042,P0150,C00769,2025-03-12,Wrong Product,2,3281.67
R003999,O041157,P0462,C04053,2026-09-27,Changed Mind,1,9298.58
R004000,O041183,P0323,C08757,2026-06-20,Size Issue,2,880.43
R004001,O041184,P0052,C09138,2025-09-30,Size Issue,1,17911.52
R004002,O041184,P0419,C09138,2025-09-18,Not as Expected,1,8760.46
R004003,O041212,P0500,C06853,2025-03-14,Not as Expected,2,4414.4
R004004,O041224,P0413,C00523,2025-10-31,Product Defect,1,7306.39
R004005,O041224,P0107,C00523,2025-11-05,Not as Expected,1,4267.0
R004006,O041233,P0002,C02849,2026-05-12,Damaged During Delivery,1,25807.15
R004007,O041263,P0388,C05097,2026-07-11,Damaged During Delivery,2,8376.74
R004008,O041315,P0012,C00427,2025-08-27,Size Issue,1,32469.28
R004009,O041332,P0376,C09437,2025-06-25,Not as Expected,2,4783.27
R004010,O041339,P0171,C03770,2025-05-28,Size Issue,1,3421.53
R004011,O041344,P0052,C03575,2026-07-13,Not as Expected,1,14432.21
R004012,O041344,P0293,C03575,2026-07-09,Product Defect,1,3000.51
R004013,O041344,P0239,C03575,2026-07-13,Changed Mind,1,3013.49
R004014,O041345,P0039,C07724,2025-08-09,Damaged During Delivery,2,45882.79
R004015,O041355,P0084,C03140,2026-10-27,Size Issue,1,8152.7
R004016,O041355,P0379,C03140,2026-10-25,Damaged During Delivery,1,461.77
R004017,O041358,P0057,C05483,2025-06-23,Size Issue,1,8021.21
R004018,O041358,P0327,C05483,2025-06-14,Size Issue,2,583.86
R004019,O041358,P0290,C05483,2025-06-20,Damaged During Delivery,1,4524.91
R004020,O041362,P0160,C00298,2025-10-15,Size Issue,1,7208.56
R004021,O041377,P0293,C01303,2025-01-29,Late Delivery,1,3111.64
R004022,O041377,P0068,C01303,2025-02-10,Changed Mind,2,59924.2
R004023,O041379,P0257,C01207,2026-02-23,Not as Expected,1,5702.83
R004024,O041402,P0404,C02221,2025-12-26,Size Issue,1,7031.28
R004025,O041418,P0387,C06562,2026-06-22,Damaged During Delivery,1,331.61
R004026,O041427,P0456,C06554,2026-05-11,Size Issue,2,1848.04
R004027,O041433,P0099,C06078,2026-05-08,Product Defect,2,60693.01
R004028,O041440,P0160,C08127,2025-08-06,Wrong Product,1,7441.53
R004029,O041443,P0322,C05381,2026-01-04,Size Issue,2,8350.21
R004030,O041444,P0082,C00947,2026-03-25,Changed Mind,1,13310.27
R004031,O041445,P0025,C09179,2026-08-31,Not as Expected,1,27281.69
R004032,O041445,P0421,C09179,2026-08-31,Not as Expected,2,2946.02
R004033,O041453,P0057,C05076,2027-01-12,Size Issue,1,8099.15
R004034,O041456,P0276,C09524,2027-01-14,Changed Mind,1,6031.91
R004035,O041456,P0228,C09524,2027-01-11,Late Delivery,2,2377.54
R004036,O041465,P0107,C07460,2025-04-29,Not as Expected,1,3783.5
R004037,O041468,P0107,C07489,2026-04-30,Late Delivery,1,4095.46
R004038,O041538,P0489,C05075,2025-09-13,Changed Mind,1,5027.61
R004039,O041539,P0223,C02212,2026-11-02,Size Issue,2,8773.5
R004040,O041551,P0195,C09757,2025-04-20,Not as Expected,2,28820.85
R004041,O041551,P0326,C09757,2025-04-13,Size Issue,1,296.06
R004042,O041560,P0142,C07366,2026-06-25,Damaged During Delivery,1,2357.96
R004043,O041579,P0408,C09788,2026-04-27,Damaged During Delivery,2,19435.21
R004044,O041587,P0187,C07789,2025-11-18,Product Defect,2,3661.15
R004045,O041587,P0106,C07789,2025-11-18,Not as Expected,1,5943.28
R004046,O041615,P0017,C03012,2025-12-19,Late Delivery,2,2384.88
R004047,O041624,P0187,C07885,2026-08-11,Product Defect,1,1849.61
R004048,O041624,P0017,C07885,2026-08-11,Changed Mind,1,944.65
R004049,O041626,P0229,C08252,2026-02-10,Damaged During Delivery,1,1890.36
R004050,O041626,P0199,C08252,2026-02-12,Product Defect,1,13466.68
R004051,O041659,P0169,C07370,2025-10-10,Size Issue,1,3903.89
R004052,O041659,P0089,C07370,2025-10-25,Late Delivery,2,25473.52
R004053,O041660,P0294,C04981,2026-11-04,Changed Mind,1,2144.63
R004054,O041660,P0148,C04981,2026-11-03,Not as Expected,1,1481.44
R004055,O041661,P0455,C03758,2025-07-21,Size Issue,1,6075.94
R004056,O041667,P0278,C03354,2026-08-31,Damaged During Delivery,1,5239.14
R004057,O041667,P0249,C03354,2026-09-12,Not as Expected,1,3477.26
R004058,O041667,P0356,C03354,2026-09-12,Size Issue,1,4457.14
R004059,O041684,P0255,C00529,2026-12-01,Not as Expected,1,5646.47
R004060,O041688,P0009,C09447,2025-11-17,Size Issue,1,29521.91
R004061,O041688,P0149,C09447,2025-11-19,Not as Expected,1,10367.11
R004062,O041694,P0011,C00627,2026-01-01,Not as Expected,1,22768.68
R004063,O041694,P0043,C00627,2026-01-13,Changed Mind,1,26507.88
R004064,O041708,P0199,C09921,2025-09-20,Product Defect,1,13393.51
R004065,O041718,P0095,C09373,2025-09-09,Not as Expected,1,5574.17
R004066,O041748,P0008,C06997,2026-08-26,Size Issue,1,1673.37
R004067,O041748,P0010,C06997,2026-08-13,Wrong Product,1,12974.85
R004068,O041759,P0067,C00800,2026-05-06,Late Delivery,1,22076.72
R004069,O041776,P0246,C06614,2026-01-18,Changed Mind,1,3309.98
R004070,O041814,P0170,C00204,2026-03-14,Not as Expected,1,8433.67
R004071,O041814,P0447,C00204,2026-03-12,Size Issue,2,4180.02
R004072,O041818,P0455,C06690,2026-11-27,Wrong Product,1,5801.2
R004073,O041845,P0109,C07506,2026-08-04,Size Issue,1,13978.64
R004074,O041845,P0113,C07506,2026-08-06,Not as Expected,2,27096.1
R004075,O041853,P0476,C01678,2025-04-19,Size Issue,1,2219.52
R004076,O041853,P0153,C01678,2025-04-25,Changed Mind,1,4864.33
R004077,O041925,P0488,C08625,2025-04-27,Changed Mind,1,8847.98
R004078,O041926,P0356,C09646,2026-08-24,Product Defect,3,13539.96
R004079,O041926,P0224,C09646,2026-09-02,Damaged During Delivery,3,5370.66
R004080,O041927,P0044,C06009,2026-03-27,Changed Mind,1,6724.71
R004081,O041940,P0159,C09404,2026-04-27,Changed Mind,2,5853.07
R004082,O041956,P0234,C03112,2026-03-14,Changed Mind,1,4527.24
R004083,O041970,P0047,C01798,2025-04-02,Changed Mind,1,1360.33
R004084,O041972,P0113,C08688,2026-06-13,Changed Mind,1,13972.41
R004085,O041972,P0080,C08688,2026-06-03,Changed Mind,1,21535.46
R004086,O041977,P0106,C05515,2026-04-20,Size Issue,1,5842.58
R004087,O042009,P0454,C08605,2025-05-07,Wrong Product,1,10573.79
R004088,O042043,P0189,C03701,2025-04-09,Late Delivery,1,1060.73
R004089,O042043,P0148,C03701,2025-04-09,Size Issue,1,1483.83
R004090,O042070,P0248,C07079,2025-10-21,Not as Expected,1,4309.47
R004091,O042137,P0012,C07453,2026-11-16,Damaged During Delivery,2,60034.34
R004092,O042145,P0251,C09945,2025-11-06,Late Delivery,1,996.48
R004093,O042167,P0446,C07977,2025-03-23,Changed Mind,1,3904.8
R004094,O042167,P0098,C07977,2025-03-29,Not as Expected,3,31452.06
R004095,O042167,P0170,C07977,2025-03-18,Size Issue,1,8166.56
R004096,O042179,P0141,C00032,2026-10-10,Size Issue,1,15554.76
R004097,O042183,P0088,C04348,2026-03-20,Size Issue,1,11548.28
R004098,O042257,P0056,C07294,2026-10-14,Changed Mind,2,16177.96
R004099,O042257,P0110,C07294,2026-10-06,Not as Expected,1,4039.69
R004100,O042266,P0162,C05211,2026-10-15,Size Issue,1,3296.26
R004101,O042277,P0498,C07216,2026-05-29,Changed Mind,1,1630.28
R004102,O042292,P0279,C08610,2026-12-06,Not as Expected,2,5604.09
R004103,O042292,P0184,C08610,2026-12-16,Product Defect,1,8956.85
R004104,O042326,P0158,C04048,2026-06-03,Product Defect,1,716.57
R004105,O042338,P0468,C05930,2026-11-04,Not as Expected,1,10568.63
R004106,O042360,P0326,C00227,2026-12-24,Not as Expected,2,599.24
R004107,O042360,P0473,C00227,2026-12-18,Size Issue,1,11039.87
R004108,O042404,P0445,C07696,2026-10-22,Size Issue,2,19745.96
R004109,O042412,P0224,C03999,2026-09-11,Late Delivery,1,1829.01
R004110,O042412,P0199,C03999,2026-09-15,Size Issue,1,13432.14
R004111,O042412,P0053,C03999,2026-09-19,Not as Expected,1,3398.26
R004112,O042490,P0257,C00185,2025-03-17,Late Delivery,2,10423.98
R004113,O042494,P0033,C06082,2026-03-21,Not as Expected,1,7102.49
R004114,O042509,P0041,C04651,2026-02-21,Late Delivery,1,14940.91
R004115,O042528,P0372,C08393,2026-12-11,Late Delivery,1,2623.33
R004116,O042532,P0056,C02510,2025-07-27,Late Delivery,1,9938.49
R004117,O042532,P0294,C02510,2025-07-29,Size Issue,1,2271.12
R004118,O042540,P0031,C00891,2025-10-07,Product Defect,1,32219.69
R004119,O042546,P0275,C00359,2026-03-23,Not as Expected,1,6322.83
R004120,O042567,P0157,C01553,2026-09-26,Late Delivery,1,11644.73
R004121,O042572,P0259,C04783,2025-11-24,Size Issue,1,5622.22
R004122,O042575,P0060,C06605,2025-10-12,Damaged During Delivery,3,41913.62
R004123,O042580,P0078,C02633,2026-12-16,Size Issue,1,23999.94
R004124,O042580,P0476,C02633,2026-12-24,Changed Mind,1,2229.97
R004125,O042603,P0427,C08026,2025-06-17,Size Issue,1,9074.45
R004126,O042608,P0109,C02307,2026-12-12,Damaged During Delivery,1,14164.33
R004127,O042631,P0235,C08609,2025-02-01,Product Defect,1,1885.09
R004128,O042644,P0365,C09627,2026-05-16,Not as Expected,1,898.08
R004129,O042664,P0266,C06609,2026-10-28,Product Defect,1,4096.24
R004130,O042668,P0456,C00370,2026-03-21,Damaged During Delivery,1,869.39
R004131,O042680,P0071,C06857,2025-10-06,Changed Mind,3,72480.6
R004132,O042680,P0055,C06857,2025-09-30,Changed Mind,2,20700.67
R004133,O042685,P0167,C08666,2026-10-30,Product Defect,1,5206.74
R004134,O042685,P0320,C08666,2026-11-08,Late Delivery,2,6546.56
R004135,O042694,P0054,C04885,2026-10-14,Changed Mind,1,5168.76
R004136,O042738,P0014,C03789,2025-07-09,Changed Mind,1,10110.93
R004137,O042750,P0279,C01233,2026-12-09,Product Defect,1,2915.48
R004138,O042773,P0315,C08647,2026-09-21,Wrong Product,1,1689.56
R004139,O042796,P0475,C02639,2026-02-02,Wrong Product,1,3292.97
R004140,O042796,P0334,C02639,2026-01-29,Product Defect,1,2087.02
R004141,O042803,P0321,C04617,2026-08-14,Changed Mind,1,2130.12
R004142,O042816,P0252,C02926,2026-10-06,Not as Expected,1,5894.28
R004143,O042816,P0211,C02926,2026-09-28,Size Issue,1,1408.65
R004144,O042818,P0118,C02688,2026-02-19,Damaged During Delivery,1,2144.08
R004145,O042849,P0431,C01440,2026-08-10,Product Defect,3,22744.32
R004146,O042851,P0281,C08372,2026-08-10,Not as Expected,1,2859.44
R004147,O042864,P0384,C05242,2025-06-24,Not as Expected,1,4786.41
R004148,O042881,P0094,C06568,2025-08-29,Not as Expected,1,15906.76
R004149,O042900,P0039,C05906,2026-10-16,Damaged During Delivery,1,22490.18
R004150,O042902,P0034,C00225,2026-10-12,Late Delivery,1,19188.71
R004151,O042902,P0480,C00225,2026-10-08,Not as Expected,1,1467.64
R004152,O042902,P0200,C00225,2026-10-10,Damaged During Delivery,1,12290.18
R004153,O042910,P0088,C05821,2026-11-04,Size Issue,1,11595.15
R004154,O042910,P0071,C05821,2026-11-04,Damaged During Delivery,1,26063.68
R004155,O042910,P0038,C05821,2026-10-30,Size Issue,1,1369.6
R004156,O042916,P0428,C07640,2025-02-18,Wrong Product,1,3204.72
R004157,O042940,P0157,C05790,2025-01-23,Not as Expected,1,12333.48
R004158,O042947,P0206,C09765,2025-07-30,Product Defect,2,10275.32
R004159,O042947,P0246,C09765,2025-07-30,Late Delivery,1,3222.06
R004160,O042983,P0303,C05775,2026-07-05,Changed Mind,1,3471.85
R004161,O043025,P0230,C03786,2025-09-13,Size Issue,1,4448.67
R004162,O043026,P0208,C06705,2025-06-14,Product Defect,1,409.72
R004163,O043030,P0420,C06305,2026-11-25,Product Defect,1,1428.97
R004164,O043031,P0139,C00304,2027-01-12,Size Issue,2,11386.28
R004165,O043031,P0273,C00304,2027-01-07,Damaged During Delivery,1,3976.15
R004166,O043031,P0475,C00304,2027-01-13,Not as Expected,1,3546.35
R004167,O043038,P0118,C03889,2025-06-19,Damaged During Delivery,1,2138.39
R004168,O043066,P0423,C09943,2026-09-12,Damaged During Delivery,1,1862.61
R004169,O043066,P0493,C09943,2026-09-16,Not as Expected,1,2963.36
R004170,O043066,P0205,C09943,2026-08-31,Wrong Product,2,1455.75
R004171,O043092,P0100,C07911,2026-08-06,Not as Expected,1,15224.98
R004172,O043102,P0456,C07502,2026-05-09,Not as Expected,1,924.54
R004173,O043105,P0342,C04718,2026-01-30,Changed Mind,2,2290.3
R004174,O043117,P0122,C01983,2025-07-12,Product Defect,1,6173.52
R004175,O043166,P0464,C01882,2025-01-07,Product Defect,1,7446.92
R004176,O043179,P0015,C04407,2026-03-10,Not as Expected,1,11885.34
R004177,O043179,P0320,C04407,2026-03-13,Product Defect,1,3441.77
R004178,O043181,P0095,C07144,2025-08-01,Damaged During Delivery,1,5608.28
R004179,O043214,P0263,C09014,2025-09-03,Not as Expected,1,6209.41
R004180,O043242,P0059,C01199,2026-08-15,Damaged During Delivery,1,24083.71
R004181,O043242,P0227,C01199,2026-08-09,Damaged During Delivery,1,5937.68
R004182,O043244,P0041,C08225,2026-08-20,Changed Mind,1,11501.19
R004183,O043244,P0124,C08225,2026-08-30,Product Defect,1,521.68
R004184,O043244,P0153,C08225,2026-09-01,Size Issue,1,5229.37
R004185,O043245,P0092,C02780,2026-11-24,Size Issue,3,10724.78
R004186,O043262,P0088,C02632,2026-12-30,Late Delivery,1,11170.79
R004187,O043265,P0039,C00904,2026-12-30,Not as Expected,2,45755.38
R004188,O043265,P0267,C00904,2026-12-31,Changed Mind,2,11967.2
R004189,O043268,P0215,C03533,2026-09-01,Not as Expected,1,4927.5
R004190,O043268,P0308,C03533,2026-08-29,Size Issue,3,7492.47
R004191,O043282,P0479,C08260,2026-05-04,Product Defect,2,9086.9
R004192,O043282,P0420,C08260,2026-05-15,Not as Expected,1,1445.45
R004193,O043295,P0209,C02748,2026-04-07,Not as Expected,2,9374.98
R004194,O043334,P0102,C06850,2025-08-24,Not as Expected,1,1859.42
R004195,O043334,P0490,C06850,2025-08-25,Wrong Product,1,5238.35
R004196,O043377,P0100,C08062,2026-12-09,Not as Expected,1,16716.17
R004197,O043377,P0225,C08062,2026-12-12,Size Issue,3,15289.22
R004198,O043406,P0364,C03704,2026-11-10,Late Delivery,1,361.38
R004199,O043425,P0492,C01484,2026-07-12,Changed Mind,2,20741.2
R004200,O043453,P0010,C07325,2026-12-14,Not as Expected,1,14767.59
R004201,O043456,P0331,C08596,2025-06-04,Product Defect,1,1949.79
R004202,O043463,P0486,C03464,2025-10-10,Size Issue,2,17095.79
R004203,O043485,P0163,C03558,2025-08-20,Size Issue,1,14530.92
R004204,O043505,P0207,C08204,2026-07-22,Product Defect,2,5637.81
R004205,O043509,P0390,C08158,2026-12-08,Damaged During Delivery,2,1627.91
R004206,O043526,P0431,C03472,2026-10-13,Size Issue,1,7789.7
R004207,O043530,P0013,C07611,2025-06-15,Changed Mind,1,25338.59
R004208,O043530,P0089,C07611,2025-06-19,Changed Mind,1,13664.97
R004209,O043532,P0218,C09558,2025-10-24,Damaged During Delivery,2,3703.21
R004210,O043532,P0026,C09558,2025-11-01,Changed Mind,1,14429.01
R004211,O043532,P0122,C09558,2025-10-18,Product Defect,1,6261.11
R004212,O043537,P0194,C02391,2026-08-29,Damaged During Delivery,2,9701.57
R004213,O043543,P0240,C02501,2025-01-20,Damaged During Delivery,1,351.2
R004214,O043557,P0106,C02433,2026-12-26,Size Issue,1,6081.5
R004215,O043557,P0180,C02433,2026-12-22,Size Issue,1,1689.26
R004216,O043575,P0294,C08127,2026-02-05,Damaged During Delivery,1,2111.78
R004217,O043582,P0179,C04823,2025-02-14,Size Issue,1,1175.0
R004218,O043590,P0040,C03960,2026-07-20,Product Defect,1,9663.82
R004219,O043612,P0045,C01747,2026-04-27,Size Issue,1,2072.01
R004220,O043615,P0341,C04539,2026-02-26,Damaged During Delivery,2,692.21
R004221,O043634,P0344,C07193,2025-05-28,Size Issue,1,478.73
R004222,O043637,P0439,C00331,2025-12-23,Product Defect,1,10347.49
R004223,O043646,P0204,C08060,2025-11-13,Not as Expected,1,4611.89
R004224,O043646,P0213,C08060,2025-11-13,Product Defect,2,10706.68
R004225,O043646,P0109,C08060,2025-11-16,Product Defect,1,13674.89
R004226,O043657,P0056,C01615,2026-05-05,Not as Expected,1,9672.55
R004227,O043678,P0372,C02247,2025-04-04,Not as Expected,1,2857.12
R004228,O043678,P0495,C02247,2025-04-08,Not as Expected,1,9391.23
R004229,O043678,P0160,C02247,2025-04-11,Wrong Product,1,7077.67
R004230,O043680,P0219,C06797,2026-07-13,Late Delivery,1,2320.23
R004231,O043680,P0298,C06797,2026-07-16,Wrong Product,2,6563.94
R004232,O043685,P0345,C03517,2026-12-29,Late Delivery,3,12371.25
R004233,O043685,P0196,C03517,2027-01-06,Damaged During Delivery,1,772.79
R004234,O043714,P0194,C09348,2026-07-10,Changed Mind,1,5487.02
R004235,O043730,P0092,C07490,2026-09-01,Not as Expected,1,2679.3
R004236,O043730,P0499,C07490,2026-09-01,Damaged During Delivery,1,9969.93
R004237,O043738,P0462,C05977,2026-07-16,Late Delivery,2,16988.67
R004238,O043738,P0371,C05977,2026-07-20,Size Issue,1,2294.78
R004239,O043738,P0019,C05977,2026-07-21,Not as Expected,1,17609.28
R004240,O043754,P0013,C06927,2026-09-10,Damaged During Delivery,1,23185.94
R004241,O043761,P0061,C06460,2025-11-07,Not as Expected,1,3347.69
R004242,O043764,P0376,C06405,2026-01-03,Changed Mind,2,4845.95
R004243,O043764,P0169,C06405,2026-01-02,Not as Expected,1,4051.98
R004244,O043774,P0053,C06432,2026-05-28,Product Defect,2,8888.68
R004245,O043780,P0458,C05519,2026-10-29,Changed Mind,1,9762.65
R004246,O043803,P0187,C07359,2025-03-03,Changed Mind,1,1672.13
R004247,O043813,P0340,C01268,2025-09-30,Size Issue,1,2404.39
R004248,O043813,P0159,C01268,2025-09-25,Not as Expected,1,2950.88
R004249,O043819,P0096,C02141,2025-11-17,Late Delivery,3,9783.24
R004250,O043825,P0005,C04005,2026-12-13,Wrong Product,1,24699.39
R004251,O043825,P0053,C04005,2026-12-10,Not as Expected,1,4238.86
R004252,O043825,P0389,C04005,2026-11-30,Changed Mind,1,914.09
R004253,O043829,P0241,C06171,2026-08-21,Product Defect,1,5621.98
R004254,O043871,P0485,C06174,2026-10-24,Wrong Product,2,15990.93
R004255,O043877,P0411,C02994,2025-08-04,Size Issue,1,7381.96
R004256,O043877,P0442,C02994,2025-08-09,Wrong Product,2,17967.91
R004257,O043877,P0148,C02994,2025-07-29,Not as Expected,1,1407.71
R004258,O043883,P0462,C07396,2026-02-17,Product Defect,2,16914.8
R004259,O043923,P0433,C08580,2026-04-03,Product Defect,1,1029.14
R004260,O043935,P0447,C07338,2026-12-29,Not as Expected,1,1940.22
R004261,O043936,P0351,C04653,2026-11-29,Changed Mind,2,4345.77
R004262,O043936,P0227,C04653,2026-11-23,Late Delivery,1,5705.92
R004263,O043936,P0349,C04653,2026-11-22,Not as Expected,1,3919.97
R004264,O043948,P0087,C01399,2025-08-11,Damaged During Delivery,1,14827.46
R004265,O043954,P0101,C04687,2026-10-21,Product Defect,1,9634.77
R004266,O043954,P0419,C04687,2026-10-18,Damaged During Delivery,1,8863.03
R004267,O043981,P0210,C09740,2026-11-14,Size Issue,1,5717.2
R004268,O043981,P0089,C09740,2026-11-19,Not as Expected,1,13536.07
R004269,O043987,P0432,C02048,2025-05-28,Product Defect,2,8952.25
R004270,O043989,P0428,C00337,2025-06-18,Wrong Product,1,3412.16
R004271,O043989,P0222,C00337,2025-06-28,Not as Expected,1,2162.94
R004272,O044026,P0408,C08270,2026-07-17,Size Issue,1,9727.84
R004273,O044026,P0379,C08270,2026-07-15,Not as Expected,1,414.62
R004274,O044028,P0077,C01002,2025-12-21,Product Defect,2,16546.32
R004275,O044038,P0234,C06191,2026-10-06,Damaged During Delivery,1,4568.73
R004276,O044038,P0404,C06191,2026-10-09,Not as Expected,1,6631.27
R004277,O044045,P0429,C02145,2027-01-11,Wrong Product,1,2397.04
R004278,O044056,P0490,C02167,2026-11-18,Not as Expected,1,5774.34
R004279,O044056,P0487,C02167,2026-11-11,Damaged During Delivery,1,4873.36
R004280,O044059,P0482,C05112,2025-12-05,Product Defect,1,10948.6
R004281,O044064,P0475,C04159,2025-08-23,Not as Expected,1,3477.1
R004282,O044076,P0200,C09486,2026-07-24,Size Issue,1,12036.72
R004283,O044083,P0013,C03107,2026-04-12,Product Defect,1,26344.41
R004284,O044083,P0267,C03107,2026-04-20,Size Issue,1,6214.44
R004285,O044088,P0033,C09026,2025-04-08,Damaged During Delivery,1,7971.61
R004286,O044088,P0155,C09026,2025-04-23,Size Issue,1,11495.38
R004287,O044112,P0035,C01040,2025-10-09,Damaged During Delivery,2,47187.61
R004288,O044165,P0286,C01378,2026-07-09,Changed Mind,1,1685.73
R004289,O044179,P0431,C02658,2026-06-25,Not as Expected,1,7487.55
R004290,O044185,P0380,C09783,2025-07-13,Product Defect,1,3378.17
R004291,O044189,P0098,C07131,2026-03-05,Product Defect,1,9479.43
R004292,O044192,P0012,C08780,2025-06-18,Late Delivery,1,31679.05
R004293,O044203,P0494,C03527,2025-08-26,Product Defect,2,9708.26
R004294,O044204,P0477,C03038,2026-10-17,Changed Mind,1,5612.92
R004295,O044204,P0305,C03038,2026-10-28,Not as Expected,2,6474.62
R004296,O044234,P0221,C04402,2025-02-27,Late Delivery,1,6153.19
R004297,O044263,P0303,C02054,2026-07-05,Changed Mind,1,3856.16
R004298,O044263,P0140,C02054,2026-07-20,Wrong Product,1,1353.15
R004299,O044293,P0117,C02352,2026-04-03,Size Issue,3,18568.71
R004300,O044300,P0128,C01932,2026-05-03,Changed Mind,1,10242.26
R004301,O044309,P0337,C04249,2025-11-12,Changed Mind,2,7702.52
R004302,O044313,P0117,C00441,2025-11-15,Product Defect,1,6159.54
R004303,O044313,P0337,C00441,2025-11-08,Product Defect,2,7285.56
R004304,O044316,P0451,C04933,2025-10-14,Not as Expected,1,844.44
R004305,O044324,P0181,C04803,2025-08-17,Product Defect,3,38250.72
R004306,O044324,P0154,C04803,2025-08-17,Not as Expected,2,12504.34
R004307,O044345,P0063,C00781,2026-07-21,Wrong Product,2,15644.86
R004308,O044345,P0057,C00781,2026-07-27,Damaged During Delivery,2,13289.71
R004309,O044348,P0131,C09378,2025-10-30,Product Defect,1,13495.78
R004310,O044372,P0357,C07966,2026-03-06,Damaged During Delivery,1,3761.99
R004311,O044376,P0231,C01284,2026-05-31,Wrong Product,1,3566.45
R004312,O044376,P0016,C01284,2026-05-31,Damaged During Delivery,2,30601.27
R004313,O044398,P0086,C07742,2025-07-26,Wrong Product,1,19578.98
R004314,O044398,P0170,C07742,2025-08-05,Not as Expected,1,8260.64
R004315,O044411,P0215,C00962,2025-06-02,Wrong Product,2,9481.63
R004316,O044411,P0483,C00962,2025-05-23,Product Defect,2,3893.41
R004317,O044411,P0331,C00962,2025-06-06,Changed Mind,1,1727.11
R004318,O044431,P0174,C01719,2025-04-01,Changed Mind,1,12708.4
R004319,O044442,P0290,C01406,2026-09-18,Not as Expected,2,9967.29
R004320,O044449,P0200,C00754,2025-09-03,Changed Mind,1,11955.14
R004321,O044451,P0288,C09212,2026-09-01,Not as Expected,1,1910.8
R004322,O044477,P0490,C05629,2026-07-13,Product Defect,1,5670.24
R004323,O044487,P0295,C00314,2026-05-19,Wrong Product,2,3830.3
R004324,O044505,P0494,C03633,2026-07-02,Wrong Product,1,5040.85
R004325,O044505,P0174,C03633,2026-06-30,Changed Mind,1,11871.9
R004326,O044505,P0359,C03633,2026-07-05,Product Defect,1,310.39
R004327,O044512,P0260,C04514,2025-07-05,Size Issue,2,746.1
R004328,O044545,P0387,C01043,2025-10-09,Late Delivery,1,313.06
R004329,O044552,P0126,C03834,2027-01-13,Changed Mind,1,10627.04
R004330,O044554,P0015,C04677,2026-11-04,Damaged During Delivery,1,13187.65
R004331,O044579,P0219,C03348,2025-11-23,Product Defect,1,2163.11
R004332,O044589,P0196,C01228,2025-10-16,Not as Expected,1,835.28
R004333,O044592,P0038,C05935,2025-05-11,Wrong Product,2,2739.31
R004334,O044602,P0455,C07137,2026-01-15,Late Delivery,1,5958.34
R004335,O044620,P0090,C07637,2025-01-29,Damaged During Delivery,1,21378.92
R004336,O044644,P0129,C04772,2025-08-28,Size Issue,1,6730.47
R004337,O044654,P0221,C05283,2026-03-31,Late Delivery,2,12013.45
R004338,O044657,P0114,C00913,2026-01-12,Not as Expected,2,4125.42
R004339,O044657,P0445,C00913,2026-01-16,Size Issue,3,31223.89
R004340,O044657,P0377,C00913,2026-01-09,Size Issue,1,3889.73
R004341,O044709,P0163,C07393,2026-04-05,Changed Mind,1,14582.22
R004342,O044709,P0237,C07393,2026-04-04,Not as Expected,1,5568.05
R004343,O044729,P0277,C01727,2025-11-17,Size Issue,1,2368.88
R004344,O044746,P0437,C09002,2026-06-12,Not as Expected,1,7440.73
R004345,O044746,P0422,C09002,2026-06-06,Size Issue,1,7254.56
R004346,O044746,P0357,C09002,2026-06-10,Wrong Product,1,3615.83
R004347,O044747,P0496,C05427,2026-04-11,Changed Mind,1,3997.08
R004348,O044747,P0290,C05427,2026-04-23,Size Issue,1,4664.45
R004349,O044747,P0169,C05427,2026-04-19,Size Issue,1,3549.79
R004350,O044751,P0328,C04405,2025-10-28,Not as Expected,2,8296.8
R004351,O044754,P0227,C03172,2025-10-22,Wrong Product,2,10906.91
R004352,O044754,P0079,C03172,2025-10-15,Not as Expected,1,2861.8
R004353,O044785,P0211,C04280,2025-04-05,Not as Expected,2,2725.69
R004354,O044816,P0264,C03786,2025-07-10,Wrong Product,1,2738.66
R004355,O044823,P0004,C01923,2026-12-07,Changed Mind,1,13168.84
R004356,O044844,P0011,C04430,2026-09-03,Changed Mind,1,21800.75
R004357,O044844,P0403,C04430,2026-09-07,Not as Expected,1,9934.5
R004358,O044844,P0375,C04430,2026-09-12,Changed Mind,2,5040.0
R004359,O044874,P0077,C04672,2025-06-21,Size Issue,1,8516.1
R004360,O044874,P0432,C04672,2025-06-30,Not as Expected,1,4652.61
R004361,O044882,P0436,C09194,2026-11-02,Size Issue,1,5955.0
R004362,O044932,P0008,C01310,2025-04-25,Not as Expected,1,2084.6
R004363,O044932,P0230,C01310,2025-04-20,Wrong Product,1,4330.38
R004364,O044943,P0101,C03272,2025-01-26,Size Issue,1,9736.28
R004365,O044945,P0367,C02843,2025-10-04,Changed Mind,1,1066.2
R004366,O044988,P0126,C08880,2025-06-29,Product Defect,1,10953.21
R004367,O045010,P0069,C08273,2026-12-27,Not as Expected,1,10017.43
R004368,O045012,P0155,C05967,2025-07-12,Product Defect,1,10756.4
R004369,O045012,P0395,C05967,2025-07-26,Not as Expected,1,1520.88
R004370,O045023,P0356,C06707,2025-11-29,Product Defect,3,13044.32
R004371,O045032,P0324,C00812,2025-05-22,Damaged During Delivery,1,607.12
R004372,O045062,P0466,C07871,2026-01-17,Size Issue,1,7836.17
R004373,O045063,P0454,C06214,2026-07-27,Changed Mind,1,9684.89
R004374,O045063,P0258,C06214,2026-07-15,Changed Mind,1,5480.33
R004375,O045063,P0415,C06214,2026-07-25,Wrong Product,1,6614.5
R004376,O045086,P0406,C09808,2025-01-27,Late Delivery,1,11597.63
R004377,O045086,P0308,C09808,2025-01-16,Changed Mind,2,5294.78
R004378,O045086,P0029,C09808,2025-01-27,Size Issue,1,25006.18
R004379,O045093,P0364,C07147,2025-01-09,Not as Expected,2,726.92
R004380,O045096,P0192,C05114,2026-04-02,Late Delivery,1,3119.01
R004381,O045150,P0101,C09133,2025-03-12,Size Issue,1,9513.1
R004382,O045164,P0111,C00096,2025-06-28,Changed Mind,1,17113.61
R004383,O045170,P0033,C03572,2026-07-18,Not as Expected,1,5836.64
R004384,O045172,P0227,C09047,2025-10-31,Changed Mind,1,5737.75
R004385,O045172,P0131,C09047,2025-11-06,Changed Mind,1,14093.59
R004386,O045172,P0419,C09047,2025-11-06,Changed Mind,1,8970.19
R004387,O045194,P0243,C05015,2025-12-23,Size Issue,1,5109.66
R004388,O045194,P0013,C05015,2025-12-19,Not as Expected,1,25231.22
R004389,O045194,P0292,C05015,2025-12-25,Wrong Product,1,483.54
R004390,O045198,P0111,C09215,2026-09-06,Not as Expected,2,32519.77
R004391,O045198,P0366,C09215,2026-09-03,Changed Mind,1,1220.03
R004392,O045198,P0130,C09215,2026-09-04,Damaged During Delivery,1,4020.88
R004393,O045213,P0280,C08662,2026-08-08,Changed Mind,2,3922.16
R004394,O045231,P0036,C05587,2026-03-18,Late Delivery,1,2978.27
R004395,O045231,P0450,C05587,2026-04-01,Size Issue,1,10690.31
R004396,O045261,P0399,C06429,2025-02-09,Product Defect,1,4443.5
R004397,O045271,P0169,C03504,2026-02-21,Size Issue,1,3795.47
R004398,O045281,P0033,C02597,2026-05-23,Product Defect,1,7586.94
R004399,O045282,P0431,C01463,2026-12-22,Damaged During Delivery,1,7249.22
R004400,O045282,P0157,C01463,2026-12-17,Product Defect,2,24102.97
R004401,O045296,P0344,C01830,2025-10-06,Product Defect,2,913.96
R004402,O045296,P0263,C01830,2025-10-03,Wrong Product,1,6118.52
R004403,O045296,P0479,C01830,2025-09-28,Size Issue,1,4347.06
R004404,O045303,P0099,C06460,2026-03-15,Changed Mind,1,31264.6
R004405,O045303,P0222,C06460,2026-03-18,Size Issue,1,2161.12
R004406,O045303,P0051,C06460,2026-03-22,Damaged During Delivery,1,9686.74
R004407,O045338,P0285,C08224,2025-02-05,Damaged During Delivery,1,4247.93
R004408,O045345,P0295,C08599,2026-11-22,Size Issue,1,2147.53
R004409,O045351,P0097,C09742,2026-10-08,Not as Expected,1,26847.28
R004410,O045361,P0100,C09922,2026-07-11,Changed Mind,1,17659.51
R004411,O045383,P0091,C04345,2026-04-28,Product Defect,1,11473.04
R004412,O045417,P0478,C05403,2025-12-13,Wrong Product,1,3285.25
R004413,O045432,P0338,C08214,2026-06-04,Size Issue,1,446.29
R004414,O045433,P0140,C03510,2026-09-06,Not as Expected,1,1477.06
R004415,O045440,P0023,C07284,2026-09-26,Changed Mind,2,45080.31
R004416,O045447,P0364,C03752,2025-11-07,Damaged During Delivery,2,742.85
R004417,O045447,P0460,C03752,2025-11-06,Product Defect,1,4728.35
R004418,O045472,P0258,C08014,2025-09-23,Damaged During Delivery,1,6014.28
R004419,O045494,P0231,C02947,2026-10-18,Size Issue,1,3889.06
R004420,O045524,P0071,C00234,2026-10-23,Not as Expected,1,26361.04
R004421,O045524,P0442,C00234,2026-11-05,Damaged During Delivery,1,8049.25
R004422,O045524,P0308,C00234,2026-10-26,Late Delivery,2,5324.79
R004423,O045534,P0143,C07611,2026-03-05,Product Defect,1,7605.18
R004424,O045537,P0262,C05957,2025-06-18,Size Issue,1,1602.27
R004425,O045537,P0162,C05957,2025-06-23,Size Issue,2,6074.34
R004426,O045578,P0352,C00118,2025-09-22,Size Issue,2,4075.59
R004427,O045598,P0208,C08738,2026-11-30,Changed Mind,2,865.14
R004428,O045603,P0086,C00125,2026-03-07,Changed Mind,1,17862.47
R004429,O045607,P0030,C07739,2025-01-24,Changed Mind,1,21423.74
R004430,O045609,P0054,C09815,2025-07-30,Late Delivery,1,5222.88
R004431,O045637,P0134,C02209,2025-01-25,Not as Expected,1,15697.78
R004432,O045637,P0061,C02209,2025-02-03,Changed Mind,1,3658.32
R004433,O045637,P0135,C02209,2025-01-27,Changed Mind,1,5507.38
R004434,O045655,P0496,C03229,2026-08-14,Late Delivery,2,8315.22
R004435,O045671,P0306,C05275,2025-07-30,Damaged During Delivery,1,1539.58
R004436,O045675,P0175,C08050,2025-07-15,Not as Expected,1,14031.27
R004437,O045675,P0108,C08050,2025-07-22,Not as Expected,2,22974.3
R004438,O045756,P0098,C02242,2026-08-31,Damaged During Delivery,3,25207.63
R004439,O045767,P0184,C06925,2026-07-26,Product Defect,1,9557.54
R004440,O045786,P0408,C02607,2026-02-14,Not as Expected,1,9644.18
R004441,O045798,P0114,C01445,2026-04-30,Wrong Product,1,1957.59
R004442,O045808,P0076,C09436,2026-01-31,Size Issue,1,25209.9
R004443,O045818,P0376,C07856,2026-10-12,Changed Mind,1,2355.91
R004444,O045845,P0380,C01248,2025-12-27,Size Issue,2,6468.65
R004445,O045846,P0112,C07066,2026-12-30,Not as Expected,1,639.42
R004446,O045847,P0280,C06064,2026-08-30,Changed Mind,1,2207.47
R004447,O045860,P0347,C09398,2026-05-18,Damaged During Delivery,1,1231.27
R004448,O045881,P0243,C00237,2025-10-15,Changed Mind,1,4722.18
R004449,O045885,P0494,C06951,2025-07-11,Wrong Product,1,4628.08
R004450,O045896,P0365,C00348,2026-12-22,Wrong Product,1,961.5
R004451,O045896,P0310,C00348,2026-12-17,Changed Mind,1,2967.31
R004452,O045947,P0148,C07978,2025-12-23,Not as Expected,1,1471.91
R004453,O045947,P0345,C07978,2025-12-14,Damaged During Delivery,1,4463.33
R004454,O045947,P0291,C07978,2025-12-21,Not as Expected,2,4680.0
R004455,O045951,P0116,C05578,2026-12-26,Not as Expected,3,38093.91
R004456,O045953,P0428,C04894,2025-05-25,Damaged During Delivery,1,3208.79
R004457,O045986,P0398,C02981,2025-04-10,Size Issue,1,983.65
R004458,O045986,P0344,C02981,2025-04-06,Wrong Product,2,994.29
R004459,O045991,P0019,C07488,2025-11-15,Size Issue,1,19278.11
R004460,O046009,P0331,C00012,2026-04-09,Product Defect,1,1846.81
R004461,O046009,P0012,C00012,2026-04-15,Late Delivery,1,31696.7
R004462,O046010,P0374,C01260,2025-09-18,Changed Mind,1,4107.49
R004463,O046010,P0288,C01260,2025-09-20,Damaged During Delivery,2,3658.92
R004464,O046018,P0221,C05657,2025-04-11,Size Issue,1,5836.37
R004465,O046030,P0092,C09388,2026-12-13,Wrong Product,1,3553.08
R004466,O046030,P0026,C09388,2026-12-08,Late Delivery,1,12547.55
R004467,O046049,P0419,C09121,2025-04-27,Damaged During Delivery,2,18090.56
R004468,O046049,P0240,C09121,2025-04-25,Product Defect,3,999.3
R004469,O046090,P0170,C09392,2026-05-29,Size Issue,1,8715.56
R004470,O046097,P0462,C09836,2025-08-15,Product Defect,1,8791.78
R004471,O046128,P0380,C05563,2026-06-16,Size Issue,1,3116.65
R004472,O046151,P0466,C08825,2026-01-24,Not as Expected,1,7713.79
R004473,O046153,P0340,C07025,2025-04-21,Late Delivery,3,7186.04
R004474,O046153,P0467,C07025,2025-04-25,Not as Expected,2,5376.98
R004475,O046173,P0235,C03168,2026-12-23,Size Issue,1,1873.71
R004476,O046173,P0025,C03168,2026-12-25,Changed Mind,2,63821.76
R004477,O046173,P0045,C03168,2026-12-23,Size Issue,1,2105.62
R004478,O046195,P0273,C07968,2025-06-01,Size Issue,1,4438.54
R004479,O046196,P0079,C06031,2026-07-24,Product Defect,2,5205.28
R004480,O046229,P0118,C01081,2025-06-23,Late Delivery,1,2072.25
R004481,O046254,P0416,C05996,2025-12-25,Late Delivery,1,9938.46
R004482,O046254,P0137,C05996,2026-01-07,Product Defect,1,6906.47
R004483,O046254,P0135,C05996,2026-01-09,Damaged During Delivery,2,12182.95
R004484,O046274,P0268,C00640,2026-12-30,Not as Expected,1,5575.37
R004485,O046284,P0040,C02942,2025-01-11,Product Defect,1,11831.48
R004486,O046284,P0109,C02942,2025-01-15,Size Issue,1,13035.43
R004487,O046285,P0429,C02335,2025-05-04,Product Defect,1,2495.61
R004488,O046288,P0392,C03946,2026-08-23,Not as Expected,1,2719.55
R004489,O046288,P0154,C03946,2026-08-29,Not as Expected,2,12993.03
R004490,O046295,P0205,C00284,2025-08-01,Product Defect,2,1579.36
R004491,O046313,P0363,C07417,2026-02-12,Damaged During Delivery,1,2842.88
R004492,O046313,P0030,C07417,2026-02-14,Not as Expected,1,23417.51
R004493,O046313,P0482,C07417,2026-02-09,Late Delivery,1,11343.33
R004494,O046314,P0493,C03866,2026-11-21,Late Delivery,2,5889.87
R004495,O046314,P0149,C03866,2026-11-23,Size Issue,1,10276.11
R004496,O046372,P0302,C03811,2025-12-21,Product Defect,1,1263.92
R004497,O046372,P0133,C03811,2026-01-04,Damaged During Delivery,1,2877.16
R004498,O046372,P0452,C03811,2025-12-30,Changed Mind,1,1922.53
R004499,O046383,P0268,C03057,2026-10-10,Size Issue,1,5377.87
R004500,O046402,P0337,C00363,2025-11-06,Changed Mind,1,3730.1
R004501,O046402,P0185,C00363,2025-10-29,Product Defect,1,9444.09
R004502,O046402,P0134,C00363,2025-11-03,Wrong Product,1,15011.43
R004503,O046415,P0479,C05243,2026-05-31,Late Delivery,1,4171.66
R004504,O046428,P0263,C03846,2026-01-14,Changed Mind,2,12659.52
R004505,O046428,P0406,C03846,2026-01-12,Changed Mind,1,11426.56
R004506,O046451,P0443,C06002,2026-07-19,Changed Mind,1,7442.71
R004507,O046453,P0305,C03707,2025-08-31,Product Defect,1,3260.03
R004508,O046460,P0484,C09274,2027-01-01,Size Issue,1,6424.11
R004509,O046460,P0087,C09274,2026-12-21,Late Delivery,2,29958.52
R004510,O046460,P0365,C09274,2026-12-31,Damaged During Delivery,3,3028.39
R004511,O046461,P0196,C05787,2025-10-09,Changed Mind,1,861.41
R004512,O046474,P0222,C02426,2025-07-12,Not as Expected,1,2356.55
R004513,O046499,P0313,C04874,2025-08-25,Changed Mind,1,265.5
R004514,O046499,P0472,C04874,2025-08-31,Changed Mind,3,21644.58
R004515,O046499,P0257,C04874,2025-08-25,Late Delivery,2,10337.29
R004516,O046509,P0363,C06179,2026-12-11,Damaged During Delivery,1,3081.44
R004517,O046509,P0277,C06179,2026-12-09,Not as Expected,1,2221.74
R004518,O046509,P0016,C06179,2026-12-09,Product Defect,1,15521.45
R004519,O046511,P0439,C06767,2026-01-04,Late Delivery,1,11184.77
R004520,O046516,P0280,C04507,2026-02-04,Wrong Product,1,2059.79
R004521,O046542,P0255,C04135,2025-07-25,Not as Expected,1,5980.1
R004522,O046543,P0377,C01682,2026-03-25,Late Delivery,1,3891.09
R004523,O046566,P0223,C04228,2025-06-22,Product Defect,3,12891.21
R004524,O046566,P0044,C04228,2025-06-24,Not as Expected,2,12378.28
R004525,O046584,P0320,C09641,2026-10-29,Size Issue,1,3577.66
R004526,O046594,P0419,C02498,2026-02-13,Product Defect,1,8229.47
R004527,O046594,P0354,C02498,2026-02-08,Changed Mind,1,2362.83
R004528,O046598,P0164,C06572,2026-05-31,Not as Expected,1,16055.74
R004529,O046627,P0094,C00088,2026-04-14,Size Issue,2,31797.28
R004530,O046627,P0428,C00088,2026-04-19,Size Issue,1,3030.05
R004531,O046643,P0399,C04509,2025-02-11,Product Defect,1,4069.12
R004532,O046647,P0159,C07310,2025-09-24,Late Delivery,1,3173.58
R004533,O046647,P0129,C07310,2025-09-16,Damaged During Delivery,1,7332.94
R004534,O046654,P0357,C08273,2026-02-20,Size Issue,1,3779.32
R004535,O046654,P0483,C08273,2026-02-15,Late Delivery,1,2023.5
R004536,O046666,P0445,C09280,2025-10-19,Damaged During Delivery,1,10917.75
R004537,O046668,P0223,C04782,2025-03-21,Size Issue,1,4400.12
R004538,O046668,P0345,C04782,2025-03-11,Wrong Product,1,4063.31
R004539,O046668,P0229,C04782,2025-03-12,Not as Expected,2,3775.92
R004540,O046693,P0121,C05566,2025-09-16,Size Issue,1,2875.2
R004541,O046718,P0308,C03558,2025-12-26,Changed Mind,1,2574.59
R004542,O046718,P0238,C03558,2025-12-27,Not as Expected,1,3167.64
R004543,O046722,P0173,C00928,2026-07-18,Changed Mind,2,19972.55
R004544,O046729,P0281,C01175,2026-12-16,Changed Mind,2,6150.32
R004545,O046729,P0037,C01175,2026-12-17,Late Delivery,1,772.73
R004546,O046733,P0499,C00054,2025-01-24,Not as Expected,1,10798.26
R004547,O046749,P0240,C08810,2026-04-16,Changed Mind,1,320.95
R004548,O046754,P0012,C06463,2025-04-26,Wrong Product,2,62831.11
R004549,O046754,P0258,C06463,2025-04-23,Not as Expected,1,5548.2
R004550,O046779,P0421,C03938,2026-10-29,Product Defect,1,1491.02
R004551,O046805,P0427,C07198,2026-11-06,Size Issue,2,18247.32
R004552,O046865,P0249,C01399,2025-10-16,Late Delivery,2,7404.03
R004553,O046867,P0476,C01893,2025-06-24,Damaged During Delivery,2,4317.97
R004554,O046868,P0214,C08990,2025-11-17,Not as Expected,1,5737.93
R004555,O046872,P0104,C06125,2026-01-14,Changed Mind,1,12851.33
R004556,O046902,P0051,C06478,2026-05-06,Not as Expected,1,9596.73
R004557,O046912,P0183,C09529,2026-06-27,Size Issue,1,14357.85
R004558,O046913,P0457,C00515,2026-12-01,Product Defect,1,4725.5
R004559,O046914,P0001,C02865,2026-03-24,Size Issue,1,23900.09
R004560,O046914,P0412,C02865,2026-03-24,Size Issue,1,6165.08
R004561,O046917,P0086,C02395,2026-08-01,Not as Expected,2,34019.38
R004562,O046917,P0240,C02395,2026-08-09,Not as Expected,2,678.05
R004563,O046928,P0106,C07990,2025-01-11,Changed Mind,1,5964.6
R004564,O046929,P0010,C00954,2026-03-09,Changed Mind,2,33245.31
R004565,O046970,P0283,C06890,2026-08-30,Not as Expected,2,9324.06
R004566,O046970,P0006,C06890,2026-08-22,Not as Expected,2,40673.97
R004567,O046981,P0010,C01925,2026-03-13,Changed Mind,2,31046.97
R004568,O046981,P0460,C01925,2026-03-07,Wrong Product,1,4418.49
R004569,O047000,P0241,C06380,2025-08-03,Size Issue,1,5840.25
R004570,O047000,P0270,C06380,2025-08-02,Changed Mind,2,2150.52
R004571,O047016,P0321,C03438,2026-11-10,Size Issue,2,4475.41
R004572,O047037,P0094,C00898,2026-03-09,Late Delivery,1,15749.82
R004573,O047039,P0367,C04893,2025-03-11,Size Issue,1,1056.57
R004574,O047039,P0356,C04893,2025-03-20,Wrong Product,1,4554.08
R004575,O047041,P0014,C01715,2026-08-17,Size Issue,1,7354.51
R004576,O047046,P0150,C06792,2025-04-15,Not as Expected,1,1707.26
R004577,O047057,P0339,C01133,2026-10-13,Product Defect,1,1220.52
R004578,O047057,P0384,C01133,2026-10-19,Damaged During Delivery,1,4481.7
R004579,O047071,P0347,C05358,2026-02-14,Late Delivery,1,1168.3
R004580,O047093,P0043,C02719,2026-10-31,Product Defect,1,26781.09
R004581,O047095,P0178,C05811,2025-08-28,Size Issue,1,13872.57
R004582,O047100,P0153,C07064,2025-10-19,Size Issue,2,10559.53
R004583,O047123,P0042,C00256,2026-10-15,Not as Expected,1,11689.57
R004584,O047127,P0357,C05283,2026-09-27,Size Issue,1,3714.29
R004585,O047127,P0285,C05283,2026-09-24,Product Defect,3,12499.99
R004586,O047140,P0370,C05338,2026-12-04,Product Defect,1,862.48
R004587,O047184,P0268,C07268,2025-10-08,Size Issue,1,5431.26
R004588,O047195,P0261,C08142,2025-04-04,Wrong Product,1,293.8
R004589,O047232,P0181,C01166,2025-09-20,Not as Expected,1,14015.35
R004590,O047238,P0287,C02717,2025-11-23,Not as Expected,1,759.59
R004591,O047238,P0422,C02717,2025-11-23,Changed Mind,2,15233.59
R004592,O047238,P0195,C02717,2025-11-27,Wrong Product,2,27544.76
R004593,O047239,P0049,C01415,2025-06-18,Product Defect,1,7881.23
R004594,O047239,P0071,C01415,2025-06-14,Changed Mind,1,25795.14
R004595,O047248,P0074,C07922,2025-06-11,Size Issue,1,29545.68
R004596,O047253,P0256,C01252,2025-12-14,Product Defect,2,11399.45
R004597,O047281,P0274,C03278,2025-12-15,Size Issue,3,15552.58
R004598,O047289,P0193,C05440,2026-12-12,Late Delivery,1,2392.69
R004599,O047327,P0350,C09630,2026-01-13,Size Issue,2,6824.59
R004600,O047330,P0007,C04216,2025-06-03,Changed Mind,1,8585.3
R004601,O047332,P0090,C06266,2026-02-28,Size Issue,2,44265.72
R004602,O047341,P0358,C00700,2026-10-26,Damaged During Delivery,2,2569.34
R004603,O047343,P0232,C05285,2026-09-06,Damaged During Delivery,1,5325.7
R004604,O047345,P0197,C01280,2025-05-27,Not as Expected,1,5831.87
R004605,O047351,P0358,C00611,2025-07-27,Changed Mind,1,1394.14
R004606,O047351,P0198,C00611,2025-08-04,Product Defect,1,14724.95
R004607,O047409,P0006,C07013,2025-12-29,Damaged During Delivery,1,22924.91
R004608,O047411,P0487,C00554,2026-11-18,Wrong Product,1,5092.45
R004609,O047419,P0367,C01514,2025-11-16,Changed Mind,1,1110.88
R004610,O047446,P0017,C00690,2025-04-23,Changed Mind,1,1120.26
R004611,O047454,P0210,C01424,2025-09-16,Size Issue,1,5811.22
R004612,O047470,P0432,C05619,2026-04-17,Damaged During Delivery,1,4248.1
R004613,O047479,P0432,C03780,2025-01-26,Wrong Product,2,8408.11
R004614,O047481,P0327,C06985,2025-04-17,Not as Expected,1,272.64
R004615,O047490,P0198,C02479,2025-09-20,Not as Expected,1,14139.48
R004616,O047521,P0318,C08884,2025-01-23,Wrong Product,2,775.02
R004617,O047531,P0248,C05899,2026-10-18,Not as Expected,1,4659.18
R004618,O047531,P0055,C05899,2026-10-23,Size Issue,3,28868.8
R004619,O047531,P0474,C05899,2026-10-24,Changed Mind,2,7563.03
R004620,O047548,P0233,C07186,2026-01-15,Wrong Product,1,4084.53
R004621,O047548,P0042,C07186,2026-01-10,Damaged During Delivery,1,13020.46
R004622,O047553,P0322,C07435,2025-11-28,Damaged During Delivery,1,4499.69
R004623,O047553,P0499,C07435,2025-12-03,Product Defect,1,10091.11
R004624,O047553,P0353,C07435,2025-12-02,Changed Mind,1,2277.66
R004625,O047565,P0258,C00086,2026-12-10,Not as Expected,1,6118.55
R004626,O047569,P0161,C00674,2025-12-06,Not as Expected,2,23143.75
R004627,O047581,P0027,C03761,2026-11-21,Changed Mind,1,16198.86
R004628,O047581,P0495,C03761,2026-11-24,Late Delivery,1,9008.34
R004629,O047598,P0292,C02826,2025-09-16,Size Issue,1,436.06
R004630,O047598,P0102,C02826,2025-09-14,Changed Mind,1,1887.12
R004631,O047607,P0036,C04276,2025-01-29,Size Issue,1,3151.94
R004632,O047641,P0004,C05795,2026-09-21,Changed Mind,2,20641.09
R004633,O047646,P0283,C03017,2025-10-26,Changed Mind,1,4366.27
R004634,O047646,P0251,C03017,2025-11-01,Product Defect,2,2120.67
R004635,O047646,P0339,C03017,2025-10-21,Size Issue,1,1278.96
R004636,O047655,P0292,C03292,2025-10-08,Wrong Product,1,475.61
R004637,O047671,P0394,C03873,2026-12-31,Not as Expected,1,741.81
R004638,O047677,P0118,C07577,2026-06-22,Product Defect,2,3808.4
R004639,O047677,P0051,C07577,2026-07-02,Changed Mind,1,9847.71
R004640,O047706,P0309,C07069,2025-08-15,Size Issue,1,3281.41
R004641,O047706,P0247,C07069,2025-08-14,Size Issue,2,1647.14
R004642,O047708,P0475,C02859,2025-05-08,Wrong Product,1,3223.76
R004643,O047708,P0321,C02859,2025-05-13,Product Defect,1,2398.4
R004644,O047708,P0216,C02859,2025-05-05,Damaged During Delivery,2,4467.58
R004645,O047716,P0183,C09408,2025-08-28,Product Defect,1,13902.24
R004646,O047724,P0492,C05528,2026-08-28,Changed Mind,1,10779.82
R004647,O047724,P0090,C05528,2026-08-23,Not as Expected,2,35866.54
R004648,O047724,P0405,C05528,2026-08-23,Changed Mind,1,10089.48
R004649,O047755,P0470,C06700,2026-08-24,Changed Mind,1,5114.68
R004650,O047793,P0152,C01435,2026-06-28,Product Defect,2,5147.29
R004651,O047806,P0050,C07343,2026-02-21,Product Defect,1,17123.28
R004652,O047806,P0002,C07343,2026-02-26,Size Issue,2,48169.8
R004653,O047806,P0078,C07343,2026-02-24,Not as Expected,2,43820.23
R004654,O047825,P0063,C03126,2026-03-23,Wrong Product,1,8830.92
R004655,O047861,P0302,C04512,2026-12-28,Late Delivery,1,1264.42
R004656,O047866,P0417,C07589,2025-02-14,Not as Expected,1,7335.9
R004657,O047907,P0104,C04062,2026-06-19,Size Issue,2,26598.15
R004658,O047907,P0019,C04062,2026-06-16,Size Issue,1,19175.72
R004659,O047918,P0390,C01198,2025-09-09,Damaged During Delivery,1,830.72
R004660,O047932,P0223,C05788,2025-03-28,Not as Expected,1,4790.2
R004661,O047965,P0059,C00582,2027-01-09,Size Issue,1,31680.77
R004662,O047965,P0089,C00582,2027-01-12,Damaged During Delivery,2,25413.81
R004663,O047966,P0058,C02657,2026-06-25,Wrong Product,1,10174.21
R004664,O047998,P0258,C01648,2025-03-08,Not as Expected,1,5896.1
R004665,O048004,P0390,C06419,2026-04-03,Late Delivery,1,822.35
R004666,O048004,P0350,C06419,2026-03-25,Not as Expected,1,3254.86
R004667,O048007,P0361,C06744,2026-04-24,Wrong Product,1,3403.78
R004668,O048010,P0459,C03236,2025-09-16,Changed Mind,1,9298.43
R004669,O048019,P0409,C01256,2026-05-30,Late Delivery,1,9636.87
R004670,O048019,P0028,C01256,2026-06-06,Damaged During Delivery,1,13555.65
R004671,O048022,P0003,C02305,2025-01-17,Product Defect,3,20282.67
R004672,O048085,P0127,C08098,2025-09-19,Changed Mind,1,14387.99
R004673,O048085,P0260,C08098,2025-09-18,Size Issue,2,711.72
R004674,O048085,P0346,C08098,2025-09-21,Not as Expected,2,997.97
R004675,O048089,P0054,C09865,2026-03-26,Size Issue,1,5362.03
R004676,O048089,P0333,C09865,2026-03-22,Damaged During Delivery,1,3764.87
R004677,O048097,P0036,C09400,2026-08-23,Size Issue,1,2423.83
R004678,O048100,P0215,C08490,2025-10-12,Product Defect,1,4559.14
R004679,O048108,P0407,C08586,2025-11-28,Size Issue,1,6592.61
R004680,O048115,P0334,C08246,2026-11-22,Damaged During Delivery,1,1957.13
R004681,O048126,P0043,C04897,2025-01-19,Late Delivery,1,26007.84
R004682,O048157,P0369,C07032,2026-08-01,Wrong Product,3,8940.71
R004683,O048178,P0220,C05802,2026-10-13,Changed Mind,1,948.72
R004684,O048206,P0112,C07244,2026-02-15,Not as Expected,1,625.13
R004685,O048208,P0051,C02686,2026-11-07,Changed Mind,1,8915.36
R004686,O048208,P0015,C02686,2026-11-12,Size Issue,1,11609.36
R004687,O048208,P0363,C02686,2026-11-01,Size Issue,1,3134.97
R004688,O048238,P0430,C00932,2026-04-29,Size Issue,1,5725.17
R004689,O048238,P0243,C00932,2026-05-02,Product Defect,2,10533.66
R004690,O048264,P0027,C01288,2025-10-11,Size Issue,1,17685.01
R004691,O048273,P0489,C08444,2025-12-11,Not as Expected,1,4731.99
R004692,O048273,P0244,C08444,2025-12-22,Changed Mind,2,4366.28
R004693,O048277,P0006,C07744,2025-10-15,Late Delivery,1,24040.09
R004694,O048281,P0207,C09315,2025-11-21,Product Defect,1,2593.96
R004695,O048288,P0171,C02809,2026-04-14,Late Delivery,1,3270.31
R004696,O048293,P0138,C05569,2026-10-17,Size Issue,1,2532.97
R004697,O048293,P0081,C05569,2026-10-11,Not as Expected,2,62295.53
R004698,O048299,P0186,C02777,2026-02-10,Not as Expected,3,26204.53
R004699,O048299,P0305,C02777,2026-02-12,Size Issue,2,6638.0
R004700,O048326,P0028,C02031,2026-01-06,Size Issue,1,13591.25
R004701,O048326,P0301,C02031,2026-01-12,Size Issue,1,2908.88
R004702,O048352,P0233,C00487,2026-04-23,Product Defect,1,3774.28
R004703,O048352,P0255,C00487,2026-04-23,Damaged During Delivery,1,5826.41
R004704,O048352,P0332,C00487,2026-05-01,Size Issue,1,2052.03
R004705,O048385,P0240,C02842,2026-02-17,Changed Mind,1,337.2
R004706,O048385,P0269,C02842,2026-02-16,Damaged During Delivery,3,4260.38
R004707,O048391,P0493,C02777,2025-02-03,Damaged During Delivery,1,2745.99
R004708,O048403,P0353,C07983,2026-05-24,Changed Mind,2,4414.3
R004709,O048410,P0167,C02262,2025-07-25,Damaged During Delivery,3,15181.75
R004710,O048412,P0060,C03971,2025-12-06,Product Defect,1,13294.02
R004711,O048415,P0403,C00912,2026-07-31,Damaged During Delivery,1,10012.31
R004712,O048415,P0150,C00912,2026-08-12,Not as Expected,1,1745.83
R004713,O048422,P0073,C04791,2026-10-25,Size Issue,3,83352.24
R004714,O048436,P0164,C01905,2025-09-21,Size Issue,1,15546.79
R004715,O048438,P0348,C03850,2025-08-25,Not as Expected,1,3438.12
R004716,O048438,P0249,C03850,2025-08-19,Late Delivery,1,3495.43
R004717,O048438,P0268,C03850,2025-08-19,Changed Mind,1,5634.19
R004718,O048453,P0421,C06450,2025-12-28,Size Issue,1,1388.53
R004719,O048457,P0094,C05430,2026-03-06,Product Defect,1,14642.05
R004720,O048486,P0373,C00233,2026-10-13,Damaged During Delivery,1,1666.53
R004721,O048486,P0484,C00233,2026-10-07,Not as Expected,1,6934.19
R004722,O048494,P0062,C05529,2025-12-30,Size Issue,1,26057.67
R004723,O048510,P0341,C02941,2025-02-25,Not as Expected,1,357.29
R004724,O048512,P0012,C05057,2025-06-05,Size Issue,1,29200.77
R004725,O048513,P0179,C04276,2025-10-19,Changed Mind,1,1091.76
R004726,O048520,P0246,C05928,2026-01-30,Damaged During Delivery,1,2973.14
R004727,O048521,P0150,C05657,2025-05-25,Not as Expected,1,1614.61
R004728,O048521,P0492,C05657,2025-05-26,Size Issue,1,10933.59
R004729,O048524,P0140,C08331,2025-04-16,Size Issue,1,1354.98
R004730,O048544,P0438,C00122,2025-12-12,Wrong Product,1,7608.64
R004731,O048551,P0369,C07703,2026-09-16,Size Issue,1,3189.2
R004732,O048551,P0105,C07703,2026-09-19,Wrong Product,1,8799.19
R004733,O048562,P0349,C08270,2025-12-20,Wrong Product,2,7309.57
R004734,O048578,P0077,C02479,2026-12-30,Product Defect,1,8961.02
R004735,O048578,P0327,C02479,2026-12-29,Wrong Product,2,534.7
R004736,O048582,P0404,C05700,2025-07-11,Changed Mind,1,6241.74
R004737,O048603,P0260,C01555,2026-12-17,Size Issue,1,376.66
R004738,O048603,P0443,C01555,2026-12-23,Size Issue,1,7731.68
R004739,O048642,P0046,C00680,2025-11-25,Damaged During Delivery,1,9190.35
R004740,O048642,P0411,C00680,2025-11-28,Late Delivery,1,7761.09
R004741,O048655,P0316,C02945,2025-07-24,Not as Expected,1,4318.31
R004742,O048676,P0203,C07344,2026-10-26,Changed Mind,1,5500.88
R004743,O048687,P0493,C09328,2025-10-04,Damaged During Delivery,1,3096.23
R004744,O048687,P0369,C09328,2025-10-08,Late Delivery,1,3318.45
R004745,O048700,P0382,C06510,2025-05-04,Size Issue,3,6450.18
R004746,O048701,P0409,C05329,2025-04-14,Damaged During Delivery,1,9710.89
R004747,O048710,P0357,C03818,2025-10-26,Size Issue,3,10888.53
R004748,O048727,P0306,C08310,2025-12-24,Wrong Product,1,1610.52
R004749,O048728,P0220,C01106,2026-02-14,Not as Expected,1,1076.81
R004750,O048728,P0399,C01106,2026-02-15,Changed Mind,1,4370.17
R004751,O048728,P0271,C01106,2026-02-12,Late Delivery,1,1750.19
R004752,O048756,P0358,C09505,2026-03-17,Size Issue,1,1307.93
R004753,O048762,P0296,C06262,2025-03-20,Changed Mind,1,5973.71
R004754,O048762,P0330,C06262,2025-03-12,Wrong Product,2,7463.94
R004755,O048769,P0389,C05537,2025-01-10,Product Defect,1,1017.47
R004756,O048782,P0056,C05233,2025-11-06,Wrong Product,1,9628.96
R004757,O048792,P0430,C04713,2027-01-12,Late Delivery,1,6149.76
R004758,O048794,P0424,C06917,2025-06-14,Not as Expected,1,2220.28
R004759,O048830,P0480,C05606,2026-03-01,Not as Expected,1,1621.21
R004760,O048832,P0478,C03111,2026-04-03,Size Issue,1,3606.33
R004761,O048837,P0217,C03812,2026-08-25,Product Defect,3,14953.84
R004762,O048843,P0283,C03592,2026-05-11,Damaged During Delivery,3,12545.54
R004763,O048854,P0273,C00667,2026-11-04,Changed Mind,2,8341.34
R004764,O048929,P0075,C00526,2026-02-09,Size Issue,1,28479.75
R004765,O048929,P0100,C00526,2026-02-15,Late Delivery,1,17368.12
R004766,O048983,P0271,C07449,2025-09-03,Size Issue,2,3352.27
R004767,O048998,P0076,C06171,2026-04-30,Damaged During Delivery,1,24542.97
R004768,O049010,P0273,C04825,2026-03-11,Late Delivery,1,4031.35
R004769,O049010,P0356,C04825,2026-03-02,Late Delivery,1,4265.75
R004770,O049020,P0397,C05373,2025-09-20,Product Defect,1,4440.31
R004771,O049022,P0320,C01036,2026-09-19,Size Issue,1,3202.26
R004772,O049022,P0131,C01036,2026-09-25,Not as Expected,1,13867.14
R004773,O049038,P0194,C04428,2026-03-02,Not as Expected,1,5449.38
R004774,O049038,P0246,C04428,2026-03-09,Damaged During Delivery,2,6605.77
R004775,O049067,P0099,C02133,2025-11-15,Size Issue,2,63678.28
R004776,O049120,P0483,C01443,2025-02-03,Size Issue,1,2022.08
R004777,O049120,P0207,C01443,2025-01-31,Not as Expected,1,2593.63
R004778,O049125,P0226,C03397,2026-08-26,Product Defect,3,13891.61
R004779,O049125,P0222,C03397,2026-09-08,Not as Expected,1,2064.89
R004780,O049130,P0118,C00480,2026-09-23,Wrong Product,2,3952.99
R004781,O049136,P0168,C05868,2026-07-18,Not as Expected,1,2653.49
R004782,O049136,P0018,C05868,2026-07-28,Not as Expected,1,12999.81
R004783,O049141,P0287,C09320,2025-03-30,Size Issue,1,690.63
R004784,O049187,P0419,C02380,2026-06-23,Wrong Product,3,25359.32
R004785,O049194,P0139,C06724,2026-03-14,Not as Expected,1,5952.3
R004786,O049205,P0340,C00066,2026-09-21,Changed Mind,1,2209.06
R004787,O049225,P0136,C06395,2026-04-12,Changed Mind,1,12522.4
R004788,O049279,P0363,C03796,2025-09-14,Not as Expected,1,2928.44
R004789,O049280,P0209,C08560,2025-10-07,Not as Expected,1,4596.29
R004790,O049280,P0206,C08560,2025-10-12,Not as Expected,1,4851.82
R004791,O049293,P0374,C05687,2026-11-14,Changed Mind,1,3797.68
R004792,O049299,P0358,C06715,2026-03-28,Not as Expected,1,1455.19
R004793,O049300,P0263,C07936,2026-05-21,Not as Expected,1,6334.13
R004794,O049303,P0087,C01042,2025-07-26,Changed Mind,1,13915.82
R004795,O049303,P0151,C01042,2025-07-15,Changed Mind,1,4577.58
R004796,O049312,P0405,C00402,2025-06-05,Size Issue,1,9530.08
R004797,O049368,P0049,C08612,2025-10-26,Wrong Product,1,7504.37
R004798,O049379,P0184,C06695,2025-12-21,Wrong Product,2,18225.54
R004799,O049379,P0283,C06695,2025-12-10,Changed Mind,1,4693.42
R004800,O049384,P0203,C06334,2025-10-20,Wrong Product,1,5681.51
R004801,O049389,P0218,C01718,2025-05-08,Damaged During Delivery,1,1966.51
R004802,O049426,P0247,C07555,2025-07-29,Size Issue,1,818.21
R004803,O049426,P0400,C07555,2025-07-24,Not as Expected,1,3498.02
R004804,O049426,P0034,C07555,2025-07-29,Late Delivery,1,18806.35
R004805,O049438,P0346,C01370,2026-11-30,Changed Mind,1,523.72
R004806,O049438,P0220,C01370,2026-12-05,Size Issue,1,943.08
R004807,O049451,P0288,C05976,2025-04-19,Not as Expected,1,1879.22
R004808,O049451,P0141,C05976,2025-04-30,Late Delivery,2,31837.41
R004809,O049451,P0308,C05976,2025-04-19,Changed Mind,1,2575.32
R004810,O049474,P0350,C05691,2026-11-13,Late Delivery,1,3253.07
R004811,O049501,P0422,C07618,2025-07-25,Changed Mind,1,8075.22
R004812,O049529,P0023,C03228,2025-12-18,Product Defect,1,24065.35
R004813,O049529,P0372,C03228,2025-12-05,Product Defect,1,2869.45
R004814,O049529,P0222,C03228,2025-12-18,Changed Mind,1,2093.71
R004815,O049531,P0242,C05376,2025-02-16,Size Issue,1,3853.6
R004816,O049558,P0054,C09135,2025-05-17,Size Issue,2,10845.21
R004817,O049566,P0198,C03000,2026-07-03,Not as Expected,1,13420.82
R004818,O049566,P0393,C03000,2026-07-08,Changed Mind,1,1393.07
R004819,O049566,P0427,C03000,2026-06-28,Not as Expected,1,8387.56
R004820,O049583,P0198,C07238,2026-04-26,Not as Expected,1,14269.07
R004821,O049583,P0105,C07238,2026-05-07,Changed Mind,1,9538.41
R004822,O049598,P0268,C05878,2025-12-14,Size Issue,1,5456.7
R004823,O049598,P0282,C05878,2025-11-29,Size Issue,1,5086.04
R004824,O049607,P0407,C08976,2025-12-02,Not as Expected,2,13627.32
R004825,O049607,P0190,C08976,2025-12-09,Not as Expected,1,16857.14
R004826,O049642,P0337,C02142,2026-08-27,Wrong Product,1,3998.8
R004827,O049658,P0398,C00712,2026-07-06,Size Issue,1,1018.85
R004828,O049671,P0217,C06370,2026-11-24,Size Issue,1,4425.1
R004829,O049686,P0268,C01986,2025-09-12,Late Delivery,2,12098.92
R004830,O049719,P0345,C03881,2026-12-16,Product Defect,1,4296.26
R004831,O049727,P0001,C08163,2026-01-29,Product Defect,1,24073.11
R004832,O049740,P0154,C00440,2025-05-21,Changed Mind,2,11972.84
R004833,O049750,P0264,C08129,2026-08-29,Product Defect,1,2731.64
R004834,O049760,P0281,C04768,2025-04-01,Wrong Product,1,3089.81
R004835,O049770,P0434,C00899,2025-03-03,Size Issue,2,3123.03
R004836,O049785,P0485,C02626,2025-07-13,Product Defect,2,14479.53
R004837,O049785,P0256,C02626,2025-07-16,Changed Mind,1,6370.68
R004838,O049787,P0456,C04752,2026-08-22,Wrong Product,1,898.77
R004839,O049798,P0377,C08960,2025-06-18,Damaged During Delivery,1,3918.4
R004840,O049798,P0486,C08960,2025-06-14,Changed Mind,1,8544.91
R004841,O049803,P0193,C01875,2025-02-19,Wrong Product,3,7336.21
R004842,O049803,P0481,C01875,2025-03-05,Changed Mind,1,9875.87
R004843,O049803,P0437,C01875,2025-03-01,Changed Mind,1,7644.17
R004844,O049806,P0435,C03940,2026-07-24,Not as Expected,1,4241.12
R004845,O049904,P0200,C00031,2025-09-06,Changed Mind,1,11139.53
R004846,O049905,P0087,C04446,2026-07-15,Size Issue,1,11741.44
R004847,O049912,P0054,C09397,2025-11-16,Product Defect,2,10640.78
R004848,O049948,P0186,C07933,2025-05-12,Damaged During Delivery,1,8833.57
R004849,O049979,P0499,C07435,2026-08-02,Not as Expected,2,20853.02
R004850,O049999,P0229,C09460,2026-01-19,Not as Expected,1,1901.87
